x,ReR,ImR,AbsR
-50,0.042581681842528085,0,0.042581681842528085
-49.972499999999997,0.042597008755175025,0,0.042597008755175025
-49.945,0.042612345088988812,0,0.042612345088988812
-49.917499999999997,0.042627690849397104,0,0.042627690849397104
-49.890000000000001,0.042643046041822452,0,0.042643046041822452
-49.862499999999997,0.042658410671679858,0,0.042658410671679858
-49.835000000000001,0.042673784744379661,0,0.042673784744379661
-49.807499999999997,0.042689168265324096,0,0.042689168265324096
-49.780000000000001,0.042704561239910399,0,0.042704561239910399
-49.752499999999998,0.042719963673529815,0,0.042719963673529815
-49.725000000000001,0.042735375571565815,0,0.042735375571565815
-49.697499999999998,0.042750796939396318,0,0.042750796939396318
-49.670000000000002,0.042766227782392474,0,0.042766227782392474
-49.642499999999998,0.042781668105917658,0,0.042781668105917658
-49.615000000000002,0.042797117915331473,0,0.042797117915331473
-49.587499999999999,0.042812577215983638,0,0.042812577215983638
-49.560000000000002,0.04282804601321899,0,0.04282804601321899
-49.532499999999999,0.042843524312374592,0,0.042843524312374592
-49.505000000000003,0.042859012118782069,0,0.042859012118782069
-49.477499999999999,0.042874509437763941,0,0.042874509437763941
-49.450000000000003,0.042890016274636733,0,0.042890016274636733
-49.422499999999999,0.042905532634710197,0,0.042905532634710197
-49.395000000000003,0.042921058523287314,0,0.042921058523287314
-49.3675,0.042936593945662849,0,0.042936593945662849
-49.340000000000003,0.042952138907124571,0,0.042952138907124571
-49.3125,0.042967693412952257,0,0.042967693412952257
-49.284999999999997,0.042983257468420466,0,0.042983257468420466
-49.2575,0.042998831078793764,0,0.042998831078793764
-49.229999999999997,0.043014414249330835,0,0.043014414249330835
-49.202500000000001,0.043030006985282254,0,0.043030006985282254
-49.174999999999997,0.043045609291891607,0,0.043045609291891607
-49.147500000000001,0.043061221174392594,0,0.043061221174392594
-49.119999999999997,0.043076842638014146,0,0.043076842638014146
-49.092500000000001,0.043092473687975086,0,0.043092473687975086
-49.064999999999998,0.043108114329487579,0,0.043108114329487579
-49.037500000000001,0.043123764567754796,0,0.043123764567754796
-49.009999999999998,0.043139424407973026,0,0.043139424407973026
-48.982500000000002,0.043155093855329674,0,0.043155093855329674
-48.954999999999998,0.043170772915004929,0,0.043170772915004929
-48.927500000000002,0.043186461592168657,0,0.043186461592168657
-48.899999999999999,0.043202159891984837,0,0.043202159891984837
-48.872500000000002,0.043217867819608013,0,0.043217867819608013
-48.844999999999999,0.043233585380183848,0,0.043233585380183848
-48.817500000000003,0.043249312578849564,0,0.043249312578849564
-48.789999999999999,0.043265049420735613,0,0.043265049420735613
-48.762500000000003,0.043280795910961567,0,0.043280795910961567
-48.734999999999999,0.043296552054639337,0,0.043296552054639337
-48.707500000000003,0.04331231785687184,0,0.04331231785687184
-48.68,0.043328093322753225,0,0.043328093322753225
-48.652500000000003,0.043343878457369089,0,0.043343878457369089
-48.625,0.043359673265794485,0,0.043359673265794485
-48.597499999999997,0.043375477753097691,0,0.043375477753097691
-48.57,0.043391291924336328,0,0.043391291924336328
-48.542499999999997,0.043407115784559136,0,0.043407115784559136
-48.515000000000001,0.043422949338805972,0,0.043422949338805972
-48.487499999999997,0.043438792592106701,0,0.043438792592106701
-48.460000000000001,0.043454645549482307,0,0.043454645549482307
-48.432499999999997,0.043470508215944448,0,0.043470508215944448
-48.405000000000001,0.043486380596494123,0,0.043486380596494123
-48.377499999999998,0.043502262696123895,0,0.043502262696123895
-48.350000000000001,0.043518154519816887,0,0.043518154519816887
-48.322499999999998,0.043534056072544347,0,0.043534056072544347
-48.295000000000002,0.043549967359270081,0,0.043549967359270081
-48.267499999999998,0.043565888384946905,0,0.043565888384946905
-48.240000000000002,0.043581819154517087,0,0.043581819154517087
-48.212499999999999,0.04359775967291335,0,0.04359775967291335
-48.185000000000002,0.043613709945058976,0,0.043613709945058976
-48.157499999999999,0.043629669975865704,0,0.043629669975865704
-48.130000000000003,0.043645639770235833,0,0.043645639770235833
-48.102499999999999,0.043661619333061452,0,0.043661619333061452
-48.075000000000003,0.043677608669222878,0,0.043677608669222878
-48.047499999999999,0.043693607783591437,0,0.043693607783591437
-48.020000000000003,0.043709616681026353,0,0.043709616681026353
-47.9925,0.04372563536637819,0,0.04372563536637819
-47.965000000000003,0.043741663844484413,0,0.043741663844484413
-47.9375,0.043757702120174158,0,0.043757702120174158
-47.909999999999997,0.043773750198261574,0,0.043773750198261574
-47.8825,0.043789808083555148,0,0.043789808083555148
-47.854999999999997,0.043805875780847936,0,0.043805875780847936
-47.827500000000001,0.043821953294923111,0,0.043821953294923111
-47.799999999999997,0.043838040630553743,0,0.043838040630553743
-47.772500000000001,0.043854137792500913,0,0.043854137792500913
-47.744999999999997,0.043870244785512824,0,0.043870244785512824
-47.717500000000001,0.043886361614328129,0,0.043886361614328129
-47.689999999999998,0.043902488283672825,0,0.043902488283672825
-47.662500000000001,0.043918624798261585,0,0.043918624798261585
-47.634999999999998,0.043934771162797204,0,0.043934771162797204
-47.607500000000002,0.043950927381970706,0,0.043950927381970706
-47.579999999999998,0.043967093460460904,0,0.043967093460460904
-47.552500000000002,0.043983269402935066,0,0.043983269402935066
-47.524999999999999,0.043999455214048355,0,0.043999455214048355
-47.497500000000002,0.044015650898443059,0,0.044015650898443059
-47.469999999999999,0.044031856460749252,0,0.044031856460749252
-47.442500000000003,0.044048071905585906,0,0.044048071905585906
-47.414999999999999,0.044064297237558114,0,0.044064297237558114
-47.387500000000003,0.044080532461259425,0,0.044080532461259425
-47.359999999999999,0.044096777581269953,0,0.044096777581269953
-47.332500000000003,0.044113032602156821,0,0.044113032602156821
-47.305,0.044129297528476052,0,0.044129297528476052
-47.277500000000003,0.044145572364769348,0,0.044145572364769348
-47.25,0.044161857115565084,0,0.044161857115565084
-47.222499999999997,0.04417815178537976,0,0.04417815178537976
-47.195,0.044194456378715996,0,0.044194456378715996
-47.167499999999997,0.044210770900064311,0,0.044210770900064311
-47.140000000000001,0.044227095353899126,0,0.044227095353899126
-47.112499999999997,0.04424342974468487,0,0.04424342974468487
-47.085000000000001,0.044259774076869096,0,0.044259774076869096
-47.057499999999997,0.044276128354888145,0,0.044276128354888145
-47.030000000000001,0.044292492583163701,0,0.044292492583163701
-47.002499999999998,0.044308866766104349,0,0.044308866766104349
-46.975000000000001,0.044325250908104019,0,0.044325250908104019
-46.947499999999998,0.044341645013541542,0,0.044341645013541542
-46.920000000000002,0.044358049086783979,0,0.044358049086783979
-46.892499999999998,0.044374463132183406,0,0.044374463132183406
-46.865000000000002,0.044390887154077019,0,0.044390887154077019
-46.837499999999999,0.044407321156787471,0,0.044407321156787471
-46.810000000000002,0.044423765144622984,0,0.044423765144622984
-46.782499999999999,0.044440219121878677,0,0.044440219121878677
-46.755000000000003,0.044456683092833127,0,0.044456683092833127
-46.727499999999999,0.044473157061750479,0,0.044473157061750479
-46.700000000000003,0.044489641032881222,0,0.044489641032881222
-46.672499999999999,0.044506135010459302,0,0.044506135010459302
-46.645000000000003,0.044522638998704123,0,0.044522638998704123
-46.6175,0.04453915300182143,0,0.04453915300182143
-46.590000000000003,0.044555677023997653,0,0.044555677023997653
-46.5625,0.044572211069408563,0,0.044572211069408563
-46.534999999999997,0.044588755142211611,0,0.044588755142211611
-46.5075,0.044605309246549596,0,0.044605309246549596
-46.479999999999997,0.044621873386548216,0,0.044621873386548216
-46.452500000000001,0.044638447566319739,0,0.044638447566319739
-46.424999999999997,0.044655031789958222,0,0.044655031789958222
-46.397500000000001,0.044671626061544178,0,0.044671626061544178
-46.369999999999997,0.044688230385139249,0,0.044688230385139249
-46.342500000000001,0.044704844764790641,0,0.044704844764790641
-46.314999999999998,0.04472146920452813,0,0.04472146920452813
-46.287500000000001,0.044738103708366284,0,0.044738103708366284
-46.259999999999998,0.044754748280302348,0,0.044754748280302348
-46.232500000000002,0.044771402924316805,0,0.044771402924316805
-46.204999999999998,0.044788067644373597,0,0.044788067644373597
-46.177500000000002,0.044804742444419343,0,0.044804742444419343
-46.149999999999999,0.044821427328385011,0,0.044821427328385011
-46.122500000000002,0.044838122300182581,0,0.044838122300182581
-46.094999999999999,0.044854827363708605,0,0.044854827363708605
-46.067500000000003,0.044871542522840757,0,0.044871542522840757
-46.039999999999999,0.044888267781440505,0,0.044888267781440505
-46.012500000000003,0.044905003143350664,0,0.044905003143350664
-45.984999999999999,0.044921748612397394,0,0.044921748612397394
-45.957499999999996,0.044938504192388207,0,0.044938504192388207
-45.93,0.044955269887113958,0,0.044955269887113958
-45.902500000000003,0.044972045700345409,0,0.044972045700345409
-45.875,0.044988831635837556,0,0.044988831635837556
-45.847499999999997,0.045005627697325634,0,0.045005627697325634
-45.82,0.045022433888526558,0,0.045022433888526558
-45.792500000000004,0.045039250213140147,0,0.045039250213140147
-45.765000000000001,0.045056076674845125,0,0.045056076674845125
-45.737499999999997,0.045072913277304671,0,0.045072913277304671
-45.710000000000001,0.045089760024160208,0,0.045089760024160208
-45.682499999999997,0.04510661691903628,0,0.04510661691903628
-45.655000000000001,0.045123483965537003,0,0.045123483965537003
-45.627499999999998,0.045140361167247844,0,0.045140361167247844
-45.600000000000001,0.045157248527734728,0,0.045157248527734728
-45.572499999999998,0.045174146050544595,0,0.045174146050544595
-45.545000000000002,0.045191053739204956,0,0.045191053739204956
-45.517499999999998,0.045207971597222563,0,0.045207971597222563
-45.490000000000002,0.045224899628085402,0,0.045224899628085402
-45.462499999999999,0.045241837835261367,0,0.045241837835261367
-45.435000000000002,0.045258786222197478,0,0.045258786222197478
-45.407499999999999,0.045275744792322103,0,0.045275744792322103
-45.380000000000003,0.045292713549041408,0,0.045292713549041408
-45.352499999999999,0.045309692495742571,0,0.045309692495742571
-45.325000000000003,0.045326681635791677,0,0.045326681635791677
-45.297499999999999,0.045343680972533607,0,0.045343680972533607
-45.269999999999996,0.045360690509293811,0,0.045360690509293811
-45.2425,0.045377710249374759,0,0.045377710249374759
-45.215000000000003,0.045394740196060268,0,0.045394740196060268
-45.1875,0.045411780352611064,0,0.045411780352611064
-45.159999999999997,0.045428830722266778,0,0.045428830722266778
-45.1325,0.045445891308246944,0,0.045445891308246944
-45.105000000000004,0.045462962113747341,0,0.045462962113747341
-45.077500000000001,0.045480043141944204,0,0.045480043141944204
-45.049999999999997,0.045497134395989569,0,0.045497134395989569
-45.022500000000001,0.045514235879015597,0,0.045514235879015597
-44.994999999999997,0.045531347594131022,0,0.045531347594131022
-44.967500000000001,0.045548469544421932,0,0.045548469544421932
-44.939999999999998,0.04556560173295332,0,0.04556560173295332
-44.912500000000001,0.045582744162767641,0,0.045582744162767641
-44.884999999999998,0.045599896836883036,0,0.045599896836883036
-44.857500000000002,0.045617059758296108,0,0.045617059758296108
-44.829999999999998,0.045634232929979479,0,0.045634232929979479
-44.802500000000002,0.045651416354884344,0,0.045651416354884344
-44.774999999999999,0.045668610035937141,0,0.045668610035937141
-44.747500000000002,0.045685813976040324,0,0.045685813976040324
-44.719999999999999,0.045703028178075145,0,0.045703028178075145
-44.692500000000003,0.045720252644897541,0,0.045720252644897541
-44.664999999999999,0.045737487379338915,0,0.045737487379338915
-44.637500000000003,0.045754732384208574,0,0.045754732384208574
-44.609999999999999,0.045771987662290736,0,0.045771987662290736
-44.582499999999996,0.045789253216344306,0,0.045789253216344306
-44.555,0.045806529049107092,0,0.045806529049107092
-44.527500000000003,0.045823815163287374,0,0.045823815163287374
-44.5,0.045841111561574222,0,0.045841111561574222
-44.472499999999997,0.045858418246626398,0,0.045858418246626398
-44.445,0.045875735221081571,0,0.045875735221081571
-44.417500000000004,0.045893062487550429,0,0.045893062487550429
-44.390000000000001,0.045910400048619349,0,0.045910400048619349
-44.362499999999997,0.045927747906848615,0,0.045927747906848615
-44.335000000000001,0.045945106064772201,0,0.045945106064772201
-44.307499999999997,0.045962474524900987,0,0.045962474524900987
-44.280000000000001,0.045979853289716432,0,0.045979853289716432
-44.252499999999998,0.045997242361675683,0,0.045997242361675683
-44.225000000000001,0.046014641743209794,0,0.046014641743209794
-44.197499999999998,0.046032051436722954,0,0.046032051436722954
-44.170000000000002,0.046049471444592927,0,0.046049471444592927
-44.142499999999998,0.046066901769170499,0,0.046066901769170499
-44.115000000000002,0.04608434241278081,0,0.04608434241278081
-44.087499999999999,0.046101793377719247,0,0.046101793377719247
-44.060000000000002,0.046119254666256992,0,0.046119254666256992
-44.032499999999999,0.04613672628063703,0,0.04613672628063703
-44.005000000000003,0.046154208223073145,0,0.046154208223073145
-43.977499999999999,0.046171700495752921,0,0.046171700495752921
-43.950000000000003,0.046189203100836518,0,0.046189203100836518
-43.922499999999999,0.046206716040454898,0,0.046206716040454898
-43.894999999999996,0.046224239316711824,0,0.046224239316711824
-43.8675,0.046241772931681413,0,0.046241772931681413
-43.840000000000003,0.04625931688741014,0,0.04625931688741014
-43.8125,0.046276871185916724,0,0.046276871185916724
-43.784999999999997,0.046294435829189351,0,0.046294435829189351
-43.7575,0.046312010819187566,0,0.046312010819187566
-43.730000000000004,0.046329596157842379,0,0.046329596157842379
-43.702500000000001,0.046347191847055824,0,0.046347191847055824
-43.674999999999997,0.046364797888698517,0,0.046364797888698517
-43.647500000000001,0.046382414284612539,0,0.046382414284612539
-43.619999999999997,0.046400041036610773,0,0.046400041036610773
-43.592500000000001,0.046417678146474572,0,0.046417678146474572
-43.564999999999998,0.046435325615956091,0,0.046435325615956091
-43.537500000000001,0.046452983446776952,0,0.046452983446776952
-43.509999999999998,0.046470651640627469,0,0.046470651640627469
-43.482500000000002,0.046488330199168648,0,0.046488330199168648
-43.454999999999998,0.046506019124027964,0,0.046506019124027964
-43.427500000000002,0.04652371841680536,0,0.04652371841680536
-43.399999999999999,0.046541428079065805,0,0.046541428079065805
-43.372500000000002,0.046559148112345183,0,0.046559148112345183
-43.344999999999999,0.046576878518147291,0,0.046576878518147291
-43.317500000000003,0.046594619297943396,0,0.046594619297943396
-43.289999999999999,0.046612370453173013,0,0.046612370453173013
-43.262500000000003,0.046630131985243017,0,0.046630131985243017
-43.234999999999999,0.046647903895528864,0,0.046647903895528864
-43.207499999999996,0.046665686185373034,0,0.046665686185373034
-43.18,0.046683478856084593,0,0.046683478856084593
-43.152500000000003,0.046701281908940406,0,0.046701281908940406
-43.125,0.046719095345183592,0,0.046719095345183592
-43.097499999999997,0.046736919166024404,0,0.046736919166024404
-43.07,0.046754753372638236,0,0.046754753372638236
-43.042500000000004,0.046772597966168172,0,0.046772597966168172
-43.015000000000001,0.046790452947724326,0,0.046790452947724326
-42.987499999999997,0.046808318318378839,0,0.046808318318378839
-42.960000000000001,0.046826194079173655,0,0.046826194079173655
-42.932499999999997,0.046844080231113527,0,0.046844080231113527
-42.905000000000001,0.0468619767751699,0,0.0468619767751699
-42.877499999999998,0.046879883712278358,0,0.046879883712278358
-42.850000000000001,0.046897801043339737,0,0.046897801043339737
-42.822499999999998,0.0469157287692199,0,0.0469157287692199
-42.795000000000002,0.046933666890748293,0,0.046933666890748293
-42.767499999999998,0.046951615408719394,0,0.046951615408719394
-42.740000000000002,0.046969574323891594,0,0.046969574323891594
-42.712499999999999,0.046987543636985984,0,0.046987543636985984
-42.685000000000002,0.047005523348689571,0,0.047005523348689571
-42.657499999999999,0.047023513459650501,0,0.047023513459650501
-42.630000000000003,0.047041513970481508,0,0.047041513970481508
-42.602499999999999,0.047059524881758019,0,0.047059524881758019
-42.575000000000003,0.047077546194018494,0,0.047077546194018494
-42.547499999999999,0.047095577907763198,0,0.047095577907763198
-42.519999999999996,0.047113620023455316,0,0.047113620023455316
-42.4925,0.047131672541520064,0,0.047131672541520064
-42.465000000000003,0.047149735462344133,0,0.047149735462344133
-42.4375,0.047167808786277243,0,0.047167808786277243
-42.409999999999997,0.047185892513630145,0,0.047185892513630145
-42.3825,0.047203986644673956,0,0.047203986644673956
-42.355000000000004,0.047222091179641157,0,0.047222091179641157
-42.327500000000001,0.047240206118725703,0,0.047240206118725703
-42.299999999999997,0.047258331462082692,0,0.047258331462082692
-42.272500000000001,0.047276467209825146,0,0.047276467209825146
-42.244999999999997,0.047294613362029891,0,0.047294613362029891
-42.217500000000001,0.047312769918730235,0,0.047312769918730235
-42.189999999999998,0.047330936879921737,0,0.047330936879921737
-42.162500000000001,0.047349114245557655,0,0.047349114245557655
-42.134999999999998,0.047367302015551838,0,0.047367302015551838
-42.107500000000002,0.047385500189776275,0,0.047385500189776275
-42.079999999999998,0.047403708768061881,0,0.047403708768061881
-42.052500000000002,0.047421927750199933,0,0.047421927750199933
-42.024999999999999,0.047440157135936967,0,0.047440157135936967
-41.997500000000002,0.047458396924979884,0,0.047458396924979884
-41.969999999999999,0.047476647116992621,0,0.047476647116992621
-41.942500000000003,0.047494907711597256,0,0.047494907711597256
-41.914999999999999,0.04751317870837235,0,0.04751317870837235
-41.887500000000003,0.04753146010685505,0,0.04753146010685505
-41.859999999999999,0.047549751906537985,0,0.047549751906537985
-41.832499999999996,0.047568054106871704,0,0.047568054106871704
-41.805,0.047586366707261796,0,0.047586366707261796
-41.777500000000003,0.047604689707071435,0,0.047604689707071435
-41.75,0.0476230231056185,0,0.0476230231056185
-41.722499999999997,0.047641366902178572,0,0.047641366902178572
-41.695,0.047659721095980268,0,0.047659721095980268
-41.667500000000004,0.047678085686207794,0,0.047678085686207794
-41.640000000000001,0.047696460672002061,0,0.047696460672002061
-41.612499999999997,0.047714846052457904,0,0.047714846052457904
-41.585000000000001,0.04773324182662364,0,0.04773324182662364
-41.557499999999997,0.047751647993502733,0,0.047751647993502733
-41.530000000000001,0.04777006455205246,0,0.04777006455205246
-41.502499999999998,0.047788491501183472,0,0.047788491501183472
-41.475000000000001,0.047806928839759899,0,0.047806928839759899
-41.447499999999998,0.047825376566599909,0,0.047825376566599909
-41.420000000000002,0.047843834680473374,0,0.047843834680473374
-41.392499999999998,0.047862303180102428,0,0.047862303180102428
-41.365000000000002,0.047880782064163574,0,0.047880782064163574
-41.337499999999999,0.047899271331284798,0,0.047899271331284798
-41.310000000000002,0.047917770980044239,0,0.047917770980044239
-41.282499999999999,0.047936281008973736,0,0.047936281008973736
-41.255000000000003,0.047954801416554727,0,0.047954801416554727
-41.227499999999999,0.047973332201221019,0,0.047973332201221019
-41.200000000000003,0.047991873361356574,0,0.047991873361356574
-41.172499999999999,0.048010424895296389,0,0.048010424895296389
-41.144999999999996,0.048028986801324725,0,0.048028986801324725
-41.1175,0.048047559077676549,0,0.048047559077676549
-41.090000000000003,0.048066141722537203,0,0.048066141722537203
-41.0625,0.048084734734039292,0,0.048084734734039292
-41.034999999999997,0.048103338110266458,0,0.048103338110266458
-41.0075,0.048121951849249833,0,0.048121951849249833
-40.980000000000004,0.048140575948970588,0,0.048140575948970588
-40.952500000000001,0.048159210407357711,0,0.048159210407357711
-40.924999999999997,0.048177855222286792,0,0.048177855222286792
-40.897500000000001,0.048196510391582681,0,0.048196510391582681
-40.869999999999997,0.048215175913017494,0,0.048215175913017494
-40.842500000000001,0.048233851784309278,0,0.048233851784309278
-40.814999999999998,0.048252538003124568,0,0.048252538003124568
-40.787500000000001,0.04827123456707505,0,0.04827123456707505
-40.759999999999998,0.048289941473719455,0,0.048289941473719455
-40.732500000000002,0.048308658720562225,0,0.048308658720562225
-40.704999999999998,0.048327386305054176,0,0.048327386305054176
-40.677500000000002,0.048346124224589282,0,0.048346124224589282
-40.649999999999999,0.048364872476508891,0,0.048364872476508891
-40.622500000000002,0.04838363105809862,0,0.04838363105809862
-40.594999999999999,0.048402399966587462,0,0.048402399966587462
-40.567500000000003,0.048421179199150011,0,0.048421179199150011
-40.539999999999999,0.048439968752902907,0,0.048439968752902907
-40.512500000000003,0.048458768624908388,0,0.048458768624908388
-40.484999999999999,0.048477578812170408,0,0.048477578812170408
-40.457499999999996,0.048496399311636518,0,0.048496399311636518
-40.43,0.048515230120196207,0,0.048515230120196207
-40.402500000000003,0.048534071234682563,0,0.048534071234682563
-40.375,0.048552922651868946,0,0.048552922651868946
-40.347499999999997,0.048571784368471316,0,0.048571784368471316
-40.32,0.048590656381147457,0,0.048590656381147457
-40.292500000000004,0.048609538686494647,0,0.048609538686494647
-40.265000000000001,0.04862843128105232,0,0.04862843128105232
-40.237499999999997,0.04864733416129996,0,0.04864733416129996
-40.210000000000001,0.048666247323656542,0,0.048666247323656542
-40.182499999999997,0.048685170764480423,0,0.048685170764480423
-40.155000000000001,0.048704104480070454,0,0.048704104480070454
-40.127499999999998,0.048723048466664753,0,0.048723048466664753
-40.100000000000001,0.04874200272043816,0,0.04874200272043816
-40.072499999999998,0.048760967237506003,0,0.048760967237506003
-40.045000000000002,0.048779942013920552,0,0.048779942013920552
-40.017499999999998,0.048798927045672347,0,0.048798927045672347
-39.990000000000002,0.048817922328688201,0,0.048817922328688201
-39.962499999999999,0.048836927858834311,0,0.048836927858834311
-39.935000000000002,0.048855943631910259,0,0.048855943631910259
-39.907499999999999,0.048874969643654453,0,0.048874969643654453
-39.880000000000003,0.04889400588974091,0,0.04889400588974091
-39.852499999999999,0.048913052365779031,0,0.048913052365779031
-39.825000000000003,0.048932109067312934,0,0.048932109067312934
-39.797499999999999,0.048951175989822127,0,0.048951175989822127
-39.769999999999996,0.048970253128721053,0,0.048970253128721053
-39.7425,0.048989340479358434,0,0.048989340479358434
-39.715000000000003,0.049008438037016044,0,0.049008438037016044
-39.6875,0.049027545796910044,0,0.049027545796910044
-39.659999999999997,0.049046663754189201,0,0.049046663754189201
-39.6325,0.049065791903935452,0,0.049065791903935452
-39.605000000000004,0.049084930241162672,0,0.049084930241162672
-39.577500000000001,0.049104078760817349,0,0.049104078760817349
-39.549999999999997,0.049123237457778024,0,0.049123237457778024
-39.522500000000001,0.049142406326853072,0,0.049142406326853072
-39.494999999999997,0.049161585362783256,0,0.049161585362783256
-39.467500000000001,0.049180774560239726,0,0.049180774560239726
-39.439999999999998,0.049199973913822692,0,0.049199973913822692
-39.412500000000001,0.04921918341806375,0,0.04921918341806375
-39.384999999999998,0.049238403067422998,0,0.049238403067422998
-39.357500000000002,0.049257632856290146,0,0.049257632856290146
-39.329999999999998,0.04927687277898285,0,0.04927687277898285
-39.302500000000002,0.049296122829747713,0,0.049296122829747713
-39.274999999999999,0.049315383002759727,0,0.049315383002759727
-39.247500000000002,0.049334653292119612,0,0.049334653292119612
-39.219999999999999,0.049353933691856922,0,0.049353933691856922
-39.192500000000003,0.049373224195927712,0,0.049373224195927712
-39.164999999999999,0.049392524798213211,0,0.049392524798213211
-39.137500000000003,0.049411835492522038,0,0.049411835492522038
-39.109999999999999,0.049431156272588095,0,0.049431156272588095
-39.082499999999996,0.049450487132069121,0,0.049450487132069121
-39.055,0.04946982806454947,0,0.04946982806454947
-39.027500000000003,0.04948917906353667,0,0.04948917906353667
-39,0.049508540122462197,0,0.049508540122462197
-38.972499999999997,0.049527911234681476,0,0.049527911234681476
-38.945,0.049547292393472886,0,0.049547292393472886
-38.917500000000004,0.049566683592037419,0,0.049566683592037419
-38.890000000000001,0.049586084823498688,0,0.049586084823498688
-38.862499999999997,0.04960549608090159,0,0.04960549608090159
-38.835000000000001,0.049624917357212639,0,0.049624917357212639
-38.807499999999997,0.049644348645319525,0,0.049644348645319525
-38.780000000000001,0.049663789938030667,0,0.049663789938030667
-38.752499999999998,0.049683241228074326,0,0.049683241228074326
-38.725000000000001,0.049702702508098384,0,0.049702702508098384
-38.697499999999998,0.049722173770671119,0,0.049722173770671119
-38.670000000000002,0.049741655008277985,0,0.049741655008277985
-38.642499999999998,0.049761146213323504,0,0.049761146213323504
-38.615000000000002,0.049780647378131482,0,0.049780647378131482
-38.587499999999999,0.049800158494941016,0,0.049800158494941016
-38.560000000000002,0.049819679555910379,0,0.049819679555910379
-38.532499999999999,0.049839210553113356,0,0.049839210553113356
-38.505000000000003,0.049858751478539798,0,0.049858751478539798
-38.477499999999999,0.049878302324096069,0,0.049878302324096069
-38.450000000000003,0.0498978630816036,0,0.0498978630816036
-38.422499999999999,0.049917433742798889,0,0.049917433742798889
-38.394999999999996,0.049937014299331506,0,0.049937014299331506
-38.3675,0.049956604742766753,0,0.049956604742766753
-38.340000000000003,0.049976205064583223,0,0.049976205064583223
-38.3125,0.049995815256170806,0,0.049995815256170806
-38.284999999999997,0.050015435308833456,0,0.050015435308833456
-38.2575,0.050035065213786978,0,0.050035065213786978
-38.230000000000004,0.050054704962159247,0,0.050054704962159247
-38.202500000000001,0.050074354544988098,0,0.050074354544988098
-38.174999999999997,0.050094013953222993,0,0.050094013953222993
-38.147500000000001,0.05011368317772269,0,0.05011368317772269
-38.119999999999997,0.050133362209256571,0,0.050133362209256571
-38.092500000000001,0.050153051038503316,0,0.050153051038503316
-38.064999999999998,0.050172749656049342,0,0.050172749656049342
-38.037500000000001,0.050192458052389255,0,0.050192458052389255
-38.009999999999998,0.050212176217927507,0,0.050212176217927507
-37.982500000000002,0.050231904142972739,0,0.050231904142972739
-37.954999999999998,0.050251641817743331,0,0.050251641817743331
-37.927500000000002,0.050271389232361963,0,0.050271389232361963
-37.899999999999999,0.050291146376857054,0,0.050291146376857054
-37.872500000000002,0.050310913241163657,0,0.050310913241163657
-37.844999999999999,0.050330689815120788,0,0.050330689815120788
-37.817500000000003,0.050350476088471985,0,0.050350476088471985
-37.789999999999999,0.050370272050862863,0,0.050370272050862863
-37.762500000000003,0.050390077691845225,0,0.050390077691845225
-37.734999999999999,0.050409893000871286,0,0.050409893000871286
-37.707499999999996,0.050429717967296672,0,0.050429717967296672
-37.68,0.050449552580377088,0,0.050449552580377088
-37.652500000000003,0.050469396829271651,0,0.050469396829271651
-37.625,0.050489250703037891,0,0.050489250703037891
-37.597499999999997,0.05050911419063564,0,0.05050911419063564
-37.57,0.050528987280921367,0,0.050528987280921367
-37.542500000000004,0.050548869962653842,0,0.050548869962653842
-37.515000000000001,0.05056876222448714,0,0.05056876222448714
-37.487499999999997,0.050588664054976307,0,0.050588664054976307
-37.460000000000001,0.050608575442571024,0,0.050608575442571024
-37.432499999999997,0.050628496375619614,0,0.050628496375619614
-37.405000000000001,0.050648426842366034,0,0.050648426842366034
-37.377499999999998,0.050668366830949996,0,0.050668366830949996
-37.350000000000001,0.050688316329406291,0,0.050688316329406291
-37.322499999999998,0.050708275325664465,0,0.050708275325664465
-37.295000000000002,0.050728243807548146,0,0.050728243807548146
-37.267499999999998,0.050748221762774048,0,0.050748221762774048
-37.240000000000002,0.050768209178952528,0,0.050768209178952528
-37.212499999999999,0.050788206043585804,0,0.050788206043585804
-37.185000000000002,0.050808212344067849,0,0.050808212344067849
-37.157499999999999,0.050828228067684056,0,0.050828228067684056
-37.130000000000003,0.050848253201610238,0,0.050848253201610238
-37.102499999999999,0.050868287732912076,0,0.050868287732912076
-37.075000000000003,0.050888331648545448,0,0.050888331648545448
-37.047499999999999,0.050908384935354434,0,0.050908384935354434
-37.019999999999996,0.050928447580071201,0,0.050928447580071201
-36.9925,0.050948519569315343,0,0.050948519569315343
-36.965000000000003,0.050968600889595206,0,0.050968600889595206
-36.9375,0.050988691527303676,0,0.050988691527303676
-36.909999999999997,0.05100879146872106,0,0.05100879146872106
-36.8825,0.051028900700010649,0,0.051028900700010649
-36.855000000000004,0.051049019207223378,0,0.051049019207223378
-36.827500000000001,0.051069146976291835,0,0.051069146976291835
-36.799999999999997,0.051089283993033807,0,0.051089283993033807
-36.772500000000001,0.051109430243147624,0,0.051109430243147624
-36.744999999999997,0.051129585712216041,0,0.051129585712216041
-36.717500000000001,0.051149750385701576,0,0.051149750385701576
-36.689999999999998,0.051169924248949394,0,0.051169924248949394
-36.662500000000001,0.051190107287183317,0,0.051190107287183317
-36.634999999999998,0.051210299485507371,0,0.051210299485507371
-36.607500000000002,0.051230500828905678,0,0.051230500828905678
-36.579999999999998,0.051250711302238683,0,0.051250711302238683
-36.552500000000002,0.051270930890245703,0,0.051270930890245703
-36.524999999999999,0.051291159577543932,0,0.051291159577543932
-36.497500000000002,0.051311397348624554,0,0.051311397348624554
-36.469999999999999,0.051331644187857073,0,0.051331644187857073
-36.442500000000003,0.051351900079483981,0,0.051351900079483981
-36.414999999999999,0.051372165007624093,0,0.051372165007624093
-36.387500000000003,0.051392438956267994,0,0.051392438956267994
-36.359999999999999,0.051412721909281478,0,0.051412721909281478
-36.332499999999996,0.051433013850400333,0,0.051433013850400333
-36.305,0.051453314763234226,0,0.051453314763234226
-36.277500000000003,0.051473624631262815,0,0.051473624631262815
-36.25,0.051493943437835754,0,0.051493943437835754
-36.222499999999997,0.051514271166173686,0,0.051514271166173686
-36.195,0.051534607799364585,0,0.051534607799364585
-36.167500000000004,0.051554953320365415,0,0.051554953320365415
-36.140000000000001,0.051575307712001361,0,0.051575307712001361
-36.112499999999997,0.051595670956963935,0,0.051595670956963935
-36.085000000000001,0.051616043037810311,0,0.051616043037810311
-36.057499999999997,0.051636423936963438,0,0.051636423936963438
-36.030000000000001,0.051656813636711485,0,0.051656813636711485
-36.002499999999998,0.051677212119205618,0,0.051677212119205618
-35.975000000000001,0.051697619366461334,0,0.051697619366461334
-35.947499999999998,0.051718035360356129,0,0.051718035360356129
-35.920000000000002,0.051738460082629945,0,0.051738460082629945
-35.892499999999998,0.051758893514881832,0,0.051758893514881832
-35.865000000000002,0.051779335638574175,0,0.051779335638574175
-35.837499999999999,0.051799786435027029,0,0.051799786435027029
-35.810000000000002,0.051820245885419114,0,0.051820245885419114
-35.782499999999999,0.051840713970788266,0,0.051840713970788266
-35.755000000000003,0.051861190672029545,0,0.051861190672029545
-35.727499999999999,0.051881675969893459,0,0.051881675969893459
-35.700000000000003,0.051902169844987855,0,0.051902169844987855
-35.672499999999999,0.051922672277775361,0,0.051922672277775361
-35.644999999999996,0.051943183248571279,0,0.051943183248571279
-35.6175,0.051963702737547024,0,0.051963702737547024
-35.590000000000003,0.051984230724724134,0,0.051984230724724134
-35.5625,0.052004767189978596,0,0.052004767189978596
-35.534999999999997,0.052025312113035294,0,0.052025312113035294
-35.5075,0.052045865473471231,0,0.052045865473471231
-35.480000000000004,0.052066427250711866,0,0.052066427250711866
-35.452500000000001,0.052086997424032,0,0.052086997424032
-35.424999999999997,0.052107575972554221,0,0.052107575972554221
-35.397500000000001,0.052128162875248685,0,0.052128162875248685
-35.369999999999997,0.052148758110930449,0,0.052148758110930449
-35.342500000000001,0.052169361658262248,0,0.052169361658262248
-35.314999999999998,0.052189973495749831,0,0.052189973495749831
-35.287500000000001,0.052210593601744293,0,0.052210593601744293
-35.259999999999998,0.052231221954438189,0,0.052231221954438189
-35.232500000000002,0.052251858531867201,0,0.052251858531867201
-35.204999999999998,0.052272503311908136,0,0.052272503311908136
-35.177500000000002,0.052293156272278707,0,0.052293156272278707
-35.149999999999999,0.052313817390535977,0,0.052313817390535977
-35.122500000000002,0.052334486644076139,0,0.052334486644076139
-35.094999999999999,0.052355164010132738,0,0.052355164010132738
-35.067500000000003,0.052375849465777335,0,0.052375849465777335
-35.039999999999999,0.052396542987916739,0,0.052396542987916739
-35.012500000000003,0.052417244553293441,0,0.052417244553293441
-34.984999999999999,0.052437954138485732,0,0.052437954138485732
-34.957499999999996,0.052458671719903593,0,0.052458671719903593
-34.93,0.05247939727379014,0,0.05247939727379014
-34.902500000000003,0.052500130776221843,0,0.052500130776221843
-34.875,0.052520872203103974,0,0.052520872203103974
-34.847499999999997,0.052541621530174498,0,0.052541621530174498
-34.82,0.052562378732997073,0,0.052562378732997073
-34.792500000000004,0.052583143786966047,0,0.052583143786966047
-34.765000000000001,0.05260391666730313,0,0.05260391666730313
-34.737499999999997,0.052624697349055505,0,0.052624697349055505
-34.710000000000001,0.052645485807095826,0,0.052645485807095826
-34.682499999999997,0.052666282016121446,0,0.052666282016121446
-34.655000000000001,0.052687085950654189,0,0.052687085950654189
-34.627499999999998,0.052707897585036578,0,0.052707897585036578
-34.600000000000001,0.052728716893435501,0,0.052728716893435501
-34.572499999999998,0.0527495438498361,0,0.0527495438498361
-34.545000000000002,0.05277037842804555,0,0.05277037842804555
-34.517499999999998,0.052791220601687949,0,0.052791220601687949
-34.490000000000002,0.052812070344206541,0,0.052812070344206541
-34.462499999999999,0.052832927628860493,0,0.052832927628860493
-34.435000000000002,0.052853792428726565,0,0.052853792428726565
-34.407499999999999,0.052874664716694664,0,0.052874664716694664
-34.380000000000003,0.052895544465469624,0,0.052895544465469624
-34.352499999999999,0.052916431647569317,0,0.052916431647569317
-34.325000000000003,0.052937326235322546,0,0.052937326235322546
-34.297499999999999,0.052958228200871149,0,0.052958228200871149
-34.269999999999996,0.052979137516165453,0,0.052979137516165453
-34.2425,0.053000054152964382,0,0.053000054152964382
-34.215000000000003,0.053020978082836567,0,0.053020978082836567
-34.1875,0.053041909277155241,0,0.053041909277155241
-34.159999999999997,0.053062847707102234,0,0.053062847707102234
-34.1325,0.053083793343661534,0,0.053083793343661534
-34.105000000000004,0.053104746157622396,0,0.053104746157622396
-34.077500000000001,0.053125706119577565,0,0.053125706119577565
-34.049999999999997,0.053146673199919836,0,0.053146673199919836
-34.022500000000001,0.053167647368843385,0,0.053167647368843385
-33.995000000000005,0.05318862859634288,0,0.05318862859634288
-33.967500000000001,0.053209616852209596,0,0.053209616852209596
-33.939999999999998,0.053230612106034414,0,0.053230612106034414
-33.912500000000001,0.053251614327203267,0,0.053251614327203267
-33.885000000000005,0.053272623484897252,0,0.053272623484897252
-33.857500000000002,0.05329363954809252,0,0.05329363954809252
-33.829999999999998,0.053314662485557385,0,0.053314662485557385
-33.802499999999995,0.053335692265852885,0,0.053335692265852885
-33.774999999999999,0.053356728857331448,0,0.053356728857331448
-33.747500000000002,0.053377772228133447,0,0.053377772228133447
-33.719999999999999,0.053398822346189534,0,0.053398822346189534
-33.692499999999995,0.053419879179217422,0,0.053419879179217422
-33.664999999999999,0.053440942694720772,0,0.053440942694720772
-33.637500000000003,0.053462012859988972,0,0.053462012859988972
-33.609999999999999,0.053483089642095694,0,0.053483089642095694
-33.582499999999996,0.053504173007896449,0,0.053504173007896449
-33.555,0.053525262924029815,0,0.053525262924029815
-33.527500000000003,0.053546359356915207,0,0.053546359356915207
-33.5,0.053567462272749,0,0.053567462272749
-33.472499999999997,0.05358857163750963,0,0.05358857163750963
-33.445,0.053609687416948493,0,0.053609687416948493
-33.417500000000004,0.053630809576596161,0,0.053630809576596161
-33.390000000000001,0.053651938081756945,0,0.053651938081756945
-33.362499999999997,0.053673072897506668,0,0.053673072897506668
-33.335000000000001,0.053694213988696782,0,0.053694213988696782
-33.307500000000005,0.053715361319947363,0,0.053715361319947363
-33.280000000000001,0.053736514855649675,0,0.053736514855649675
-33.252499999999998,0.053757674559962165,0,0.053757674559962165
-33.225000000000001,0.053778840396811578,0,0.053778840396811578
-33.197500000000005,0.053800012329890956,0,0.053800012329890956
-33.170000000000002,0.053821190322657864,0,0.053821190322657864
-33.142499999999998,0.053842374338332943,0,0.053842374338332943
-33.114999999999995,0.05386356433990025,0,0.05386356433990025
-33.087499999999999,0.053884760290104472,0,0.053884760290104472
-33.060000000000002,0.053905962151448938,0,0.053905962151448938
-33.032499999999999,0.053927169886196835,0,0.053927169886196835
-33.004999999999995,0.053948383456369431,0,0.053948383456369431
-32.977499999999999,0.053969602823741525,0,0.053969602823741525
-32.950000000000003,0.053990827949843112,0,0.053990827949843112
-32.922499999999999,0.054012058795959161,0,0.054012058795959161
-32.894999999999996,0.054033295323124841,0,0.054033295323124841
-32.8675,0.054054537492126742,0,0.054054537492126742
-32.840000000000003,0.054075785263499987,0,0.054075785263499987
-32.8125,0.054097038597529123,0,0.054097038597529123
-32.784999999999997,0.054118297454243569,0,0.054118297454243569
-32.7575,0.054139561793418611,0,0.054139561793418611
-32.730000000000004,0.05416083157457463,0,0.05416083157457463
-32.702500000000001,0.054182106756971993,0,0.054182106756971993
-32.674999999999997,0.054203387299614492,0,0.054203387299614492
-32.647500000000001,0.054224673161244241,0,0.054224673161244241
-32.620000000000005,0.054245964300342675,0,0.054245964300342675
-32.592500000000001,0.054267260675127438,0,0.054267260675127438
-32.564999999999998,0.054288562243551386,0,0.054288562243551386
-32.537500000000001,0.054309868963302477,0,0.054309868963302477
-32.510000000000005,0.054331180791801437,0,0.054331180791801437
-32.482500000000002,0.054352497686198431,0,0.054352497686198431
-32.454999999999998,0.054373819603374507,0,0.054373819603374507
-32.427499999999995,0.054395146499940261,0,0.054395146499940261
-32.399999999999999,0.054416478332231066,0,0.054416478332231066
-32.372500000000002,0.054437815056307959,0,0.054437815056307959
-32.344999999999999,0.05445915662795775,0,0.05445915662795775
-32.317499999999995,0.054480503002687919,0,0.054480503002687919
-32.289999999999999,0.054501854135727612,0,0.054501854135727612
-32.262500000000003,0.054523209982024534,0,0.054523209982024534
-32.234999999999999,0.054544570496246503,0,0.054544570496246503
-32.207499999999996,0.054565935632774898,0,0.054565935632774898
-32.18,0.054587305345707993,0,0.054587305345707993
-32.152500000000003,0.054608679588856401,0,0.054608679588856401
-32.125,0.054630058315743302,0,0.054630058315743302
-32.097499999999997,0.054651441479601215,0,0.054651441479601215
-32.07,0.054672829033372561,0,0.054672829033372561
-32.042500000000004,0.05469422092970555,0,0.05469422092970555
-32.015000000000001,0.054715617120955073,0,0.054715617120955073
-31.987500000000001,0.054737017559179368,0,0.054737017559179368
-31.960000000000001,0.054758422196139467,0,0.054758422196139467
-31.932500000000001,0.05477983098329664,0,0.05477983098329664
-31.905000000000001,0.0548012438718114,0,0.0548012438718114
-31.877500000000001,0.054822660812541724,0,0.054822660812541724
-31.850000000000001,0.054844081756042828,0,0.054844081756042828
-31.822500000000002,0.054865506652561624,0,0.054865506652561624
-31.795000000000002,0.054886935452041041,0,0.054886935452041041
-31.767499999999998,0.05490836810411126,0,0.05490836810411126
-31.739999999999998,0.054929804558093487,0,0.054929804558093487
-31.712499999999999,0.054951244762997731,0,0.054951244762997731
-31.684999999999999,0.054972688667518366,0,0.054972688667518366
-31.657499999999999,0.05499413622003424,0,0.05499413622003424
-31.629999999999999,0.055015587368606345,0,0.055015587368606345
-31.602499999999999,0.055037042060977592,0,0.055037042060977592
-31.574999999999999,0.055058500244569153,0,0.055058500244569153
-31.547499999999999,0.055079961866479343,0,0.055079961866479343
-31.52,0.055101426873483517,0,0.055101426873483517
-31.4925,0.055122895212029177,0,0.055122895212029177
-31.465,0.055144366828236313,0,0.055144366828236313
-31.4375,0.055165841667896065,0,0.055165841667896065
-31.41,0.055187319676466839,0,0.055187319676466839
-31.3825,0.055208800799075641,0,0.055208800799075641
-31.355,0.05523028498051219,0,0.05523028498051219
-31.327500000000001,0.055251772165230806,0,0.055251772165230806
-31.300000000000001,0.055273262297345971,0,0.055273262297345971
-31.272500000000001,0.05529475532063366,0,0.05529475532063366
-31.245000000000001,0.055316251178525344,0,0.055316251178525344
-31.217500000000001,0.055337749814108994,0,0.055337749814108994
-31.190000000000001,0.055359251170126078,0,0.055359251170126078
-31.162500000000001,0.055380755188971564,0,0.055380755188971564
-31.135000000000002,0.055402261812689257,0,0.055402261812689257
-31.107500000000002,0.055423770982971021,0,0.055423770982971021
-31.079999999999998,0.055445282641156557,0,0.055445282641156557
-31.052499999999998,0.055466796728227408,0,0.055466796728227408
-31.024999999999999,0.055488313184809845,0,0.055488313184809845
-30.997499999999999,0.055509831951170652,0,0.055509831951170652
-30.969999999999999,0.055531352967213898,0,0.055531352967213898
-30.942499999999999,0.055552876172481724,0,0.055552876172481724
-30.914999999999999,0.055574401506148674,0,0.055574401506148674
-30.887499999999999,0.05559592890702425,0,0.05559592890702425
-30.859999999999999,0.055617458313547807,0,0.055617458313547807
-30.8325,0.055638989663787997,0,0.055638989663787997
-30.805,0.055660522895438658,0,0.055660522895438658
-30.7775,0.055682057945819707,0,0.055682057945819707
-30.75,0.055703594751872698,0,0.055703594751872698
-30.7225,0.055725133250160264,0,0.055725133250160264
-30.695,0.055746673376864342,0,0.055746673376864342
-30.6675,0.055768215067780957,0,0.055768215067780957
-30.640000000000001,0.05578975825832222,0,0.05578975825832222
-30.612500000000001,0.05581130288351277,0,0.05581130288351277
-30.585000000000001,0.055832848877985786,0,0.055832848877985786
-30.557500000000001,0.055854396175983756,0,0.055854396175983756
-30.530000000000001,0.055875944711353931,0,0.055875944711353931
-30.502500000000001,0.055897494417549209,0,0.055897494417549209
-30.475000000000001,0.055919045227621589,0,0.055919045227621589
-30.447500000000002,0.055940597074224163,0,0.055940597074224163
-30.420000000000002,0.055962149889605795,0,0.055962149889605795
-30.392499999999998,0.055983703605612445,0,0.055983703605612445
-30.364999999999998,0.056005258153680959,0,0.056005258153680959
-30.337499999999999,0.056026813464838954,0,0.056026813464838954
-30.309999999999999,0.056048369469704262,0,0.056048369469704262
-30.282499999999999,0.056069926098477718,0,0.056069926098477718
-30.254999999999999,0.056091483280946819,0,0.056091483280946819
-30.227499999999999,0.056113040946479065,0,0.056113040946479065
-30.199999999999999,0.056134599024021514,0,0.056134599024021514
-30.172499999999999,0.05615615744209812,0,0.05615615744209812
-30.145,0.056177716128808508,0,0.056177716128808508
-30.1175,0.056199275011823313,0,0.056199275011823313
-30.09,0.056220834018383847,0,0.056220834018383847
-30.0625,0.05624239307529888,0,0.05624239307529888
-30.035,0.056263952108942528,0,0.056263952108942528
-30.0075,0.056285511045251924,0,0.056285511045251924
-29.98,0.056307069809724775,0,0.056307069809724775
-29.952500000000001,0.056328628327416697,0,0.056328628327416697
-29.925000000000001,0.056350186522938994,0,0.056350186522938994
-29.897500000000001,0.056371744320455885,0,0.056371744320455885
-29.870000000000001,0.056393301643684168,0,0.056393301643684168
-29.842500000000001,0.05641485841588656,0,0.05641485841588656
-29.815000000000001,0.05643641455987336,0,0.05643641455987336
-29.787500000000001,0.05645796999799868,0,0.05645796999799868
-29.760000000000002,0.056479524652154889,0,0.056479524652154889
-29.732500000000002,0.056501078443774833,0,0.056501078443774833
-29.704999999999998,0.056522631293828063,0,0.056522631293828063
-29.677499999999998,0.056544183122814728,0,0.056544183122814728
-29.649999999999999,0.056565733850768574,0,0.056565733850768574
-29.622499999999999,0.056587283397249277,0,0.056587283397249277
-29.594999999999999,0.056608831681343785,0,0.056608831681343785
-29.567499999999999,0.056630378621660538,0,0.056630378621660538
-29.539999999999999,0.056651924136329912,0,0.056651924136329912
-29.512499999999999,0.056673468142998229,0,0.056673468142998229
-29.484999999999999,0.056695010558828973,0,0.056695010558828973
-29.4575,0.056716551300495799,0,0.056716551300495799
-29.43,0.056738090284183751,0,0.056738090284183751
-29.4025,0.056759627425584491,0,0.056759627425584491
-29.375,0.056781162639894189,0,0.056781162639894189
-29.3475,0.056802695841809414,0,0.056802695841809414
-29.32,0.056824226945527356,0,0.056824226945527356
-29.2925,0.05684575586474061,0,0.05684575586474061
-29.265000000000001,0.056867282512634731,0,0.056867282512634731
-29.237500000000001,0.056888806801886016,0,0.056888806801886016
-29.210000000000001,0.056910328644659058,0,0.056910328644659058
-29.182500000000001,0.05693184795260231,0,0.05693184795260231
-29.155000000000001,0.056953364636847192,0,0.056953364636847192
-29.127500000000001,0.056974878608003876,0,0.056974878608003876
-29.100000000000001,0.05699638977615995,0,0.05699638977615995
-29.072500000000002,0.057017898050874316,0,0.057017898050874316
-29.045000000000002,0.057039403341178074,0,0.057039403341178074
-29.017499999999998,0.057060905555570751,0,0.057060905555570751
-28.989999999999998,0.057082404602014081,0,0.057082404602014081
-28.962499999999999,0.057103900387933559,0,0.057103900387933559
-28.934999999999999,0.057125392820212784,0,0.057125392820212784
-28.907499999999999,0.057146881805191452,0,0.057146881805191452
-28.879999999999999,0.057168367248660812,0,0.057168367248660812
-28.852499999999999,0.05718984905586455,0,0.05718984905586455
-28.824999999999999,0.057211327131489464,0,0.057211327131489464
-28.797499999999999,0.057232801379669684,0,0.057232801379669684
-28.77,0.0572542717039769,0,0.0572542717039769
-28.7425,0.057275738007422805,0,0.057275738007422805
-28.715,0.057297200192450992,0,0.057297200192450992
-28.6875,0.057318658160938618,0,0.057318658160938618
-28.66,0.057340111814189521,0,0.057340111814189521
-28.6325,0.057361561052931886,0,0.057361561052931886
-28.605,0.057383005777318807,0,0.057383005777318807
-28.577500000000001,0.057404445886917843,0,0.057404445886917843
-28.550000000000001,0.057425881280714575,0,0.057425881280714575
-28.522500000000001,0.05744731185710561,0,0.05744731185710561
-28.495000000000001,0.05746873751389725,0,0.05746873751389725
-28.467500000000001,0.057490158148300274,0,0.057490158148300274
-28.440000000000001,0.057511573656927717,0,0.057511573656927717
-28.412500000000001,0.057532983935793092,0,0.057532983935793092
-28.385000000000002,0.057554388880304175,0,0.057554388880304175
-28.357500000000002,0.057575788385260784,0,0.057575788385260784
-28.329999999999998,0.057597182344852671,0,0.057597182344852671
-28.302499999999998,0.057618570652654189,0,0.057618570652654189
-28.274999999999999,0.057639953201621963,0,0.057639953201621963
-28.247499999999999,0.057661329884091783,0,0.057661329884091783
-28.219999999999999,0.057682700591773939,0,0.057682700591773939
-28.192499999999999,0.057704065215750777,0,0.057704065215750777
-28.164999999999999,0.057725423646471818,0,0.057725423646471818
-28.137499999999999,0.057746775773753645,0,0.057746775773753645
-28.109999999999999,0.057768121486771795,0,0.057768121486771795
-28.0825,0.057789460674060211,0,0.057789460674060211
-28.055,0.057810793223506685,0,0.057810793223506685
-28.0275,0.057832119022350081,0,0.057832119022350081
-28,0.057853437957175124,0,0.057853437957175124
-27.9725,0.057874749913910395,0,0.057874749913910395
-27.945,0.057896054777823114,0,0.057896054777823114
-27.9175,0.057917352433517255,0,0.057917352433517255
-27.890000000000001,0.057938642764929216,0,0.057938642764929216
-27.862500000000001,0.057959925655322153,0,0.057959925655322153
-27.835000000000001,0.057981200987285875,0,0.057981200987285875
-27.807500000000001,0.058002468642729177,0,0.058002468642729177
-27.780000000000001,0.058023728502878957,0,0.058023728502878957
-27.752500000000001,0.058044980448276218,0,0.058044980448276218
-27.725000000000001,0.05806622435876907,0,0.05806622435876907
-27.697500000000002,0.058087460113513845,0,0.058087460113513845
-27.670000000000002,0.058108687590966435,0,0.058108687590966435
-27.642499999999998,0.058129906668881515,0,0.058129906668881515
-27.614999999999998,0.058151117224308102,0,0.058151117224308102
-27.587499999999999,0.058172319133583672,0,0.058172319133583672
-27.559999999999999,0.058193512272332715,0,0.058193512272332715
-27.532499999999999,0.058214696515462516,0,0.058214696515462516
-27.504999999999999,0.058235871737155276,0,0.058235871737155276
-27.477499999999999,0.058257037810870882,0,0.058257037810870882
-27.449999999999999,0.058278194609336031,0,0.058278194609336031
-27.422499999999999,0.058299342004544563,0,0.058299342004544563
-27.395,0.058320479867751907,0,0.058320479867751907
-27.3675,0.058341608069470752,0,0.058341608069470752
-27.34,0.058362726479466054,0,0.058362726479466054
-27.3125,0.0583838349667547,0,0.0583838349667547
-27.285,0.05840493339959496,0,0.05840493339959496
-27.2575,0.058426021645488158,0,0.058426021645488158
-27.23,0.058447099571171002,0,0.058447099571171002
-27.202500000000001,0.058468167042613706,0,0.058468167042613706
-27.175000000000001,0.05848922392501188,0,0.05848922392501188
-27.147500000000001,0.058510270082786753,0,0.058510270082786753
-27.120000000000001,0.058531305379576848,0,0.058531305379576848
-27.092500000000001,0.058552329678237425,0,0.058552329678237425
-27.065000000000001,0.05857334284083282,0,0.05857334284083282
-27.037500000000001,0.058594344728633341,0,0.058594344728633341
-27.010000000000002,0.058615335202109708,0,0.058615335202109708
-26.982500000000002,0.058636314120931843,0,0.058636314120931843
-26.954999999999998,0.058657281343959977,0,0.058657281343959977
-26.927499999999998,0.058678236729243216,0,0.058678236729243216
-26.899999999999999,0.058699180134014206,0,0.058699180134014206
-26.872499999999999,0.058720111414682474,0,0.058720111414682474
-26.844999999999999,0.058741030426832541,0,0.058741030426832541
-26.817499999999999,0.058761937025219591,0,0.058761937025219591
-26.789999999999999,0.058782831063762031,0,0.058782831063762031
-26.762499999999999,0.058803712395538166,0,0.058803712395538166
-26.734999999999999,0.058824580872781418,0,0.058824580872781418
-26.7075,0.058845436346876667,0,0.058845436346876667
-26.68,0.058866278668354255,0,0.058866278668354255
-26.6525,0.058887107686884765,0,0.058887107686884765
-26.625,0.058907923251274363,0,0.058907923251274363
-26.5975,0.05892872520946113,0,0.05892872520946113
-26.57,0.058949513408509513,0,0.058949513408509513
-26.5425,0.058970287694604107,0,0.058970287694604107
-26.515000000000001,0.058991047913047323,0,0.058991047913047323
-26.487500000000001,0.059011793908251176,0,0.059011793908251176
-26.460000000000001,0.05903252552373528,0,0.05903252552373528
-26.432500000000001,0.059053242602119971,0,0.059053242602119971
-26.405000000000001,0.059073944985120419,0,0.059073944985120419
-26.377500000000001,0.059094632513545076,0,0.059094632513545076
-26.350000000000001,0.059115305027287235,0,0.059115305027287235
-26.322500000000002,0.059135962365319261,0,0.059135962365319261
-26.295000000000002,0.059156604365692145,0,0.059156604365692145
-26.267499999999998,0.059177230865523622,0,0.059177230865523622
-26.239999999999998,0.059197841700999509,0,0.059197841700999509
-26.212499999999999,0.059218436707362598,0,0.059218436707362598
-26.184999999999999,0.059239015718912102,0,0.059239015718912102
-26.157499999999999,0.059259578568993554,0,0.059259578568993554
-26.129999999999999,0.059280125089999136,0,0.059280125089999136
-26.102499999999999,0.059300655113357137,0,0.059300655113357137
-26.074999999999999,0.059321168469528729,0,0.059321168469528729
-26.047499999999999,0.059341664988002196,0,0.059341664988002196
-26.02,0.059362144497287939,0,0.059362144497287939
-25.9925,0.05938260682491181,0,0.05938260682491181
-25.965,0.059403051797410233,0,0.059403051797410233
-25.9375,0.059423479240324428,0,0.059423479240324428
-25.91,0.059443888978195525,0,0.059443888978195525
-25.8825,0.059464280834556016,0,0.059464280834556016
-25.855,0.059484654631928646,0,0.059484654631928646
-25.827500000000001,0.059505010191816643,0,0.059505010191816643
-25.800000000000001,0.059525347334699164,0,0.059525347334699164
-25.772500000000001,0.059545665880026855,0,0.059545665880026855
-25.745000000000001,0.059565965646213748,0,0.059565965646213748
-25.717500000000001,0.059586246450632929,0,0.059586246450632929
-25.690000000000001,0.059606508109609657,0,0.059606508109609657
-25.662500000000001,0.059626750438416032,0,0.059626750438416032
-25.635000000000002,0.059646973251264668,0,0.059646973251264668
-25.607500000000002,0.05966717636130392,0,0.05966717636130392
-25.579999999999998,0.059687359580608668,0,0.059687359580608668
-25.552499999999998,0.05970752272017732,0,0.05970752272017732
-25.524999999999999,0.059727665589924372,0,0.059727665589924372
-25.497499999999999,0.059747787998673973,0,0.059747787998673973
-25.469999999999999,0.059767889754154702,0,0.059767889754154702
-25.442499999999999,0.059787970662991463,0,0.059787970662991463
-25.414999999999999,0.059808030530701273,0,0.059808030530701273
-25.387499999999999,0.059828069161687036,0,0.059828069161687036
-25.359999999999999,0.059848086359228003,0,0.059848086359228003
-25.3325,0.059868081925476879,0,0.059868081925476879
-25.305,0.059888055661450723,0,0.059888055661450723
-25.2775,0.059908007367027838,0,0.059908007367027838
-25.25,0.059927936840936669,0,0.059927936840936669
-25.2225,0.059947843880754026,0,0.059947843880754026
-25.195,0.059967728282894539,0,0.059967728282894539
-25.1675,0.059987589842604994,0,0.059987589842604994
-25.140000000000001,0.060007428353960113,0,0.060007428353960113
-25.112500000000001,0.06002724360985312,0,0.06002724360985312
-25.085000000000001,0.060047035401988968,0,0.060047035401988968
-25.057500000000001,0.06006680352088023,0,0.06006680352088023
-25.030000000000001,0.060086547755835551,0,0.060086547755835551
-25.002500000000001,0.06010626789495821,0,0.06010626789495821
-24.975000000000001,0.06012596372513479,0,0.06012596372513479
-24.947500000000002,0.060145635032031186,0,0.060145635032031186
-24.920000000000002,0.060165281600083387,0,0.060165281600083387
-24.892499999999998,0.060184903212492036,0,0.060184903212492036
-24.864999999999998,0.060204499651213772,0,0.060204499651213772
-24.837499999999999,0.060224070696955567,0,0.060224070696955567
-24.809999999999999,0.060243616129167066,0,0.060243616129167066
-24.782499999999999,0.060263135726032369,0,0.060263135726032369
-24.754999999999999,0.060282629264464149,0,0.060282629264464149
-24.727499999999999,0.060302096520095994,0,0.060302096520095994
-24.699999999999999,0.06032153726727485,0,0.06032153726727485
-24.672499999999999,0.06034095127905259,0,0.06034095127905259
-24.645,0.060360338327180574,0,0.060360338327180574
-24.6175,0.060379698182100761,0,0.060379698182100761
-24.59,0.060399030612938165,0,0.060399030612938165
-24.5625,0.060418335387493194,0,0.060418335387493194
-24.535,0.060437612272237096,0,0.060437612272237096
-24.5075,0.060456861032296971,0,0.060456861032296971
-24.48,0.060476081431458217,0,0.060476081431458217
-24.452500000000001,0.060495273232145763,0,0.060495273232145763
-24.425000000000001,0.060514436195425958,0,0.060514436195425958
-24.397500000000001,0.060533570080991361,0,0.060533570080991361
-24.370000000000001,0.060552674647158633,0,0.060552674647158633
-24.342500000000001,0.060571749650855433,0,0.060571749650855433
-24.315000000000001,0.06059079484761587,0,0.06059079484761587
-24.287500000000001,0.060609809991571728,0,0.060609809991571728
-24.260000000000002,0.060628794835443256,0,0.060628794835443256
-24.232500000000002,0.060647749130532169,0,0.060647749130532169
-24.204999999999998,0.060666672626713436,0,0.060666672626713436
-24.177499999999998,0.060685565072425174,0,0.060685565072425174
-24.149999999999999,0.060704426214663432,0,0.060704426214663432
-24.122499999999999,0.060723255798971532,0,0.060723255798971532
-24.094999999999999,0.060742053569431631,0,0.060742053569431631
-24.067499999999999,0.060760819268658395,0,0.060760819268658395
-24.039999999999999,0.06077955263778767,0,0.06077955263778767
-24.012499999999999,0.060798253416469938,0,0.060798253416469938
-23.984999999999999,0.060816921342860542,0,0.060816921342860542
-23.9575,0.060835556153612691,0,0.060835556153612691
-23.93,0.060854157583866142,0,0.060854157583866142
-23.9025,0.060872725367240976,0,0.060872725367240976
-23.875,0.060891259235827166,0,0.060891259235827166
-23.8475,0.060909758920176138,0,0.060909758920176138
-23.82,0.060928224149291332,0,0.060928224149291332
-23.7925,0.060946654650622101,0,0.060946654650622101
-23.765000000000001,0.06096505015004916,0,0.06096505015004916
-23.737500000000001,0.060983410371880931,0,0.060983410371880931
-23.710000000000001,0.061001735038841987,0,0.061001735038841987
-23.682500000000001,0.061020023872062845,0,0.061020023872062845
-23.655000000000001,0.061038276591072527,0,0.061038276591072527
-23.627500000000001,0.061056492913789229,0,0.061056492913789229
-23.600000000000001,0.061074672556509779,0,0.061074672556509779
-23.572500000000002,0.061092815233900089,0,0.061092815233900089
-23.545000000000002,0.061110920658987711,0,0.061110920658987711
-23.517499999999998,0.061128988543149743,0,0.061128988543149743
-23.489999999999998,0.061147018596105496,0,0.061147018596105496
-23.462499999999999,0.06116501052590495,0,0.06116501052590495
-23.434999999999999,0.061182964038918985,0,0.061182964038918985
-23.407499999999999,0.061200878839833051,0,0.061200878839833051
-23.379999999999999,0.061218754631632732,0,0.061218754631632732
-23.352499999999999,0.061236591115596095,0,0.061236591115596095
-23.324999999999999,0.061254387991284354,0,0.061254387991284354
-23.297499999999999,0.061272144956529995,0,0.061272144956529995
-23.27,0.061289861707427895,0,0.061289861707427895
-23.2425,0.061307537938327328,0,0.061307537938327328
-23.215,0.061325173341814532,0,0.061325173341814532
-23.1875,0.061342767608713156,0,0.061342767608713156
-23.16,0.061360320428063719,0,0.061360320428063719
-23.1325,0.061377831487120171,0,0.061377831487120171
-23.105,0.061395300471335346,0,0.061395300471335346
-23.077500000000001,0.061412727064354078,0,0.061412727064354078
-23.050000000000001,0.061430110947998884,0,0.061430110947998884
-23.022500000000001,0.061447451802261632,0,0.061447451802261632
-22.995000000000001,0.061464749305292887,0,0.061464749305292887
-22.967500000000001,0.061482003133389473,0,0.061482003133389473
-22.940000000000001,0.061499212960985927,0,0.061499212960985927
-22.912500000000001,0.061516378460641175,0,0.061516378460641175
-22.885000000000002,0.061533499303030537,0,0.061533499303030537
-22.857500000000002,0.061550575156930409,0,0.061550575156930409
-22.829999999999998,0.061567605689212934,0,0.061567605689212934
-22.802499999999998,0.061584590564829123,0,0.061584590564829123
-22.774999999999999,0.061601529446802195,0,0.061601529446802195
-22.747499999999999,0.061618421996211703,0,0.061618421996211703
-22.719999999999999,0.061635267872187205,0,0.061635267872187205
-22.692499999999999,0.06165206673189394,0,0.06165206673189394
-22.664999999999999,0.061668818230519618,0,0.061668818230519618
-22.637499999999999,0.061685522021268535,0,0.061685522021268535
-22.609999999999999,0.061702177755344034,0,0.061702177755344034
-22.5825,0.061718785081939287,0,0.061718785081939287
-22.555,0.061735343648226304,0,0.061735343648226304
-22.5275,0.061751853099343057,0,0.061751853099343057
-22.5,0.061768313078381265,0,0.061768313078381265
-22.4725,0.061784723226374849,0,0.061784723226374849
-22.445,0.061801083182288941,0,0.061801083182288941
-22.4175,0.061817392583004449,0,0.061817392583004449
-22.390000000000001,0.061833651063311623,0,0.061833651063311623
-22.362500000000001,0.061849858255890733,0,0.061849858255890733
-22.335000000000001,0.061866013791305297,0,0.061866013791305297
-22.307500000000001,0.061882117297987316,0,0.061882117297987316
-22.280000000000001,0.06189816840222373,0,0.06189816840222373
-22.252500000000001,0.061914166728147424,0,0.061914166728147424
-22.225000000000001,0.06193011189772113,0,0.06193011189772113
-22.197500000000002,0.061946003530725324,0,0.061946003530725324
-22.170000000000002,0.061961841244747018,0,0.061961841244747018
-22.142499999999998,0.061977624655165431,0,0.061977624655165431
-22.114999999999998,0.061993353375140003,0,0.061993353375140003
-22.087499999999999,0.062009027015595852,0,0.062009027015595852
-22.059999999999999,0.062024645185213112,0,0.062024645185213112
-22.032499999999999,0.062040207490410393,0,0.062040207490410393
-22.004999999999999,0.062055713535335344,0,0.062055713535335344
-21.977499999999999,0.062071162921847889,0,0.062071162921847889
-21.949999999999999,0.06208655524950879,0,0.06208655524950879
-21.922499999999999,0.062101890115566216,0,0.062101890115566216
-21.895,0.062117167114940863,0,0.062117167114940863
-21.8675,0.062132385840213633,0,0.062132385840213633
-21.84,0.062147545881610089,0,0.062147545881610089
-21.8125,0.06216264682698891,0,0.06216264682698891
-21.785,0.062177688261826902,0,0.062177688261826902
-21.7575,0.062192669769203679,0,0.062192669769203679
-21.73,0.062207590929791223,0,0.062207590929791223
-21.702500000000001,0.062222451321834682,0,0.062222451321834682
-21.675000000000001,0.062237250521142484,0,0.062237250521142484
-21.647500000000001,0.062251988101070022,0,0.062251988101070022
-21.620000000000001,0.062266663632505437,0,0.062266663632505437
-21.592500000000001,0.062281276683855635,0,0.062281276683855635
-21.565000000000001,0.062295826821029743,0,0.062295826821029743
-21.537500000000001,0.062310313607427781,0,0.062310313607427781
-21.510000000000002,0.062324736603923903,0,0.062324736603923903
-21.482500000000002,0.06233909536885085,0,0.06233909536885085
-21.454999999999998,0.062353389457986852,0,0.062353389457986852
-21.427499999999998,0.062367618424538418,0,0.062367618424538418
-21.399999999999999,0.062381781819128568,0,0.062381781819128568
-21.372499999999999,0.062395879189776293,0,0.062395879189776293
-21.344999999999999,0.062409910081889008,0,0.062409910081889008
-21.317499999999999,0.062423874038238791,0,0.062423874038238791
-21.289999999999999,0.062437770598951725,0,0.062437770598951725
-21.262499999999999,0.062451599301492133,0,0.062451599301492133
-21.234999999999999,0.062465359680647259,0,0.062465359680647259
-21.2075,0.062479051268507391,0,0.062479051268507391
-21.18,0.062492673594455539,0,0.062492673594455539
-21.1525,0.062506226185148894,0,0.062506226185148894
-21.125,0.06251970856450173,0,0.06251970856450173
-21.0975,0.062533120253671415,0,0.062533120253671415
-21.07,0.062546460771042089,0,0.062546460771042089
-21.0425,0.062559729632204908,0,0.062559729632204908
-21.015000000000001,0.062572926349947378,0,0.062572926349947378
-20.987500000000001,0.062586050434232043,0,0.062586050434232043
-20.960000000000001,0.062599101392181944,0,0.062599101392181944
-20.932500000000001,0.062612078728064069,0,0.062612078728064069
-20.905000000000001,0.062624981943271596,0,0.062624981943271596
-20.877500000000001,0.062637810536308014,0,0.062637810536308014
-20.850000000000001,0.062650564002768805,0,0.062650564002768805
-20.822500000000002,0.062663241835325678,0,0.062663241835325678
-20.795000000000002,0.062675843523709918,0,0.062675843523709918
-20.767499999999998,0.062688368554692619,0,0.062688368554692619
-20.739999999999998,0.062700816412069593,0,0.062700816412069593
-20.712499999999999,0.062713186576642155,0,0.062713186576642155
-20.684999999999999,0.062725478526201806,0,0.062725478526201806
-20.657499999999999,0.062737691735511025,0,0.062737691735511025
-20.629999999999999,0.062749825676283622,0,0.062749825676283622
-20.602499999999999,0.062761879817172406,0,0.062761879817172406
-20.574999999999999,0.06277385362374488,0,0.06277385362374488
-20.547499999999999,0.062785746558468691,0,0.062785746558468691
-20.52,0.06279755808069265,0,0.06279755808069265
-20.4925,0.062809287646629741,0,0.062809287646629741
-20.465,0.062820934709335585,0,0.062820934709335585
-20.4375,0.062832498718692453,0,0.062832498718692453
-20.41,0.062843979121389837,0,0.062843979121389837
-20.3825,0.062855375360907684,0,0.062855375360907684
-20.355,0.062866686877492417,0,0.062866686877492417
-20.327500000000001,0.062877913108144168,0,0.062877913108144168
-20.300000000000001,0.062889053486593127,0,0.062889053486593127
-20.272500000000001,0.062900107443283448,0,0.062900107443283448
-20.245000000000001,0.062911074405351375,0,0.062911074405351375
-20.217500000000001,0.062921953796608698,0,0.062921953796608698
-20.190000000000001,0.062932745037520998,0,0.062932745037520998
-20.162500000000001,0.062943447545188214,0,0.062943447545188214
-20.135000000000002,0.062954060733326211,0,0.062954060733326211
-20.107500000000002,0.062964584012246139,0,0.062964584012246139
-20.079999999999998,0.062975016788835214,0,0.062975016788835214
-20.052499999999998,0.062985358466535302,0,0.062985358466535302
-20.024999999999999,0.062995608445324036,0,0.062995608445324036
-19.997499999999999,0.063005766121693729,0,0.063005766121693729
-19.969999999999999,0.06301583088863294,0,0.06301583088863294
-19.942499999999999,0.06302580213560216,0,0.06302580213560216
-19.914999999999999,0.063035679248517273,0,0.063035679248517273
-19.887499999999999,0.063045461609725795,0,0.063045461609725795
-19.859999999999999,0.063055148597988442,0,0.063055148597988442
-19.8325,0.063064739588457042,0,0.063064739588457042
-19.805,0.063074233952651326,0,0.063074233952651326
-19.7775,0.063083631058443612,0,0.063083631058443612
-19.75,0.063092930270031378,0,0.063092930270031378
-19.7225,0.063102130947918611,0,0.063102130947918611
-19.695,0.063111232448893828,0,0.063111232448893828
-19.6675,0.063120234126009089,0,0.063120234126009089
-19.640000000000001,0.063129135328558239,0,0.063129135328558239
-19.612500000000001,0.063137935402053369,0,0.063137935402053369
-19.585000000000001,0.063146633688204723,0,0.063146633688204723
-19.557500000000001,0.063155229524897383,0,0.063155229524897383
-19.530000000000001,0.063163722246170062,0,0.063163722246170062
-19.502500000000001,0.063172111182191126,0,0.063172111182191126
-19.475000000000001,0.063180395659238386,0,0.063180395659238386
-19.447500000000002,0.06318857499967423,0,0.06318857499967423
-19.420000000000002,0.063196648521925192,0,0.063196648521925192
-19.392499999999998,0.063204615540455977,0,0.063204615540455977
-19.364999999999998,0.063212475365750254,0,0.063212475365750254
-19.337499999999999,0.063220227304284782,0,0.063220227304284782
-19.309999999999999,0.063227870658507102,0,0.063227870658507102
-19.282499999999999,0.063235404726812883,0,0.063235404726812883
-19.254999999999999,0.063242828803521056,0,0.063242828803521056
-19.227499999999999,0.063250142178850832,0,0.063250142178850832
-19.199999999999999,0.063257344138899052,0,0.063257344138899052
-19.172499999999999,0.063264433965614986,0,0.063264433965614986
-19.145,0.063271410936777461,0,0.063271410936777461
-19.1175,0.063278274325968664,0,0.063278274325968664
-19.09,0.063285023402553042,0,0.063285023402553042
-19.0625,0.063291657431650994,0,0.063291657431650994
-19.035,0.063298175674114665,0,0.063298175674114665
-19.0075,0.063304577386503635,0,0.063304577386503635
-18.98,0.063310861821060382,0,0.063310861821060382
-18.952500000000001,0.063317028225684746,0,0.063317028225684746
-18.925000000000001,0.063323075843909837,0,0.063323075843909837
-18.897500000000001,0.06332900391487728,0,0.06332900391487728
-18.870000000000001,0.063334811673309677,0,0.063334811673309677
-18.842500000000001,0.063340498349487628,0,0.063340498349487628
-18.815000000000001,0.063346063169224087,0,0.063346063169224087
-18.787500000000001,0.063351505353838378,0,0.063351505353838378
-18.760000000000002,0.063356824120129329,0,0.063356824120129329
-18.732500000000002,0.063362018680351073,0,0.063362018680351073
-18.704999999999998,0.063367088242187064,0,0.063367088242187064
-18.677499999999998,0.063372032008721435,0,0.063372032008721435
-18.649999999999999,0.063376849178417238,0,0.063376849178417238
-18.622499999999999,0.063381538945086024,0,0.063381538945086024
-18.594999999999999,0.063386100497863196,0,0.063386100497863196
-18.567499999999999,0.063390533021181805,0,0.063390533021181805
-18.539999999999999,0.06339483569474369,0,0.06339483569474369
-18.512499999999999,0.063399007693495713,0,0.063399007693495713
-18.484999999999999,0.06340304818760012,0,0.06340304818760012
-18.4575,0.063406956342409004,0,0.063406956342409004
-18.43,0.063410731318435665,0,0.063410731318435665
-18.4025,0.063414372271329289,0,0.063414372271329289
-18.375,0.063417878351845314,0,0.063417878351845314
-18.3475,0.063421248705819555,0,0.063421248705819555
-18.32,0.063424482474137789,0,0.063424482474137789
-18.2925,0.063427578792711325,0,0.063427578792711325
-18.265000000000001,0.063430536792447589,0,0.063430536792447589
-18.237500000000001,0.063433355599220365,0,0.063433355599220365
-18.210000000000001,0.063436034333844593,0,0.063436034333844593
-18.182500000000001,0.063438572112043845,0,0.063438572112043845
-18.155000000000001,0.063440968044427226,0,0.063440968044427226
-18.127500000000001,0.063443221236455738,0,0.063443221236455738
-18.100000000000001,0.063445330788415633,0,0.063445330788415633
-18.072500000000002,0.063447295795389658,0,0.063447295795389658
-18.045000000000002,0.063449115347228857,0,0.063449115347228857
-18.017499999999998,0.063450788528520929,0,0.063450788528520929
-17.990000000000002,0.063452314418562361,0,0.063452314418562361
-17.962499999999999,0.063453692091330227,0,0.063453692091330227
-17.935000000000002,0.063454920615450328,0,0.063454920615450328
-17.907499999999999,0.063455999054169099,0,0.063455999054169099
-17.880000000000003,0.063456926465323193,0,0.063456926465323193
-17.852499999999999,0.063457701901310171,0,0.063457701901310171
-17.825000000000003,0.063458324409058076,0,0.063458324409058076
-17.797499999999999,0.063458793029994576,0,0.063458793029994576
-17.770000000000003,0.063459106800018317,0,0.063459106800018317
-17.7425,0.063459264749467725,0,0.063459264749467725
-17.715000000000003,0.063459265903089368,0,0.063459265903089368
-17.6875,0.063459109280009418,0,0.063459109280009418
-17.659999999999997,0.063458793893701904,0,0.063458793893701904
-17.6325,0.063458318751957288,0,0.063458318751957288
-17.604999999999997,0.063457682856852715,0,0.063457682856852715
-17.577500000000001,0.063456885204719038,0,0.063456885204719038
-17.549999999999997,0.063455924786112838,0,0.063455924786112838
-17.522500000000001,0.063454800585780791,0,0.063454800585780791
-17.494999999999997,0.063453511582632349,0,0.063453511582632349
-17.467500000000001,0.063452056749705554,0,0.063452056749705554
-17.439999999999998,0.06345043505413539,0,0.06345043505413539
-17.412500000000001,0.063448645457124586,0,0.063448645457124586
-17.384999999999998,0.063446686913908978,0,0.063446686913908978
-17.357500000000002,0.06344455837372609,0,0.06344455837372609
-17.329999999999998,0.063442258779783378,0,0.063442258779783378
-17.302500000000002,0.063439787069227593,0,0.063439787069227593
-17.274999999999999,0.063437142173108807,0,0.063437142173108807
-17.247500000000002,0.063434323016351879,0,0.063434323016351879
-17.219999999999999,0.063431328517719932,0,0.063431328517719932
-17.192500000000003,0.063428157589786704,0,0.063428157589786704
-17.164999999999999,0.063424809138898808,0,0.063424809138898808
-17.137500000000003,0.063421282065146967,0,0.063421282065146967
-17.109999999999999,0.063417575262329606,0,0.063417575262329606
-17.082500000000003,0.063413687617922543,0,0.063413687617922543
-17.055,0.063409618013044233,0,0.063409618013044233
-17.027500000000003,0.063405365322423246,0,0.063405365322423246
-17,0.063400928414365842,0,0.063400928414365842
-16.972499999999997,0.063396306150720672,0,0.063396306150720672
-16.945,0.063391497386846019,0,0.063391497386846019
-16.917499999999997,0.063386500971577275,0,0.063386500971577275
-16.890000000000001,0.063381315747192746,0,0.063381315747192746
-16.862499999999997,0.063375940549377785,0,0.063375940549377785
-16.835000000000001,0.063370374207195268,0,0.063370374207195268
-16.807499999999997,0.063364615543046732,0,0.063364615543046732
-16.780000000000001,0.063358663372644619,0,0.063358663372644619
-16.752499999999998,0.063352516504971201,0,0.063352516504971201
-16.725000000000001,0.063346173742249934,0,0.063346173742249934
-16.697499999999998,0.063339633879907264,0,0.063339633879907264
-16.670000000000002,0.063332895706543657,0,0.063332895706543657
-16.642499999999998,0.063325958003892735,0,0.063325958003892735
-16.615000000000002,0.06331881954679186,0,0.06331881954679186
-16.587499999999999,0.063311479103145829,0,0.063311479103145829
-16.560000000000002,0.063303935433893233,0,0.063303935433893233
-16.532499999999999,0.063296187292970041,0,0.063296187292970041
-16.505000000000003,0.063288233427277185,0,0.063288233427277185
-16.477499999999999,0.063280072576645252,0,0.063280072576645252
-16.450000000000003,0.063271703473799179,0,0.063271703473799179
-16.422499999999999,0.063263124844324281,0,0.063263124844324281
-16.395000000000003,0.063254335406631057,0,0.063254335406631057
-16.3675,0.063245333871920995,0,0.063245333871920995
-16.340000000000003,0.063236118944151265,0,0.063236118944151265
-16.3125,0.063226689320000085,0,0.063226689320000085
-16.284999999999997,0.063217043688831742,0,0.063217043688831742
-16.2575,0.063207180732660961,0,0.063207180732660961
-16.229999999999997,0.063197099126120593,0,0.063197099126120593
-16.202500000000001,0.063186797536423311,0,0.063186797536423311
-16.174999999999997,0.063176274623329642,0,0.063176274623329642
-16.147500000000001,0.063165529039110435,0,0.063165529039110435
-16.119999999999997,0.063154559428514667,0,0.063154559428514667
-16.092500000000001,0.063143364428732474,0,0.063143364428732474
-16.064999999999998,0.063131942669361174,0,0.063131942669361174
-16.037500000000001,0.063120292772369968,0,0.063120292772369968
-16.009999999999998,0.063108413352065296,0,0.063108413352065296
-15.982500000000002,0.063096303015055866,0,0.063096303015055866
-15.954999999999998,0.06308396036021946,0,0.06308396036021946
-15.927500000000002,0.063071383978663742,0,0.063071383978663742
-15.899999999999999,0.063058572453697614,0,0.063058572453697614
-15.872500000000002,0.063045524360791694,0,0.063045524360791694
-15.844999999999999,0.063032238267545559,0,0.063032238267545559
-15.817500000000003,0.06301871273365367,0,0.06301871273365367
-15.789999999999999,0.063004946310868948,0,0.063004946310868948
-15.762500000000003,0.062990937542971137,0,0.062990937542971137
-15.734999999999999,0.062976684965729945,0,0.062976684965729945
-15.707500000000003,0.062962187106871625,0,0.062962187106871625
-15.68,0.062947442486045446,0,0.062947442486045446
-15.652500000000003,0.062932449614788388,0,0.062932449614788388
-15.625,0.062917206996492392,0,0.062917206996492392
-15.597499999999997,0.062901713126368608,0,0.062901713126368608
-15.57,0.062885966491416201,0,0.062885966491416201
-15.542499999999997,0.062869965570386044,0,0.062869965570386044
-15.515000000000001,0.062853708833749411,0,0.062853708833749411
-15.487499999999997,0.062837194743663227,0,0.062837194743663227
-15.460000000000001,0.062820421753936317,0,0.062820421753936317
-15.432499999999997,0.062803388309998209,0,0.062803388309998209
-15.405000000000001,0.062786092848864827,0,0.062786092848864827
-15.377499999999998,0.062768533799106074,0,0.062768533799106074
-15.350000000000001,0.06275070958081308,0,0.06275070958081308
-15.322499999999998,0.062732618605564783,0,0.062732618605564783
-15.295000000000002,0.062714259276398954,0,0.062714259276398954
-15.267499999999998,0.062695629987776225,0,0.062695629987776225
-15.240000000000002,0.062676729125550668,0,0.062676729125550668
-15.212499999999999,0.062657555066937931,0,0.062657555066937931
-15.185000000000002,0.062638106180483044,0,0.062638106180483044
-15.157499999999999,0.062618380826030218,0,0.062618380826030218
-15.130000000000003,0.062598377354691315,0,0.062598377354691315
-15.102499999999999,0.062578094108815985,0,0.062578094108815985
-15.075000000000003,0.062557529421960023,0,0.062557529421960023
-15.047499999999999,0.062536681618857615,0,0.062536681618857615
-15.020000000000003,0.062515549015389249,0,0.062515549015389249
-14.9925,0.062494129918553631,0,0.062494129918553631
-14.965000000000003,0.062472422626438151,0,0.062472422626438151
-14.9375,0.062450425428189793,0,0.062450425428189793
-14.909999999999997,0.062428136603987827,0,0.062428136603987827
-14.8825,0.062405554425014942,0,0.062405554425014942
-14.854999999999997,0.062382677153428601,0,0.062382677153428601
-14.827500000000001,0.062359503042336173,0,0.062359503042336173
-14.799999999999997,0.062336030335765624,0,0.062336030335765624
-14.772500000000001,0.062312257268640203,0,0.062312257268640203
-14.744999999999997,0.062288182066751907,0,0.062288182066751907
-14.717500000000001,0.062263802946736613,0,0.062263802946736613
-14.689999999999998,0.062239118116048098,0,0.062239118116048098
-14.662500000000001,0.062214125772932283,0,0.062214125772932283
-14.634999999999998,0.06218882410640636,0,0.06218882410640636
-14.607500000000002,0.062163211296231702,0,0.062163211296231702
-14.579999999999998,0.062137285512891216,0,0.062137285512891216
-14.552500000000002,0.062111044917569469,0,0.062111044917569469
-14.524999999999999,0.062084487662126264,0,0.062084487662126264
-14.497500000000002,0.062057611889078212,0,0.062057611889078212
-14.469999999999999,0.062030415731575861,0,0.062030415731575861
-14.442500000000003,0.06200289731338593,0,0.06200289731338593
-14.414999999999999,0.061975054748867997,0,0.061975054748867997
-14.387500000000003,0.061946886142957736,0,0.061946886142957736
-14.359999999999999,0.061918389591149148,0,0.061918389591149148
-14.332500000000003,0.061889563179473805,0,0.061889563179473805
-14.305,0.061860404984486195,0,0.061860404984486195
-14.277500000000003,0.061830913073247173,0,0.061830913073247173
-14.25,0.061801085503307096,0,0.061801085503307096
-14.222499999999997,0.061770920322692158,0,0.061770920322692158
-14.195,0.061740415569890295,0,0.061740415569890295
-14.167499999999997,0.061709569273836529,0,0.061709569273836529
-14.140000000000001,0.061678379453903087,0,0.061678379453903087
-14.112499999999997,0.061646844119885746,0,0.061646844119885746
-14.085000000000001,0.061614961271992397,0,0.061614961271992397
-14.057499999999997,0.061582728900836492,0,0.061582728900836492
-14.030000000000001,0.061550144987425393,0,0.061550144987425393
-14.002499999999998,0.061517207503153704,0,0.061517207503153704
-13.975000000000001,0.061483914409796614,0,0.061483914409796614
-13.947499999999998,0.061450263659502347,0,0.061450263659502347
-13.920000000000002,0.061416253194789161,0,0.061416253194789161
-13.892499999999998,0.061381880948540024,0,0.061381880948540024
-13.865000000000002,0.061347144844002166,0,0.061347144844002166
-13.837499999999999,0.061312042794782862,0,0.061312042794782862
-13.810000000000002,0.061276572704850429,0,0.061276572704850429
-13.782499999999999,0.061240732468534453,0,0.061240732468534453
-13.755000000000003,0.061204519970529114,0,0.061204519970529114
-13.727499999999999,0.061167933085893966,0,0.061167933085893966
-13.700000000000003,0.061130969680061042,0,0.061130969680061042
-13.672499999999999,0.061093627608838852,0,0.061093627608838852
-13.645000000000003,0.061055904718419707,0,0.061055904718419707
-13.6175,0.061017798845389715,0,0.061017798845389715
-13.590000000000003,0.060979307816736994,0,0.060979307816736994
-13.5625,0.060940429449864331,0,0.060940429449864331
-13.534999999999997,0.060901161552601502,0,0.060901161552601502
-13.5075,0.060861501923219707,0,0.060861501923219707
-13.479999999999997,0.060821448350448226,0,0.060821448350448226
-13.452500000000001,0.060780998613490955,0,0.060780998613490955
-13.424999999999997,0.060740150482047284,0,0.060740150482047284
-13.397500000000001,0.060698901716330744,0,0.060698901716330744
-13.369999999999997,0.060657250067094215,0,0.060657250067094215
-13.342500000000001,0.060615193275653234,0,0.060615193275653234
-13.314999999999998,0.060572729073912202,0,0.060572729073912202
-13.287500000000001,0.060529855184393688,0,0.060529855184393688
-13.259999999999998,0.060486569320265637,0,0.060486569320265637
-13.232500000000002,0.060442869185377446,0,0.060442869185377446
-13.204999999999998,0.060398752474290718,0,0.060398752474290718
-13.177500000000002,0.060354216872318789,0,0.060354216872318789
-13.149999999999999,0.060309260055560698,0,0.060309260055560698
-13.122500000000002,0.06026387969094571,0,0.06026387969094571
-13.094999999999999,0.060218073436273833,0,0.060218073436273833
-13.067500000000003,0.060171838940259681,0,0.060171838940259681
-13.039999999999999,0.060125173842583535,0,0.060125173842583535
-13.012500000000003,0.06007807577393709,0,0.06007807577393709
-12.984999999999999,0.060030542356077743,0,0.060030542356077743
-12.957500000000003,0.059982571201881996,0,0.059982571201881996
-12.93,0.059934159915403629,0,0.059934159915403629
-12.902500000000003,0.059885306091932877,0,0.059885306091932877
-12.875,0.05983600731805927,0,0.05983600731805927
-12.847499999999997,0.059786261171736244,0,0.059786261171736244
-12.82,0.059736065222349755,0,0.059736065222349755
-12.792499999999997,0.059685417030788335,0,0.059685417030788335
-12.765000000000001,0.059634314149519141,0,0.059634314149519141
-12.737499999999997,0.059582754122662007,0,0.059582754122662007
-12.710000000000001,0.059530734486070935,0,0.059530734486070935
-12.682499999999997,0.059478252767416917,0,0.059478252767416917
-12.655000000000001,0.059425306486275642,0,0.059425306486275642
-12.627499999999998,0.059371893154215427,0,0.059371893154215427
-12.600000000000001,0.059318010274890143,0,0.059318010274890143
-12.572499999999998,0.059263655344137356,0,0.059263655344137356
-12.545000000000002,0.059208825850078584,0,0.059208825850078584
-12.517499999999998,0.0591535192732211,0,0.0591535192732211
-12.490000000000002,0.059097733086567739,0,0.059097733086567739
-12.462499999999999,0.059041464755726469,0,0.059041464755726469
-12.435000000000002,0.058984711739027085,0,0.058984711739027085
-12.407499999999999,0.058927471487638772,0,0.058927471487638772
-12.380000000000003,0.058869741445696344,0,0.058869741445696344
-12.352499999999999,0.058811519050423811,0,0.058811519050423811
-12.325000000000003,0.058752801732269933,0,0.058752801732269933
-12.297499999999999,0.058693586915042006,0,0.058693586915042006
-12.270000000000003,0.05863387201604775,0,0.05863387201604775
-12.2425,0.058573654446240964,0,0.058573654446240964
-12.215000000000003,0.058512931610368746,0,0.058512931610368746
-12.1875,0.058451700907130366,0,0.058451700907130366
-12.159999999999997,0.058389959729334473,0,0.058389959729334473
-12.1325,0.058327705464062851,0,0.058327705464062851
-12.104999999999997,0.058264935492843617,0,0.058264935492843617
-12.077500000000001,0.058201647191822969,0,0.058201647191822969
-12.049999999999997,0.058137837931948155,0,0.058137837931948155
-12.022500000000001,0.058073505079152543,0,0.058073505079152543
-11.994999999999997,0.058008645994546248,0,0.058008645994546248
-11.967500000000001,0.057943258034615863,0,0.057943258034615863
-11.939999999999998,0.057877338551424962,0,0.057877338551424962
-11.912500000000001,0.057810884892825931,0,0.057810884892825931
-11.884999999999998,0.057743894402674467,0,0.057743894402674467
-11.857500000000002,0.057676364421051063,0,0.057676364421051063
-11.829999999999998,0.057608292284489271,0,0.057608292284489271
-11.802500000000002,0.057539675326212403,0,0.057539675326212403
-11.774999999999999,0.057470510876371228,0,0.057470510876371228
-11.747500000000002,0.057400796262297438,0,0.057400796262297438
-11.719999999999999,0.057330528808755665,0,0.057330528808755665
-11.692500000000003,0.05725970583820672,0,0.05725970583820672
-11.664999999999999,0.057188324671078927,0,0.057188324671078927
-11.637500000000003,0.057116382626046014,0,0.057116382626046014
-11.609999999999999,0.057043877020310996,0,0.057043877020310996
-11.582500000000003,0.056970805169900829,0,0.056970805169900829
-11.555,0.056897164389968169,0,0.056897164389968169
-11.527500000000003,0.05682295199509968,0,0.05682295199509968
-11.5,0.056748165299635112,0,0.056748165299635112
-11.472499999999997,0.056672801617993929,0,0.056672801617993929
-11.445,0.05659685826501093,0,0.05659685826501093
-11.417499999999997,0.056520332556281971,0,0.056520332556281971
-11.390000000000001,0.05644322180851602,0,0.05644322180851602
-11.362499999999997,0.056365523339899637,0,0.056365523339899637
-11.335000000000001,0.056287234470471459,0,0.056287234470471459
-11.307499999999997,0.056208352522501448,0,0.056208352522501448
-11.280000000000001,0.056128874820886798,0,0.056128874820886798
-11.252499999999998,0.056048798693555502,0,0.056048798693555502
-11.225000000000001,0.055968121471880239,0,0.055968121471880239
-11.197499999999998,0.055886840491099599,0,0.055886840491099599
-11.170000000000002,0.055804953090759279,0,0.055804953090759279
-11.142499999999998,0.055722456615155624,0,0.055722456615155624
-11.115000000000002,0.055639348413797252,0,0.055639348413797252
-11.087499999999999,0.055555625841871015,0,0.055555625841871015
-11.060000000000002,0.055471286260730057,0,0.055471286260730057
-11.032499999999999,0.055386327038385419,0,0.055386327038385419
-11.005000000000003,0.055300745550013297,0,0.055300745550013297
-10.977499999999999,0.055214539178478517,0,0.055214539178478517
-10.950000000000003,0.055127705314865549,0,0.055127705314865549
-10.922499999999999,0.055040241359027853,0,0.055040241359027853
-10.895000000000003,0.054952144720148088,0,0.054952144720148088
-10.8675,0.054863412817312329,0,0.054863412817312329
-10.840000000000003,0.054774043080101698,0,0.054774043080101698
-10.8125,0.054684032949195771,0,0.054684032949195771
-10.784999999999997,0.054593379876992532,0,0.054593379876992532
-10.7575,0.054502081328244301,0,0.054502081328244301
-10.729999999999997,0.05441013478070722,0,0.05441013478070722
-10.702500000000001,0.054317537725808163,0,0.054317537725808163
-10.674999999999997,0.054224287669330296,0,0.054224287669330296
-10.647500000000001,0.054130382132112298,0,0.054130382132112298
-10.619999999999997,0.054035818650765122,0,0.054035818650765122
-10.592500000000001,0.053940594778410178,0,0.053940594778410178
-10.564999999999998,0.053844708085430626,0,0.053844708085430626
-10.537500000000001,0.053748156160243976,0,0.053748156160243976
-10.509999999999998,0.053650936610093014,0,0.053650936610093014
-10.482500000000002,0.053553047061857817,0,0.053553047061857817
-10.454999999999998,0.05345448516288176,0,0.05345448516288176
-10.427500000000002,0.053355248581826387,0,0.053355248581826387
-10.399999999999999,0.053255335009538718,0,0.053255335009538718
-10.372500000000002,0.053154742159947088,0,0.053154742159947088
-10.344999999999999,0.053053467770969864,0,0.053053467770969864
-10.317500000000003,0.052951509605456026,0,0.052951509605456026
-10.289999999999999,0.052848865452140625,0,0.052848865452140625
-10.262500000000003,0.052745533126627997,0,0.052745533126627997
-10.234999999999999,0.052641510472395292,0,0.052641510472395292
-10.207500000000003,0.052536795361824762,0,0.052536795361824762
-10.18,0.052431385697254584,0,0.052431385697254584
-10.152500000000003,0.052325279412060111,0,0.052325279412060111
-10.125,0.052218474471759757,0,0.052218474471759757
-10.097499999999997,0.052110968875144326,0,0.052110968875144326
-10.07,0.05200276065543874,0,0.05200276065543874
-10.042499999999997,0.051893847881486432,0,0.051893847881486432
-10.015000000000001,0.051784228658966258,0,0.051784228658966258
-9.9874999999999972,0.051673901131633504,0,0.051673901131633504
-9.9600000000000009,0.051562863482595866,0,0.051562863482595866
-9.9324999999999974,0.051451113935616299,0,0.051451113935616299
-9.9050000000000011,0.051338650756446946,0,0.051338650756446946
-9.8774999999999977,0.051225472254196047,0,0.051225472254196047
-9.8500000000000014,0.051111576782727819,0,0.051111576782727819
-9.822499999999998,0.050996962742091645,0,0.050996962742091645
-9.7950000000000017,0.050881628579991456,0,0.050881628579991456
-9.7674999999999983,0.05076557279328342,0,0.05076557279328342
-9.740000000000002,0.050648793929513158,0,0.050648793929513158
-9.7124999999999986,0.050531290588487376,0,0.050531290588487376
-9.6850000000000023,0.050413061423885019,0,0.050413061423885019
-9.6574999999999989,0.050294105144901735,0,0.050294105144901735
-9.6300000000000026,0.050174420517939855,0,0.050174420517939855
-9.6024999999999991,0.050054006368329906,0,0.050054006368329906
-9.5750000000000028,0.049932861582101196,0,0.049932861582101196
-9.5474999999999994,0.04981098510778792,0,0.04981098510778792
-9.5200000000000031,0.049688375958280351,0,0.049688375958280351
-9.4924999999999997,0.04956503321271899,0,0.04956503321271899
-9.4650000000000034,0.049440956018433457,0,0.049440956018433457
-9.4375,0.049316143592926798,0,0.049316143592926798
-9.4099999999999966,0.049190595225906963,0,0.049190595225906963
-9.3825000000000003,0.049064310281363932,0,0.049064310281363932
-9.3549999999999969,0.048937288199697893,0,0.048937288199697893
-9.3275000000000006,0.048809528499896393,0,0.048809528499896393
-9.2999999999999972,0.048681030781763335,0,0.048681030781763335
-9.2725000000000009,0.048551794728198594,0,0.048551794728198594
-9.2449999999999974,0.048421820107530933,0,0.048421820107530933
-9.2175000000000011,0.048291106775909198,0,0.048291106775909198
-9.1899999999999977,0.048159654679745145,0,0.048159654679745145
-9.1625000000000014,0.048027463858215325,0,0.048027463858215325
-9.134999999999998,0.047894534445821257,0,0.047894534445821257
-9.1075000000000017,0.047760866675011115,0,0.047760866675011115
-9.0799999999999983,0.0476264608788598,0,0.0476264608788598
-9.052500000000002,0.047491317493813079,0,0.047491317493813079
-9.0249999999999986,0.047355437062498895,0,0.047355437062498895
-8.9975000000000023,0.047218820236598624,0,0.047218820236598624
-8.9699999999999989,0.047081467779788277,0,0.047081467779788277
-8.9425000000000026,0.04694338057075309,0,0.04694338057075309
-8.9149999999999991,0.046804559606263729,0,0.046804559606263729
-8.8875000000000028,0.046665006004330545,0,0.046665006004330545
-8.8599999999999994,0.046524721007432324,0,0.046524721007432324
-8.8325000000000031,0.046383705985814871,0,0.046383705985814871
-8.8049999999999997,0.046241962440873308,0,0.046241962440873308
-8.7775000000000034,0.046099492008608189,0,0.046099492008608189
-8.75,0.045956296463167345,0,0.045956296463167345
-8.7224999999999966,0.045812377720465314,0,0.045812377720465314
-8.6950000000000003,0.045667737841892264,0,0.045667737841892264
-8.6674999999999969,0.045522379038107297,0,0.045522379038107297
-8.6400000000000006,0.045376303672921003,0,0.045376303672921003
-8.6124999999999972,0.045229514267268955,0,0.045229514267268955
-8.5850000000000009,0.045082013503277896,0,0.045082013503277896
-8.5574999999999974,0.04493380422842741,0,0.04493380422842741
-8.5300000000000011,0.04478488945981185,0,0.04478488945981185
-8.5024999999999977,0.044635272388495184,0,0.044635272388495184
-8.4750000000000014,0.044484956383976204,0,0.044484956383976204
-8.447499999999998,0.044333944998753094,0,0.044333944998753094
-8.4200000000000017,0.044182241972996139,0,0.044182241972996139
-8.3924999999999983,0.044029851239332229,0,0.044029851239332229
-8.365000000000002,0.043876776927737393,0,0.043876776927737393
-8.3374999999999986,0.043723023370550562,0,0.043723023370550562
-8.3100000000000023,0.043568595107597696,0,0.043568595107597696
-8.2824999999999989,0.04341349689144236,0,0.04341349689144236
-8.2550000000000026,0.043257733692757205,0,0.043257733692757205
-8.2274999999999991,0.043101310705821461,0,0.043101310705821461
-8.2000000000000028,0.04294423335414832,0,0.04294423335414832
-8.1724999999999994,0.042786507296245668,0,0.042786507296245668
-8.1450000000000031,0.042628138431510032,0,0.042628138431510032
-8.1174999999999997,0.042469132906264528,0,0.042469132906264528
-8.0900000000000034,0.042309497119931261,0,0.042309497119931261
-8.0625,0.042149237731356592,0,0.042149237731356592
-8.0349999999999966,0.041988361665283302,0,0.041988361665283302
-8.0075000000000003,0.041826876118971845,0,0.041826876118971845
-7.9799999999999969,0.041664788568984812,0,0.041664788568984812
-7.9525000000000006,0.041502106778126935,0,0.041502106778126935
-7.9249999999999972,0.041338838802549627,0,0.041338838802549627
-7.8975000000000009,0.041174992999025051,0,0.041174992999025051
-7.8699999999999974,0.041010578032393941,0,0.041010578032393941
-7.8425000000000011,0.040845602883184395,0,0.040845602883184395
-7.8149999999999977,0.04068007685541708,0,0.04068007685541708
-7.7875000000000014,0.040514009584593169,0,0.040514009584593169
-7.759999999999998,0.040347411045870141,0,0.040347411045870141
-7.7325000000000017,0.040180291562437298,0,0.040180291562437298
-7.7049999999999983,0.040012661814081918,0,0.040012661814081918
-7.677500000000002,0.039844532845969227,0,0.039844532845969227
-7.6499999999999986,0.039675916077620998,0,0.039675916077620998
-7.6225000000000023,0.039506823312117856,0,0.039506823312117856
-7.5949999999999989,0.03933726674551119,0,0.03933726674551119
-7.5675000000000026,0.039167258976469332,0,0.039167258976469332
-7.5399999999999991,0.03899681301614577,0,0.03899681301614577
-7.5125000000000028,0.038825942298289173,0,0.038825942298289173
-7.4849999999999994,0.038654660689590448,0,0.038654660689590448
-7.4575000000000031,0.038482982500280372,0,0.038482982500280372
-7.4299999999999997,0.038310922494979582,0,0.038310922494979582
-7.4025000000000034,0.038138495903809466,0,0.038138495903809466
-7.375,0.037965718433769391,0,0.037965718433769391
-7.3474999999999966,0.037792606280385943,0,0.037792606280385943
-7.3200000000000003,0.037619176139641941,0,0.037619176139641941
-7.2924999999999969,0.03744544522019555,0,0.03744544522019555
-7.2650000000000006,0.037271431255888943,0,0.037271431255888943
-7.2374999999999972,0.037097152518560605,0,0.037097152518560605
-7.2100000000000009,0.03692262783116651,0,0.03692262783116651
-7.1824999999999974,0.03674787658121681,0,0.03674787658121681
-7.1550000000000011,0.036572918734538162,0,0.036572918734538162
-7.1274999999999977,0.036397774849366682,0,0.036397774849366682
-7.1000000000000014,0.036222466090785832,0,0.036222466090785832
-7.072499999999998,0.036047014245508602,0,0.036047014245508602
-7.0450000000000017,0.035871441737021947,0,0.035871441737021947
-7.0174999999999983,0.035695771641096496,0,0.035695771641096496
-6.990000000000002,0.035520027701674395,0,0.035520027701674395
-6.9624999999999986,0.035344234347141512,0,0.035344234347141512
-6.9350000000000023,0.035168416706997108,0,0.035168416706997108
-6.9074999999999989,0.034992600628928394,0,0.034992600628928394
-6.8800000000000026,0.034816812696301658,0,0.034816812696301658
-6.8524999999999991,0.03464108024607937,0,0.03464108024607937
-6.8250000000000028,0.034465431387176948,0,0.034465431387176948
-6.7974999999999994,0.034289895019265715,0,0.034289895019265715
-6.7700000000000031,0.034114500852038376,0,0.034114500852038376
-6.7424999999999997,0.033939279424942903,0,0.033939279424942903
-6.7150000000000034,0.033764262127404576,0,0.033764262127404576
-6.6875,0.03358948121954286,0,0.03358948121954286
-6.6599999999999966,0.033414969853395426,0,0.033414969853395426
-6.6325000000000003,0.033240762094666088,0,0.033240762094666088
-6.6049999999999969,0.033066892945008974,0,0.033066892945008974
-6.5775000000000006,0.032893398364859161,0,0.032893398364859161
-6.5499999999999972,0.032720315296831837,0,0.032720315296831837
-6.5225000000000009,0.032547681689691799,0,0.032547681689691799
-6.4949999999999974,0.032375536522923021,0,0.032375536522923021
-6.4675000000000011,0.032203919831903738,0,0.032203919831903738
-6.4399999999999977,0.03203287273370381,0,0.03203287273370381
-6.4125000000000014,0.031862437453525017,0,0.031862437453525017
-6.384999999999998,0.031692657351795384,0,0.031692657351795384
-6.3575000000000017,0.031523576951941745,0,0.031523576951941745
-6.3299999999999983,0.031355241968846981,0,0.031355241968846981
-6.302500000000002,0.031187699338022679,0,0.031187699338022679
-6.2749999999999986,0.031020997245506887,0,0.031020997245506887
-6.2475000000000023,0.030855185158509268,0,0.030855185158509268
-6.2199999999999989,0.03069031385682286,0,0.03069031385682286
-6.1925000000000026,0.03052643546502154,0,0.03052643546502154
-6.1649999999999991,0.030363603485465629,0,0.030363603485465629
-6.1375000000000028,0.030201872832135157,0,0.030201872832135157
-6.1099999999999994,0.030041299865315341,0,0.030041299865315341
-6.0825000000000031,0.029881942427150032,0,0.029881942427150032
-6.0549999999999997,0.029723859878096781,0,0.029723859878096781
-6.0275000000000034,0.02956711313429472,0,0.02956711313429472
-6,0.029411764705882137,0,0.029411764705882137
-5.9724999999999966,0.02925787873627872,0,0.02925787873627872
-5.9450000000000003,0.029105521042461224,0,0.029105521042461224
-5.9174999999999969,0.02895475915626422,0,0.02895475915626422
-5.8900000000000006,0.028805662366724105,0,0.028805662366724105
-5.8624999999999972,0.028658301763501037,0,0.028658301763501037
-5.8350000000000009,0.028512750281404542,0,0.028512750281404542
-5.8074999999999974,0.028369082746052987,0,0.028369082746052987
-5.7800000000000011,0.028227375920697573,0,0.028227375920697573
-5.7524999999999977,0.028087708554241142,0,0.028087708554241142
-5.7250000000000014,0.027950161430484122,0,0.027950161430484122
-5.697499999999998,0.027814817418632232,0,0.027814817418632232
-5.6700000000000017,0.027681761525096604,0,0.027681761525096604
-5.6424999999999983,0.027551080946621398,0,0.027551080946621398
-5.615000000000002,0.027422865124782536,0,0.027422865124782536
-5.5874999999999986,0.027297205801881108,0,0.027297205801881108
-5.5600000000000023,0.027174197078279505,0,0.027174197078279505
-5.5324999999999989,0.027053935471215595,0,0.027053935471215595
-5.5050000000000026,0.026936519975136686,0,0.026936519975136686
-5.4774999999999991,0.026822052123590123,0,0.026822052123590123
-5.4500000000000028,0.026710636052720282,0,0.026710636052720282
-5.4224999999999994,0.026602378566406126,0,0.026602378566406126
-5.3950000000000031,0.026497389203095079,0,0.026497389203095079
-5.3674999999999997,0.026395780304367733,0,0.026395780304367733
-5.3400000000000034,0.026297667085292575,0,0.026297667085292575
-5.3125,0.026203167706608133,0,0.026203167706608133
-5.2849999999999966,0.026112403348791502,0,0.026112403348791502
-5.2575000000000003,0.026025498288062443,0,0.026025498288062443
-5.2299999999999969,0.025942579974370883,0,0.025942579974370883
-5.2025000000000006,0.025863779111431562,0,0.025863779111431562
-5.1749999999999972,0.025789229738855113,0,0.025789229738855113
-5.1475000000000009,0.025719069316437859,0,0.025719069316437859
-5.1199999999999974,0.025653438810663731,0,0.025653438810663731
-5.0925000000000011,0.025592482783487913,0,0.025592482783487913
-5.0649999999999977,0.025536349483459286,0,0.025536349483459286
-5.0375000000000014,0.025485190939246838,0,0.025485190939246838
-5.009999999999998,0.025439163055639868,0,0.025439163055639868
-4.9825000000000017,0.025398425712089501,0,0.025398425712089501
-4.9549999999999983,0.02536314286385899,0,0.02536314286385899
-4.927500000000002,0.025333482645859329,0,0.025333482645859329
-4.8999999999999986,0.025309617479246316,0,0.025309617479246316
-4.8725000000000023,0.025291724180849018,0,0.025291724180849018
-4.8449999999999989,0.025279984075517792,0,0.025279984075517792
-4.8175000000000026,0.025274583111466353,0,0.025274583111466353
-4.7899999999999991,0.025275711978696935,0,0.025275711978696935
-4.7625000000000028,0.025283566230590138,0,0.025283566230590138
-4.7349999999999994,0.025298346408753725,0,0.025298346408753725
-4.7075000000000031,0.025320258171219523,0,0.025320258171219523
-4.6799999999999997,0.025349512424078791,0,0.025349512424078791
-4.6525000000000034,0.025386325456661751,0,0.025386325456661751
-4.625,0.025430919080354109,0,0.025430919080354109
-4.5974999999999966,0.025483520771153789,0,0.025483520771153789
-4.5700000000000003,0.025544363816080495,0,0.025544363816080495
-4.5424999999999969,0.025613687463537316,0,0.025613687463537316
-4.5150000000000006,0.025691737077744969,0,0.025691737077744969
-4.4874999999999972,0.025778764297359036,0,0.025778764297359036
-4.4600000000000009,0.02587502719839152,0,0.02587502719839152
-4.4324999999999974,0.025980790461560099,0,0.025980790461560099
-4.4050000000000011,0.026096325544187504,0,0.026096325544187504
-4.3774999999999977,0.026221910856783492,0,0.026221910856783492
-4.3500000000000014,0.026357831944445409,0,0.026357831944445409
-4.322499999999998,0.026504381673209232,0,0.026504381673209232
-4.2950000000000017,0.02666186042149743,0,0.02666186042149743
-4.2674999999999983,0.026830576276808404,0,0.026830576276808404
-4.240000000000002,0.027010845237797509,0,0.027010845237797509
-4.2124999999999986,0.027202991421904854,0,0.027202991421904854
-4.1850000000000023,0.027407347278686767,0,0.027407347278686767
-4.1574999999999989,0.02762425380902267,0,0.02762425380902267
-4.1300000000000026,0.02785406079035313,0,0.02785406079035313
-4.1024999999999991,0.02809712700814071,0,0.02809712700814071
-4.0750000000000028,0.0283538204937126,0,0.0283538204937126
-4.0474999999999994,0.028624518768691209,0,0.028624518768691209
-4.0200000000000031,0.028909609096181232,0,0.028909609096181232
-3.9924999999999997,0.029209488738929035,0,0.029209488738929035
-3.9650000000000034,0.02952456522464042,0,0.02952456522464042
-3.9375,0.02985525661867372,0,0.02985525661867372
-3.9099999999999966,0.030201991804317263,0,0.030201991804317263
-3.8825000000000003,0.030565210770874596,0,0.030565210770874596
-3.8549999999999969,0.030945364909782946,0,0.030945364909782946
-3.8275000000000006,0.031342917318996522,0,0.031342917318996522
-3.7999999999999972,0.031758343115881438,0,0.031758343115881438
-3.7725000000000009,0.032192129758859989,0,0.032192129758859989
-3.7449999999999974,0.032644777378073031,0,0.032644777378073031
-3.7175000000000011,0.033116799115308182,0,0.033116799115308182
-3.6899999999999977,0.03360872147347882,0,0.03360872147347882
-3.6625000000000014,0.034121084675919899,0,0.034121084675919899
-3.634999999999998,0.034654443035799676,0,0.034654443035799676
-3.6075000000000017,0.035209365335932996,0,0.035209365335932996
-3.5799999999999983,0.035786435219308799,0,0.035786435219308799
-3.552500000000002,0.036386251590636798,0,0.036386251590636798
-3.5249999999999986,0.037009429029246976,0,0.037009429029246976
-3.4975000000000023,0.037656598213665071,0,0.037656598213665071
-3.4699999999999989,0.03832840635821344,0,0.03832840635821344
-3.4425000000000026,0.039025517661984588,0,0.039025517661984588
-3.4149999999999991,0.039748613770556274,0,0.039748613770556274
-3.3875000000000028,0.040498394250816916,0,0.040498394250816916
-3.3599999999999994,0.041275577079294412,0,0.041275577079294412
-3.3325000000000031,0.042080899144374628,0,0.042080899144374628
-3.3049999999999997,0.04291511676282711,0,0.04291511676282711
-3.2775000000000034,0.043779006211055793,0,0.043779006211055793
-3.25,0.044673364271508031,0,0.044673364271508031
-3.2224999999999966,0.045599008794686813,0,0.045599008794686813
-3.1950000000000003,0.046556779277228344,0,0.046556779277228344
-3.1674999999999969,0.04754753745651652,0,0.04754753745651652
-3.1400000000000006,0.048572167922320997,0,0.048572167922320997
-3.1124999999999972,0.049631578745962135,0,0.049631578745962135
-3.0850000000000009,0.050726702127514955,0,0.050726702127514955
-3.0574999999999974,0.051858495061593124,0,0.051858495061593124
-3.0300000000000011,0.053027940022243425,0,0.053027940022243425
-3.0024999999999977,0.05423604566753526,0,0.05423604566753526
-2.9750000000000014,0.055483847564405386,0,0.055483847564405386
-2.947499999999998,0.056772408934369967,0,0.056772408934369967
-2.9200000000000017,0.05810282142070522,0,0.05810282142070522
-2.8924999999999983,0.059476205877742383,0,0.059476205877742383
-2.865000000000002,0.060893713182913145,0,0.060893713182913145
-2.8374999999999986,0.062356525072230995,0,0.062356525072230995
-2.8100000000000023,0.06386585499988362,0,0.06386585499988362
-2.7824999999999989,0.065422949022653887,0,0.065422949022653887
-2.7550000000000026,0.067029086709895713,0,0.067029086709895713
-2.7274999999999991,0.068685582079819674,0,0.068685582079819674
-2.7000000000000028,0.07039378456285339,0,0.07039378456285339
-2.6724999999999994,0.072155079992879179,0,0.072155079992879179
-2.6450000000000031,0.073970891627161639,0,0.073970891627161639
-2.6174999999999997,0.075842681195808836,0,0.075842681195808836
-2.5900000000000034,0.077771949981626287,0,0.077771949981626287
-2.5625,0.079760239931264687,0,0.079760239931264687
-2.5349999999999966,0.081809134798561334,0,0.081809134798561334
-2.5075000000000003,0.083920261321026701,0,0.083920261321026701
-2.4799999999999969,0.086095290430441618,0,0.086095290430441618
-2.4525000000000006,0.088335938498551925,0,0.088335938498551925
-2.4249999999999972,0.090643968618893456,0,0.090643968618893456
-2.3975000000000009,0.093021191925787838,0,0.093021191925787838
-2.3699999999999974,0.095469468951599024,0,0.095469468951599024
-2.3425000000000011,0.097990711023347221,0,0.097990711023347221
-2.3149999999999977,0.10058688169983687,0,0.10058688169983687
-2.2875000000000014,0.10325999825045173,0,0.10325999825045173
-2.259999999999998,0.10601213317684,0,0.10601213317684
-2.2325000000000017,0.10884541577870699,0,0.10884541577870699
-2.2049999999999983,0.11176203376500515,0,0.11176203376500515
-2.177500000000002,0.11476423491180177,0,0.11476423491180177
-2.1499999999999986,0.11785432876819291,0,0.11785432876819291
-2.1225000000000023,0.12103468841160647,0,0.12103468841160647
-2.0949999999999989,0.12430775225393831,0,0.12430775225393831
-2.0675000000000026,0.12767602589993987,0,0.12767602589993987
-2.0399999999999991,0.13114208405937344,0,0.13114208405937344
-2.0125000000000028,0.13470857251443336,0,0.13470857251443336
-1.9849999999999994,0.13837821014402674,0,0.13837821014402674
-1.9575000000000031,0.14215379100649206,0,0.14215379100649206
-1.9299999999999997,0.14603818648243305,0,0.14603818648243305
-1.9025000000000034,0.15003434747932531,0,0.15003434747932531
-1.875,0.15414530669966398,0,0.15414530669966398
-1.8474999999999966,0.15837418097439571,0,0.15837418097439571
-1.8200000000000003,0.16272417366347813,0,0.16272417366347813
-1.7924999999999969,0.16719857712543373,0,0.16719857712543373
-1.7650000000000006,0.17180077525778825,0,0.17180077525778825
-1.7374999999999972,0.17653424611039037,0,0.17653424611039037
-1.7100000000000009,0.18140256457358073,0,0.18140256457358073
-1.6824999999999974,0.18640940514330717,0,0.18640940514330717
-1.6550000000000011,0.19155854476525291,0,0.19155854476525291
-1.6274999999999977,0.19685386576017772,0,0.19685386576017772
-1.6000000000000014,0.20229935883263273,0,0.20229935883263273
-1.572499999999998,0.2078991261653601,0,0.2078991261653601
-1.5450000000000017,0.21365738460164097,0,0.21365738460164097
-1.5174999999999983,0.21957846891801058,0,0.21957846891801058
-1.490000000000002,0.22566683518971187,0,0.22566683518971187
-1.4624999999999986,0.23192706425141529,0,0.23192706425141529
-1.4350000000000023,0.23836386525569409,0,0.23836386525569409
-1.4074999999999989,0.2449820793318942,0,0.2449820793318942
-1.3800000000000026,0.25178668334800125,0,0.25178668334800125
-1.3524999999999991,0.25878279377827007,0,0.25878279377827007
-1.3250000000000028,0.26597567067933192,0,0.26597567067933192
-1.2974999999999994,0.27337072177767352,0,0.27337072177767352
-1.2700000000000031,0.28097350667132404,0,0.28097350667132404
-1.2424999999999997,0.28878974114877309,0,0.28878974114877309
-1.2150000000000034,0.29682530162808929,0,0.29682530162808929
-1.1875,0.30508622971939114,0,0.30508622971939114
-1.1599999999999966,0.31357873691377536,0,0.31357873691377536
-1.1325000000000003,0.32230920940198671,0,0.32230920940198671
-1.1049999999999969,0.33128421302611666,0,0.33128421302611666
-1.0775000000000006,0.34051049836768277,0,0.34051049836768277
-1.0499999999999972,0.3499950059756094,0,0.3499950059756094
-1.0225000000000009,0.3597448717375642,0,0.3597448717375642
-0.99499999999999744,0.36976743239834753,0,0.36976743239834753
-0.96750000000000114,0.38007023122895434,0,0.38007023122895434
-0.93999999999999773,0.39066102385017465,0,0.39066102385017465
-0.91250000000000142,0.40154778421452508,0,0.40154778421452508
-0.88499999999999801,0.41273871075057245,0,0.41273871075057245
-0.85750000000000171,0.4242422326736226,0,0.4242422326736226
-0.82999999999999829,0.43606701646704593,0,0.43606701646704593
-0.80250000000000199,0.44822197253842222,0,0.44822197253842222
-0.77499999999999858,0.46071626205499461,0,0.46071626205499461
-0.74750000000000227,0.47355930396285539,0,0.47355930396285539
-0.71999999999999886,0.4867607821946035,0,0.4867607821946035
-0.69250000000000256,0.50033065307015367,0,0.50033065307015367
-0.66499999999999915,0.51427915289572701,0,0.51427915289572701
-0.63750000000000284,0.52861680576599634,0,0.52861680576599634
-0.60999999999999943,0.54335443157474494,0,0.54335443157474494
-0.58250000000000313,0.5585031542393506,0,0.5585031542393506
-0.55499999999999972,0.57407441014483207,0,0.57407441014483207
-0.52750000000000341,0.5900799568131645,0,0.5900799568131645
-0.5,0.60653188180404349,0,0.60653188180404349
-0.47249999999999659,0.62344261185326766,0,0.62344261185326766
-0.44500000000000028,0.64082492225540855,0,0.64082492225540855
-0.41749999999999687,0.658691946497581,0,0.658691946497581
-0.39000000000000057,0.67705718615143107,0,0.67705718615143107
-0.36249999999999716,0.69593452103097131,0,0.69593452103097131
-0.33500000000000085,0.71533821962400257,0,0.71533821962400257
-0.30749999999999744,0.73528294980557507,0,0.73528294980557507
-0.28000000000000114,0.75578378984207695,0,0.75578378984207695
-0.25249999999999773,0.77685623969535145,0,0.77685623969535145
-0.22500000000000142,0.79851623263645466,0,0.79851623263645466
-0.19749999999999801,0.82078014717959547,0,0.82078014717959547
-0.17000000000000171,0.84366481934710025,0,0.84366481934710025
-0.14249999999999829,0.86718755527731461,0,0.86718755527731461
-0.11500000000000199,0.89136614418776727,0,0.89136614418776727
-0.087499999999998579,0.91621887170715866,0,0.91621887170715866
-0.060000000000002274,0.94176453359028778,0,0.94176453359028778
-0.032499999999998863,0.96802244983146468,0,0.96802244983146468
-0.005000000000002558,0.99501247919267977,0,0.99501247919267977
0.022500000000000853,1.0227550341644653,0,1.0227550341644653
0.049999999999997158,1.0512710963783223,0,1.0512710963783223
0.077500000000000568,1.0805822324915233,0,1.0805822324915233
0.10499999999999687,1.1107106105662918,0,1.1107106105662918
0.13250000000000028,1.1416790169676316,0,1.1416790169676316
0.15999999999999659,1.1735108738055695,0,1.1735108738055695
0.1875,1.2062302569502372,0,1.2062302569502372
0.21500000000000341,1.2398619146500942,0,1.2398619146500942
0.24249999999999972,1.2744312867866359,0,1.2744312867866359
0.27000000000000313,1.3099645248015039,0,1.3099645248015039
0.29749999999999943,1.3464885123350077,0,1.3464885123350077
0.32500000000000284,1.3840308866187971,0,1.3840308866187971
0.35249999999999915,1.422620060668639,0,1.422620060668639
0.38000000000000256,1.462285246327913,0,1.462285246327913
0.40749999999999886,1.5030564782162881,0,1.5030564782162881
0.43500000000000227,1.5449646386435349,0,1.5449646386435349
0.46249999999999858,1.5880414835530989,0,1.5880414835530989
0.49000000000000199,1.6323196695665401,0,1.6323196695665401
0.51749999999999829,1.6778327822055954,0,1.6778327822055954
0.54500000000000171,1.7246153653762546,0,1.7246153653762546
0.57249999999999801,1.7727029522060653,0,1.7727029522060653
0.60000000000000142,1.8221320973348809,0,1.8221320973348809
0.62749999999999773,1.8729404107674892,0,1.8729404107674892
0.65500000000000114,1.9251665934071642,0,1.9251665934071642
0.68249999999999744,1.9788504743990787,0,1.9788504743990787
0.71000000000000085,2.0340330504250139,0,2.0340330504250139
0.73749999999999716,2.0907565271026991,0,2.0907565271026991
0.76500000000000057,2.1490643626578541,0,2.1490643626578541
0.79249999999999687,2.2090013140512736,0,2.2090013140512736
0.82000000000000028,2.2706134857607374,0,2.2706134857607374
0.84749999999999659,2.3339483814345803,0,2.3339483814345803
0.875,2.3990549586544407,0,2.3990549586544407
0.90250000000000341,2.4659836870651399,0,2.4659836870651399
0.92999999999999972,2.5347866101539935,0,2.5347866101539935
0.95750000000000313,2.6055174109868875,0,2.6055174109868875
0.98499999999999943,2.6782314822363507,0,2.6782314822363507
1.0125000000000028,2.7529860008680651,0,2.7529860008680651
1.0399999999999991,2.8298400078846191,0,2.8298400078846191
1.0675000000000026,2.9088544935630432,0,2.9088544935630432
1.0949999999999989,2.9900924886614346,0,2.9900924886614346
1.1225000000000023,3.0736191621150741,0,3.0736191621150741
1.1499999999999986,3.1595019257891805,0,3.1595019257891805
1.177500000000002,3.2478105469095064,0,3.2478105469095064
1.2049999999999983,3.3386172688484561,0,3.3386172688484561
1.2325000000000017,3.431996941009491,0,3.431996941009491
1.259999999999998,3.5280271586210636,0,3.5280271586210636
1.2875000000000014,3.6267884133299475,0,3.6267884133299475
1.3149999999999977,3.7283642555672363,0,3.7283642555672363
1.3425000000000011,3.8328414697557194,0,3.8328414697557194
1.3699999999999974,3.9403102635293155,0,3.9403102635293155
1.3975000000000009,4.0508644722517255,0,4.0508644722517255
1.4249999999999972,4.1646017802467634,0,4.1646017802467634
1.4525000000000006,4.2816239602956978,0,4.2816239602956978
1.4799999999999969,4.4020371331118158,0,4.4020371331118158
1.5075000000000003,4.52595204867864,0,4.52595204867864
1.5349999999999966,4.6534843915307516,0,4.6534843915307516
1.5625,4.7847551122750325,0,4.7847551122750325
1.5900000000000034,4.9198907878907665,0,4.9198907878907665
1.6174999999999997,5.0590240136205038,0,5.0590240136205038
1.6450000000000031,5.2022938295672478,0,5.2022938295672478
1.6724999999999994,5.349846185455938,0,5.349846185455938
1.7000000000000028,5.5018344474041463,0,5.5018344474041463
1.7274999999999991,5.6584199509796553,0,5.6584199509796553
1.7550000000000026,5.8197726053163992,0,5.8197726053163992
1.7824999999999989,5.9860715536141136,0,5.9860715536141136
1.8100000000000023,6.1575058959805826,0,6.1575058959805826
1.8374999999999986,6.3342754812898674,0,6.3342754812898674
1.865000000000002,6.5165917755495064,0,6.5165917755495064
1.8924999999999983,6.7046788151986902,0,6.7046788151986902
1.9200000000000017,6.8987742548283633,0,6.8987742548283633
1.947499999999998,7.0991305200325456,0,7.0991305200325456
1.9750000000000014,7.3060160775063583,0,7.3060160775063583
2.0024999999999977,7.5197168361180102,0,7.5197168361180102
2.0300000000000011,7.7405376945487587,0,7.7405376945487587
2.0574999999999974,7.9688042532468222,0,7.9688042532468222
2.0850000000000009,8.2048647109433261,0,8.2048647109433261
2.1124999999999972,8.4490919688793369,0,8.4490919688793369
2.1400000000000006,8.7018859692811503,0,8.7018859692811503
2.1674999999999969,8.9636762985719862,0,8.9636762985719862
2.1950000000000003,9.2349250904456444,0,9.2349250904456444
2.2224999999999966,9.5161302693682455,0,9.5161302693682455
2.25,9.8078291814946645,0,9.8078291814946645
2.2775000000000034,10.110602667566564,0,10.110602667566564
2.3049999999999997,10.425079641357176,0,10.425079641357176
2.3325000000000031,10.751942247926314,0,10.751942247926314
2.3599999999999994,11.091931688723733,0,11.091931688723733
2.3875000000000028,11.445854815887268,0,11.445854815887268
2.4149999999999991,11.81459161648192,0,11.81459161648192
2.4425000000000026,12.199103729649048,0,12.199103729649048
2.4699999999999989,12.60044416655667,0,12.60044416655667
2.4975000000000023,13.019768435822517,0,13.019768435822517
2.5249999999999986,13.458347317140692,0,13.458347317140692
2.552500000000002,13.917581575054427,0,13.917581575054427
2.5799999999999983,14.399018965529814,0,14.399018965529814
2.6075000000000017,14.904373963299998,0,14.904373963299998
2.634999999999998,15.435550731838307,0,15.435550731838307
2.6625000000000014,15.994669975551384,0,15.994669975551384
2.6899999999999977,16.584100462244464,0,16.584100462244464
2.7175000000000011,17.206496192317115,0,17.206496192317115
2.7449999999999974,17.864840431764346,0,17.864840431764346
2.7725000000000009,18.562498135518663,0,18.562498135518663
2.7999999999999972,19.303278688524529,0,19.303278688524529
2.8275000000000006,20.091511415252604,0,20.091511415252604
2.8549999999999969,20.932136997104251,0,20.932136997104251
2.8825000000000003,21.830818851608168,0,21.830818851608168
2.9099999999999966,22.794079752695968,0,22.794079752695968
2.9375,23.829470629812885,0,23.829470629812885
2.9650000000000034,24.945780752122129,0,24.945780752122129
2.9924999999999997,26.153301642616551,0,26.153301642616551
3.0200000000000031,27.464161462765048,0,27.464161462765048
3.0474999999999994,28.892752847105676,0,28.892752847105676
3.0750000000000028,30.456286149431048,0,30.456286149431048
3.1024999999999991,32.175513197147481,0,32.175513197147481
3.1300000000000026,34.075686186864075,0,34.075686186864075
3.1574999999999989,36.187845957167305,0,36.187845957167305
3.1850000000000023,38.550579657191022,0,38.550579657191022
3.2124999999999986,41.212460252877548,0,41.212460252877548
3.240000000000002,44.235497792051646,0,44.235497792051646
3.2674999999999983,47.700128341701706,0,47.700128341701706
3.2950000000000017,51.712603994612003,0,51.712603994612003
3.322499999999998,56.416249710832489,0,56.416249710832489
3.3500000000000014,62.009173086343182,0,62.009173086343182
3.3774999999999977,68.773198563688524,0,68.773198563688524
3.4050000000000011,77.123306099623051,0,77.123306099623051
3.4324999999999974,87.696797133477304,0,87.696797133477304
3.4600000000000009,101.52519141481373,0,101.52519141481373
3.4874999999999972,120.39478990083072,0,120.39478990083072
3.5150000000000006,147.69157221947631,0,147.69157221947631
3.5424999999999969,190.70840252731782,0,190.70840252731782
3.5700000000000003,268.56428161511508,0,268.56428161511508
3.5974999999999966,452.51980089717551,0,452.51980089717551
3.625,1424.5970149253965,0,1424.5970149253965
3.6525000000000034,-1248.6682320151722,0,1248.6682320151722
3.6799999999999997,-434.92928697701956,0,434.92928697701956
3.7075000000000031,-263.58812404503982,0,263.58812404503982
3.7349999999999994,-189.20781179773115,0,189.20781179773115
3.7625000000000028,-147.62286095476477,0,147.62286095476477
3.7899999999999991,-121.05276290845121,0,121.05276290845121
3.8175000000000026,-102.60309788480573,0,102.60309788480573
3.8449999999999989,-89.040222260851124,0,89.040222260851124
3.8725000000000023,-78.646273767573661,0,78.646273767573661
3.8999999999999986,-70.424178154825341,0,70.424178154825341
3.927500000000002,-63.755501601002038,0,63.755501601002038
3.9549999999999983,-58.23629949807566,0,58.23629949807566
3.9825000000000017,-53.591548478110788,0,53.591548478110788
4.009999999999998,-49.62751507717541,0,49.62751507717541
4.0375000000000014,-46.203788761402031,0,46.203788761402031
4.0649999999999977,-43.216117674093219,0,43.216117674093219
4.0925000000000011,-40.585473362213513,0,40.585473362213513
4.1199999999999974,-38.250857622926155,0,38.250857622926155
4.1475000000000009,-36.164438077166885,0,36.164438077166885
4.1749999999999972,-34.288177942277841,0,34.288177942277841
4.2025000000000006,-32.591450616969105,0,32.591450616969105
4.2299999999999969,-31.049318938020463,0,31.049318938020463
4.2575000000000003,-29.641272627638969,0,29.641272627638969
4.2849999999999966,-28.350287642362481,0,28.350287642362481
4.3125,-27.162115576521821,0,27.162115576521821
4.3400000000000034,-26.064740050441003,0,26.064740050441003
4.3674999999999997,-25.047956029573086,0,25.047956029573086
4.3950000000000031,-24.103040820919208,0,24.103040820919208
4.4224999999999994,-23.222494255782223,0,23.222494255782223
4.4500000000000028,-22.399831660250705,0,22.399831660250705
4.4774999999999991,-21.629417511394607,0,21.629417511394607
4.5050000000000026,-20.906330747415147,0,20.906330747415147
4.5324999999999989,-20.22625492092185,0,20.22625492092185
4.5600000000000023,-19.585388009343308,0,19.585388009343308
4.5874999999999986,-18.980367897872462,0,18.980367897872462
4.615000000000002,-18.40821044742794,0,18.40821044742794
4.6424999999999983,-17.866257736218053,0,17.866257736218053
4.6700000000000017,-17.352134577459644,0,17.352134577459644
4.697499999999998,-16.863711809743005,0,16.863711809743005
4.7250000000000014,-16.399075160775535,0,16.399075160775535
4.7524999999999977,-15.956498721939372,0,15.956498721939372
4.7800000000000011,-15.534422256495485,0,15.534422256495485
4.8074999999999974,-15.131431710447785,0,15.131431710447785
4.8350000000000009,-14.746242411028065,0,14.746242411028065
4.8624999999999972,-14.37768453029023,0,14.37768453029023
4.8900000000000006,-14.024690465529229,0,14.024690465529229
4.9174999999999969,-13.686283848122727,0,13.686283848122727
4.9450000000000003,-13.361569940927087,0,13.361569940927087
4.9724999999999966,-13.04972722390362,0,13.04972722390362
5,-12.749999999999996,0,12.749999999999996
