x,ReR,ImR,AbsR
-50,-0.034737620103473699,0,0.034737620103473699
-49.972499999999997,-0.034754017075429022,0,0.034754017075429022
-49.945,-0.034770429296017813,0,0.034770429296017813
-49.917499999999997,-0.034786856786097831,0,0.034786856786097831
-49.890000000000001,-0.034803299566561696,0,0.034803299566561696
-49.862499999999997,-0.034819757658340889,0,0.034819757658340889
-49.835000000000001,-0.03483623108240308,0,0.03483623108240308
-49.807499999999997,-0.034852719859753023,0,0.034852719859753023
-49.780000000000001,-0.034869224011433886,0,0.034869224011433886
-49.752499999999998,-0.034885743558524362,0,0.034885743558524362
-49.725000000000001,-0.034902278522143559,0,0.034902278522143559
-49.697499999999998,-0.034918828923445,0,0.034918828923445
-49.670000000000002,-0.034935394783622398,0,0.034935394783622398
-49.642499999999998,-0.034951976123905437,0,0.034951976123905437
-49.615000000000002,-0.034968572965563105,0,0.034968572965563105
-49.587499999999999,-0.034985185329900803,0,0.034985185329900803
-49.560000000000002,-0.035001813238263013,0,0.035001813238263013
-49.532499999999999,-0.035018456712032409,0,0.035018456712032409
-49.505000000000003,-0.035035115772628522,0,0.035035115772628522
-49.477499999999999,-0.035051790441510633,0,0.035051790441510633
-49.450000000000003,-0.035068480740175323,0,0.035068480740175323
-49.422499999999999,-0.035085186690158032,0,0.035085186690158032
-49.395000000000003,-0.035101908313032615,0,0.035101908313032615
-49.3675,-0.035118645630410894,0,0.035118645630410894
-49.340000000000003,-0.035135398663944883,0,0.035135398663944883
-49.3125,-0.035152167435323678,0,0.035152167435323678
-49.284999999999997,-0.035168951966276341,0,0.035168951966276341
-49.2575,-0.03518575227856946,0,0.03518575227856946
-49.229999999999997,-0.035202568394010259,0,0.035202568394010259
-49.202500000000001,-0.035219400334443707,0,0.035219400334443707
-49.174999999999997,-0.035236248121754743,0,0.035236248121754743
-49.147500000000001,-0.035253111777867607,0,0.035253111777867607
-49.119999999999997,-0.03526999132474451,0,0.03526999132474451
-49.092500000000001,-0.03528688678438896,0,0.03528688678438896
-49.064999999999998,-0.035303798178841994,0,0.035303798178841994
-49.037500000000001,-0.03532072553018728,0,0.03532072553018728
-49.009999999999998,-0.035337668860544014,0,0.035337668860544014
-48.982500000000002,-0.0353546281920738,0,0.0353546281920738
-48.954999999999998,-0.03537160354697777,0,0.03537160354697777
-48.927500000000002,-0.035388594947497021,0,0.035388594947497021
-48.899999999999999,-0.035405602415911952,0,0.035405602415911952
-48.872500000000002,-0.035422625974542932,0,0.035422625974542932
-48.844999999999999,-0.03543966564575185,0,0.03543966564575185
-48.817500000000003,-0.035456721451939677,0,0.035456721451939677
-48.789999999999999,-0.035473793415548238,0,0.035473793415548238
-48.762500000000003,-0.035490881559059106,0,0.035490881559059106
-48.734999999999999,-0.035507985904995154,0,0.035507985904995154
-48.707500000000003,-0.035525106475919666,0,0.035525106475919666
-48.68,-0.035542243294436338,0,0.035542243294436338
-48.652500000000003,-0.035559396383189945,0,0.035559396383189945
-48.625,-0.035576565764865453,0,0.035576565764865453
-48.597499999999997,-0.035593751462190681,0,0.035593751462190681
-48.57,-0.035610953497931863,0,0.035610953497931863
-48.542499999999997,-0.035628171894898752,0,0.035628171894898752
-48.515000000000001,-0.035645406675940405,0,0.035645406675940405
-48.487499999999997,-0.035662657863948954,0,0.035662657863948954
-48.460000000000001,-0.035679925481855612,0,0.035679925481855612
-48.432499999999997,-0.035697209552635556,0,0.035697209552635556
-48.405000000000001,-0.035714510099303931,0,0.035714510099303931
-48.377499999999998,-0.035731827144919182,0,0.035731827144919182
-48.350000000000001,-0.035749160712579053,0,0.035749160712579053
-48.322499999999998,-0.035766510825425035,0,0.035766510825425035
-48.295000000000002,-0.035783877506640582,0,0.035783877506640582
-48.267499999999998,-0.035801260779449784,0,0.035801260779449784
-48.240000000000002,-0.035818660667120028,0,0.035818660667120028
-48.212499999999999,-0.035836077192961557,0,0.035836077192961557
-48.185000000000002,-0.035853510380324138,0,0.035853510380324138
-48.157499999999999,-0.035870960252603501,0,0.035870960252603501
-48.130000000000003,-0.035888426833234899,0,0.035888426833234899
-48.102499999999999,-0.035905910145698661,0,0.035905910145698661
-48.075000000000003,-0.035923410213515528,0,0.035923410213515528
-48.047499999999999,-0.035940927060250649,0,0.035940927060250649
-48.020000000000003,-0.035958460709511142,0,0.035958460709511142
-47.9925,-0.035976011184947421,0,0.035976011184947421
-47.965000000000003,-0.035993578510252755,0,0.035993578510252755
-47.9375,-0.036011162709163713,0,0.036011162709163713
-47.909999999999997,-0.036028763805460384,0,0.036028763805460384
-47.8825,-0.036046381822966156,0,0.036046381822966156
-47.854999999999997,-0.036064016785546382,0,0.036064016785546382
-47.827500000000001,-0.036081668717112603,0,0.036081668717112603
-47.799999999999997,-0.036099337641617435,0,0.036099337641617435
-47.772500000000001,-0.036117023583059016,0,0.036117023583059016
-47.744999999999997,-0.036134726565477449,0,0.036134726565477449
-47.717500000000001,-0.036152446612959022,0,0.036152446612959022
-47.689999999999998,-0.036170183749632434,0,0.036170183749632434
-47.662500000000001,-0.036187937999670572,0,0.036187937999670572
-47.634999999999998,-0.036205709387291396,0,0.036205709387291396
-47.607500000000002,-0.036223497936755944,0,0.036223497936755944
-47.579999999999998,-0.036241303672370995,0,0.036241303672370995
-47.552500000000002,-0.036259126618486182,0,0.036259126618486182
-47.524999999999999,-0.036276966799497101,0,0.036276966799497101
-47.497500000000002,-0.036294824239843759,0,0.036294824239843759
-47.469999999999999,-0.036312698964010348,0,0.036312698964010348
-47.442500000000003,-0.036330590996526135,0,0.036330590996526135
-47.414999999999999,-0.036348500361965908,0,0.036348500361965908
-47.387500000000003,-0.036366427084948638,0,0.036366427084948638
-47.359999999999999,-0.036384371190139708,0,0.036384371190139708
-47.332500000000003,-0.036402332702248019,0,0.036402332702248019
-47.305,-0.03642031164602999,0,0.03642031164602999
-47.277500000000003,-0.036438308046284895,0,0.036438308046284895
-47.25,-0.036456321927859525,0,0.036456321927859525
-47.222499999999997,-0.036474353315646413,0,0.036474353315646413
-47.195,-0.036492402234582721,0,0.036492402234582721
-47.167499999999997,-0.0365104687096518,0,0.0365104687096518
-47.140000000000001,-0.036528552765883182,0,0.036528552765883182
-47.112499999999997,-0.036546654428353254,0,0.036546654428353254
-47.085000000000001,-0.036564773722182364,0,0.036564773722182364
-47.057499999999997,-0.036582910672539048,0,0.036582910672539048
-47.030000000000001,-0.036601065304638247,0,0.036601065304638247
-47.002499999999998,-0.036619237643740199,0,0.036619237643740199
-46.975000000000001,-0.036637427715151549,0,0.036637427715151549
-46.947499999999998,-0.036655635544227794,0,0.036655635544227794
-46.920000000000002,-0.036673861156369281,0,0.036673861156369281
-46.892499999999998,-0.036692104577022322,0,0.036692104577022322
-46.865000000000002,-0.036710365831683855,0,0.036710365831683855
-46.837499999999999,-0.036728644945893896,0,0.036728644945893896
-46.810000000000002,-0.036746941945241751,0,0.036746941945241751
-46.782499999999999,-0.036765256855364248,0,0.036765256855364248
-46.755000000000003,-0.036783589701944175,0,0.036783589701944175
-46.727499999999999,-0.036801940510712949,0,0.036801940510712949
-46.700000000000003,-0.036820309307449506,0,0.036820309307449506
-46.672499999999999,-0.036838696117980518,0,0.036838696117980518
-46.645000000000003,-0.036857100968178846,0,0.036857100968178846
-46.6175,-0.036875523883967753,0,0.036875523883967753
-46.590000000000003,-0.036893964891316688,0,0.036893964891316688
-46.5625,-0.03691242401624506,0,0.03691242401624506
-46.534999999999997,-0.036930901284818241,0,0.036930901284818241
-46.5075,-0.036949396723151562,0,0.036949396723151562
-46.479999999999997,-0.036967910357408762,0,0.036967910357408762
-46.452500000000001,-0.036986442213800208,0,0.036986442213800208
-46.424999999999997,-0.037004992318588004,0,0.037004992318588004
-46.397500000000001,-0.037023560698080882,0,0.037023560698080882
-46.369999999999997,-0.037042147378636425,0,0.037042147378636425
-46.342500000000001,-0.037060752386661511,0,0.037060752386661511
-46.314999999999998,-0.037079375748613419,0,0.037079375748613419
-46.287500000000001,-0.037098017490997393,0,0.037098017490997393
-46.259999999999998,-0.037116677640367746,0,0.037116677640367746
-46.232500000000002,-0.037135356223328309,0,0.037135356223328309
-46.204999999999998,-0.037154053266533538,0,0.037154053266533538
-46.177500000000002,-0.037172768796686073,0,0.037172768796686073
-46.149999999999999,-0.037191502840538959,0,0.037191502840538959
-46.122500000000002,-0.037210255424894978,0,0.037210255424894978
-46.094999999999999,-0.037229026576607538,0,0.037229026576607538
-46.067500000000003,-0.037247816322578675,0,0.037247816322578675
-46.039999999999999,-0.03726662468976194,0,0.03726662468976194
-46.012500000000003,-0.037285451705161288,0,0.037285451705161288
-45.984999999999999,-0.037304297395829522,0,0.037304297395829522
-45.957499999999996,-0.037323161788871406,0,0.037323161788871406
-45.93,-0.037342044911442107,0,0.037342044911442107
-45.902500000000003,-0.037360946790746308,0,0.037360946790746308
-45.875,-0.037379867454041316,0,0.037379867454041316
-45.847499999999997,-0.037398806928634398,0,0.037398806928634398
-45.82,-0.03741776524188456,0,0.03741776524188456
-45.792500000000004,-0.037436742421201208,0,0.037436742421201208
-45.765000000000001,-0.037455738494044155,0,0.037455738494044155
-45.737499999999997,-0.037474753487928725,0,0.037474753487928725
-45.710000000000001,-0.037493787430416647,0,0.037493787430416647
-45.682499999999997,-0.037512840349123389,0,0.037512840349123389
-45.655000000000001,-0.037531912271717927,0,0.037531912271717927
-45.627499999999998,-0.037551003225918089,0,0.037551003225918089
-45.600000000000001,-0.037570113239496328,0,0.037570113239496328
-45.572499999999998,-0.037589242340275053,0,0.037589242340275053
-45.545000000000002,-0.037608390556130855,0,0.037608390556130855
-45.517499999999998,-0.037627557914989618,0,0.037627557914989618
-45.490000000000002,-0.037646744444834512,0,0.037646744444834512
-45.462499999999999,-0.037665950173697338,0,0.037665950173697338
-45.435000000000002,-0.03768517512966274,0,0.03768517512966274
-45.407499999999999,-0.037704419340869988,0,0.037704419340869988
-45.380000000000003,-0.037723682835510752,0,0.037723682835510752
-45.352499999999999,-0.037742965641828885,0,0.037742965641828885
-45.325000000000003,-0.037762267788122195,0,0.037762267788122195
-45.297499999999999,-0.037781589302741558,0,0.037781589302741558
-45.269999999999996,-0.037800930214090034,0,0.037800930214090034
-45.2425,-0.037820290550627522,0,0.037820290550627522
-45.215000000000003,-0.037839670340863663,0,0.037839670340863663
-45.1875,-0.037859069613364271,0,0.037859069613364271
-45.159999999999997,-0.037878488396748011,0,0.037878488396748011
-45.1325,-0.037897926719688169,0,0.037897926719688169
-45.105000000000004,-0.037917384610911542,0,0.037917384610911542
-45.077500000000001,-0.037936862099199109,0,0.037936862099199109
-45.049999999999997,-0.037956359213387136,0,0.037956359213387136
-45.022500000000001,-0.037975875982365626,0,0.037975875982365626
-44.994999999999997,-0.037995412435078757,0,0.037995412435078757
-44.967500000000001,-0.038014968600526444,0,0.038014968600526444
-44.939999999999998,-0.038034544507763002,0,0.038034544507763002
-44.912500000000001,-0.038054140185896923,0,0.038054140185896923
-44.884999999999998,-0.038073755664093545,0,0.038073755664093545
-44.857500000000002,-0.038093390971571273,0,0.038093390971571273
-44.829999999999998,-0.038113046137605355,0,0.038113046137605355
-44.802500000000002,-0.038132721191526331,0,0.038132721191526331
-44.774999999999999,-0.038152416162719582,0,0.038152416162719582
-44.747500000000002,-0.038172131080626892,0,0.038172131080626892
-44.719999999999999,-0.038191865974745554,0,0.038191865974745554
-44.692500000000003,-0.038211620874629038,0,0.038211620874629038
-44.664999999999999,-0.038231395809886548,0,0.038231395809886548
-44.637500000000003,-0.038251190810182578,0,0.038251190810182578
-44.609999999999999,-0.038271005905241129,0,0.038271005905241129
-44.582499999999996,-0.038290841124838604,0,0.038290841124838604
-44.555,-0.038310696498811136,0,0.038310696498811136
-44.527500000000003,-0.038330572057049261,0,0.038330572057049261
-44.5,-0.038350467829502133,0,0.038350467829502133
-44.472499999999997,-0.038370383846175304,0,0.038370383846175304
-44.445,-0.038390320137129841,0,0.038390320137129841
-44.417500000000004,-0.038410276732486981,0,0.038410276732486981
-44.390000000000001,-0.038430253662422142,0,0.038430253662422142
-44.362499999999997,-0.038450250957171583,0,0.038450250957171583
-44.335000000000001,-0.038470268647025296,0,0.038470268647025296
-44.307499999999997,-0.038490306762334558,0,0.038490306762334558
-44.280000000000001,-0.038510365333506602,0,0.038510365333506602
-44.252499999999998,-0.038530444391006391,0,0.038530444391006391
-44.225000000000001,-0.038550543965358397,0,0.038550543965358397
-44.197499999999998,-0.038570664087143935,0,0.038570664087143935
-44.170000000000002,-0.038590804787003385,0,0.038590804787003385
-44.142499999999998,-0.038610966095635524,0,0.038610966095635524
-44.115000000000002,-0.038631148043797969,0,0.038631148043797969
-44.087499999999999,-0.038651350662306516,0,0.038651350662306516
-44.060000000000002,-0.038671573982036467,0,0.038671573982036467
-44.032499999999999,-0.038691818033921521,0,0.038691818033921521
-44.005000000000003,-0.038712082848955554,0,0.038712082848955554
-43.977499999999999,-0.038732368458190392,0,0.038732368458190392
-43.950000000000003,-0.038752674892737815,0,0.038752674892737815
-43.922499999999999,-0.038773002183770666,0,0.038773002183770666
-43.894999999999996,-0.038793350362518408,0,0.038793350362518408
-43.8675,-0.038813719460273344,0,0.038813719460273344
-43.840000000000003,-0.038834109508385284,0,0.038834109508385284
-43.8125,-0.038854520538265991,0,0.038854520538265991
-43.784999999999997,-0.038874952581386513,0,0.038874952581386513
-43.7575,-0.038895405669278293,0,0.038895405669278293
-43.730000000000004,-0.038915879833534284,0,0.038915879833534284
-43.702500000000001,-0.038936375105805832,0,0.038936375105805832
-43.674999999999997,-0.038956891517807568,0,0.038956891517807568
-43.647500000000001,-0.038977429101312744,0,0.038977429101312744
-43.619999999999997,-0.038997987888158114,0,0.038997987888158114
-43.592500000000001,-0.039018567910239499,0,0.039018567910239499
-43.564999999999998,-0.039039169199514889,0,0.039039169199514889
-43.537500000000001,-0.039059791788003784,0,0.039059791788003784
-43.509999999999998,-0.039080435707787187,0,0.039080435707787187
-43.482500000000002,-0.039101100991008053,0,0.039101100991008053
-43.454999999999998,-0.039121787669869734,0,0.039121787669869734
-43.427500000000002,-0.03914249577664064,0,0.03914249577664064
-43.399999999999999,-0.039163225343647801,0,0.039163225343647801
-43.372500000000002,-0.039183976403282861,0,0.039183976403282861
-43.344999999999999,-0.039204748987999416,0,0.039204748987999416
-43.317500000000003,-0.03922554313031279,0,0.03922554313031279
-43.289999999999999,-0.039246358862802477,0,0.039246358862802477
-43.262500000000003,-0.039267196218109257,0,0.039267196218109257
-43.234999999999999,-0.039288055228938745,0,0.039288055228938745
-43.207499999999996,-0.039308935928056732,0,0.039308935928056732
-43.18,-0.039329838348296065,0,0.039329838348296065
-43.152500000000003,-0.039350762522549099,0,0.039350762522549099
-43.125,-0.039371708483775025,0,0.039371708483775025
-43.097499999999997,-0.039392676264995652,0,0.039392676264995652
-43.07,-0.039413665899294958,0,0.039413665899294958
-43.042500000000004,-0.039434677419824427,0,0.039434677419824427
-43.015000000000001,-0.03945571085979438,0,0.03945571085979438
-42.987499999999997,-0.039476766252486195,0,0.039476766252486195
-42.960000000000001,-0.039497843631239649,0,0.039497843631239649
-42.932499999999997,-0.039518943029462461,0,0.039518943029462461
-42.905000000000001,-0.039540064480625636,0,0.039540064480625636
-42.877499999999998,-0.039561208018265459,0,0.039561208018265459
-42.850000000000001,-0.039582373675983273,0,0.039582373675983273
-42.822499999999998,-0.039603561487445704,0,0.039603561487445704
-42.795000000000002,-0.03962477148638488,0,0.03962477148638488
-42.767499999999998,-0.039646003706597099,0,0.039646003706597099
-42.740000000000002,-0.039667258181945941,0,0.039667258181945941
-42.712499999999999,-0.039688534946359377,0,0.039688534946359377
-42.685000000000002,-0.03970983403383177,0,0.03970983403383177
-42.657499999999999,-0.039731155478424318,0,0.039731155478424318
-42.630000000000003,-0.039752499314261946,0,0.039752499314261946
-42.602499999999999,-0.039773865575538858,0,0.039773865575538858
-42.575000000000003,-0.039795254296514315,0,0.039795254296514315
-42.547499999999999,-0.039816665511514193,0,0.039816665511514193
-42.519999999999996,-0.039838099254930315,0,0.039838099254930315
-42.4925,-0.039859555561224669,0,0.039859555561224669
-42.465000000000003,-0.039881034464921639,0,0.039881034464921639
-42.4375,-0.039902536000616662,0,0.039902536000616662
-42.409999999999997,-0.039924060202970679,0,0.039924060202970679
-42.3825,-0.039945607106712133,0,0.039945607106712133
-42.355000000000004,-0.039967176746638522,0,0.039967176746638522
-42.327500000000001,-0.039988769157613957,0,0.039988769157613957
-42.299999999999997,-0.040010384374570496,0,0.040010384374570496
-42.272500000000001,-0.040032022432509251,0,0.040032022432509251
-42.244999999999997,-0.040053683366498838,0,0.040053683366498838
-42.217500000000001,-0.04007536721167626,0,0.04007536721167626
-42.189999999999998,-0.040097074003247579,0,0.040097074003247579
-42.162500000000001,-0.040118803776488132,0,0.040118803776488132
-42.134999999999998,-0.040140556566740759,0,0.040140556566740759
-42.107500000000002,-0.0401623324094178,0,0.0401623324094178
-42.079999999999998,-0.040184131340003093,0,0.040184131340003093
-42.052500000000002,-0.040205953394045979,0,0.040205953394045979
-42.024999999999999,-0.040227798607167298,0,0.040227798607167298
-41.997500000000002,-0.040249667015058277,0,0.040249667015058277
-41.969999999999999,-0.0402715586534792,0,0.0402715586534792
-41.942500000000003,-0.040293473558259629,0,0.040293473558259629
-41.914999999999999,-0.040315411765301734,0,0.040315411765301734
-41.887500000000003,-0.040337373310574742,0,0.040337373310574742
-41.859999999999999,-0.040359358230120046,0,0.040359358230120046
-41.832499999999996,-0.040381366560051202,0,0.040381366560051202
-41.805,-0.040403398336549934,0,0.040403398336549934
-41.777500000000003,-0.040425453595869465,0,0.040425453595869465
-41.75,-0.040447532374335404,0,0.040447532374335404
-41.722499999999997,-0.040469634708343749,0,0.040469634708343749
-41.695,-0.040491760634361773,0,0.040491760634361773
-41.667500000000004,-0.040513910188929581,0,0.040513910188929581
-41.640000000000001,-0.040536083408656554,0,0.040536083408656554
-41.612499999999997,-0.040558280330226681,0,0.040558280330226681
-41.585000000000001,-0.040580500990395452,0,0.040580500990395452
-41.557499999999997,-0.04060274542598874,0,0.04060274542598874
-41.530000000000001,-0.040625013673907029,0,0.040625013673907029
-41.502499999999998,-0.040647305771122744,0,0.040647305771122744
-41.475000000000001,-0.04066962175468003,0,0.04066962175468003
-41.447499999999998,-0.04069196166169764,0,0.04069196166169764
-41.420000000000002,-0.040714325529365603,0,0.040714325529365603
-41.392499999999998,-0.04073671339494922,0,0.04073671339494922
-41.365000000000002,-0.04075912529578507,0,0.04075912529578507
-41.337499999999999,-0.040781561269284561,0,0.040781561269284561
-41.310000000000002,-0.04080402135293304,0,0.04080402135293304
-41.282499999999999,-0.040826505584288686,0,0.040826505584288686
-41.255000000000003,-0.040849014000984951,0,0.040849014000984951
-41.227499999999999,-0.040871546640728118,0,0.040871546640728118
-41.200000000000003,-0.040894103541300852,0,0.040894103541300852
-41.172499999999999,-0.040916684740558207,0,0.040916684740558207
-41.144999999999996,-0.040939290276431617,0,0.040939290276431617
-41.1175,-0.040961920186926459,0,0.040961920186926459
-41.090000000000003,-0.040984574510123162,0,0.040984574510123162
-41.0625,-0.041007253284178757,0,0.041007253284178757
-41.034999999999997,-0.041029956547323554,0,0.041029956547323554
-41.0075,-0.041052684337865131,0,0.041052684337865131
-40.980000000000004,-0.041075436694186562,0,0.041075436694186562
-40.952500000000001,-0.041098213654745974,0,0.041098213654745974
-40.924999999999997,-0.041121015258078764,0,0.041121015258078764
-40.897500000000001,-0.041143841542795379,0,0.041143841542795379
-40.869999999999997,-0.041166692547584205,0,0.041166692547584205
-40.842500000000001,-0.041189568311208458,0,0.041189568311208458
-40.814999999999998,-0.041212468872509289,0,0.041212468872509289
-40.787500000000001,-0.041235394270404679,0,0.041235394270404679
-40.759999999999998,-0.04125834454388988,0,0.04125834454388988
-40.732500000000002,-0.04128131973203697,0,0.04128131973203697
-40.704999999999998,-0.041304319873995743,0,0.041304319873995743
-40.677500000000002,-0.04132734500899371,0,0.04132734500899371
-40.649999999999999,-0.041350395176336319,0,0.041350395176336319
-40.622500000000002,-0.041373470415406732,0,0.041373470415406732
-40.594999999999999,-0.041396570765666274,0,0.041396570765666274
-40.567500000000003,-0.041419696266654871,0,0.041419696266654871
-40.539999999999999,-0.041442846957990831,0,0.041442846957990831
-40.512500000000003,-0.041466022879372177,0,0.041466022879372177
-40.484999999999999,-0.04148922407057376,0,0.04148922407057376
-40.457499999999996,-0.04151245057145081,0,0.04151245057145081
-40.43,-0.041535702421937826,0,0.041535702421937826
-40.402500000000003,-0.041558979662048134,0,0.041558979662048134
-40.375,-0.041582282331875886,0,0.041582282331875886
-40.347499999999997,-0.041605610471593835,0,0.041605610471593835
-40.32,-0.041628964121454892,0,0.041628964121454892
-40.292500000000004,-0.041652343321792351,0,0.041652343321792351
-40.265000000000001,-0.041675748113019884,0,0.041675748113019884
-40.237499999999997,-0.041699178535631543,0,0.041699178535631543
-40.210000000000001,-0.041722634630201982,0,0.041722634630201982
-40.182499999999997,-0.041746116437386682,0,0.041746116437386682
-40.155000000000001,-0.041769623997922167,0,0.041769623997922167
-40.127499999999998,-0.041793157352626675,0,0.041793157352626675
-40.100000000000001,-0.041816716542399934,0,0.041816716542399934
-40.072499999999998,-0.041840301608222275,0,0.041840301608222275
-40.045000000000002,-0.041863912591156627,0,0.041863912591156627
-40.017499999999998,-0.041887549532347412,0,0.041887549532347412
-39.990000000000002,-0.041911212473021653,0,0.041911212473021653
-39.962499999999999,-0.041934901454488083,0,0.041934901454488083
-39.935000000000002,-0.041958616518139369,0,0.041958616518139369
-39.907499999999999,-0.041982357705449225,0,0.041982357705449225
-39.880000000000003,-0.04200612505797463,0,0.04200612505797463
-39.852499999999999,-0.042029918617356721,0,0.042029918617356721
-39.825000000000003,-0.042053738425318565,0,0.042053738425318565
-39.797499999999999,-0.042077584523667388,0,0.042077584523667388
-39.769999999999996,-0.042101456954294569,0,0.042101456954294569
-39.7425,-0.042125355759173644,0,0.042125355759173644
-39.715000000000003,-0.042149280980363413,0,0.042149280980363413
-39.6875,-0.042173232660007498,0,0.042173232660007498
-39.659999999999997,-0.042197210840332344,0,0.042197210840332344
-39.6325,-0.042221215563649661,0,0.042221215563649661
-39.605000000000004,-0.042245246872356645,0,0.042245246872356645
-39.577500000000001,-0.042269304808933761,0,0.042269304808933761
-39.549999999999997,-0.042293389415949179,0,0.042293389415949179
-39.522500000000001,-0.04231750073605367,0,0.04231750073605367
-39.494999999999997,-0.042341638811985716,0,0.042341638811985716
-39.467500000000001,-0.042365803686567505,0,0.042365803686567505
-39.439999999999998,-0.042389995402709602,0,0.042389995402709602
-39.412500000000001,-0.042414214003406725,0,0.042414214003406725
-39.384999999999998,-0.042438459531739969,0,0.042438459531739969
-39.357500000000002,-0.042462732030879025,0,0.042462732030879025
-39.329999999999998,-0.04248703154407707,0,0.04248703154407707
-39.302500000000002,-0.042511358114677211,0,0.042511358114677211
-39.274999999999999,-0.042535711786107822,0,0.042535711786107822
-39.247500000000002,-0.042560092601884758,0,0.042560092601884758
-39.219999999999999,-0.042584500605612252,0,0.042584500605612252
-39.192500000000003,-0.042608935840981355,0,0.042608935840981355
-39.164999999999999,-0.042633398351770602,0,0.042633398351770602
-39.137500000000003,-0.04265788818184868,0,0.04265788818184868
-39.109999999999999,-0.042682405375169985,0,0.042682405375169985
-39.082499999999996,-0.042706949975778841,0,0.042706949975778841
-39.055,-0.042731522027807944,0,0.042731522027807944
-39.027500000000003,-0.042756121575478589,0,0.042756121575478589
-39,-0.042780748663101553,0,0.042780748663101553
-38.972499999999997,-0.042805403335076875,0,0.042805403335076875
-38.945,-0.042830085635893411,0,0.042830085635893411
-38.917500000000004,-0.042854795610130836,0,0.042854795610130836
-38.890000000000001,-0.042879533302456974,0,0.042879533302456974
-38.862499999999997,-0.042904298757631576,0,0.042904298757631576
-38.835000000000001,-0.042929092020503212,0,0.042929092020503212
-38.807499999999997,-0.042953913136011934,0,0.042953913136011934
-38.780000000000001,-0.042978762149188166,0,0.042978762149188166
-38.752499999999998,-0.043003639105152258,0,0.043003639105152258
-38.725000000000001,-0.043028544049116935,0,0.043028544049116935
-38.697499999999998,-0.043053477026385956,0,0.043053477026385956
-38.670000000000002,-0.043078438082353898,0,0.043078438082353898
-38.642499999999998,-0.043103427262507266,0,0.043103427262507266
-38.615000000000002,-0.043128444612425376,0,0.043128444612425376
-38.587499999999999,-0.043153490177778364,0,0.043153490177778364
-38.560000000000002,-0.043178564004328512,0,0.043178564004328512
-38.532499999999999,-0.043203666137932251,0,0.043203666137932251
-38.505000000000003,-0.043228796624537713,0,0.043228796624537713
-38.477499999999999,-0.043253955510185627,0,0.043253955510185627
-38.450000000000003,-0.043279142841010421,0,0.043279142841010421
-38.422499999999999,-0.043304358663238895,0,0.043304358663238895
-38.394999999999996,-0.043329603023193108,0,0.043329603023193108
-38.3675,-0.043354875967287709,0,0.043354875967287709
-38.340000000000003,-0.043380177542030829,0,0.043380177542030829
-38.3125,-0.043405507794025411,0,0.043405507794025411
-38.284999999999997,-0.043430866769969656,0,0.043430866769969656
-38.2575,-0.04345625451665458,0,0.04345625451665458
-38.230000000000004,-0.043481671080967343,0,0.043481671080967343
-38.202500000000001,-0.04350711650988992,0,0.04350711650988992
-38.174999999999997,-0.04353259085049821,0,0.04353259085049821
-38.147500000000001,-0.043558094149965587,0,0.043558094149965587
-38.119999999999997,-0.043583626455559132,0,0.043583626455559132
-38.092500000000001,-0.04360918781464318,0,0.04360918781464318
-38.064999999999998,-0.043634778274677766,0,0.043634778274677766
-38.037500000000001,-0.043660397883218405,0,0.043660397883218405
-38.009999999999998,-0.043686046687917868,0,0.043686046687917868
-37.982500000000002,-0.043711724736526403,0,0.043711724736526403
-37.954999999999998,-0.043737432076889293,0,0.043737432076889293
-37.927500000000002,-0.04376316875695041,0,0.04376316875695041
-37.899999999999999,-0.043788934824750214,0,0.043788934824750214
-37.872500000000002,-0.043814730328427087,0,0.043814730328427087
-37.844999999999999,-0.043840555316216889,0,0.043840555316216889
-37.817500000000003,-0.043866409836454068,0,0.043866409836454068
-37.789999999999999,-0.04389229393757077,0,0.04389229393757077
-37.762500000000003,-0.043918207668097509,0,0.043918207668097509
-37.734999999999999,-0.043944151076664273,0,0.043944151076664273
-37.707499999999996,-0.043970124211998307,0,0.043970124211998307
-37.68,-0.04399612712292722,0,0.04399612712292722
-37.652500000000003,-0.044022159858377874,0,0.044022159858377874
-37.625,-0.044048222467376608,0,0.044048222467376608
-37.597499999999997,-0.044074314999048125,0,0.044074314999048125
-37.57,-0.044100437502619272,0,0.044100437502619272
-37.542500000000004,-0.04412659002741548,0,0.04412659002741548
-37.515000000000001,-0.044152772622863212,0,0.044152772622863212
-37.487499999999997,-0.044178985338489296,0,0.044178985338489296
-37.460000000000001,-0.044205228223922255,0,0.044205228223922255
-37.432499999999997,-0.044231501328890088,0,0.044231501328890088
-37.405000000000001,-0.044257804703223158,0,0.044257804703223158
-37.377499999999998,-0.044284138396852857,0,0.044284138396852857
-37.350000000000001,-0.044310502459813161,0,0.044310502459813161
-37.322499999999998,-0.044336896942239301,0,0.044336896942239301
-37.295000000000002,-0.044363321894368202,0,0.044363321894368202
-37.267499999999998,-0.04438977736654004,0,0.04438977736654004
-37.240000000000002,-0.044416263409197576,0,0.044416263409197576
-37.212499999999999,-0.04444278007288549,0,0.04444278007288549
-37.185000000000002,-0.044469327408252379,0,0.044469327408252379
-37.157499999999999,-0.04449590546605009,0,0.04449590546605009
-37.130000000000003,-0.044522514297134386,0,0.044522514297134386
-37.102499999999999,-0.044549153952462728,0,0.044549153952462728
-37.075000000000003,-0.044575824483099824,0,0.044575824483099824
-37.047499999999999,-0.044602525940212079,0,0.044602525940212079
-37.019999999999996,-0.044629258375069591,0,0.044629258375069591
-36.9925,-0.044656021839051041,0,0.044656021839051041
-36.965000000000003,-0.044682816383635915,0,0.044682816383635915
-36.9375,-0.044709642060410948,0,0.044709642060410948
-36.909999999999997,-0.044736498921066792,0,0.044736498921066792
-36.8825,-0.044763387017401346,0,0.044763387017401346
-36.855000000000004,-0.044790306401317537,0,0.044790306401317537
-36.827500000000001,-0.044817257124824206,0,0.044817257124824206
-36.799999999999997,-0.04484423924003611,0,0.04484423924003611
-36.772500000000001,-0.044871252799175032,0,0.044871252799175032
-36.744999999999997,-0.04489829785456978,0,0.04489829785456978
-36.717500000000001,-0.044925374458654632,0,0.044925374458654632
-36.689999999999998,-0.044952482663973115,0,0.044952482663973115
-36.662500000000001,-0.044979622523174445,0,0.044979622523174445
-36.634999999999998,-0.0450067940890162,0,0.0450067940890162
-36.607500000000002,-0.045033997414364091,0,0.045033997414364091
-36.579999999999998,-0.045061232552191077,0,0.045061232552191077
-36.552500000000002,-0.045088499555580253,0,0.045088499555580253
-36.524999999999999,-0.045115798477720181,0,0.045115798477720181
-36.497500000000002,-0.045143129371911561,0,0.045143129371911561
-36.469999999999999,-0.04517049229156167,0,0.04517049229156167
-36.442500000000003,-0.045197887290188143,0,0.045197887290188143
-36.414999999999999,-0.045225314421419416,0,0.045225314421419416
-36.387500000000003,-0.045252773738990504,0,0.045252773738990504
-36.359999999999999,-0.045280265296748556,0,0.045280265296748556
-36.332499999999996,-0.045307789148651079,0,0.045307789148651079
-36.305,-0.045335345348765266,0,0.045335345348765266
-36.277500000000003,-0.045362933951269335,0,0.045362933951269335
-36.25,-0.045390555010451639,0,0.045390555010451639
-36.222499999999997,-0.045418208580713326,0,0.045418208580713326
-36.195,-0.04544589471656546,0,0.04544589471656546
-36.167500000000004,-0.045473613472631458,0,0.045473613472631458
-36.140000000000001,-0.045501364903646868,0,0.045501364903646868
-36.112499999999997,-0.045529149064457375,0,0.045529149064457375
-36.085000000000001,-0.045556966010024791,0,0.045556966010024791
-36.057499999999997,-0.045584815795419509,0,0.045584815795419509
-36.030000000000001,-0.045612698475827607,0,0.045612698475827607
-36.002499999999998,-0.045640614106546185,0,0.045640614106546185
-35.975000000000001,-0.045668562742987362,0,0.045668562742987362
-35.947499999999998,-0.045696544440675835,0,0.045696544440675835
-35.920000000000002,-0.045724559255251096,0,0.045724559255251096
-35.892499999999998,-0.045752607242464327,0,0.045752607242464327
-35.865000000000002,-0.045780688458183949,0,0.045780688458183949
-35.837499999999999,-0.045808802958390737,0,0.045808802958390737
-35.810000000000002,-0.045836950799181597,0,0.045836950799181597
-35.782499999999999,-0.04586513203676712,0,0.04586513203676712
-35.755000000000003,-0.045893346727474249,0,0.045893346727474249
-35.727499999999999,-0.045921594927745168,0,0.045921594927745168
-35.700000000000003,-0.045949876694138414,0,0.045949876694138414
-35.672499999999999,-0.045978192083325764,0,0.045978192083325764
-35.644999999999996,-0.046006541152098901,0,0.046006541152098901
-35.6175,-0.046034923957363638,0,0.046034923957363638
-35.590000000000003,-0.046063340556142363,0,0.046063340556142363
-35.5625,-0.046091791005576255,0,0.046091791005576255
-35.534999999999997,-0.046120275362922403,0,0.046120275362922403
-35.5075,-0.046148793685554468,0,0.046148793685554468
-35.480000000000004,-0.046177346030966016,0,0.046177346030966016
-35.452500000000001,-0.046205932456766963,0,0.046205932456766963
-35.424999999999997,-0.046234553020685798,0,0.046234553020685798
-35.397500000000001,-0.046263207780569138,0,0.046263207780569138
-35.369999999999997,-0.046291896794382614,0,0.046291896794382614
-35.342500000000001,-0.046320620120210876,0,0.046320620120210876
-35.314999999999998,-0.046349377816258031,0,0.046349377816258031
-35.287500000000001,-0.046378169940845426,0,0.046378169940845426
-35.259999999999998,-0.046406996552417423,0,0.046406996552417423
-35.232500000000002,-0.046435857709536288,0,0.046435857709536288
-35.204999999999998,-0.04646475347088419,0,0.04646475347088419
-35.177500000000002,-0.046493683895264315,0,0.046493683895264315
-35.149999999999999,-0.046522649041601083,0,0.046522649041601083
-35.122500000000002,-0.046551648968938153,0,0.046551648968938153
-35.094999999999999,-0.046580683736442419,0,0.046580683736442419
-35.067500000000003,-0.046609753403399568,0,0.046609753403399568
-35.039999999999999,-0.046638858029219854,0,0.046638858029219854
-35.012500000000003,-0.046667997673433881,0,0.046667997673433881
-34.984999999999999,-0.046697172395693265,0,0.046697172395693265
-34.957499999999996,-0.04672638225577419,0,0.04672638225577419
-34.93,-0.046755627313574522,0,0.046755627313574522
-34.902500000000003,-0.046784907629114691,0,0.046784907629114691
-34.875,-0.046814223262538368,0,0.046814223262538368
-34.847499999999997,-0.04684357427411312,0,0.04684357427411312
-34.82,-0.046872960724229973,0,0.046872960724229973
-34.792500000000004,-0.046902382673403409,0,0.046902382673403409
-34.765000000000001,-0.046931840182272699,0,0.046931840182272699
-34.737499999999997,-0.046961333311600129,0,0.046961333311600129
-34.710000000000001,-0.046990862122275656,0,0.046990862122275656
-34.682499999999997,-0.047020426675309812,0,0.047020426675309812
-34.655000000000001,-0.047050027031842134,0,0.047050027031842134
-34.627499999999998,-0.047079663253135173,0,0.047079663253135173
-34.600000000000001,-0.047109335400578267,0,0.047109335400578267
-34.572499999999998,-0.047139043535686653,0,0.047139043535686653
-34.545000000000002,-0.047168787720100802,0,0.047168787720100802
-34.517499999999998,-0.047198568015588416,0,0.047198568015588416
-34.490000000000002,-0.047228384484043318,0,0.047228384484043318
-34.462499999999999,-0.047258237187487229,0,0.047258237187487229
-34.435000000000002,-0.047288126188067325,0,0.047288126188067325
-34.407499999999999,-0.04731805154806068,0,0.04731805154806068
-34.380000000000003,-0.047348013329868932,0,0.047348013329868932
-34.352499999999999,-0.047378011596024283,0,0.047378011596024283
-34.325000000000003,-0.047408046409185722,0,0.047408046409185722
-34.297499999999999,-0.047438117832141025,0,0.047438117832141025
-34.269999999999996,-0.047468225927806751,0,0.047468225927806751
-34.2425,-0.04749837075922847,0,0.04749837075922847
-34.215000000000003,-0.047528552389580092,0,0.047528552389580092
-34.1875,-0.047558770882166312,0,0.047558770882166312
-34.159999999999997,-0.04758902630042039,0,0.04758902630042039
-34.1325,-0.047619318707906144,0,0.047619318707906144
-34.105000000000004,-0.047649648168318182,0,0.047649648168318182
-34.077500000000001,-0.047680014745478339,0,0.047680014745478339
-34.049999999999997,-0.047710418503345009,0,0.047710418503345009
-34.022500000000001,-0.047740859506001598,0,0.047740859506001598
-33.995000000000005,-0.047771337817666293,0,0.047771337817666293
-33.967500000000001,-0.047801853502687619,0,0.047801853502687619
-33.939999999999998,-0.047832406625545554,0,0.047832406625545554
-33.912500000000001,-0.047862997250853079,0,0.047862997250853079
-33.885000000000005,-0.047893625443354626,0,0.047893625443354626
-33.857500000000002,-0.04792429126792741,0,0.04792429126792741
-33.829999999999998,-0.047954994789580097,0,0.047954994789580097
-33.802499999999995,-0.047985736073456575,0,0.047985736073456575
-33.774999999999999,-0.048016515184833075,0,0.048016515184833075
-33.747500000000002,-0.048047332189118164,0,0.048047332189118164
-33.719999999999999,-0.048078187151855856,0,0.048078187151855856
-33.692499999999995,-0.04810908013872317,0,0.04810908013872317
-33.664999999999999,-0.048140011215531242,0,0.048140011215531242
-33.637500000000003,-0.048170980448227541,0,0.048170980448227541
-33.609999999999999,-0.04820198790289143,0,0.04820198790289143
-33.582499999999996,-0.04823303364573972,0,0.04823303364573972
-33.555,-0.048264117743122892,0,0.048264117743122892
-33.527500000000003,-0.048295240261528205,0,0.048295240261528205
-33.5,-0.048326401267577923,0,0.048326401267577923
-33.472499999999997,-0.048357600828029979,0,0.048357600828029979
-33.445,-0.048388839009780638,0,0.048388839009780638
-33.417500000000004,-0.048420115879859171,0,0.048420115879859171
-33.390000000000001,-0.048451431505435627,0,0.048451431505435627
-33.362499999999997,-0.048482785953814389,0,0.048482785953814389
-33.335000000000001,-0.048514179292437953,0,0.048514179292437953
-33.307500000000005,-0.048545611588886262,0,0.048545611588886262
-33.280000000000001,-0.048577082910877589,0,0.048577082910877589
-33.252499999999998,-0.048608593326267213,0,0.048608593326267213
-33.225000000000001,-0.048640142903050299,0,0.048640142903050299
-33.197500000000005,-0.048671731709358568,0,0.048671731709358568
-33.170000000000002,-0.048703359813464742,0,0.048703359813464742
-33.142499999999998,-0.048735027283778765,0,0.048735027283778765
-33.114999999999995,-0.048766734188850913,0,0.048766734188850913
-33.087499999999999,-0.048798480597370908,0,0.048798480597370908
-33.060000000000002,-0.048830266578167913,0,0.048830266578167913
-33.032499999999999,-0.048862092200211427,0,0.048862092200211427
-33.004999999999995,-0.04889395753261172,0,0.04889395753261172
-32.977499999999999,-0.048925862644618956,0,0.048925862644618956
-32.950000000000003,-0.048957807605624071,0,0.048957807605624071
-32.922499999999999,-0.048989792485159667,0,0.048989792485159667
-32.894999999999996,-0.049021817352899566,0,0.049021817352899566
-32.8675,-0.049053882278658367,0,0.049053882278658367
-32.840000000000003,-0.049085987332393444,0,0.049085987332393444
-32.8125,-0.049118132584204721,0,0.049118132584204721
-32.784999999999997,-0.04915031810433268,0,0.04915031810433268
-32.7575,-0.049182543963160796,0,0.049182543963160796
-32.730000000000004,-0.049214810231217543,0,0.049214810231217543
-32.702500000000001,-0.049247116979171945,0,0.049247116979171945
-32.674999999999997,-0.049279464277837359,0,0.049279464277837359
-32.647500000000001,-0.049311852198170802,0,0.049311852198170802
-32.620000000000005,-0.049344280811271846,0,0.049344280811271846
-32.592500000000001,-0.049376750188386831,0,0.049376750188386831
-32.564999999999998,-0.049409260400902877,0,0.049409260400902877
-32.537500000000001,-0.049441811520355206,0,0.049441811520355206
-32.510000000000005,-0.04947440361842137,0,0.04947440361842137
-32.482500000000002,-0.049507036766924806,0,0.049507036766924806
-32.454999999999998,-0.049539711037833722,0,0.049539711037833722
-32.427499999999995,-0.049572426503263545,0,0.049572426503263545
-32.399999999999999,-0.049605183235472694,0,0.049605183235472694
-32.372500000000002,-0.049637981306868362,0,0.049637981306868362
-32.344999999999999,-0.049670820790001846,0,0.049670820790001846
-32.317499999999995,-0.049703701757572549,0,0.049703701757572549
-32.289999999999999,-0.04973662428242509,0,0.04973662428242509
-32.262500000000003,-0.049769588437552859,0,0.049769588437552859
-32.234999999999999,-0.049802594296095348,0,0.049802594296095348
-32.207499999999996,-0.049835641931339048,0,0.049835641931339048
-32.18,-0.04986873141671988,0,0.04986873141671988
-32.152500000000003,-0.049901862825819432,0,0.049901862825819432
-32.125,-0.049935036232369168,0,0.049935036232369168
-32.097499999999997,-0.049968251710248657,0,0.049968251710248657
-32.07,-0.050001509333486238,0,0.050001509333486238
-32.042500000000004,-0.050034809176257689,0,0.050034809176257689
-32.015000000000001,-0.050068151312889997,0,0.050068151312889997
-31.987500000000001,-0.050101535817858478,0,0.050101535817858478
-31.960000000000001,-0.050134962765788105,0,0.050134962765788105
-31.932500000000001,-0.050168432231453508,0,0.050168432231453508
-31.905000000000001,-0.050201944289779199,0,0.050201944289779199
-31.877500000000001,-0.050235499015841789,0,0.050235499015841789
-31.850000000000001,-0.050269096484865994,0,0.050269096484865994
-31.822500000000002,-0.050302736772228185,0,0.050302736772228185
-31.795000000000002,-0.050336419953456613,0,0.050336419953456613
-31.767499999999998,-0.050370146104229407,0,0.050370146104229407
-31.739999999999998,-0.050403915300377022,0,0.050403915300377022
-31.712499999999999,-0.050437727617880901,0,0.050437727617880901
-31.684999999999999,-0.050471583132875697,0,0.050471583132875697
-31.657499999999999,-0.050505481921646389,0,0.050505481921646389
-31.629999999999999,-0.05053942406063161,0,0.05053942406063161
-31.602499999999999,-0.050573409626422539,0,0.050573409626422539
-31.574999999999999,-0.050607438695762452,0,0.050607438695762452
-31.547499999999999,-0.050641511345548507,0,0.050641511345548507
-31.52,-0.05067562765283018,0,0.05067562765283018
-31.4925,-0.050709787694811048,0,0.050709787694811048
-31.465,-0.050743991548848344,0,0.050743991548848344
-31.4375,-0.050778239292452509,0,0.050778239292452509
-31.41,-0.050812531003289862,0,0.050812531003289862
-31.3825,-0.050846866759179266,0,0.050846866759179266
-31.355,-0.050881246638095012,0,0.050881246638095012
-31.327500000000001,-0.05091567071816594,0,0.05091567071816594
-31.300000000000001,-0.050950139077676315,0,0.050950139077676315
-31.272500000000001,-0.050984651795065172,0,0.050984651795065172
-31.245000000000001,-0.051019208948926309,0,0.051019208948926309
-31.217500000000001,-0.051053810618010731,0,0.051053810618010731
-31.190000000000001,-0.051088456881224431,0,0.051088456881224431
-31.162500000000001,-0.0511231478176295,0,0.0511231478176295
-31.135000000000002,-0.051157883506444568,0,0.051157883506444568
-31.107500000000002,-0.051192664027043477,0,0.051192664027043477
-31.079999999999998,-0.05122748945895883,0,0.05122748945895883
-31.052499999999998,-0.051262359881878883,0,0.051262359881878883
-31.024999999999999,-0.051297275375649098,0,0.051297275375649098
-30.997499999999999,-0.051332236020272148,0,0.051332236020272148
-30.969999999999999,-0.051367241895908355,0,0.051367241895908355
-30.942499999999999,-0.051402293082875916,0,0.051402293082875916
-30.914999999999999,-0.051437389661651123,0,0.051437389661651123
-30.887499999999999,-0.051472531712867697,0,0.051472531712867697
-30.859999999999999,-0.051507719317317235,0,0.051507719317317235
-30.8325,-0.051542952555951871,0,0.051542952555951871
-30.805,-0.051578231509880057,0,0.051578231509880057
-30.7775,-0.051613556260370341,0,0.051613556260370341
-30.75,-0.051648926888850033,0,0.051648926888850033
-30.7225,-0.051684343476906314,0,0.051684343476906314
-30.695,-0.051719806106284905,0,0.051719806106284905
-30.6675,-0.051755314858890955,0,0.051755314858890955
-30.640000000000001,-0.051790869816790375,0,0.051790869816790375
-30.612500000000001,-0.051826471062209389,0,0.051826471062209389
-30.585000000000001,-0.051862118677532765,0,0.051862118677532765
-30.557500000000001,-0.051897812745307137,0,0.051897812745307137
-30.530000000000001,-0.051933553348237904,0,0.051933553348237904
-30.502500000000001,-0.051969340569193445,0,0.051969340569193445
-30.475000000000001,-0.052005174491201567,0,0.052005174491201567
-30.447500000000002,-0.052041055197451502,0,0.052041055197451502
-30.420000000000002,-0.052076982771293023,0,0.052076982771293023
-30.392499999999998,-0.05211295729623866,0,0.05211295729623866
-30.364999999999998,-0.052148978855961481,0,0.052148978855961481
-30.337499999999999,-0.052185047534296869,0,0.052185047534296869
-30.309999999999999,-0.052221163415240968,0,0.052221163415240968
-30.282499999999999,-0.052257326582954011,0,0.052257326582954011
-30.254999999999999,-0.052293537121755884,0,0.052293537121755884
-30.227499999999999,-0.05232979511613145,0,0.05232979511613145
-30.199999999999999,-0.052366100650726111,0,0.052366100650726111
-30.172499999999999,-0.052402453810348693,0,0.052402453810348693
-30.145,-0.052438854679971003,0,0.052438854679971003
-30.1175,-0.052475303344728275,0,0.052475303344728275
-30.09,-0.052511799889916722,0,0.052511799889916722
-30.0625,-0.052548344400999758,0,0.052548344400999758
-30.035,-0.052584936963600004,0,0.052584936963600004
-30.0075,-0.052621577663506391,0,0.052621577663506391
-29.98,-0.052658266586670832,0,0.052658266586670832
-29.952500000000001,-0.052695003819208663,0,0.052695003819208663
-29.925000000000001,-0.052731789447399313,0,0.052731789447399313
-29.897500000000001,-0.052768623557687411,0,0.052768623557687411
-29.870000000000001,-0.052805506236680122,0,0.052805506236680122
-29.842500000000001,-0.052842437571150036,0,0.052842437571150036
-29.815000000000001,-0.052879417648034721,0,0.052879417648034721
-29.787500000000001,-0.052916446554434948,0,0.052916446554434948
-29.760000000000002,-0.052953524377618022,0,0.052953524377618022
-29.732500000000002,-0.052990651205014228,0,0.052990651205014228
-29.704999999999998,-0.053027827124220162,0,0.053027827124220162
-29.677499999999998,-0.053065052222996956,0,0.053065052222996956
-29.649999999999999,-0.053102326589271387,0,0.053102326589271387
-29.622499999999999,-0.053139650311135433,0,0.053139650311135433
-29.594999999999999,-0.053177023476846053,0,0.053177023476846053
-29.567499999999999,-0.053214446174826513,0,0.053214446174826513
-29.539999999999999,-0.053251918493664618,0,0.053251918493664618
-29.512499999999999,-0.053289440522116038,0,0.053289440522116038
-29.484999999999999,-0.053327012349099201,0,0.053327012349099201
-29.4575,-0.05336463406370151,0,0.05336463406370151
-29.43,-0.05340230575517424,0,0.05340230575517424
-29.4025,-0.053440027512936306,0,0.053440027512936306
-29.375,-0.05347779942657116,0,0.05347779942657116
-29.3475,-0.053515621585829676,0,0.053515621585829676
-29.32,-0.053553494080629704,0,0.053553494080629704
-29.2925,-0.053591417001054298,0,0.053591417001054298
-29.265000000000001,-0.053629390437353042,0,0.053629390437353042
-29.237500000000001,-0.053667414479942277,0,0.053667414479942277
-29.210000000000001,-0.053705489219406877,0,0.053705489219406877
-29.182500000000001,-0.053743614746495361,0,0.053743614746495361
-29.155000000000001,-0.053781791152124336,0,0.053781791152124336
-29.127500000000001,-0.053820018527377833,0,0.053820018527377833
-29.100000000000001,-0.053858296963506413,0,0.053858296963506413
-29.072500000000002,-0.053896626551927174,0,0.053896626551927174
-29.045000000000002,-0.053935007384224409,0,0.053935007384224409
-29.017499999999998,-0.053973439552149394,0,0.053973439552149394
-28.989999999999998,-0.054011923147621044,0,0.054011923147621044
-28.962499999999999,-0.05405045826272481,0,0.05405045826272481
-28.934999999999999,-0.05408904498971312,0,0.05408904498971312
-28.907499999999999,-0.054127683421005601,0,0.054127683421005601
-28.879999999999999,-0.054166373649189081,0,0.054166373649189081
-28.852499999999999,-0.054205115767019141,0,0.054205115767019141
-28.824999999999999,-0.05424390986741634,0,0.05424390986741634
-28.797499999999999,-0.054282756043469327,0,0.054282756043469327
-28.77,-0.054321654388433949,0,0.054321654388433949
-28.7425,-0.054360604995734141,0,0.054360604995734141
-28.715,-0.054399607958959928,0,0.054399607958959928
-28.6875,-0.0544386633718692,0,0.0544386633718692
-28.66,-0.054477771328387048,0,0.054477771328387048
-28.6325,-0.054516931922605982,0,0.054516931922605982
-28.605,-0.05455614524878527,0,0.05455614524878527
-28.577500000000001,-0.054595411401351823,0,0.054595411401351823
-28.550000000000001,-0.054634730474899751,0,0.054634730474899751
-28.522500000000001,-0.054674102564190141,0,0.054674102564190141
-28.495000000000001,-0.054713527764151282,0,0.054713527764151282
-28.467500000000001,-0.054753006169878216,0,0.054753006169878216
-28.440000000000001,-0.054792537876633851,0,0.054792537876633851
-28.412500000000001,-0.054832122979847853,0,0.054832122979847853
-28.385000000000002,-0.054871761575116862,0,0.054871761575116862
-28.357500000000002,-0.05491145375820361,0,0.05491145375820361
-28.329999999999998,-0.054951199625038916,0,0.054951199625038916
-28.302499999999998,-0.054990999271719687,0,0.054990999271719687
-28.274999999999999,-0.05503085279450981,0,0.05503085279450981
-28.247499999999999,-0.05507076028984037,0,0.05507076028984037
-28.219999999999999,-0.055110721854307876,0,0.055110721854307876
-28.192499999999999,-0.055150737584675147,0,0.055150737584675147
-28.164999999999999,-0.055190807577874201,0,0.055190807577874201
-28.137499999999999,-0.055230931931000482,0,0.055230931931000482
-28.109999999999999,-0.055271110741316187,0,0.055271110741316187
-28.0825,-0.055311344106250715,0,0.055311344106250715
-28.055,-0.055351632123398886,0,0.055351632123398886
-28.0275,-0.055391974890520945,0,0.055391974890520945
-28,-0.055432372505543226,0,0.055432372505543226
-27.9725,-0.055472825066558817,0,0.055472825066558817
-27.945,-0.055513332671824456,0,0.055513332671824456
-27.9175,-0.055553895419764077,0,0.055553895419764077
-27.890000000000001,-0.055594513408965707,0,0.055594513408965707
-27.862500000000001,-0.055635186738182352,0,0.055635186738182352
-27.835000000000001,-0.055675915506333995,0,0.055675915506333995
-27.807500000000001,-0.055716699812502268,0,0.055716699812502268
-27.780000000000001,-0.055757539755936003,0,0.055757539755936003
-27.752500000000001,-0.055798435436047233,0,0.055798435436047233
-27.725000000000001,-0.055839386952412973,0,0.055839386952412973
-27.697500000000002,-0.055880394404773881,0,0.055880394404773881
-27.670000000000002,-0.055921457893035154,0,0.055921457893035154
-27.642499999999998,-0.055962577517264522,0,0.055962577517264522
-27.614999999999998,-0.056003753377694476,0,0.056003753377694476
-27.587499999999999,-0.056044985574720485,0,0.056044985574720485
-27.559999999999999,-0.056086274208900111,0,0.056086274208900111
-27.532499999999999,-0.05612761938095634,0,0.05612761938095634
-27.504999999999999,-0.056169021191771806,0,0.056169021191771806
-27.477499999999999,-0.056210479742393238,0,0.056210479742393238
-27.449999999999999,-0.056251995134030119,0,0.056251995134030119
-27.422499999999999,-0.05629356746805203,0,0.05629356746805203
-27.395,-0.056335196845990865,0,0.056335196845990865
-27.3675,-0.056376883369541719,0,0.056376883369541719
-27.34,-0.056418627140558453,0,0.056418627140558453
-27.3125,-0.056460428261057016,0,0.056460428261057016
-27.285,-0.056502286833213455,0,0.056502286833213455
-27.2575,-0.056544202959364354,0,0.056544202959364354
-27.23,-0.056586176742007277,0,0.056586176742007277
-27.202500000000001,-0.056628208283796999,0,0.056628208283796999
-27.175000000000001,-0.056670297687550164,0,0.056670297687550164
-27.147500000000001,-0.056712445056240846,0,0.056712445056240846
-27.120000000000001,-0.056754650493002989,0,0.056754650493002989
-27.092500000000001,-0.056796914101128193,0,0.056796914101128193
-27.065000000000001,-0.056839235984066594,0,0.056839235984066594
-27.037500000000001,-0.056881616245425093,0,0.056881616245425093
-27.010000000000002,-0.056924054988968908,0,0.056924054988968908
-26.982500000000002,-0.056966552318620245,0,0.056966552318620245
-26.954999999999998,-0.057009108338456738,0,0.057009108338456738
-26.927499999999998,-0.057051723152713008,0,0.057051723152713008
-26.899999999999999,-0.057094396865780439,0,0.057094396865780439
-26.872499999999999,-0.057137129582203627,0,0.057137129582203627
-26.844999999999999,-0.057179921406683931,0,0.057179921406683931
-26.817499999999999,-0.057222772444075698,0,0.057222772444075698
-26.789999999999999,-0.05726568279938915,0,0.05726568279938915
-26.762499999999999,-0.057308652577787278,0,0.057308652577787278
-26.734999999999999,-0.057351681884585615,0,0.057351681884585615
-26.7075,-0.057394770825253794,0,0.057394770825253794
-26.68,-0.057437919505413104,0,0.057437919505413104
-26.6525,-0.057481128030836048,0,0.057481128030836048
-26.625,-0.057524396507447229,0,0.057524396507447229
-26.5975,-0.057567725041322015,0,0.057567725041322015
-26.57,-0.057611113738686104,0,0.057611113738686104
-26.5425,-0.057654562705914625,0,0.057654562705914625
-26.515000000000001,-0.057698072049532145,0,0.057698072049532145
-26.487500000000001,-0.057741641876211336,0,0.057741641876211336
-26.460000000000001,-0.05778527229277497,0,0.05778527229277497
-26.432500000000001,-0.057828963406190592,0,0.057828963406190592
-26.405000000000001,-0.057872715323575852,0,0.057872715323575852
-26.377500000000001,-0.057916528152191393,0,0.057916528152191393
-26.350000000000001,-0.057960401999447297,0,0.057960401999447297
-26.322500000000002,-0.05800433697289753,0,0.05800433697289753
-26.295000000000002,-0.058048333180238609,0,0.058048333180238609
-26.267499999999998,-0.058092390729313825,0,0.058092390729313825
-26.239999999999998,-0.058136509728109242,0,0.058136509728109242
-26.212499999999999,-0.058180690284752812,0,0.058180690284752812
-26.184999999999999,-0.058224932507515259,0,0.058224932507515259
-26.157499999999999,-0.058269236504808308,0,0.058269236504808308
-26.129999999999999,-0.058313602385185126,0,0.058313602385185126
-26.102499999999999,-0.058358030257337656,0,0.058358030257337656
-26.074999999999999,-0.058402520230098176,0,0.058402520230098176
-26.047499999999999,-0.058447072412437295,0,0.058447072412437295
-26.02,-0.058491686913463292,0,0.058491686913463292
-25.9925,-0.058536363842421668,0,0.058536363842421668
-25.965,-0.05858110330869426,0,0.05858110330869426
-25.9375,-0.058625905421797686,0,0.058625905421797686
-25.91,-0.05867077029138601,0,0.05867077029138601
-25.8825,-0.058715698027243413,0,0.058715698027243413
-25.855,-0.058760688739290634,0,0.058760688739290634
-25.827500000000001,-0.058805742537578309,0,0.058805742537578309
-25.800000000000001,-0.058850859532290523,0,0.058850859532290523
-25.772500000000001,-0.05889603983374081,0,0.05889603983374081
-25.745000000000001,-0.058941283552372603,0,0.058941283552372603
-25.717500000000001,-0.058986590798759231,0,0.058986590798759231
-25.690000000000001,-0.059031961683599699,0,0.059031961683599699
-25.662500000000001,-0.059077396317723352,0,0.059077396317723352
-25.635000000000002,-0.059122894812083659,0,0.059122894812083659
-25.607500000000002,-0.059168457277759101,0,0.059168457277759101
-25.579999999999998,-0.05921408382595339,0,0.05921408382595339
-25.552499999999998,-0.059259774567993917,0,0.059259774567993917
-25.524999999999999,-0.059305529615328423,0,0.059305529615328423
-25.497499999999999,-0.059351349079528548,0,0.059351349079528548
-25.469999999999999,-0.059397233072284061,0,0.059397233072284061
-25.442499999999999,-0.059443181705405523,0,0.059443181705405523
-25.414999999999999,-0.059489195090820957,0,0.059489195090820957
-25.387499999999999,-0.059535273340575623,0,0.059535273340575623
-25.359999999999999,-0.059581416566831358,0,0.059581416566831358
-25.3325,-0.059627624881864572,0,0.059627624881864572
-25.305,-0.059673898398064917,0,0.059673898398064917
-25.2775,-0.059720237227936401,0,0.059720237227936401
-25.25,-0.059766641484092942,0,0.059766641484092942
-25.2225,-0.059813111279260367,0,0.059813111279260367
-25.195,-0.059859646726273086,0,0.059859646726273086
-25.1675,-0.059906247938073198,0,0.059906247938073198
-25.140000000000001,-0.05995291502770983,0,0.05995291502770983
-25.112500000000001,-0.059999648108338466,0,0.059999648108338466
-25.085000000000001,-0.060046447293218508,0,0.060046447293218508
-25.057500000000001,-0.060093312695711054,0,0.060093312695711054
-25.030000000000001,-0.060140244429281342,0,0.060140244429281342
-25.002500000000001,-0.060187242607493641,0,0.060187242607493641
-24.975000000000001,-0.060234307344011251,0,0.060234307344011251
-24.947500000000002,-0.060281438752596506,0,0.060281438752596506
-24.920000000000002,-0.060328636947106773,0,0.060328636947106773
-24.892499999999998,-0.060375902041494678,0,0.060375902041494678
-24.864999999999998,-0.060423234149808103,0,0.060423234149808103
-24.837499999999999,-0.060470633386184636,0,0.060470633386184636
-24.809999999999999,-0.060518099864854236,0,0.060518099864854236
-24.782499999999999,-0.060565633700135013,0,0.060565633700135013
-24.754999999999999,-0.060613235006434785,0,0.060613235006434785
-24.727499999999999,-0.060660903898245522,0,0.060660903898245522
-24.699999999999999,-0.060708640490145349,0,0.060708640490145349
-24.672499999999999,-0.060756444896794548,0,0.060756444896794548
-24.645,-0.060804317232935778,0,0.060804317232935778
-24.6175,-0.060852257613391636,0,0.060852257613391636
-24.59,-0.060900266153062432,0,0.060900266153062432
-24.5625,-0.06094834296692575,0,0.06094834296692575
-24.535,-0.060996488170034224,0,0.060996488170034224
-24.5075,-0.061044701877513763,0,0.061044701877513763
-24.48,-0.061092984204562439,0,0.061092984204562439
-24.452500000000001,-0.061141335266447383,0,0.061141335266447383
-24.425000000000001,-0.061189755178503891,0,0.061189755178503891
-24.397500000000001,-0.061238244056135205,0,0.061238244056135205
-24.370000000000001,-0.061286802014807185,0,0.061286802014807185
-24.342500000000001,-0.061335429170048972,0,0.061335429170048972
-24.315000000000001,-0.061384125637451881,0,0.061384125637451881
-24.287500000000001,-0.061432891532663847,0,0.061432891532663847
-24.260000000000002,-0.061481726971391426,0,0.061481726971391426
-24.232500000000002,-0.061530632069397129,0,0.061530632069397129
-24.204999999999998,-0.061579606942494536,0,0.061579606942494536
-24.177499999999998,-0.061628651706549853,0,0.061628651706549853
-24.149999999999999,-0.061677766477477691,0,0.061677766477477691
-24.122499999999999,-0.061726951371240402,0,0.061726951371240402
-24.094999999999999,-0.061776206503845854,0,0.061776206503845854
-24.067499999999999,-0.061825531991342775,0,0.061825531991342775
-24.039999999999999,-0.061874927949822522,0,0.061874927949822522
-24.012499999999999,-0.061924394495415092,0,0.061924394495415092
-23.984999999999999,-0.061973931744286004,0,0.061973931744286004
-23.9575,-0.062023539812635864,0,0.062023539812635864
-23.93,-0.062073218816697029,0,0.062073218816697029
-23.9025,-0.06212296887273161,0,0.06212296887273161
-23.875,-0.062172790097028807,0,0.062172790097028807
-23.8475,-0.062222682605903357,0,0.062222682605903357
-23.82,-0.06227264651569242,0,0.06227264651569242
-23.7925,-0.062322681942755365,0,0.062322681942755365
-23.765000000000001,-0.062372789003465545,0,0.062372789003465545
-23.737500000000001,-0.062422967814215635,0,0.062422967814215635
-23.710000000000001,-0.062473218491408966,0,0.062473218491408966
-23.682500000000001,-0.062523541151460638,0,0.062523541151460638
-23.655000000000001,-0.062573935910793077,0,0.062573935910793077
-23.627500000000001,-0.062624402885834041,0,0.062624402885834041
-23.600000000000001,-0.062674942193014394,0,0.062674942193014394
-23.572500000000002,-0.062725553948764334,0,0.062725553948764334
-23.545000000000002,-0.062776238269511619,0,0.062776238269511619
-23.517499999999998,-0.06282699527167912,0,0.06282699527167912
-23.489999999999998,-0.06287782507168127,0,0.06287782507168127
-23.462499999999999,-0.062928727785921623,0,0.062928727785921623
-23.434999999999999,-0.062979703530789077,0,0.062979703530789077
-23.407499999999999,-0.063030752422657654,0,0.063030752422657654
-23.379999999999999,-0.063081874577880725,0,0.063081874577880725
-23.352499999999999,-0.063133070112789014,0,0.063133070112789014
-23.324999999999999,-0.063184339143688817,0,0.063184339143688817
-23.297499999999999,-0.063235681786856901,0,0.063235681786856901
-23.27,-0.063287098158539168,0,0.063287098158539168
-23.2425,-0.063338588374945992,0,0.063338588374945992
-23.215,-0.063390152552251333,0,0.063390152552251333
-23.1875,-0.063441790806587184,0,0.063441790806587184
-23.16,-0.063493503254042238,0,0.063493503254042238
-23.1325,-0.063545290010656563,0,0.063545290010656563
-23.105,-0.063597151192421153,0,0.063597151192421153
-23.077500000000001,-0.063649086915271047,0,0.063649086915271047
-23.050000000000001,-0.063701097295086218,0,0.063701097295086218
-23.022500000000001,-0.063753182447683798,0,0.063753182447683798
-22.995000000000001,-0.06380534248881764,0,0.06380534248881764
-22.967500000000001,-0.063857577534173426,0,0.063857577534173426
-22.940000000000001,-0.063909887699365786,0,0.063909887699365786
-22.912500000000001,-0.063962273099934075,0,0.063962273099934075
-22.885000000000002,-0.064014733851340155,0,0.064014733851340155
-22.857500000000002,-0.064067270068960847,0,0.064067270068960847
-22.829999999999998,-0.064119881868090811,0,0.064119881868090811
-22.802499999999998,-0.064172569363931675,0,0.064172569363931675
-22.774999999999999,-0.064225332671593582,0,0.064225332671593582
-22.747499999999999,-0.064278171906087422,0,0.064278171906087422
-22.719999999999999,-0.064331087182324831,0,0.064331087182324831
-22.692499999999999,-0.064384078615109752,0,0.064384078615109752
-22.664999999999999,-0.064437146319138217,0,0.064437146319138217
-22.637499999999999,-0.064490290408993678,0,0.064490290408993678
-22.609999999999999,-0.064543510999139464,0,0.064543510999139464
-22.5825,-0.064596808203918554,0,0.064596808203918554
-22.555,-0.064650182137548251,0,0.064650182137548251
-22.5275,-0.064703632914115072,0,0.064703632914115072
-22.5,-0.064757160647571421,0,0.064757160647571421
-22.4725,-0.064810765451730701,0,0.064810765451730701
-22.445,-0.064864447440261985,0,0.064864447440261985
-22.4175,-0.064918206726688688,0,0.064918206726688688
-22.390000000000001,-0.064972043424378567,0,0.064972043424378567
-22.362500000000001,-0.065025957646545063,0,0.065025957646545063
-22.335000000000001,-0.065079949506239743,0,0.065079949506239743
-22.307500000000001,-0.065134019116345643,0,0.065134019116345643
-22.280000000000001,-0.065188166589577046,0,0.065188166589577046
-22.252500000000001,-0.065242392038471042,0,0.065242392038471042
-22.225000000000001,-0.065296695575384422,0,0.065296695575384422
-22.197500000000002,-0.065351077312487904,0,0.065351077312487904
-22.170000000000002,-0.06540553736176169,0,0.06540553736176169
-22.142499999999998,-0.065460075834989473,0,0.065460075834989473
-22.114999999999998,-0.06551469284375333,0,0.06551469284375333
-22.087499999999999,-0.065569388499432169,0,0.065569388499432169
-22.059999999999999,-0.06562416291318951,0,0.06562416291318951
-22.032499999999999,-0.065679016195974826,0,0.065679016195974826
-22.004999999999999,-0.065733948458514213,0,0.065733948458514213
-21.977499999999999,-0.065788959811306835,0,0.065788959811306835
-21.949999999999999,-0.065844050364618045,0,0.065844050364618045
-21.922499999999999,-0.065899220228475164,0,0.065899220228475164
-21.895,-0.065954469512660152,0,0.065954469512660152
-21.8675,-0.06600979832670606,0,0.06600979832670606
-21.84,-0.06606520677988903,0,0.06606520677988903
-21.8125,-0.066120694981225192,0,0.066120694981225192
-21.785,-0.06617626303946067,0,0.06617626303946067
-21.7575,-0.06623191106306936,0,0.06623191106306936
-21.73,-0.066287639160245604,0,0.066287639160245604
-21.702500000000001,-0.066343447438897307,0,0.066343447438897307
-21.675000000000001,-0.066399336006640164,0,0.066399336006640164
-21.647500000000001,-0.066455304970791662,0,0.066455304970791662
-21.620000000000001,-0.066511354438365089,0,0.066511354438365089
-21.592500000000001,-0.066567484516061537,0,0.066567484516061537
-21.565000000000001,-0.066623695310265241,0,0.066623695310265241
-21.537500000000001,-0.066679986927035584,0,0.066679986927035584
-21.510000000000002,-0.066736359472101547,0,0.066736359472101547
-21.482500000000002,-0.066792813050853272,0,0.066792813050853272
-21.454999999999998,-0.066849347768337397,0,0.066849347768337397
-21.427499999999998,-0.06690596372924773,0,0.06690596372924773
-21.399999999999999,-0.066962661037921256,0,0.066962661037921256
-21.372499999999999,-0.067019439798327918,0,0.067019439798327918
-21.344999999999999,-0.067076300114065512,0,0.067076300114065512
-21.317499999999999,-0.067133242088351031,0,0.067133242088351031
-21.289999999999999,-0.067190265824014661,0,0.067190265824014661
-21.262499999999999,-0.067247371423492019,0,0.067247371423492019
-21.234999999999999,-0.067304558988815266,0,0.067304558988815266
-21.2075,-0.067361828621606445,0,0.067361828621606445
-21.18,-0.067419180423071934,0,0.067419180423071934
-21.1525,-0.067476614493990228,0,0.067476614493990228
-21.125,-0.067534130934707726,0,0.067534130934707726
-21.0975,-0.067591729845127624,0,0.067591729845127624
-21.07,-0.067649411324706143,0,0.067649411324706143
-21.0425,-0.067707175472440539,0,0.067707175472440539
-21.015000000000001,-0.067765022386860663,0,0.067765022386860663
-20.987500000000001,-0.067822952166024741,0,0.067822952166024741
-20.960000000000001,-0.067880964907506725,0,0.067880964907506725
-20.932500000000001,-0.067939060708388288,0,0.067939060708388288
-20.905000000000001,-0.067997239665252396,0,0.067997239665252396
-20.877500000000001,-0.068055501874173308,0,0.068055501874173308
-20.850000000000001,-0.068113847430705698,0,0.068113847430705698
-20.822500000000002,-0.068172276429878886,0,0.068172276429878886
-20.795000000000002,-0.068230788966185951,0,0.068230788966185951
-20.767499999999998,-0.06828938513357552,0,0.06828938513357552
-20.739999999999998,-0.068348065025439775,0,0.068348065025439775
-20.712499999999999,-0.068406828734609348,0,0.068406828734609348
-20.684999999999999,-0.068465676353340443,0,0.068465676353340443
-20.657499999999999,-0.068524607973305951,0,0.068524607973305951
-20.629999999999999,-0.068583623685585682,0,0.068583623685585682
-20.602499999999999,-0.068642723580658149,0,0.068642723580658149
-20.574999999999999,-0.068701907748387914,0,0.068701907748387914
-20.547499999999999,-0.068761176278016256,0,0.068761176278016256
-20.52,-0.068820529258152296,0,0.068820529258152296
-20.4925,-0.068879966776761226,0,0.068879966776761226
-20.465,-0.068939488921154979,0,0.068939488921154979
-20.4375,-0.068999095777978692,0,0.068999095777978692
-20.41,-0.069058787433204483,0,0.069058787433204483
-20.3825,-0.069118563972117686,0,0.069118563972117686
-20.355,-0.069178425479304861,0,0.069178425479304861
-20.327500000000001,-0.069238372038646467,0,0.069238372038646467
-20.300000000000001,-0.069298403733301317,0,0.069298403733301317
-20.272500000000001,-0.069358520645698141,0,0.069358520645698141
-20.245000000000001,-0.069418722857523374,0,0.069418722857523374
-20.217500000000001,-0.069479010449708278,0,0.069479010449708278
-20.190000000000001,-0.069539383502418284,0,0.069539383502418284
-20.162500000000001,-0.06959984209504122,0,0.06959984209504122
-20.135000000000002,-0.069660386306174882,0,0.069660386306174882
-20.107500000000002,-0.069721016213613041,0,0.069721016213613041
-20.079999999999998,-0.069781731894337007,0,0.069781731894337007
-20.052499999999998,-0.069842533424498976,0,0.069842533424498976
-20.024999999999999,-0.069903420879412703,0,0.069903420879412703
-19.997499999999999,-0.069964394333537738,0,0.069964394333537738
-19.969999999999999,-0.070025453860468101,0,0.070025453860468101
-19.942499999999999,-0.070086599532918958,0,0.070086599532918958
-19.914999999999999,-0.070147831422713969,0,0.070147831422713969
-19.887499999999999,-0.070209149600770182,0,0.070209149600770182
-19.859999999999999,-0.070270554137085162,0,0.070270554137085162
-19.8325,-0.070332045100724105,0,0.070332045100724105
-19.805,-0.070393622559804969,0,0.070393622559804969
-19.7775,-0.070455286581484478,0,0.070455286581484478
-19.75,-0.070517037231943247,0,0.070517037231943247
-19.7225,-0.070578874576372463,0,0.070578874576372463
-19.695,-0.070640798678959893,0,0.070640798678959893
-19.6675,-0.070702809602872119,0,0.070702809602872119
-19.640000000000001,-0.070764907410242772,0,0.070764907410242772
-19.612500000000001,-0.070827092162154548,0,0.070827092162154548
-19.585000000000001,-0.070889363918628323,0,0.070889363918628323
-19.557500000000001,-0.070951722738600953,0,0.070951722738600953
-19.530000000000001,-0.071014168679916168,0,0.071014168679916168
-19.502500000000001,-0.071076701799304587,0,0.071076701799304587
-19.475000000000001,-0.071139322152369511,0,0.071139322152369511
-19.447500000000002,-0.071202029793569155,0,0.071202029793569155
-19.420000000000002,-0.07126482477620133,0,0.07126482477620133
-19.392499999999998,-0.071327707152387898,0,0.071327707152387898
-19.364999999999998,-0.07139067697305479,0,0.07139067697305479
-19.337499999999999,-0.071453734287917792,0,0.071453734287917792
-19.309999999999999,-0.07151687914546323,0,0.07151687914546323
-19.282499999999999,-0.071580111592931983,0,0.071580111592931983
-19.254999999999999,-0.071643431676302383,0,0.071643431676302383
-19.227499999999999,-0.071706839440269565,0,0.071706839440269565
-19.199999999999999,-0.071770334928229707,0,0.071770334928229707
-19.172499999999999,-0.071833918182260925,0,0.071833918182260925
-19.145,-0.071897589243105298,0,0.071897589243105298
-19.1175,-0.071961348150148874,0,0.071961348150148874
-19.09,-0.072025194941405246,0,0.072025194941405246
-19.0625,-0.07208912965349179,0,0.07208912965349179
-19.035,-0.072153152321615455,0,0.072153152321615455
-19.0075,-0.072217262979549668,0,0.072217262979549668
-18.98,-0.072281461659615021,0,0.072281461659615021
-18.952500000000001,-0.07234574839266017,0,0.07234574839266017
-18.925000000000001,-0.072410123208041188,0,0.072410123208041188
-18.897500000000001,-0.072474586133599583,0,0.072474586133599583
-18.870000000000001,-0.072539137195642533,0,0.072539137195642533
-18.842500000000001,-0.072603776418921795,0,0.072603776418921795
-18.815000000000001,-0.072668503826612385,0,0.072668503826612385
-18.787500000000001,-0.072733319440290378,0,0.072733319440290378
-18.760000000000002,-0.072798223279911145,0,0.072798223279911145
-18.732500000000002,-0.07286321536378737,0,0.07286321536378737
-18.704999999999998,-0.07292829570856707,0,0.07292829570856707
-18.677499999999998,-0.07299346432920939,0,0.07299346432920939
-18.649999999999999,-0.073058721238963953,0,0.073058721238963953
-18.622499999999999,-0.073124066449345326,0,0.073124066449345326
-18.594999999999999,-0.073189499970110372,0,0.073189499970110372
-18.567499999999999,-0.073255021809236043,0,0.073255021809236043
-18.539999999999999,-0.073320631972891404,0,0.073320631972891404
-18.512499999999999,-0.073386330465416982,0,0.073386330465416982
-18.484999999999999,-0.073452117289298791,0,0.073452117289298791
-18.4575,-0.073517992445143454,0,0.073517992445143454
-18.43,-0.073583955931651346,0,0.073583955931651346
-18.4025,-0.073650007745593493,0,0.073650007745593493
-18.375,-0.073716147881784266,0,0.073716147881784266
-18.3475,-0.073782376333055844,0,0.073782376333055844
-18.32,-0.073848693090230677,0,0.073848693090230677
-18.2925,-0.073915098142094626,0,0.073915098142094626
-18.265000000000001,-0.073981591475372532,0,0.073981591475372532
-18.237500000000001,-0.074048173074696244,0,0.074048173074696244
-18.210000000000001,-0.074114842922580859,0,0.074114842922580859
-18.182500000000001,-0.074181600999393416,0,0.074181600999393416
-18.155000000000001,-0.074248447283326691,0,0.074248447283326691
-18.127500000000001,-0.074315381750369447,0,0.074315381750369447
-18.100000000000001,-0.074382404374276456,0,0.074382404374276456
-18.072500000000002,-0.0744495151265403,0,0.0744495151265403
-18.045000000000002,-0.074516713976360283,0,0.074516713976360283
-18.017499999999998,-0.074584000890612678,0,0.074584000890612678
-17.990000000000002,-0.074651375833820977,0,0.074651375833820977
-17.962499999999999,-0.074718838768122131,0,0.074718838768122131
-17.935000000000002,-0.074786389653239027,0,0.074786389653239027
-17.907499999999999,-0.074854028446445176,0,0.074854028446445176
-17.880000000000003,-0.074921755102534071,0,0.074921755102534071
-17.852499999999999,-0.074989569573786774,0,0.074989569573786774
-17.825000000000003,-0.075057471809939047,0,0.075057471809939047
-17.797499999999999,-0.075125461758146272,0,0.075125461758146272
-17.770000000000003,-0.075193539362952366,0,0.075193539362952366
-17.7425,-0.075261704566253806,0,0.075261704566253806
-17.715000000000003,-0.075329957307264772,0,0.075329957307264772
-17.6875,-0.075398297522484059,0,0.075398297522484059
-17.659999999999997,-0.07546672514565711,0,0.07546672514565711
-17.6325,-0.075535240107741375,0,0.075535240107741375
-17.604999999999997,-0.075603842336870786,0,0.075603842336870786
-17.577500000000001,-0.075672531758316675,0,0.075672531758316675
-17.549999999999997,-0.075741308294454246,0,0.075741308294454246
-17.522500000000001,-0.075810171864719944,0,0.075810171864719944
-17.494999999999997,-0.075879122385578146,0,0.075879122385578146
-17.467500000000001,-0.075948159770478529,0,0.075948159770478529
-17.439999999999998,-0.076017283929819657,0,0.076017283929819657
-17.412500000000001,-0.076086494770909452,0,0.076086494770909452
-17.384999999999998,-0.076155792197922567,0,0.076155792197922567
-17.357500000000002,-0.07622517611186197,0,0.07622517611186197
-17.329999999999998,-0.076294646410518085,0,0.076294646410518085
-17.302500000000002,-0.076364202988425278,0,0.076364202988425278
-17.274999999999999,-0.076433845736822326,0,0.076433845736822326
-17.247500000000002,-0.076503574543606678,0,0.076503574543606678
-17.219999999999999,-0.076573389293295158,0,0.076573389293295158
-17.192500000000003,-0.076643289866977771,0,0.076643289866977771
-17.164999999999999,-0.076713276142272413,0,0.076713276142272413
-17.137500000000003,-0.076783347993284012,0,0.076783347993284012
-17.109999999999999,-0.076853505290555013,0,0.076853505290555013
-17.082500000000003,-0.076923747901022521,0,0.076923747901022521
-17.055,-0.076994075687970343,0,0.076994075687970343
-17.027500000000003,-0.077064488510982576,0,0.077064488510982576
-17,-0.07713498622589543,0,0.07713498622589543
-16.972499999999997,-0.077205568684750148,0,0.077205568684750148
-16.945,-0.077276235735743048,0,0.077276235735743048
-16.917499999999997,-0.077346987223175567,0,0.077346987223175567
-16.890000000000001,-0.077417822987408291,0,0.077417822987408291
-16.862499999999997,-0.077488742864804339,0,0.077488742864804339
-16.835000000000001,-0.077559746687680731,0,0.077559746687680731
-16.807499999999997,-0.077630834284259986,0,0.077630834284259986
-16.780000000000001,-0.07770200547861128,0,0.07770200547861128
-16.752499999999998,-0.077773260090602259,0,0.077773260090602259
-16.725000000000001,-0.077844597935841975,0,0.077844597935841975
-16.697499999999998,-0.077916018825627598,0,0.077916018825627598
-16.670000000000002,-0.077987522566890233,0,0.077987522566890233
-16.642499999999998,-0.078059108962137413,0,0.078059108962137413
-16.615000000000002,-0.078130777809395813,0,0.078130777809395813
-16.587499999999999,-0.078202528902156621,0,0.078202528902156621
-16.560000000000002,-0.078274362029314704,0,0.078274362029314704
-16.532499999999999,-0.078346276975112206,0,0.078346276975112206
-16.505000000000003,-0.078418273519076598,0,0.078418273519076598
-16.477499999999999,-0.07849035143596228,0,0.07849035143596228
-16.450000000000003,-0.078562510495688187,0,0.078562510495688187
-16.422499999999999,-0.078634750463278058,0,0.078634750463278058
-16.395000000000003,-0.078707071098794268,0,0.078707071098794268
-16.3675,-0.078779472157277874,0,0.078779472157277874
-16.340000000000003,-0.078851953388683782,0,0.078851953388683782
-16.3125,-0.078924514537812351,0,0.078924514537812351
-16.284999999999997,-0.078997155344248782,0,0.078997155344248782
-16.2575,-0.079069875542293611,0,0.079069875542293611
-16.229999999999997,-0.079142674860894546,0,0.079142674860894546
-16.202500000000001,-0.079215553023579632,0,0.079215553023579632
-16.174999999999997,-0.079288509748386637,0,0.079288509748386637
-16.147500000000001,-0.079361544747795332,0,0.079361544747795332
-16.119999999999997,-0.079434657728653102,0,0.079434657728653102
-16.092500000000001,-0.079507848392105895,0,0.079507848392105895
-16.064999999999998,-0.079581116433523613,0,0.079581116433523613
-16.037500000000001,-0.079654461542426835,0,0.079654461542426835
-16.009999999999998,-0.079727883402413546,0,0.079727883402413546
-15.982500000000002,-0.079801381691080753,0,0.079801381691080753
-15.954999999999998,-0.079874956079949433,0,0.079874956079949433
-15.927500000000002,-0.079948606234387265,0,0.079948606234387265
-15.899999999999999,-0.080022331813529579,0,0.080022331813529579
-15.872500000000002,-0.080096132470198533,0,0.080096132470198533
-15.844999999999999,-0.080170007850825176,0,0.080170007850825176
-15.817500000000003,-0.080243957595364845,0,0.080243957595364845
-15.789999999999999,-0.080317981337216127,0,0.080317981337216127
-15.762500000000003,-0.080392078703136693,0,0.080392078703136693
-15.734999999999999,-0.080466249313158045,0,0.080466249313158045
-15.707500000000003,-0.080540492780500461,0,0.080540492780500461
-15.68,-0.080614808711485297,0,0.080614808711485297
-15.652500000000003,-0.080689196705446165,0,0.080689196705446165
-15.625,-0.080763656354640556,0,0.080763656354640556
-15.597499999999997,-0.080838187244158366,0,0.080838187244158366
-15.57,-0.080912788951831738,0,0.080912788951831738
-15.542499999999997,-0.080987461048140696,0,0.080987461048140696
-15.515000000000001,-0.081062203096119445,0,0.081062203096119445
-15.487499999999997,-0.081137014651261552,0,0.081137014651261552
-15.460000000000001,-0.081211895261422917,0,0.081211895261422917
-15.432499999999997,-0.081286844466723851,0,0.081286844466723851
-15.405000000000001,-0.081361861799450041,0,0.081361861799450041
-15.377499999999998,-0.081436946783953079,0,0.081436946783953079
-15.350000000000001,-0.081512098936547428,0,0.081512098936547428
-15.322499999999998,-0.081587317765408951,0,0.081587317765408951
-15.295000000000002,-0.081662602770467441,0,0.081662602770467441
-15.267499999999998,-0.081737953443306033,0,0.081737953443306033
-15.240000000000002,-0.081813369267048408,0,0.081813369267048408
-15.212499999999999,-0.081888849716254652,0,0.081888849716254652
-15.185000000000002,-0.081964394256808459,0,0.081964394256808459
-15.157499999999999,-0.082040002345807883,0,0.082040002345807883
-15.130000000000003,-0.08211567343145032,0,0.08211567343145032
-15.102499999999999,-0.082191406952920154,0,0.082191406952920154
-15.075000000000003,-0.082267202340272183,0,0.082267202340272183
-15.047499999999999,-0.082343059014312825,0,0.082343059014312825
-15.020000000000003,-0.082418976386483322,0,0.082418976386483322
-14.9925,-0.082494953858738285,0,0.082494953858738285
-14.965000000000003,-0.082570990823423118,0,0.082570990823423118
-14.9375,-0.082647086663151237,0,0.082647086663151237
-14.909999999999997,-0.082723240750677052,0,0.082723240750677052
-14.8825,-0.082799452448771405,0,0.082799452448771405
-14.854999999999997,-0.082875721110090783,0,0.082875721110090783
-14.827500000000001,-0.082952046077047648,0,0.082952046077047648
-14.799999999999997,-0.083028426681677647,0,0.083028426681677647
-14.772500000000001,-0.083104862245506617,0,0.083104862245506617
-14.744999999999997,-0.083181352079414461,0,0.083181352079414461
-14.717500000000001,-0.083257895483496824,0,0.083257895483496824
-14.689999999999998,-0.083334491746926975,0,0.083334491746926975
-14.662500000000001,-0.083411140147813478,0,0.083411140147813478
-14.634999999999998,-0.083487839953057197,0,0.083487839953057197
-14.607500000000002,-0.083564590418207629,0,0.083564590418207629
-14.579999999999998,-0.083641390787312364,0,0.083641390787312364
-14.552500000000002,-0.083718240292772972,0,0.083718240292772972
-14.524999999999999,-0.083795138155189131,0,0.083795138155189131
-14.497500000000002,-0.083872083583208967,0,0.083872083583208967
-14.469999999999999,-0.083949075773372517,0,0.083949075773372517
-14.442500000000003,-0.084026113909954514,0,0.084026113909954514
-14.414999999999999,-0.084103197164804966,0,0.084103197164804966
-14.387500000000003,-0.084180324697188169,0,0.084180324697188169
-14.359999999999999,-0.084257495653618841,0,0.084257495653618841
-14.332500000000003,-0.084334709167694921,0,0.084334709167694921
-14.305,-0.084411964359931924,0,0.084411964359931924
-14.277500000000003,-0.084489260337590411,0,0.084489260337590411
-14.25,-0.084566596194503685,0,0.084566596194503685
-14.222499999999997,-0.084643971010901042,0,0.084643971010901042
-14.195,-0.084721383853235688,0,0.084721383853235688
-14.167499999999997,-0.084798833773997329,0,0.084798833773997329
-14.140000000000001,-0.084876319811534984,0,0.084876319811534984
-14.112499999999997,-0.084953840989870022,0,0.084953840989870022
-14.085000000000001,-0.085031396318508534,0,0.085031396318508534
-14.057499999999997,-0.085108984792253262,0,0.085108984792253262
-14.030000000000001,-0.085186605391006642,0,0.085186605391006642
-14.002499999999998,-0.085264257079581185,0,0.085264257079581185
-13.975000000000001,-0.085341938807496964,0,0.085341938807496964
-13.947499999999998,-0.085419649508782003,0,0.085419649508782003
-13.920000000000002,-0.085497388101769989,0,0.085497388101769989
-13.892499999999998,-0.085575153488892663,0,0.085575153488892663
-13.865000000000002,-0.085652944556470434,0,0.085652944556470434
-13.837499999999999,-0.085730760174502096,0,0.085730760174502096
-13.810000000000002,-0.085808599196447233,0,0.085808599196447233
-13.782499999999999,-0.085886460459010161,0,0.085886460459010161
-13.755000000000003,-0.085964342781917447,0,0.085964342781917447
-13.727499999999999,-0.086042244967695414,0,0.086042244967695414
-13.700000000000003,-0.086120165801440551,0,0.086120165801440551
-13.672499999999999,-0.086198104050591251,0,0.086198104050591251
-13.645000000000003,-0.08627605846469355,0,0.08627605846469355
-13.6175,-0.08635402777516199,0,0.08635402777516199
-13.590000000000003,-0.086432010695042916,0,0.086432010695042916
-13.5625,-0.086510005918768895,0,0.086510005918768895
-13.534999999999997,-0.086588012121910474,0,0.086588012121910474
-13.5075,-0.086666027960928593,0,0.086666027960928593
-13.479999999999997,-0.086744052072918132,0,0.086744052072918132
-13.452500000000001,-0.086822083075349665,0,0.086822083075349665
-13.424999999999997,-0.086900119565811895,0,0.086900119565811895
-13.397500000000001,-0.086978160121741865,0,0.086978160121741865
-13.369999999999997,-0.087056203300160728,0,0.087056203300160728
-13.342500000000001,-0.087134247637395745,0,0.087134247637395745
-13.314999999999998,-0.087212291648810059,0,0.087212291648810059
-13.287500000000001,-0.087290333828517808,0,0.087290333828517808
-13.259999999999998,-0.087368372649101245,0,0.087368372649101245
-13.232500000000002,-0.087446406561322076,0,0.087446406561322076
-13.204999999999998,-0.08752443399382992,0,0.08752443399382992
-13.177500000000002,-0.087602453352863874,0,0.087602453352863874
-13.149999999999999,-0.087680463021952537,0,0.087680463021952537
-13.122500000000002,-0.087758461361609141,0,0.087758461361609141
-13.094999999999999,-0.08783644670902091,0,0.08783644670902091
-13.067500000000003,-0.087914417377735088,0,0.087914417377735088
-13.039999999999999,-0.087992371657341639,0,0.087992371657341639
-13.012500000000003,-0.088070307813147508,0,0.088070307813147508
-12.984999999999999,-0.088148224085850879,0,0.088148224085850879
-12.957500000000003,-0.088226118691208777,0,0.088226118691208777
-12.93,-0.088303989819696893,0,0.088303989819696893
-12.902500000000003,-0.088381835636171191,0,0.088381835636171191
-12.875,-0.088459654279515743,0,0.088459654279515743
-12.847499999999997,-0.088537443862295673,0,0.088537443862295673
-12.82,-0.088615202470397003,0,0.088615202470397003
-12.792499999999997,-0.088692928162662499,0,0.088692928162662499
-12.765000000000001,-0.088770618970526627,0,0.088770618970526627
-12.737499999999997,-0.08884827289764119,0,0.08884827289764119
-12.710000000000001,-0.08892588791949585,0,0.08892588791949585
-12.682499999999997,-0.08900346198303466,0,0.08900346198303466
-12.655000000000001,-0.089080993006265707,0,0.089080993006265707
-12.627499999999998,-0.089158478877864766,0,0.089158478877864766
-12.600000000000001,-0.089235917456776503,0,0.089235917456776503
-12.572499999999998,-0.089313306571802586,0,0.089313306571802586
-12.545000000000002,-0.089390644021192678,0,0.089390644021192678
-12.517499999999998,-0.089467927572222772,0,0.089467927572222772
-12.490000000000002,-0.089545154960768425,0,0.089545154960768425
-12.462499999999999,-0.089622323890875988,0,0.089622323890875988
-12.435000000000002,-0.089699432034319626,0,0.089699432034319626
-12.407499999999999,-0.089776477030161672,0,0.089776477030161672
-12.380000000000003,-0.089853456484296546,0,0.089853456484296546
-12.352499999999999,-0.089930367968995339,0,0.089930367968995339
-12.325000000000003,-0.090007209022438417,0,0.090007209022438417
-12.297499999999999,-0.090083977148245786,0,0.090083977148245786
-12.270000000000003,-0.090160669814995487,0,0.090160669814995487
-12.2425,-0.090237284455739752,0,0.090237284455739752
-12.215000000000003,-0.090313818467509632,0,0.090313818467509632
-12.1875,-0.0903902692108145,0,0.0903902692108145
-12.159999999999997,-0.090466634009133351,0,0.090466634009133351
-12.1325,-0.090542910148399658,0,0.090542910148399658
-12.104999999999997,-0.09061909487647557,0,0.09061909487647557
-12.077500000000001,-0.09069518540262167,0,0.09069518540262167
-12.049999999999997,-0.090771178896954741,0,0.090771178896954741
-12.022500000000001,-0.090847072489903757,0,0.090847072489903757
-11.994999999999997,-0.090922863271648779,0,0.090922863271648779
-11.967500000000001,-0.090998548291559178,0,0.090998548291559178
-11.939999999999998,-0.091074124557617875,0,0.091074124557617875
-11.912500000000001,-0.091149589035842027,0,0.091149589035842027
-11.884999999999998,-0.091224938649688392,0,0.091224938649688392
-11.857500000000002,-0.09130017027945625,0,0.09130017027945625
-11.829999999999998,-0.09137528076167456,0,0.09137528076167456
-11.802500000000002,-0.091450266888487564,0,0.091450266888487564
-11.774999999999999,-0.091525125407022623,0,0.091525125407022623
-11.747500000000002,-0.091599853018755395,0,0.091599853018755395
-11.719999999999999,-0.091674446378859242,0,0.091674446378859242
-11.692500000000003,-0.0917489020955502,0,0.0917489020955502
-11.664999999999999,-0.091823216729416401,0,0.091823216729416401
-11.637500000000003,-0.091897386792743285,0,0.091897386792743285
-11.609999999999999,-0.091971408748820149,0,0.091971408748820149
-11.582500000000003,-0.092045279011246484,0,0.092045279011246484
-11.555,-0.092118993943216321,0,0.092118993943216321
-11.527500000000003,-0.092192549856800365,0,0.092192549856800365
-11.5,-0.092265943012211693,0,0.092265943012211693
-11.472499999999997,-0.092339169617061678,0,0.092339169617061678
-11.445,-0.092412225825605931,0,0.092412225825605931
-11.417499999999997,-0.09248510773797447,0,0.09248510773797447
-11.390000000000001,-0.092557811399393453,0,0.092557811399393453
-11.362499999999997,-0.092630332799393811,0,0.092630332799393811
-11.335000000000001,-0.092702667871004563,0,0.092702667871004563
-11.307499999999997,-0.09277481248993813,0,0.09277481248993813
-11.280000000000001,-0.092846762473760558,0,0.092846762473760558
-11.252499999999998,-0.092918513581046192,0,0.092918513581046192
-11.225000000000001,-0.092990061510523025,0,0.092990061510523025
-11.197499999999998,-0.09306140190020229,0,0.09306140190020229
-11.170000000000002,-0.093132530326493823,0,0.093132530326493823
-11.142499999999998,-0.09320344230330968,0,0.09320344230330968
-11.115000000000002,-0.093274133281150418,0,0.093274133281150418
-11.087499999999999,-0.093344598646178945,0,0.093344598646178945
-11.060000000000002,-0.093414833719278167,0,0.093414833719278167
-11.032499999999999,-0.093484833755095309,0,0.093484833755095309
-11.005000000000003,-0.093554593941069131,0,0.093554593941069131
-10.977499999999999,-0.093624109396441835,0,0.093624109396441835
-10.950000000000003,-0.093693375171255644,0,0.093693375171255644
-10.922499999999999,-0.093762386245332952,0,0.093762386245332952
-10.895000000000003,-0.09383113752724026,0,0.09383113752724026
-10.8675,-0.093899623853234804,0,0.093899623853234804
-10.840000000000003,-0.093967839986192292,0,0.093967839986192292
-10.8125,-0.094035780614523778,0,0.094035780614523778
-10.784999999999997,-0.094103440351065881,0,0.094103440351065881
-10.7575,-0.094170813731958569,0,0.094170813731958569
-10.729999999999997,-0.094237895215506517,0,0.094237895215506517
-10.702500000000001,-0.094304679181013817,0,0.094304679181013817
-10.674999999999997,-0.094371159927607806,0,0.094371159927607806
-10.647500000000001,-0.094437331673039138,0,0.094437331673039138
-10.619999999999997,-0.094503188552464312,0,0.094503188552464312
-10.592500000000001,-0.094568724617204891,0,0.094568724617204891
-10.564999999999998,-0.094633933833492057,0,0.094633933833492057
-10.537500000000001,-0.094698810081182971,0,0.094698810081182971
-10.509999999999998,-0.094763347152462263,0,0.094763347152462263
-10.482500000000002,-0.09482753875051908,0,0.09482753875051908
-10.454999999999998,-0.094891378488201061,0,0.094891378488201061
-10.427500000000002,-0.094954859886649201,0,0.094954859886649201
-10.399999999999999,-0.095017976373908741,0,0.095017976373908741
-10.372500000000002,-0.095080721283512304,0,0.095080721283512304
-10.344999999999999,-0.095143087853048147,0,0.095143087853048147
-10.317500000000003,-0.09520506922269667,0,0.09520506922269667
-10.289999999999999,-0.095266658433745377,0,0.095266658433745377
-10.262500000000003,-0.095327848427080308,0,0.095327848427080308
-10.234999999999999,-0.095388632041647936,0,0.095388632041647936
-10.207500000000003,-0.095449002012896189,0,0.095449002012896189
-10.18,-0.09550895097118528,0,0.09550895097118528
-10.152500000000003,-0.095568471440171443,0,0.095568471440171443
-10.125,-0.095627555835168243,0,0.095627555835168243
-10.097499999999997,-0.095686196461473028,0,0.095686196461473028
-10.07,-0.095744385512669394,0,0.095744385512669394
-10.042499999999997,-0.095802115068900129,0,0.095802115068900129
-10.015000000000001,-0.095859377095108611,0,0.095859377095108611
-9.9874999999999972,-0.095916163439254909,0,0.095916163439254909
-9.9600000000000009,-0.095972465830492792,0,0.095972465830492792
-9.9324999999999974,-0.096028275877324099,0,0.096028275877324099
-9.9050000000000011,-0.096083585065716237,0,0.096083585065716237
-9.8774999999999977,-0.096138384757190609,0,0.096138384757190609
-9.8500000000000014,-0.096192666186873277,0,0.096192666186873277
-9.822499999999998,-0.096246420461516102,0,0.096246420461516102
-9.7950000000000017,-0.096299638557482137,0,0.096299638557482137
-9.7674999999999983,-0.096352311318695927,0,0.096352311318695927
-9.740000000000002,-0.096404429454556961,0,0.096404429454556961
-9.7124999999999986,-0.096455983537819368,0,0.096455983537819368
-9.6850000000000023,-0.096506964002433637,0,0.096506964002433637
-9.6574999999999989,-0.096557361141345721,0,0.096557361141345721
-9.6300000000000026,-0.096607165104267922,0,0.096607165104267922
-9.6024999999999991,-0.09665636589539961,0,0.09665636589539961
-9.5750000000000028,-0.096704953371114399,0,0.096704953371114399
-9.5474999999999994,-0.096752917237604485,0,0.096752917237604485
-9.5200000000000031,-0.096800247048483001,0,0.096800247048483001
-9.4924999999999997,-0.096846932202346192,0,0.096846932202346192
-9.4650000000000034,-0.096892961940287181,0,0.096892961940287181
-9.4375,-0.096938325343372211,0,0.096938325343372211
-9.4099999999999966,-0.09698301133006626,0,0.09698301133006626
-9.3825000000000003,-0.097027008653617575,0,0.097027008653617575
-9.3549999999999969,-0.097070305899388698,0,0.097070305899388698
-9.3275000000000006,-0.097112891482147079,0,0.097112891482147079
-9.2999999999999972,-0.097154753643303504,0,0.097154753643303504
-9.2725000000000009,-0.097195880448098793,0,0.097195880448098793
-9.2449999999999974,-0.097236259782744305,0,0.097236259782744305
-9.2175000000000011,-0.097275879351507388,0,0.097275879351507388
-9.1899999999999977,-0.097314726673746632,0,0.097314726673746632
-9.1625000000000014,-0.097352789080887403,0,0.097352789080887403
-9.134999999999998,-0.097390053713353186,0,0.097390053713353186
-9.1075000000000017,-0.097426507517428984,0,0.097426507517428984
-9.0799999999999983,-0.097462137242077862,0,0.097462137242077862
-9.052500000000002,-0.097496929435691104,0,0.097496929435691104
-9.0249999999999986,-0.097530870442783968,0,0.097530870442783968
-8.9975000000000023,-0.097563946400629042,0,0.097563946400629042
-8.9699999999999989,-0.097596143235827215,0,0.097596143235827215
-8.9425000000000026,-0.097627446660816242,0,0.097627446660816242
-8.9149999999999991,-0.097657842170315368,0,0.097657842170315368
-8.8875000000000028,-0.097687315037702005,0,0.097687315037702005
-8.8599999999999994,-0.097715850311323793,0,0.097715850311323793
-8.8325000000000031,-0.097743432810738051,0,0.097743432810738051
-8.8049999999999997,-0.097770047122889059,0,0.097770047122889059
-8.7775000000000034,-0.097795677598204067,0,0.097795677598204067
-8.75,-0.097820308346624252,0,0.097820308346624252
-8.7224999999999966,-0.09784392323355573,0,0.09784392323355573
-8.6950000000000003,-0.097866505875749299,0,0.097866505875749299
-8.6674999999999969,-0.0978880396370998,0,0.0978880396370998
-8.6400000000000006,-0.097908507624364649,0,0.097908507624364649
-8.6124999999999972,-0.097927892682806883,0,0.097927892682806883
-8.5850000000000009,-0.097946177391751155,0,0.097946177391751155
-8.5574999999999974,-0.097963344060055135,0,0.097963344060055135
-8.5300000000000011,-0.097979374721498314,0,0.097979374721498314
-8.5024999999999977,-0.097994251130081089,0,0.097994251130081089
-8.4750000000000014,-0.098007954755231719,0,0.098007954755231719
-8.447499999999998,-0.098020466776926218,0,0.098020466776926218
-8.4200000000000017,-0.098031768080711457,0,0.098031768080711457
-8.3924999999999983,-0.098041839252632101,0,0.098041839252632101
-8.365000000000002,-0.098050660574062531,0,0.098050660574062531
-8.3374999999999986,-0.09805821201643683,0,0.09805821201643683
-8.3100000000000023,-0.098064473235878191,0,0.098064473235878191
-8.2824999999999989,-0.09806942356772308,0,0.09806942356772308
-8.2550000000000026,-0.098073042020939249,0,0.098073042020939249
-8.2274999999999991,-0.098075307272435408,0,0.098075307272435408
-8.2000000000000028,-0.098076197661259856,0,0.098076197661259856
-8.1724999999999994,-0.098075691182686109,0,0.098075691182686109
-8.1450000000000031,-0.098073765482180386,0,0.098073765482180386
-8.1174999999999997,-0.098070397849254531,0,0.098070397849254531
-8.0900000000000034,-0.098065565211192585,0,0.098065565211192585
-8.0625,-0.098059244126659673,0,0.098059244126659673
-8.0349999999999966,-0.098051410779180115,0,0.098051410779180115
-8.0075000000000003,-0.098042040970486743,0,0.098042040970486743
-7.9799999999999969,-0.098031110113739661,0,0.098031110113739661
-7.9525000000000006,-0.098018593226610884,0,0.098018593226610884
-7.9249999999999972,-0.098004464924226653,0,0.098004464924226653
-7.8975000000000009,-0.097988699411974078,0,0.097988699411974078
-7.8699999999999974,-0.097971270478158345,0,0.097971270478158345
-7.8425000000000011,-0.097952151486516925,0,0.097952151486516925
-7.8149999999999977,-0.097931315368580796,0,0.097931315368580796
-7.7875000000000014,-0.097908734615882231,0,0.097908734615882231
-7.759999999999998,-0.097884381272003385,0,0.097884381272003385
-7.7325000000000017,-0.097858226924465885,0,0.097858226924465885
-7.7049999999999983,-0.097830242696455239,0,0.097830242696455239
-7.677500000000002,-0.097800399238374691,0,0.097800399238374691
-7.6499999999999986,-0.097768666719230568,0,0.097768666719230568
-7.6225000000000023,-0.097735014817835975,0,0.097735014817835975
-7.5949999999999989,-0.097699412713840417,0,0.097699412713840417
-7.5675000000000026,-0.097661829078569129,0,0.097661829078569129
-7.5399999999999991,-0.097622232065677661,0,0.097622232065677661
-7.5125000000000028,-0.097580589301612841,0,0.097580589301612841
-7.4849999999999994,-0.097536867875873901,0,0.097536867875873901
-7.4575000000000031,-0.0974910343310742,0,0.0974910343310742
-7.4299999999999997,-0.097443054652795791,0,0.097443054652795791
-7.4025000000000034,-0.097392894259232143,0,0.097392894259232143
-7.375,-0.097340517990613273,0,0.097340517990613273
-7.3474999999999966,-0.097285890098412375,0,0.097285890098412375
-7.3200000000000003,-0.09722897423432153,0,0.09722897423432153
-7.2924999999999969,-0.097169733439001371,0,0.097169733439001371
-7.2650000000000006,-0.097108130130586501,0,0.097108130130586501
-7.2374999999999972,-0.097044126092953764,0,0.097044126092953764
-7.2100000000000009,-0.096977682463739612,0,0.096977682463739612
-7.1824999999999974,-0.096908759722101223,0,0.096908759722101223
-7.1550000000000011,-0.09683731767621917,0,0.09683731767621917
-7.1274999999999977,-0.096763315450532961,0,0.096763315450532961
-7.1000000000000014,-0.09668671147270369,0,0.09668671147270369
-7.072499999999998,-0.09660746346029514,0,0.09660746346029514
-7.0450000000000017,-0.096525528407170436,0,0.096525528407170436
-7.0174999999999983,-0.096440862569595609,0,0.096440862569595609
-6.990000000000002,-0.096353421452038734,0,0.096353421452038734
-6.9624999999999986,-0.096263159792669972,0,0.096263159792669972
-6.9350000000000023,-0.096170031548536095,0,0.096170031548536095
-6.9074999999999989,-0.096073989880421706,0,0.096073989880421706
-6.8800000000000026,-0.095974987137372736,0,0.095974987137372736
-6.8524999999999991,-0.095872974840887748,0,0.095872974840887748
-6.8250000000000028,-0.095767903668755539,0,0.095767903668755539
-6.7974999999999994,-0.095659723438545008,0,0.095659723438545008
-6.7700000000000031,-0.09554838309072422,0,0.09554838309072422
-6.7424999999999997,-0.095433830671409758,0,0.095433830671409758
-6.7150000000000034,-0.095316013314736159,0,0.095316013314736159
-6.6875,-0.095194877224827223,0,0.095194877224827223
-6.6599999999999966,-0.095070367657372756,0,0.095070367657372756
-6.6325000000000003,-0.094942428900788967,0,0.094942428900788967
-6.6049999999999969,-0.094811004256961429,0,0.094811004256961429
-6.5775000000000006,-0.09467603602155239,0,0.09467603602155239
-6.5499999999999972,-0.094537465463865988,0,0.094537465463865988
-6.5225000000000009,-0.094395232806262719,0,0.094395232806262719
-6.4949999999999974,-0.094249277203102055,0,0.094249277203102055
-6.4675000000000011,-0.094099536719214782,0,0.094099536719214782
-6.4399999999999977,-0.093945948307880611,0,0.093945948307880611
-6.4125000000000014,-0.093788447788306195,0,0.093788447788306195
-6.384999999999998,-0.093626969822589112,0,0.093626969822589112
-6.3575000000000017,-0.093461447892154714,0,0.093461447892154714
-6.3299999999999983,-0.093291814273647411,0,0.093291814273647411
-6.302500000000002,-0.093118000014274394,0,0.093118000014274394
-6.2749999999999986,-0.092939934906572264,0,0.092939934906572264
-6.2475000000000023,-0.092757547462596346,0,0.092757547462596346
-6.2199999999999989,-0.092570764887506707,0,0.092570764887506707
-6.1925000000000026,-0.092379513052539775,0,0.092379513052539775
-6.1649999999999991,-0.092183716467354015,0,0.092183716467354015
-6.1375000000000028,-0.091983298251721912,0,0.091983298251721912
-6.1099999999999994,-0.091778180106563134,0,0.091778180106563134
-6.0825000000000031,-0.0915682822842947,0,0.0915682822842947
-6.0549999999999997,-0.091353523558481475,0,0.091353523558481475
-6.0275000000000034,-0.091133821192771247,0,0.091133821192771247
-6,-0.090909090909090828,0,0.090909090909090828
-5.9724999999999966,-0.090679246855087658,0,0.090679246855087658
-5.9450000000000003,-0.090444201570796245,0,0.090444201570796245
-5.9174999999999969,-0.090203865954504359,0,0.090203865954504359
-5.8900000000000006,-0.089958149227807205,0,0.089958149227807205
-5.8624999999999972,-0.089706958899816724,0,0.089706958899816724
-5.8350000000000009,-0.089450200730510021,0,0.089450200730510021
-5.8074999999999974,-0.089187778693194497,0,0.089187778693194497
-5.7800000000000011,-0.088919594936060831,0,0.088919594936060831
-5.7524999999999977,-0.088645549742804253,0,0.088645549742804253
-5.7250000000000014,-0.088365541492283484,0,0.088365541492283484
-5.697499999999998,-0.088079466617198454,0,0.088079466617198454
-5.6700000000000017,-0.087787219561754171,0,0.087787219561754171
-5.6424999999999983,-0.087488692738283635,0,0.087488692738283635
-5.615000000000002,-0.087183776482801845,0,0.087183776482801845
-5.5874999999999986,-0.086872359009466438,0,0.086872359009466438
-5.5600000000000023,-0.086554326363906808,0,0.086554326363906808
-5.5324999999999989,-0.086229562375394364,0,0.086229562375394364
-5.5050000000000026,-0.085897948607823071,0,0.085897948607823071
-5.4774999999999991,-0.085559364309463648,0,0.085559364309463648
-5.4500000000000028,-0.085213686361462759,0,0.085213686361462759
-5.4224999999999994,-0.084860789225044364,0,0.084860789225044364
-5.3950000000000031,-0.084500544887386564,0,0.084500544887386564
-5.3674999999999997,-0.084132822806124885,0,0.084132822806124885
-5.3400000000000034,-0.083757489852457789,0,0.083757489852457789
-5.3125,-0.083374410252799125,0,0.083374410252799125
-5.2849999999999966,-0.082983445528949318,0,0.082983445528949318
-5.2575000000000003,-0.082584454436736676,0,0.082584454436736676
-5.2299999999999969,-0.082177292903087729,0,0.082177292903087729
-5.2025000000000006,-0.081761813961479524,0,0.081761813961479524
-5.1749999999999972,-0.081337867685727261,0,0.081337867685727261
-5.1475000000000009,-0.08090530112206662,0,0.08090530112206662
-5.1199999999999974,-0.0804639582194695,0,0.0804639582194695
-5.0925000000000011,-0.080013679758152323,0,0.080013679758152323
-5.0649999999999977,-0.079554303276221372,0,0.079554303276221372
-5.0375000000000014,-0.079085662994399231,0,0.079085662994399231
-5.009999999999998,-0.078607589738776351,0,0.078607589738776351
-4.9825000000000017,-0.07811991086153669,0,0.07811991086153669
-4.9549999999999983,-0.077622450159587686,0,0.077622450159587686
-4.927500000000002,-0.077115027791040403,0,0.077115027791040403
-4.8999999999999986,-0.076597460189478106,0,0.076597460189478106
-4.8725000000000023,-0.076069559975935119,0,0.076069559975935119
-4.8449999999999989,-0.075531135868538657,0,0.075531135868538657
-4.8175000000000026,-0.07498199258972682,0,0.07498199258972682
-4.7899999999999991,-0.074421930770973921,0,0.074421930770973921
-4.7625000000000028,-0.07385074685496007,0,0.07385074685496007
-4.7349999999999994,-0.073268232995092442,0,0.073268232995092442
-4.7075000000000031,-0.072674176952310487,0,0.072674176952310487
-4.6799999999999997,-0.072068361989086727,0,0.072068361989086727
-4.6525000000000034,-0.071450566760542511,0,0.071450566760542511
-4.625,-0.070820565202587726,0,0.070820565202587726
-4.5974999999999966,-0.070178126416998721,0,0.070178126416998721
-4.5700000000000003,-0.069523014553336759,0,0.069523014553336759
-4.5424999999999969,-0.068854988687610641,0,0.068854988687610641
-4.5150000000000006,-0.068173802697589991,0,0.068173802697589991
-4.4874999999999972,-0.067479205134657105,0,0.067479205134657105
-4.4600000000000009,-0.066770939092098303,0,0.066770939092098303
-4.4324999999999974,-0.066048742069720223,0,0.066048742069720223
-4.4050000000000011,-0.06531234583468204,0,0.06531234583468204
-4.3774999999999977,-0.064561476278417462,0,0.064561476278417462
-4.3500000000000014,-0.063795853269537739,0,0.063795853269537739
-4.322499999999998,-0.063015190502574203,0,0.063015190502574203
-4.2950000000000017,-0.062219195342448685,0,0.062219195342448685
-4.2674999999999983,-0.06140756866451702,0,0.06140756866451702
-4.240000000000002,-0.060580004690065081,0,0.060580004690065081
-4.2124999999999986,-0.059736190817100354,0,0.059736190817100354
-4.1850000000000023,-0.058875807446298944,0,0.058875807446298944
-4.1574999999999989,-0.057998527801948141,0,0.057998527801948141
-4.1300000000000026,-0.057104017747726443,0,0.057104017747726443
-4.1024999999999991,-0.056191935597160958,0,0.056191935597160958
-4.0750000000000028,-0.055261931918585194,0,0.055261931918585194
-4.0474999999999994,-0.054313649334422731,0,0.054313649334422731
-4.0200000000000031,-0.053346722314620454,0,0.053346722314620454
-3.9924999999999997,-0.052360776964027966,0,0.052360776964027966
-3.9650000000000034,-0.051355430803546209,0,0.051355430803546209
-3.9375,-0.050330292544825461,0,0.050330292544825461
-3.9099999999999966,-0.049284961858313325,0,0.049284961858313325
-3.8825000000000003,-0.048219029134435987,0,0.048219029134435987
-3.8549999999999969,-0.047132075237675819,0,0.047132075237675819
-3.8275000000000006,-0.046023671253333509,0,0.046023671253333509
-3.7999999999999972,-0.044893378226711578,0,0.044893378226711578
-3.7725000000000009,-0.043740746894486593,0,0.043740746894486593
-3.7449999999999974,-0.042565317408000736,0,0.042565317408000736
-3.7175000000000011,-0.041366619048210929,0,0.041366619048210929
-3.6899999999999977,-0.040144169932016416,0,0.040144169932016416
-3.6625000000000014,-0.038897476709677248,0,0.038897476709677248
-3.634999999999998,-0.037626034253023244,0,0.037626034253023244
-3.6075000000000017,-0.036329325334154339,0,0.036329325334154339
-3.5799999999999983,-0.03500682029429858,0,0.03500682029429858
-3.552500000000002,-0.033657976702512027,0,0.033657976702512027
-3.5249999999999986,-0.032282239003862401,0,0.032282239003862401
-3.4975000000000023,-0.030879038156754302,0,0.030879038156754302
-3.4699999999999989,-0.029447791259018086,0,0.029447791259018086
-3.4425000000000026,-0.027987901162387585,0,0.027987901162387585
-3.4149999999999991,-0.02649875607495944,0,0.02649875607495944
-3.3875000000000028,-0.024979729151243246,0,0.024979729151243246
-3.3599999999999994,-0.023430178069353325,0,0.023430178069353325
-3.3325000000000031,-0.021849444594921996,0,0.021849444594921996
-3.3049999999999997,-0.020236854131262527,0,0.020236854131262527
-3.2775000000000034,-0.018591715255319219,0,0.018591715255319219
-3.25,-0.016913319238900382,0,0.016913319238900382
-3.2224999999999966,-0.01520093955470192,0,0.01520093955470192
-3.1950000000000003,-0.013453831366572855,0,0.013453831366572855
-3.1674999999999969,-0.011671231003492766,0,0.011671231003492766
-3.1400000000000006,-0.0098523554166842775,0,0.0098523554166842775
-3.1124999999999972,-0.0079964016192710652,0,0.0079964016192710652
-3.0850000000000009,-0.0061025461078765275,0,0.0061025461078765275
-3.0574999999999974,-0.0041699442655223073,0,0.0041699442655223073
-3.0300000000000011,-0.0021977297451731825,0,0.0021977297451731825
-3.0024999999999977,-0.00018501383325286724,0,0.00018501383325286724
-2.9750000000000014,0.0018691152075884787,0,0.0018691152075884787
-2.947499999999998,0.0039655928171785648,0,0.0039655928171785648
-2.9200000000000017,0.0061053788387568364,0,0.0061053788387568364
-2.8924999999999983,0.0082894582429386965,0,0.0082894582429386965
-2.865000000000002,0.010518841875509444,0,0.010518841875509444
-2.8374999999999986,0.012794567229914677,0,0.012794567229914677
-2.8100000000000023,0.015117699245308258,0,0.015117699245308258
-2.7824999999999989,0.017489331131085084,0,0.017489331131085084
-2.7550000000000026,0.019910585218828492,0,0.019910585218828492
-2.7274999999999991,0.022382613842671262,0,0.022382613842671262
-2.7000000000000028,0.024906600249065547,0,0.024906600249065547
-2.6724999999999994,0.02748375953703508,0,0.02748375953703508
-2.6450000000000031,0.030115339629984028,0,0.030115339629984028
-2.6174999999999997,0.032802622280216576,0,0.032802622280216576
-2.5900000000000034,0.035546924107316635,0,0.035546924107316635
-2.5625,0.038349597671631597,0,0.038349597671631597
-2.5349999999999966,0.041212032584094338,0,0.041212032584094338
-2.5075000000000003,0.044135656653715993,0,0.044135656653715993
-2.4799999999999969,0.047121937074090847,0,0.047121937074090847
-2.4525000000000006,0.050172381650310571,0,0.050172381650310571
-2.4249999999999972,0.05328854006776973,0,0.05328854006776973
-2.3975000000000009,0.056472005204328823,0,0.056472005204328823
-2.3699999999999974,0.059724414487436706,0,0.059724414487436706
-2.3425000000000011,0.063047451297791546,0,0.063047451297791546
-2.3149999999999977,0.066442846421240542,0,0.066442846421240542
-2.2875000000000014,0.069912379550628789,0,0.069912379550628789
-2.259999999999998,0.07345788083940552,0,0.07345788083940552
-2.2325000000000017,0.077081232508821484,0,0.077081232508821484
-2.2049999999999983,0.080784370510656345,0,0.080784370510656345
-2.177500000000002,0.084569286247433539,0,0.084569286247433539
-2.1499999999999986,0.088438028352191722,0,0.088438028352191722
-2.1225000000000023,0.092392704529907332,0,0.092392704529907332
-2.0949999999999989,0.09643548346277997,0,0.09643548346277997
-2.0675000000000026,0.10056859678160235,0,0.10056859678160235
-2.0399999999999991,0.1047943411055805,0,0.1047943411055805
-2.0125000000000028,0.10911508015296789,0,0.10911508015296789
-1.9849999999999994,0.11353324692502453,0,0.11353324692502453
-1.9575000000000031,0.11805134596581779,0,0.11805134596581779
-1.9299999999999997,0.12267195570052003,0,0.12267195570052003
-1.9025000000000034,0.12739773085488093,0,0.12739773085488093
-1.875,0.13223140495867769,0,0.13223140495867769
-1.8474999999999966,0.13717579293596804,0,0.13717579293596804
-1.8200000000000003,0.14223379378510637,0,0.14223379378510637
-1.7924999999999969,0.1474083933515159,0,0.1474083933515159
-1.7650000000000006,0.15270266719628312,0,0.15270266719628312
-1.7374999999999972,0.15811978356376222,0,0.15811978356376222
-1.7100000000000009,0.16366300645136733,0,0.16366300645136733
-1.6824999999999974,0.16933569878488841,0,0.16933569878488841
-1.6550000000000011,0.17514132570264052,0,0.17514132570264052
-1.6274999999999977,0.18108345795190195,0,0.18108345795190195
-1.6000000000000014,0.18716577540106927,0,0.18716577540106927
-1.572499999999998,0.19339207067108555,0,0.19339207067108555
-1.5450000000000017,0.19976625288965966,0,0.19976625288965966
-1.5174999999999983,0.20629235157191439,0,0.20629235157191439
-1.490000000000002,0.21297452063102473,0,0.21297452063102473
-1.4624999999999986,0.21981704252253498,0,0.21981704252253498
-1.4350000000000023,0.22682433252592016,0,0.22682433252592016
-1.4074999999999989,0.23400094316706732,0,0.23400094316706732
-1.3800000000000026,0.24135156878519637,0,0.24135156878519637
-1.3524999999999991,0.24888105024781937,0,0.24888105024781937
-1.3250000000000028,0.25659437981712785,0,0.25659437981712785
-1.2974999999999994,0.26449670617125021,0,0.26449670617125021
-1.2700000000000031,0.27259333958354581,0,0.27259333958354581
-1.2424999999999997,0.28088975726310283,0,0.28088975726310283
-1.2150000000000034,0.28939160885927318,0,0.28939160885927318
-1.1875,0.29810472213299066,0,0.29810472213299066
-1.1599999999999966,0.30703510879722462,0,0.30703510879722462
-1.1325000000000003,0.31618897052871175,0,0.31618897052871175
-1.1049999999999969,0.32557270515268322,0,0.32557270515268322
-1.0775000000000006,0.33519291300185605,0,0.33519291300185605
-1.0499999999999972,0.3450564034505651,0,0.3450564034505651
-1.0225000000000009,0.3551702016241961,0,0.3551702016241961
-0.99499999999999744,0.36554155528360355,0,0.36554155528360355
-0.96750000000000114,0.3761779418832838,0,0.3761779418832838
-0.93999999999999773,0.38708707580142154,0,0.38708707580142154
-0.91250000000000142,0.39827691573879409,0,0.39827691573879409
-0.88499999999999801,0.40975567228264509,0,0.40975567228264509
-0.85750000000000171,0.42153181563024655,0,0.42153181563024655
-0.82999999999999829,0.43361408346571628,0,0.43361408346571628
-0.80250000000000199,0.4460114889819552,0,0.4460114889819552
-0.77499999999999858,0.45873332903807806,0,0.45873332903807806
-0.74750000000000227,0.47178919244063744,0,0.47178919244063744
-0.71999999999999886,0.48518896833503622,0,0.48518896833503622
-0.69250000000000256,0.49894285469100075,0,0.49894285469100075
-0.66499999999999915,0.51306136686359705,0,0.51306136686359705
-0.63750000000000284,0.52755534620819455,0,0.52755534620819455
-0.60999999999999943,0.5424359687248218,0,0.5424359687248218
-0.58250000000000313,0.55771475370361778,0,0.55771475370361778
-0.55499999999999972,0.57340357233943395,0,0.57340357233943395
-0.52750000000000341,0.58951465627912625,0,0.58951465627912625
-0.5,0.60606060606060608,0,0.60606060606060608
-0.47249999999999659,0.6230543993972848,0,0.6230543993972848
-0.44500000000000028,0.6405093992560813,0,0.6405093992560813
-0.41749999999999687,0.658439361670768,0,0.658439361670768
-0.39000000000000057,0.67685844322558031,0,0.67685844322558031
-0.36249999999999716,0.69578120813668498,0,0.69578120813668498
-0.33500000000000085,0.71522263485066473,0,0.71522263485066473
-0.30749999999999744,0.73519812207053692,0,0.73519812207053692
-0.28000000000000114,0.75572349410980133,0,0.75572349410980133
-0.25249999999999773,0.77681500546474336,0,0.77681500546474336
-0.22500000000000142,0.79848934448340869,0,0.79848934448340869
-0.19749999999999801,0.82076363599755253,0,0.82076363599755253
-0.17000000000000171,0.84365544277005022,0,0.84365544277005022
-0.14249999999999829,0.86718276559606156,0,0.86718276559606156
-0.11500000000000199,0.89136404188020479,0,0.89136404188020479
-0.087499999999998579,0.91621814249551603,0,0.91621814249551603
-0.060000000000002274,0.94176436671151043,0,0.94176436671151043
-0.032499999999998863,0.96802243495971951,0,0.96802243495971951
-0.005000000000002558,0.995012479184054,0,0.995012479184054
0.022500000000000853,1.0227550305018298,0,1.0227550305018298
0.049999999999997158,1.0512710038776361,0,1.0512710038776361
0.077500000000000568,1.0805816794881506,0,1.0805816794881506
0.10499999999999687,1.1107086804297925,0,1.1107086804297925
0.13250000000000028,1.1416739463946273,0,1.1416739463946273
0.15999999999999659,1.1734997029114635,0,1.1734997029114635
0.1875,1.2062084257206209,0,1.2062084257206209
0.21500000000000341,1.239822799820683,0,1.239822799820683
0.24249999999999972,1.2743656726958308,0,1.2743656726958308
0.27000000000000313,1.3098600012017105,0,1.3098600012017105
0.29749999999999943,1.3463287915576296,0,1.3463287915576296
0.32500000000000284,1.3837950318637053,0,1.3837950318637053
0.35249999999999915,1.4222816165328294,0,1.4222816165328294
0.38000000000000256,1.4618112620015609,0,1.4618112620015609
0.40749999999999886,1.5024064130598012,0,1.5024064130598012
0.43500000000000227,1.544089139119738,0,1.544089139119738
0.46249999999999858,1.5868810197285952,0,1.5868810197285952
0.49000000000000199,1.6308030186210636,0,1.6308030186210636
0.51749999999999829,1.6758753456046209,0,1.6758753456046209
0.54500000000000171,1.7221173055786672,0,1.7221173055786672
0.57249999999999801,1.7695471340054234,0,1.7695471340054234
0.60000000000000142,1.8181818181818206,0,1.8181818181818206
0.62749999999999773,1.8680369037062983,0,1.8680369037062983
0.65500000000000114,1.9191262855980225,0,1.9191262855980225
0.68249999999999744,1.9714619836079512,0,1.9714619836079512
0.71000000000000085,2.0250539013673223,0,2.0250539013673223
0.73749999999999716,2.0799095691491614,0,2.0799095691491614
0.76500000000000057,2.1360338701785007,0,2.1360338701785007
0.79249999999999687,2.1934287506167598,0,2.1934287506167598
0.82000000000000028,2.2520929135715138,0,2.2520929135715138
0.84749999999999659,2.3120214977437437,0,2.3120214977437437
0.875,2.3732057416267942,0,2.3732057416267942
0.90250000000000341,2.4356326345127348,0,2.4356326345127348
0.92999999999999972,2.4992845559477241,0,2.4992845559477241
0.95750000000000313,2.5641389057055406,0,2.5641389057055406
0.98499999999999943,2.6301677268189638,0,2.6301677268189638
1.0125000000000028,2.6973373247203476,0,2.6973373247203476
1.0399999999999991,2.7656078860898119,0,2.7656078860898119
1.0675000000000026,2.8349331015901917,0,2.8349331015901917
1.0949999999999989,2.9052597972703298,0,2.9052597972703298
1.1225000000000023,2.9765275800370543,0,2.9765275800370543
1.1499999999999986,3.0486685032139542,0,3.0486685032139542
1.177500000000002,3.121606758811049,0,3.121606758811049
1.2049999999999983,3.195258403700568,0,3.195258403700568
1.2325000000000017,3.2695311274137109,0,3.2695311274137109
1.259999999999998,3.3443240697126653,0,3.3443240697126653
1.2875000000000014,3.4195276964296881,0,3.4195276964296881
1.3149999999999977,3.4950237422673043,0,3.4950237422673043
1.3425000000000011,3.5706852292962736,0,3.5706852292962736
1.3699999999999974,3.6463765697359016,0,3.6463765697359016
1.3975000000000009,3.7219537612310614,0,3.7219537612310614
1.4249999999999972,3.7972646822204275,0,3.7972646822204275
1.4525000000000006,3.8721494941039971,0,3.8721494941039971
1.4799999999999969,3.9464411557434733,0,3.9464411557434733
1.5075000000000003,4.0199660543631861,0,4.0199660543631861
1.5349999999999966,4.0925447551579754,0,4.0925447551579754
1.5625,4.1639928698752229,0,4.1639928698752229
1.5900000000000034,4.2341220423412294,0,4.2341220423412294
1.6174999999999997,4.3027410463907447,0,4.3027410463907447
1.6450000000000031,4.3696569889817933,0,4.3696569889817933
1.6724999999999994,4.4346766085045415,0,4.4346766085045415
1.7000000000000028,4.4976076555024003,0,4.4976076555024003
1.7274999999999991,4.5582603403026978,0,4.5582603403026978
1.7550000000000026,4.6164488295045034,0,4.6164488295045034
1.7824999999999989,4.6719927709887052,0,4.6719927709887052
1.8100000000000023,4.7247188252050538,0,4.7247188252050538
1.8374999999999986,4.7744621790423292,0,4.7744621790423292
1.865000000000002,4.8210680176888143,0,4.8210680176888143
1.8924999999999983,4.8643929296036319,0,4.8643929296036319
1.9200000000000017,4.9043062200956955,0,4.9043062200956955
1.947499999999998,4.9406911100639412,0,4.9406911100639412
1.9750000000000014,4.9734457981880693,0,4.9734457981880693
2.0024999999999977,5.0024843672363497,0,5.0024843672363497
2.0300000000000011,5.0277375181168491,0,5.0277375181168491
2.0574999999999974,5.0491531187505645,0,5.0491531187505645
2.0850000000000009,5.0666965586817616,0,5.0666965586817616
2.1124999999999972,5.0803509044328843,0,5.0803509044328843
2.1400000000000006,5.090116854822738,0,5.090116854822738
2.1674999999999969,5.0960124996533009,0,5.0960124996533009
2.1950000000000003,5.0980728891941958,0,5.0980728891941958
2.2224999999999966,5.0963494256238544,0,5.0963494256238544
2.25,5.0909090909090908,0,5.0909090909090908
2.2775000000000034,5.081833528425828,0,5.081833528425828
2.3049999999999997,5.0692179978738903,0,5.0692179978738903
2.3325000000000031,5.0531702246741803,0,5.0531702246741803
2.3599999999999994,5.0338091660405722,0,5.0338091660405722
2.3875000000000028,5.0112637162996858,0,5.0112637162996858
2.4149999999999991,4.9856713738217735,0,4.9856713738217735
2.4425000000000026,4.9571768911760756,0,4.9571768911760756
2.4699999999999989,4.9259309289026989,0,4.9259309289026989
2.4975000000000023,4.8920887316776067,0,4.8920887316776067
2.5249999999999986,4.8558088437242537,0,4.8558088437242537
2.552500000000002,4.8172518781805671,0,4.8172518781805671
2.5799999999999983,4.7765793528505425,0,4.7765793528505425
2.6075000000000017,4.733952602433984,0,4.733952602433984
2.634999999999998,4.689531775010666,0,4.689531775010666
2.6625000000000014,4.6434749183163539,0,4.6434749183163539
2.6899999999999977,4.5959371592423617,0,4.5959371592423617
2.7175000000000011,4.5470699780549673,0,4.5470699780549673
2.7449999999999974,4.497020577098076,0,4.497020577098076
2.7725000000000009,4.4459313422274409,0,4.4459313422274409
2.7999999999999972,4.3939393939393998,0,4.3939393939393998
2.8275000000000006,4.3411762240985565,0,4.3411762240985565
2.8549999999999969,4.2877674133338282,0,4.2877674133338282
2.8825000000000003,4.2338324235451816,0,4.2338324235451816
2.9099999999999966,4.1794844595311407,0,4.1794844595311407
2.9375,4.1248303934871107,0,4.1248303934871107
2.9650000000000034,4.0699707460191483,0,4.0699707460191483
2.9924999999999997,4.0149997173420111,0,4.0149997173420111
3.0200000000000031,3.9600052624654589,0,3.9600052624654589
3.0474999999999994,3.9050692043966344,0,3.9050692043966344
3.0750000000000028,3.8502673796791398,0,3.8502673796791398
3.1024999999999991,3.7956698109356832,0,3.7956698109356832
3.1300000000000026,3.7413409014617431,0,3.7413409014617431
3.1574999999999989,3.6873396473223585,0,3.6873396473223585
3.1850000000000023,3.6337198628175242,0,3.6337198628175242
3.2124999999999986,3.5805304155972832,0,3.5805304155972832
3.240000000000002,3.527815468113972,0,3.527815468113972
3.2674999999999983,3.4756147224932414,0,3.4756147224932414
3.2950000000000017,3.4239636662791222,0,3.4239636662791222
3.322499999999998,3.3728938168614722,0,3.3728938168614722
3.3500000000000014,3.3224329627207299,0,3.3224329627207299
3.3774999999999977,3.2726053999272007,0,3.2726053999272007
3.4050000000000011,3.2234321626059201,0,3.2234321626059201
3.4324999999999974,3.1749312463271009,0,3.1749312463271009
3.4600000000000009,3.1271178236034456,0,3.1271178236034456
3.4874999999999972,3.080004450873489,0,3.080004450873489
3.5150000000000006,3.0336012665227075,0,3.0336012665227075
3.5424999999999969,2.9879161796460396,0,2.9879161796460396
3.5700000000000003,2.9429550493852048,0,2.9429550493852048
3.5974999999999966,2.8987218547865625,0,2.8987218547865625
3.625,2.8552188552188555,0,2.8552188552188555
3.6525000000000034,2.8124467414697127,0,2.8124467414697127
3.6799999999999997,2.7704047777040479,0,2.7704047777040479
3.7075000000000031,2.7290909345203764,0,2.7290909345203764
3.7349999999999994,2.6885020133826334,0,2.6885020133826334
3.7625000000000028,2.6486337627367544,0,2.6486337627367544
3.7899999999999991,2.6094809861455404,0,2.6094809861455404
3.8175000000000026,2.5710376427912278,0,2.5710376427912278
3.8449999999999989,2.5332969407062347,0,2.5332969407062347
3.8725000000000023,2.4962514230971333,0,2.4962514230971333
3.8999999999999986,2.4598930481283445,0,2.4598930481283445
3.927500000000002,2.4242132625286894,0,2.4242132625286894
3.9549999999999983,2.3892030693787838,0,2.3892030693787838
3.9825000000000017,2.3548530904285068,0,2.3548530904285068
4.009999999999998,2.3211536232843857,0,2.3211536232843857
4.0375000000000014,2.2880946937946089,0,2.2880946937946089
4.0649999999999977,2.2556661039474184,0,2.2556661039474184
4.0925000000000011,2.2238574755846972,0,2.2238574755846972
4.1199999999999974,2.1926582902192688,0,2.1926582902192688
4.1475000000000009,2.1620579252297745,0,2.1620579252297745
4.1749999999999972,2.1320456866932895,0,2.1320456866932895
4.2025000000000006,2.1026108391011902,0,2.1026108391011902
4.2299999999999969,2.0737426321903403,0,2.0737426321903403
4.2575000000000003,2.0454303251075157,0,2.0454303251075157
4.2849999999999966,2.0176632081122006,0,2.0176632081122006
4.3125,1.9904306220095693,0,1.9904306220095693
4.3400000000000034,1.9637219754936028,0,1.9637219754936028
4.3674999999999997,1.9375267605680102,0,1.9375267605680102
4.3950000000000031,1.9118345662016312,0,1.9118345662016312
4.4224999999999994,1.8866350903641975,0,1.8866350903641975
4.4500000000000028,1.8619181505779416,0,1.8619181505779416
4.4774999999999991,1.8376736931112587,0,1.8376736931112587
4.5050000000000026,1.8138918009311131,0,1.8138918009311131
4.5324999999999989,1.7905627005227434,0,1.7905627005227434
4.5600000000000023,1.7676767676767655,0,1.7676767676767655
4.5874999999999986,1.7452245323366107,0,1.7452245323366107
4.615000000000002,1.7231966825918086,0,1.7231966825918086
4.6424999999999983,1.7015840678963783,0,1.7015840678963783
4.6700000000000017,1.6803777015850747,0,1.6803777015850747
4.697499999999998,1.6595687627548372,0,1.6595687627548372
4.7250000000000014,1.6391485975731048,0,1.6391485975731048
4.7524999999999977,1.6191087200700185,0,1.6191087200700185
4.7800000000000011,1.599440812466592,0,1.599440812466592
4.8074999999999974,1.5801367250869491,0,1.5801367250869491
4.8350000000000009,1.5611884758984673,0,1.5611884758984673
4.8624999999999972,1.5425882497202696,0,1.5425882497202696
4.8900000000000006,1.5243283971368125,0,1.5243283971368125
4.9174999999999969,1.5064014331504656,0,1.5064014331504656
4.9450000000000003,1.4888000356037767,0,1.4888000356037767
4.9724999999999966,1.4715170433997189,0,1.4715170433997189
5,1.4545454545454544,0,1.4545454545454544
