x,ReR,ImR,AbsR
-50,5.0266071421262239,-0,5.0266071421262239
-49.972499999999997,5.0262114733886198,-0,5.0262114733886198
-49.945,5.0258154147147591,-0,5.0258154147147591
-49.917499999999997,5.0254189655291484,-0,5.0254189655291484
-49.890000000000001,5.0250221252551528,-0,5.0250221252551528
-49.862499999999997,5.0246248933150159,-0,5.0246248933150159
-49.835000000000001,5.0242272691298346,-0,5.0242272691298346
-49.807499999999997,5.0238292521195786,-0,5.0238292521195786
-49.780000000000001,5.0234308417030658,-0,5.0234308417030658
-49.752499999999998,5.0230320372979751,-0,5.0230320372979751
-49.725000000000001,5.0226328383208374,-0,5.0226328383208374
-49.697499999999998,5.0222332441870323,-0,5.0222332441870323
-49.670000000000002,5.021833254310792,-0,5.021833254310792
-49.642499999999998,5.0214328681051859,-0,5.0214328681051859
-49.615000000000002,5.0210320849821262,-0,5.0210320849821262
-49.587499999999999,5.0206309043523669,-0,5.0206309043523669
-49.560000000000002,5.0202293256254968,-0,5.0202293256254968
-49.532499999999999,5.019827348209934,-0,5.019827348209934
-49.505000000000003,5.0194249715129349,-0,5.0194249715129349
-49.477499999999999,5.0190221949405727,-0,5.0190221949405727
-49.450000000000003,5.0186190178977528,-0,5.0186190178977528
-49.422499999999999,5.0182154397881993,-0,5.0182154397881993
-49.395000000000003,5.0178114600144532,-0,5.0178114600144532
-49.3675,5.017407077977877,-0,5.017407077977877
-49.340000000000003,5.0170022930786358,-0,5.0170022930786358
-49.3125,5.0165971047157125,-0,5.0165971047157125
-49.284999999999997,5.0161915122868947,-0,5.0161915122868947
-49.2575,5.0157855151887709,-0,5.0157855151887709
-49.229999999999997,5.0153791128167349,-0,5.0153791128167349
-49.202500000000001,5.0149723045649752,-0,5.0149723045649752
-49.174999999999997,5.0145650898264771,-0,5.0145650898264771
-49.147500000000001,5.0141574679930168,-0,5.0141574679930168
-49.119999999999997,5.0137494384551609,-0,5.0137494384551609
-49.092500000000001,5.0133410006022547,-0,5.0133410006022547
-49.064999999999998,5.0129321538224385,-0,5.0129321538224385
-49.037500000000001,5.012522897502623,-0,5.012522897502623
-49.009999999999998,5.012113231028497,-0,5.012113231028497
-48.982500000000002,5.0117031537845289,-0,5.0117031537845289
-48.954999999999998,5.0112926651539489,-0,5.0112926651539489
-48.927500000000002,5.0108817645187624,-0,5.0108817645187624
-48.899999999999999,5.010470451259736,-0,5.010470451259736
-48.872500000000002,5.0100587247563979,-0,5.0100587247563979
-48.844999999999999,5.0096465843870348,-0,5.0096465843870348
-48.817500000000003,5.009234029528689,-0,5.009234029528689
-48.789999999999999,5.0088210595571558,-0,5.0088210595571558
-48.762500000000003,5.0084076738469774,-0,5.0084076738469774
-48.734999999999999,5.0079938717714407,-0,5.0079938717714407
-48.707500000000003,5.0075796527025824,-0,5.0075796527025824
-48.68,5.0071650160111698,-0,5.0071650160111698
-48.652500000000003,5.0067499610667152,-0,5.0067499610667152
-48.625,5.0063344872374582,-0,5.0063344872374582
-48.597499999999997,5.0059185938903701,-0,5.0059185938903701
-48.57,5.0055022803911529,-0,5.0055022803911529
-48.542499999999997,5.0050855461042261,-0,5.0050855461042261
-48.515000000000001,5.004668390392732,-0,5.004668390392732
-48.487499999999997,5.0042508126185306,-0,5.0042508126185306
-48.460000000000001,5.0038328121421989,-0,5.0038328121421989
-48.432499999999997,5.0034143883230193,-0,5.0034143883230193
-48.405000000000001,5.0029955405189908,-0,5.0029955405189908
-48.377499999999998,5.0025762680868064,-0,5.0025762680868064
-48.350000000000001,5.002156570381862,-0,5.002156570381862
-48.322499999999998,5.0017364467582626,-0,5.0017364467582626
-48.295000000000002,5.0013158965687907,-0,5.0013158965687907
-48.267499999999998,5.0008949191649359,-0,5.0008949191649359
-48.240000000000002,5.0004735138968632,-0,5.0004735138968632
-48.212499999999999,5.0000516801134296,-0,5.0000516801134296
-48.185000000000002,4.9996294171621729,-0,4.9996294171621729
-48.157499999999999,4.9992067243893068,-0,4.9992067243893068
-48.130000000000003,4.9987836011397206,-0,4.9987836011397206
-48.102499999999999,4.9983600467569769,-0,4.9983600467569769
-48.075000000000003,4.997936060583303,-0,4.997936060583303
-48.047499999999999,4.9975116419595889,-0,4.9975116419595889
-48.020000000000003,4.9970867902253957,-0,4.9970867902253957
-47.9925,4.9966615047189311,-0,4.9966615047189311
-47.965000000000003,4.9962357847770651,-0,4.9962357847770651
-47.9375,4.9958096297353141,-0,4.9958096297353141
-47.909999999999997,4.9953830389278426,-0,4.9953830389278426
-47.8825,4.9949560116874618,-0,4.9949560116874618
-47.854999999999997,4.9945285473456247,-0,4.9945285473456247
-47.827500000000001,4.9941006452324128,-0,4.9941006452324128
-47.799999999999997,4.9936723046765543,-0,4.9936723046765543
-47.772500000000001,4.9932435250053979,-0,4.9932435250053979
-47.744999999999997,4.9928143055449228,-0,4.9928143055449228
-47.717500000000001,4.9923846456197323,-0,4.9923846456197323
-47.689999999999998,4.9919545445530478,-0,4.9919545445530478
-47.662500000000001,4.991524001666706,-0,4.991524001666706
-47.634999999999998,4.9910930162811633,-0,4.9910930162811633
-47.607500000000002,4.9906615877154756,-0,4.9906615877154756
-47.579999999999998,4.9902297152873123,-0,4.9902297152873123
-47.552500000000002,4.9897973983129402,-0,4.9897973983129402
-47.524999999999999,4.9893646361072239,-0,4.9893646361072239
-47.497500000000002,4.9889314279836317,-0,4.9889314279836317
-47.469999999999999,4.9884977732542151,-0,4.9884977732542151
-47.442500000000003,4.9880636712296127,-0,4.9880636712296127
-47.414999999999999,4.9876291212190509,-0,4.9876291212190509
-47.387500000000003,4.9871941225303384,-0,4.9871941225303384
-47.359999999999999,4.9867586744698578,-0,4.9867586744698578
-47.332500000000003,4.9863227763425622,-0,4.9863227763425622
-47.305,4.9858864274519821,-0,4.9858864274519821
-47.277500000000003,4.9854496271002073,-0,4.9854496271002073
-47.25,4.9850123745878943,-0,4.9850123745878943
-47.222499999999997,4.9845746692142541,-0,4.9845746692142541
-47.195,4.9841365102770556,-0,4.9841365102770556
-47.167499999999997,4.9836978970726138,-0,4.9836978970726138
-47.140000000000001,4.9832588288958011,-0,4.9832588288958011
-47.112499999999997,4.982819305040028,-0,4.982819305040028
-47.085000000000001,4.9823793247972405,-0,4.9823793247972405
-47.057499999999997,4.9819388874579253,-0,4.9819388874579253
-47.030000000000001,4.9814979923111018,-0,4.9814979923111018
-47.002499999999998,4.9810566386443185,-0,4.9810566386443185
-46.975000000000001,4.9806148257436487,-0,4.9806148257436487
-46.947499999999998,4.9801725528936842,-0,4.9801725528936842
-46.920000000000002,4.9797298193775372,-0,4.9797298193775372
-46.892499999999998,4.9792866244768286,-0,4.9792866244768286
-46.865000000000002,4.9788429674716914,-0,4.9788429674716914
-46.837499999999999,4.9783988476407686,-0,4.9783988476407686
-46.810000000000002,4.9779542642611965,-0,4.9779542642611965
-46.782499999999999,4.9775092166086186,-0,4.9775092166086186
-46.755000000000003,4.9770637039571675,-0,4.9770637039571675
-46.727499999999999,4.9766177255794615,-0,4.9766177255794615
-46.700000000000003,4.9761712807466161,-0,4.9761712807466161
-46.672499999999999,4.9757243687282191,-0,4.9757243687282191
-46.645000000000003,4.9752769887923396,-0,4.9752769887923396
-46.6175,4.9748291402055242,-0,4.9748291402055242
-46.590000000000003,4.9743808222327859,-0,4.9743808222327859
-46.5625,4.9739320341376079,-0,4.9739320341376079
-46.534999999999997,4.9734827751819317,-0,4.9734827751819317
-46.5075,4.9730330446261597,-0,4.9730330446261597
-46.479999999999997,4.9725828417291513,-0,4.9725828417291513
-46.452500000000001,4.9721321657482118,-0,4.9721321657482118
-46.424999999999997,4.9716810159390921,-0,4.9716810159390921
-46.397500000000001,4.9712293915559922,-0,4.9712293915559922
-46.369999999999997,4.9707772918515438,-0,4.9707772918515438
-46.342500000000001,4.9703247160768163,-0,4.9703247160768163
-46.314999999999998,4.9698716634813014,-0,4.9698716634813014
-46.287500000000001,4.9694181333129333,-0,4.9694181333129333
-46.259999999999998,4.9689641248180534,-0,4.9689641248180534
-46.232500000000002,4.9685096372414259,-0,4.9685096372414259
-46.204999999999998,4.9680546698262278,-0,4.9680546698262278
-46.177500000000002,4.9675992218140479,-0,4.9675992218140479
-46.149999999999999,4.9671432924448755,-0,4.9671432924448755
-46.122500000000002,4.9666868809571074,-0,4.9666868809571074
-46.094999999999999,4.9662299865875319,-0,4.9662299865875319
-46.067500000000003,4.9657726085713305,-0,4.9657726085713305
-46.039999999999999,4.9653147461420772,-0,4.9653147461420772
-46.012500000000003,4.964856398531726,-0,4.964856398531726
-45.984999999999999,4.9643975649706125,-0,4.9643975649706125
-45.957499999999996,4.9639382446874514,-0,4.9639382446874514
-45.93,4.9634784369093214,-0,4.9634784369093214
-45.902500000000003,4.9630181408616778,-0,4.9630181408616778
-45.875,4.9625573557683271,-0,4.9625573557683271
-45.847499999999997,4.9620960808514463,-0,4.9620960808514463
-45.82,4.9616343153315592,-0,4.9616343153315592
-45.792500000000004,4.9611720584275378,-0,4.9611720584275378
-45.765000000000001,4.9607093093566093,-0,4.9607093093566093
-45.737499999999997,4.9602460673343307,-0,4.9602460673343307
-45.710000000000001,4.9597823315746066,-0,4.9597823315746066
-45.682499999999997,4.9593181012896661,-0,4.9593181012896661
-45.655000000000001,4.9588533756900688,-0,4.9588533756900688
-45.627499999999998,4.9583881539846981,-0,4.9583881539846981
-45.600000000000001,4.9579224353807563,-0,4.9579224353807563
-45.572499999999998,4.9574562190837597,-0,4.9574562190837597
-45.545000000000002,4.9569895042975345,-0,4.9569895042975345
-45.517499999999998,4.9565222902242168,-0,4.9565222902242168
-45.490000000000002,4.956054576064238,-0,4.956054576064238
-45.462499999999999,4.9555863610163291,-0,4.9555863610163291
-45.435000000000002,4.9551176442775153,-0,4.9551176442775153
-45.407499999999999,4.9546484250431053,-0,4.9546484250431053
-45.380000000000003,4.9541787025066935,-0,4.9541787025066935
-45.352499999999999,4.9537084758601502,-0,4.9537084758601502
-45.325000000000003,4.9532377442936237,-0,4.9532377442936237
-45.297499999999999,4.952766506995534,-0,4.952766506995534
-45.269999999999996,4.9522947631525511,-0,4.9522947631525511
-45.2425,4.9518225119496257,-0,4.9518225119496257
-45.215000000000003,4.9513497525699481,-0,4.9513497525699481
-45.1875,4.9508764841949677,-0,4.9508764841949677
-45.159999999999997,4.9504027060043754,-0,4.9504027060043754
-45.1325,4.9499284171761069,-0,4.9499284171761069
-45.105000000000004,4.9494536168863341,-0,4.9494536168863341
-45.077500000000001,4.9489783043094597,-0,4.9489783043094597
-45.049999999999997,4.9485024786181118,-0,4.9485024786181118
-45.022500000000001,4.9480261389831472,-0,4.9480261389831472
-44.994999999999997,4.9475492845736362,-0,4.9475492845736362
-44.967500000000001,4.9470719145568633,-0,4.9470719145568633
-44.939999999999998,4.9465940280983203,-0,4.9465940280983203
-44.912500000000001,4.9461156243617026,-0,4.9461156243617026
-44.884999999999998,4.9456367025089047,-0,4.9456367025089047
-44.857500000000002,4.9451572617000137,-0,4.9451572617000137
-44.829999999999998,4.9446773010933116,-0,4.9446773010933116
-44.802500000000002,4.9441968198452546,-0,4.9441968198452546
-44.774999999999999,4.9437158171104851,-0,4.9437158171104851
-44.747500000000002,4.9432342920418186,-0,4.9432342920418186
-44.719999999999999,4.94275224379024,-0,4.94275224379024
-44.692500000000003,4.9422696715048957,-0,4.9422696715048957
-44.664999999999999,4.9417865743330935,-0,4.9417865743330935
-44.637500000000003,4.9413029514203002,-0,4.9413029514203002
-44.609999999999999,4.9408188019101242,-0,4.9408188019101242
-44.582499999999996,4.9403341249443233,-0,4.9403341249443233
-44.555,4.9398489196627935,-0,4.9398489196627935
-44.527500000000003,4.9393631852035682,-0,4.9393631852035682
-44.5,4.9388769207028034,-0,4.9388769207028034
-44.472499999999997,4.9383901252947888,-0,4.9383901252947888
-44.445,4.9379027981119243,-0,4.9379027981119243
-44.417500000000004,4.937414938284733,-0,4.937414938284733
-44.390000000000001,4.9369265449418389,-0,4.9369265449418389
-44.362499999999997,4.9364376172099753,-0,4.9364376172099753
-44.335000000000001,4.9359481542139694,-0,4.9359481542139694
-44.307499999999997,4.9354581550767502,-0,4.9354581550767502
-44.280000000000001,4.9349676189193286,-0,4.9349676189193286
-44.252499999999998,4.9344765448608019,-0,4.9344765448608019
-44.225000000000001,4.9339849320183413,-0,4.9339849320183413
-44.197499999999998,4.9334927795071977,-0,4.9334927795071977
-44.170000000000002,4.933000086440682,-0,4.933000086440682
-44.142499999999998,4.9325068519301745,-0,4.9325068519301745
-44.115000000000002,4.9320130750851092,-0,4.9320130750851092
-44.087499999999999,4.9315187550129727,-0,4.9315187550129727
-44.060000000000002,4.9310238908192963,-0,4.9310238908192963
-44.032499999999999,4.9305284816076558,-0,4.9305284816076558
-44.005000000000003,4.9300325264796605,-0,4.9300325264796605
-43.977499999999999,4.9295360245349489,-0,4.9295360245349489
-43.950000000000003,4.929038974871192,-0,4.929038974871192
-43.922499999999999,4.9285413765840698,-0,4.9285413765840698
-43.894999999999996,4.9280432287672831,-0,4.9280432287672831
-43.8675,4.9275445305125407,-0,4.9275445305125407
-43.840000000000003,4.9270452809095548,-0,4.9270452809095548
-43.8125,4.9265454790460357,-0,4.9265454790460357
-43.784999999999997,4.9260451240076835,-0,4.9260451240076835
-43.7575,4.9255442148781903,-0,4.9255442148781903
-43.730000000000004,4.9250427507392232,-0,4.9250427507392232
-43.702500000000001,4.9245407306704312,-0,4.9245407306704312
-43.674999999999997,4.9240381537494322,-0,4.9240381537494322
-43.647500000000001,4.9235350190518048,-0,4.9235350190518048
-43.619999999999997,4.9230313256510918,-0,4.9230313256510918
-43.592500000000001,4.9225270726187862,-0,4.9225270726187862
-43.564999999999998,4.9220222590243292,-0,4.9220222590243292
-43.537500000000001,4.9215168839351087,-0,4.9215168839351087
-43.509999999999998,4.9210109464164438,-0,4.9210109464164438
-43.482500000000002,4.9205044455315843,-0,4.9205044455315843
-43.454999999999998,4.9199973803417105,-0,4.9199973803417105
-43.427500000000002,4.9194897499059191,-0,4.9194897499059191
-43.399999999999999,4.9189815532812151,-0,4.9189815532812151
-43.372500000000002,4.9184727895225215,-0,4.9184727895225215
-43.344999999999999,4.9179634576826583,-0,4.9179634576826583
-43.317500000000003,4.9174535568123421,-0,4.9174535568123421
-43.289999999999999,4.9169430859601766,-0,4.9169430859601766
-43.262500000000003,4.9164320441726588,-0,4.9164320441726588
-43.234999999999999,4.9159204304941539,-0,4.9159204304941539
-43.207499999999996,4.9154082439669118,-0,4.9154082439669118
-43.18,4.914895483631037,-0,4.914895483631037
-43.152500000000003,4.9143821485245063,-0,4.9143821485245063
-43.125,4.9138682376831433,-0,4.9138682376831433
-43.097499999999997,4.913353750140625,-0,4.913353750140625
-43.07,4.912838684928472,-0,4.912838684928472
-43.042500000000004,4.9123230410760392,-0,4.9123230410760392
-43.015000000000001,4.9118068176105174,-0,4.9118068176105174
-42.987499999999997,4.9112900135569184,-0,4.9112900135569184
-42.960000000000001,4.9107726279380719,-0,4.9107726279380719
-42.932499999999997,4.9102546597746279,-0,4.9102546597746279
-42.905000000000001,4.9097361080850348,-0,4.9097361080850348
-42.877499999999998,4.909216971885547,-0,4.909216971885547
-42.850000000000001,4.9086972501902117,-0,4.9086972501902117
-42.822499999999998,4.9081769420108685,-0,4.9081769420108685
-42.795000000000002,4.9076560463571335,-0,4.9076560463571335
-42.767499999999998,4.9071345622364024,-0,4.9071345622364024
-42.740000000000002,4.90661248865384,-0,4.90661248865384
-42.712499999999999,4.906089824612371,-0,4.906089824612371
-42.685000000000002,4.9055665691126871,-0,4.9055665691126871
-42.657499999999999,4.9050427211532242,-0,4.9050427211532242
-42.630000000000003,4.9045182797301603,-0,4.9045182797301603
-42.602499999999999,4.9039932438374212,-0,4.9039932438374212
-42.575000000000003,4.9034676124666543,-0,4.9034676124666543
-42.547499999999999,4.9029413846072432,-0,4.9029413846072432
-42.519999999999996,4.9024145592462816,-0,4.9024145592462816
-42.4925,4.9018871353685824,-0,4.9018871353685824
-42.465000000000003,4.9013591119566637,-0,4.9013591119566637
-42.4375,4.9008304879907385,-0,4.9008304879907385
-42.409999999999997,4.9003012624487212,-0,4.9003012624487212
-42.3825,4.89977143430621,-0,4.89977143430621
-42.355000000000004,4.8992410025364865,-0,4.8992410025364865
-42.327500000000001,4.8987099661104985,-0,4.8987099661104985
-42.299999999999997,4.8981783239968664,-0,4.8981783239968664
-42.272500000000001,4.8976460751618749,-0,4.8976460751618749
-42.244999999999997,4.8971132185694559,-0,4.8971132185694559
-42.217500000000001,4.8965797531811965,-0,4.8965797531811965
-42.189999999999998,4.896045677956316,-0,4.896045677956316
-42.162500000000001,4.8955109918516779,-0,4.8955109918516779
-42.134999999999998,4.894975693821765,-0,4.894975693821765
-42.107500000000002,4.8944397828186847,-0,4.8944397828186847
-42.079999999999998,4.89390325779216,-0,4.89390325779216
-42.052500000000002,4.8933661176895198,-0,4.8933661176895198
-42.024999999999999,4.89282836145569,-0,4.89282836145569
-41.997500000000002,4.8922899880331965,-0,4.8922899880331965
-41.969999999999999,4.8917509963621484,-0,4.8917509963621484
-41.942500000000003,4.8912113853802337,-0,4.8912113853802337
-41.914999999999999,4.8906711540227192,-0,4.8906711540227192
-41.887500000000003,4.890130301222432,-0,4.890130301222432
-41.859999999999999,4.8895888259097635,-0,4.8895888259097635
-41.832499999999996,4.8890467270126514,-0,4.8890467270126514
-41.805,4.8885040034565836,-0,4.8885040034565836
-41.777500000000003,4.8879606541645906,-0,4.8879606541645906
-41.75,4.887416678057221,-0,4.887416678057221
-41.722499999999997,4.8868720740525591,-0,4.8868720740525591
-41.695,4.8863268410662055,-0,4.8863268410662055
-41.667500000000004,4.8857809780112635,-0,4.8857809780112635
-41.640000000000001,4.8852344837983521,-0,4.8852344837983521
-41.612499999999997,4.8846873573355714,-0,4.8846873573355714
-41.585000000000001,4.8841395975285256,-0,4.8841395975285256
-41.557499999999997,4.8835912032802806,-0,4.8835912032802806
-41.530000000000001,4.8830421734914005,-0,4.8830421734914005
-41.502499999999998,4.8824925070598972,-0,4.8824925070598972
-41.475000000000001,4.8819422028812554,-0,4.8819422028812554
-41.447499999999998,4.8813912598484031,-0,4.8813912598484031
-41.420000000000002,4.880839676851715,-0,4.880839676851715
-41.392499999999998,4.8802874527790081,-0,4.8802874527790081
-41.365000000000002,4.8797345865155286,-0,4.8797345865155286
-41.337499999999999,4.8791810769439472,-0,4.8791810769439472
-41.310000000000002,4.878626922944342,-0,4.878626922944342
-41.282499999999999,4.8780721233942081,-0,4.8780721233942081
-41.255000000000003,4.8775166771684386,-0,4.8775166771684386
-41.227499999999999,4.8769605831393186,-0,4.8769605831393186
-41.200000000000003,4.876403840176522,-0,4.876403840176522
-41.172499999999999,4.875846447147099,-0,4.875846447147099
-41.144999999999996,4.8752884029154693,-0,4.8752884029154693
-41.1175,4.8747297063434152,-0,4.8747297063434152
-41.090000000000003,4.8741703562900796,-0,4.8741703562900796
-41.0625,4.8736103516119442,-0,4.8736103516119442
-41.034999999999997,4.8730496911628407,-0,4.8730496911628407
-41.0075,4.8724883737939297,-0,4.8724883737939297
-40.980000000000004,4.8719263983536898,-0,4.8719263983536898
-40.952500000000001,4.8713637636879259,-0,4.8713637636879259
-40.924999999999997,4.8708004686397484,-0,4.8708004686397484
-40.897500000000001,4.8702365120495639,-0,4.8702365120495639
-40.869999999999997,4.8696718927550791,-0,4.8696718927550791
-40.842500000000001,4.8691066095912863,-0,4.8691066095912863
-40.814999999999998,4.8685406613904547,-0,4.8685406613904547
-40.787500000000001,4.8679740469821136,-0,4.8679740469821136
-40.759999999999998,4.8674067651930724,-0,4.8674067651930724
-40.732500000000002,4.8668388148473793,-0,4.8668388148473793
-40.704999999999998,4.8662701947663312,-0,4.8662701947663312
-40.677500000000002,4.8657009037684666,-0,4.8657009037684666
-40.649999999999999,4.8651309406695518,-0,4.8651309406695518
-40.622500000000002,4.8645603042825769,-0,4.8645603042825769
-40.594999999999999,4.8639889934177418,-0,4.8639889934177418
-40.567500000000003,4.863417006882452,-0,4.863417006882452
-40.539999999999999,4.8628443434813144,-0,4.8628443434813144
-40.512500000000003,4.8622710020161177,-0,4.8622710020161177
-40.484999999999999,4.8616969812858395,-0,4.8616969812858395
-40.457499999999996,4.8611222800866205,-0,4.8611222800866205
-40.43,4.860546897211778,-0,4.860546897211778
-40.402500000000003,4.859970831451772,-0,4.859970831451772
-40.375,4.8593940815942194,-0,4.8593940815942194
-40.347499999999997,4.8588166464238727,-0,4.8588166464238727
-40.32,4.8582385247226139,-0,4.8582385247226139
-40.292500000000004,4.8576597152694498,-0,4.8576597152694498
-40.265000000000001,4.8570802168404992,-0,4.8570802168404992
-40.237499999999997,4.8565000282089876,-0,4.8565000282089876
-40.210000000000001,4.8559191481452366,-0,4.8559191481452366
-40.182499999999997,4.8553375754166552,-0,4.8553375754166552
-40.155000000000001,4.8547553087877313,-0,4.8547553087877313
-40.127499999999998,4.8541723470200306,-0,4.8541723470200306
-40.100000000000001,4.8535886888721702,-0,4.8535886888721702
-40.072499999999998,4.8530043330998307,-0,4.8530043330998307
-40.045000000000002,4.8524192784557343,-0,4.8524192784557343
-40.017499999999998,4.8518335236896366,-0,4.8518335236896366
-39.990000000000002,4.8512470675483197,-0,4.8512470675483197
-39.962499999999999,4.8506599087755955,-0,4.8506599087755955
-39.935000000000002,4.8500720461122713,-0,4.8500720461122713
-39.907499999999999,4.8494834782961638,-0,4.8494834782961638
-39.880000000000003,4.8488942040620842,-0,4.8488942040620842
-39.852499999999999,4.8483042221418149,-0,4.8483042221418149
-39.825000000000003,4.8477135312641266,-0,4.8477135312641266
-39.797499999999999,4.8471221301547462,-0,4.8471221301547462
-39.769999999999996,4.8465300175363595,-0,4.8465300175363595
-39.7425,4.8459371921286003,-0,4.8459371921286003
-39.715000000000003,4.8453436526480402,-0,4.8453436526480402
-39.6875,4.844749397808175,-0,4.844749397808175
-39.659999999999997,4.8441544263194292,-0,4.8441544263194292
-39.6325,4.8435587368891317,-0,4.8435587368891317
-39.605000000000004,4.8429623282215157,-0,4.8429623282215157
-39.577500000000001,4.8423651990177028,-0,4.8423651990177028
-39.549999999999997,4.8417673479756989,-0,4.8417673479756989
-39.522500000000001,4.8411687737903861,-0,4.8411687737903861
-39.494999999999997,4.8405694751535107,-0,4.8405694751535107
-39.467500000000001,4.839969450753669,-0,4.839969450753669
-39.439999999999998,4.8393686992763065,-0,4.8393686992763065
-39.412500000000001,4.8387672194037012,-0,4.8387672194037012
-39.384999999999998,4.8381650098149667,-0,4.8381650098149667
-39.357500000000002,4.8375620691860224,-0,4.8375620691860224
-39.329999999999998,4.836958396189603,-0,4.836958396189603
-39.302500000000002,4.836353989495235,-0,4.836353989495235
-39.274999999999999,4.8357488477692367,-0,4.8357488477692367
-39.247500000000002,4.8351429696747044,-0,4.8351429696747044
-39.219999999999999,4.8345363538715045,-0,4.8345363538715045
-39.192500000000003,4.8339289990162566,-0,4.8339289990162566
-39.164999999999999,4.8333209037623401,-0,4.8333209037623401
-39.137500000000003,4.8327120667598651,-0,4.8327120667598651
-39.109999999999999,4.8321024866556748,-0,4.8321024866556748
-39.082499999999996,4.8314921620933324,-0,4.8314921620933324
-39.055,4.830881091713108,-0,4.830881091713108
-39.027500000000003,4.8302692741519806,-0,4.8302692741519806
-39,4.8296567080436077,-0,4.8296567080436077
-38.972499999999997,4.8290433920183329,-0,4.8290433920183329
-38.945,4.8284293247031709,-0,4.8284293247031709
-38.917500000000004,4.8278145047217933,-0,4.8278145047217933
-38.890000000000001,4.8271989306945251,-0,4.8271989306945251
-38.862499999999997,4.8265826012383277,-0,4.8265826012383277
-38.835000000000001,4.8259655149667928,-0,4.8259655149667928
-38.807499999999997,4.8253476704901299,-0,4.8253476704901299
-38.780000000000001,4.8247290664151645,-0,4.8247290664151645
-38.752499999999998,4.8241097013453107,-0,4.8241097013453107
-38.725000000000001,4.8234895738805816,-0,4.8234895738805816
-38.697499999999998,4.8228686826175542,-0,4.8228686826175542
-38.670000000000002,4.8222470261493902,-0,4.8222470261493902
-38.642499999999998,4.8216246030657954,-0,4.8216246030657954
-38.615000000000002,4.821001411953028,-0,4.821001411953028
-38.587499999999999,4.8203774513938802,-0,4.8203774513938802
-38.560000000000002,4.8197527199676706,-0,4.8197527199676706
-38.532499999999999,4.8191272162502337,-0,4.8191272162502337
-38.505000000000003,4.8185009388139068,-0,4.8185009388139068
-38.477499999999999,4.817873886227523,-0,4.817873886227523
-38.450000000000003,4.8172460570563942,-0,4.8172460570563942
-38.422499999999999,4.8166174498623082,-0,4.8166174498623082
-38.394999999999996,4.8159880632035126,-0,4.8159880632035126
-38.3675,4.8153578956347083,-0,4.8153578956347083
-38.340000000000003,4.8147269457070294,-0,4.8147269457070294
-38.3125,4.8140952119680467,-0,4.8140952119680467
-38.284999999999997,4.8134626929617426,-0,4.8134626929617426
-38.2575,4.8128293872285113,-0,4.8128293872285113
-38.230000000000004,4.812195293305134,-0,4.812195293305134
-38.202500000000001,4.8115604097247884,-0,4.8115604097247884
-38.174999999999997,4.810924735017017,-0,4.810924735017017
-38.147500000000001,4.8102882677077314,-0,4.8102882677077314
-38.119999999999997,4.8096510063191857,-0,4.8096510063191857
-38.092500000000001,4.8090129493699809,-0,4.8090129493699809
-38.064999999999998,4.8083740953750453,-0,4.8083740953750453
-38.037500000000001,4.807734442845625,-0,4.807734442845625
-38.009999999999998,4.8070939902892675,-0,4.8070939902892675
-37.982500000000002,4.8064527362098186,-0,4.8064527362098186
-37.954999999999998,4.8058106791074087,-0,4.8058106791074087
-37.927500000000002,4.8051678174784396,-0,4.8051678174784396
-37.899999999999999,4.8045241498155695,-0,4.8045241498155695
-37.872500000000002,4.803879674607705,-0,4.803879674607705
-37.844999999999999,4.8032343903399948,-0,4.8032343903399948
-37.817500000000003,4.8025882954938126,-0,4.8025882954938126
-37.789999999999999,4.8019413885467372,-0,4.8019413885467372
-37.762500000000003,4.8012936679725549,-0,4.8012936679725549
-37.734999999999999,4.8006451322412449,-0,4.8006451322412449
-37.707499999999996,4.7999957798189605,-0,4.7999957798189605
-37.68,4.7993456091680233,-0,4.7993456091680233
-37.652500000000003,4.7986946187469073,-0,4.7986946187469073
-37.625,4.7980428070102299,-0,4.7980428070102299
-37.597499999999997,4.7973901724087398,-0,4.7973901724087398
-37.57,4.7967367133892989,-0,4.7967367133892989
-37.542500000000004,4.796082428394886,-0,4.796082428394886
-37.515000000000001,4.7954273158645631,-0,4.7954273158645631
-37.487499999999997,4.7947713742334752,-0,4.7947713742334752
-37.460000000000001,4.7941146019328462,-0,4.7941146019328462
-37.432499999999997,4.7934569973899475,-0,4.7934569973899475
-37.405000000000001,4.7927985590281015,-0,4.7927985590281015
-37.377499999999998,4.7921392852666536,-0,4.7921392852666536
-37.350000000000001,4.7914791745209886,-0,4.7914791745209886
-37.322499999999998,4.7908182252024787,-0,4.7908182252024787
-37.295000000000002,4.7901564357185018,-0,4.7901564357185018
-37.267499999999998,4.7894938044724178,-0,4.7894938044724178
-37.240000000000002,4.7888303298635488,-0,4.7888303298635488
-37.212499999999999,4.7881660102871866,-0,4.7881660102871866
-37.185000000000002,4.787500844134561,-0,4.787500844134561
-37.157499999999999,4.7868348297928334,-0,4.7868348297928334
-37.130000000000003,4.7861679656450864,-0,4.7861679656450864
-37.102499999999999,4.7855002500703065,-0,4.7855002500703065
-37.075000000000003,4.784831681443376,-0,4.784831681443376
-37.047499999999999,4.784162258135054,-0,4.784162258135054
-37.019999999999996,4.7834919785119743,-0,4.7834919785119743
-36.9925,4.7828208409366155,-0,4.7828208409366155
-36.965000000000003,4.7821488437673061,-0,4.7821488437673061
-36.9375,4.7814759853581954,-0,4.7814759853581954
-36.909999999999997,4.7808022640592558,-0,4.7808022640592558
-36.8825,4.7801276782162532,-0,4.7801276782162532
-36.855000000000004,4.7794522261707471,-0,4.7794522261707471
-36.827500000000001,4.7787759062600745,-0,4.7787759062600745
-36.799999999999997,4.7780987168173237,-0,4.7780987168173237
-36.772500000000001,4.7774206561713424,-0,4.7774206561713424
-36.744999999999997,4.7767417226467082,-0,4.7767417226467082
-36.717500000000001,4.7760619145637175,-0,4.7760619145637175
-36.689999999999998,4.7753812302383825,-0,4.7753812302383825
-36.662500000000001,4.7746996679824001,-0,4.7746996679824001
-36.634999999999998,4.7740172261031546,-0,4.7740172261031546
-36.607500000000002,4.7733339029036905,-0,4.7733339029036905
-36.579999999999998,4.772649696682711,-0,4.772649696682711
-36.552500000000002,4.7719646057345564,-0,4.7719646057345564
-36.524999999999999,4.7712786283491857,-0,4.7712786283491857
-36.497500000000002,4.7705917628121801,-0,4.7705917628121801
-36.469999999999999,4.7699040074047137,-0,4.7699040074047137
-36.442500000000003,4.769215360403539,-0,4.769215360403539
-36.414999999999999,4.7685258200809759,-0,4.7685258200809759
-36.387500000000003,4.7678353847049113,-0,4.7678353847049113
-36.359999999999999,4.7671440525387609,-0,4.7671440525387609
-36.332499999999996,4.7664518218414731,-0,4.7664518218414731
-36.305,4.7657586908675009,-0,4.7657586908675009
-36.277500000000003,4.7650646578667999,-0,4.7650646578667999
-36.25,4.7643697210848135,-0,4.7643697210848135
-36.222499999999997,4.763673878762444,-0,4.763673878762444
-36.195,4.7629771291360505,-0,4.7629771291360505
-36.167500000000004,4.762279470437436,-0,4.762279470437436
-36.140000000000001,4.7615809008938221,-0,4.7615809008938221
-36.112499999999997,4.7608814187278448,-0,4.7608814187278448
-36.085000000000001,4.760181022157532,-0,4.760181022157532
-36.057499999999997,4.7594797093962935,-0,4.7594797093962935
-36.030000000000001,4.7587774786529042,-0,4.7587774786529042
-36.002499999999998,4.7580743281314906,-0,4.7580743281314906
-35.975000000000001,4.7573702560315132,-0,4.7573702560315132
-35.947499999999998,4.756665260547754,-0,4.756665260547754
-35.920000000000002,4.755959339870298,-0,4.755959339870298
-35.892499999999998,4.7552524921845229,-0,4.7552524921845229
-35.865000000000002,4.7545447156710789,-0,4.7545447156710789
-35.837499999999999,4.7538360085058766,-0,4.7538360085058766
-35.810000000000002,4.7531263688600731,-0,4.7531263688600731
-35.782499999999999,4.752415794900049,-0,4.752415794900049
-35.755000000000003,4.7517042847874045,-0,4.7517042847874045
-35.727499999999999,4.7509918366789323,-0,4.7509918366789323
-35.700000000000003,4.7502784487266112,-0,4.7502784487266112
-35.672499999999999,4.7495641190775828,-0,4.7495641190775828
-35.644999999999996,4.7488488458741394,-0,4.7488488458741394
-35.6175,4.7481326272537121,-0,4.7481326272537121
-35.590000000000003,4.7474154613488508,-0,4.7474154613488508
-35.5625,4.7466973462872009,-0,4.7466973462872009
-35.534999999999997,4.7459782801915065,-0,4.7459782801915065
-35.5075,4.7452582611795737,-0,4.7452582611795737
-35.480000000000004,4.7445372873642686,-0,4.7445372873642686
-35.452500000000001,4.743815356853494,-0,4.743815356853494
-35.424999999999997,4.7430924677501789,-0,4.7430924677501789
-35.397500000000001,4.7423686181522502,-0,4.7423686181522502
-35.369999999999997,4.7416438061526378,-0,4.7416438061526378
-35.342500000000001,4.7409180298392339,-0,4.7409180298392339
-35.314999999999998,4.740191287294893,-0,4.740191287294893
-35.287500000000001,4.7394635765974087,-0,4.7394635765974087
-35.259999999999998,4.7387348958195021,-0,4.7387348958195021
-35.232500000000002,4.7380052430287964,-0,4.7380052430287964
-35.204999999999998,4.7372746162878112,-0,4.7372746162878112
-35.177500000000002,4.736543013653935,-0,4.736543013653935
-35.149999999999999,4.7358104331794149,-0,4.7358104331794149
-35.122500000000002,4.7350768729113426,-0,4.7350768729113426
-35.094999999999999,4.7343423308916233,-0,4.7343423308916233
-35.067500000000003,4.7336068051569757,-0,4.7336068051569757
-35.039999999999999,4.732870293738908,-0,4.732870293738908
-35.012500000000003,4.7321327946636931,-0,4.7321327946636931
-34.984999999999999,4.7313943059523673,-0,4.7313943059523673
-34.957499999999996,4.7306548256206975,-0,4.7306548256206975
-34.93,4.729914351679172,-0,4.729914351679172
-34.902500000000003,4.7291728821329837,-0,4.7291728821329837
-34.875,4.7284304149820064,-0,4.7284304149820064
-34.847499999999997,4.7276869482207848,-0,4.7276869482207848
-34.82,4.7269424798385087,-0,4.7269424798385087
-34.792500000000004,4.7261970078190032,-0,4.7261970078190032
-34.765000000000001,4.725450530140705,-0,4.725450530140705
-34.737499999999997,4.7247030447766507,-0,4.7247030447766507
-34.710000000000001,4.7239545496944491,-0,4.7239545496944491
-34.682499999999997,4.7232050428562733,-0,4.7232050428562733
-34.655000000000001,4.7224545222188397,-0,4.7224545222188397
-34.627499999999998,4.7217029857333799,-0,4.7217029857333799
-34.600000000000001,4.7209504313456403,-0,4.7209504313456403
-34.572499999999998,4.7201968569958517,-0,4.7201968569958517
-34.545000000000002,4.7194422606187079,-0,4.7194422606187079
-34.517499999999998,4.7186866401433623,-0,4.7186866401433623
-34.490000000000002,4.7179299934933976,-0,4.7179299934933976
-34.462499999999999,4.7171723185868037,-0,4.7171723185868037
-34.435000000000002,4.7164136133359698,-0,4.7164136133359698
-34.407499999999999,4.7156538756476607,-0,4.7156538756476607
-34.380000000000003,4.7148931034229982,-0,4.7148931034229982
-34.352499999999999,4.7141312945574398,-0,4.7141312945574398
-34.325000000000003,4.713368446940768,-0,4.713368446940768
-34.297499999999999,4.712604558457052,-0,4.712604558457052
-34.269999999999996,4.7118396269846565,-0,4.7118396269846565
-34.2425,4.7110736503962034,-0,4.7110736503962034
-34.215000000000003,4.7103066265585536,-0,4.7103066265585536
-34.1875,4.7095385533327896,-0,4.7095385533327896
-34.159999999999997,4.7087694285742039,-0,4.7087694285742039
-34.1325,4.7079992501322714,-0,4.7079992501322714
-34.105000000000004,4.7072280158506237,-0,4.7072280158506237
-34.077500000000001,4.7064557235670446,-0,4.7064557235670446
-34.049999999999997,4.7056823711134452,-0,4.7056823711134452
-34.022500000000001,4.7049079563158323,-0,4.7049079563158323
-33.995000000000005,4.7041324769943049,-0,4.7041324769943049
-33.967500000000001,4.7033559309630286,-0,4.7033559309630286
-33.939999999999998,4.7025783160302073,-0,4.7025783160302073
-33.912500000000001,4.7017996299980735,-0,4.7017996299980735
-33.885000000000005,4.7010198706628668,-0,4.7010198706628668
-33.857500000000002,4.700239035814807,-0,4.700239035814807
-33.829999999999998,4.6994571232380755,-0,4.6994571232380755
-33.802499999999995,4.6986741307108097,-0,4.6986741307108097
-33.774999999999999,4.6978900560050523,-0,4.6978900560050523
-33.747500000000002,4.6971048968867652,-0,4.6971048968867652
-33.719999999999999,4.6963186511157788,-0,4.6963186511157788
-33.692499999999995,4.6955313164457912,-0,4.6955313164457912
-33.664999999999999,4.6947428906243367,-0,4.6947428906243367
-33.637500000000003,4.6939533713927748,-0,4.6939533713927748
-33.609999999999999,4.6931627564862559,-0,4.6931627564862559
-33.582499999999996,4.6923710436337043,-0,4.6923710436337043
-33.555,4.6915782305578091,-0,4.6915782305578091
-33.527500000000003,4.690784314974989,-0,4.690784314974989
-33.5,4.6899892945953745,-0,4.6899892945953745
-33.472499999999997,4.6891931671227836,-0,4.6891931671227836
-33.445,4.688395930254714,-0,4.688395930254714
-33.417500000000004,4.6875975816823026,-0,4.6875975816823026
-33.390000000000001,4.6867981190903105,-0,4.6867981190903105
-33.362499999999997,4.6859975401571132,-0,4.6859975401571132
-33.335000000000001,4.6851958425546592,-0,4.6851958425546592
-33.307500000000005,4.684393023948461,-0,4.684393023948461
-33.280000000000001,4.6835890819975656,-0,4.6835890819975656
-33.252499999999998,4.6827840143545432,-0,4.6827840143545432
-33.225000000000001,4.6819778186654508,-0,4.6819778186654508
-33.197500000000005,4.6811704925698177,-0,4.6811704925698177
-33.170000000000002,4.6803620337006242,-0,4.6803620337006242
-33.142499999999998,4.679552439684274,-0,4.679552439684274
-33.114999999999995,4.6787417081405742,-0,4.6787417081405742
-33.087499999999999,4.6779298366827167,-0,4.6779298366827167
-33.060000000000002,4.6771168229172435,-0,4.6771168229172435
-33.032499999999999,4.67630266444404,-0,4.67630266444404
-33.004999999999995,4.6754873588562962,-0,4.6754873588562962
-32.977499999999999,4.6746709037404948,-0,4.6746709037404948
-32.950000000000003,4.6738532966763797,-0,4.6738532966763797
-32.922499999999999,4.673034535236944,-0,4.673034535236944
-32.894999999999996,4.6722146169883914,-0,4.6722146169883914
-32.8675,4.6713935394901238,-0,4.6713935394901238
-32.840000000000003,4.6705713002947133,-0,4.6705713002947133
-32.8125,4.6697478969478876,-0,4.6697478969478876
-32.784999999999997,4.6689233269884829,-0,4.6689233269884829
-32.7575,4.6680975879484512,-0,4.6680975879484512
-32.730000000000004,4.667270677352807,-0,4.667270677352807
-32.702500000000001,4.6664425927196227,-0,4.6664425927196227
-32.674999999999997,4.665613331560003,-0,4.665613331560003
-32.647500000000001,4.6647828913780494,-0,4.6647828913780494
-32.620000000000005,4.6639512696708376,-0,4.6639512696708376
-32.592500000000001,4.6631184639284076,-0,4.6631184639284076
-32.564999999999998,4.6622844716337273,-0,4.6622844716337273
-32.537500000000001,4.661449290262663,-0,4.661449290262663
-32.510000000000005,4.6606129172839648,-0,4.6606129172839648
-32.482500000000002,4.6597753501592383,-0,4.6597753501592383
-32.454999999999998,4.6589365863429189,-0,4.6589365863429189
-32.427499999999995,4.6580966232822512,-0,4.6580966232822512
-32.399999999999999,4.6572554584172483,-0,4.6572554584172483
-32.372500000000002,4.6564130891806865,-0,4.6564130891806865
-32.344999999999999,4.6555695129980705,-0,4.6555695129980705
-32.317499999999995,4.6547247272876024,-0,4.6547247272876024
-32.289999999999999,4.6538787294601693,-0,4.6538787294601693
-32.262500000000003,4.6530315169193059,-0,4.6530315169193059
-32.234999999999999,4.6521830870611733,-0,4.6521830870611733
-32.207499999999996,4.6513334372745332,-0,4.6513334372745332
-32.18,4.6504825649407193,-0,4.6504825649407193
-32.152500000000003,4.6496304674336155,-0,4.6496304674336155
-32.125,4.6487771421196236,-0,4.6487771421196236
-32.097499999999997,4.6479225863576428,-0,4.6479225863576428
-32.07,4.6470667974990398,-0,4.6470667974990398
-32.042500000000004,4.6462097728876266,-0,4.6462097728876266
-32.015000000000001,4.645351509859621,-0,4.645351509859621
-31.987500000000001,4.6444920057436381,-0,4.6444920057436381
-31.960000000000001,4.6436312578606449,-0,4.6436312578606449
-31.932500000000001,4.6427692635239506,-0,4.6427692635239506
-31.905000000000001,4.6419060200391691,-0,4.6419060200391691
-31.877500000000001,4.6410415247041863,-0,4.6410415247041863
-31.850000000000001,4.6401757748091503,-0,4.6401757748091503
-31.822500000000002,4.639308767636428,-0,4.639308767636428
-31.795000000000002,4.6384405004605807,-0,4.6384405004605807
-31.767499999999998,4.6375709705483441,-0,4.6375709705483441
-31.739999999999998,4.6367001751585892,-0,4.6367001751585892
-31.712499999999999,4.6358281115423008,-0,4.6358281115423008
-31.684999999999999,4.6349547769425499,-0,4.6349547769425499
-31.657499999999999,4.6340801685944673,-0,4.6340801685944673
-31.629999999999999,4.6332042837252025,-0,4.6332042837252025
-31.602499999999999,4.6323271195539117,-0,4.6323271195539117
-31.574999999999999,4.6314486732917182,-0,4.6314486732917182
-31.547499999999999,4.6305689421416893,-0,4.6305689421416893
-31.52,4.6296879232988042,-0,4.6296879232988042
-31.4925,4.6288056139499254,-0,4.6288056139499254
-31.465,4.6279220112737702,-0,4.6279220112737702
-31.4375,4.6270371124408829,-0,4.6270371124408829
-31.41,4.6261509146136062,-0,4.6261509146136062
-31.3825,4.6252634149460432,-0,4.6252634149460432
-31.355,4.6243746105840353,-0,4.6243746105840353
-31.327500000000001,4.623484498665138,-0,4.623484498665138
-31.300000000000001,4.6225930763185783,-0,4.6225930763185783
-31.272500000000001,4.6217003406652282,-0,4.6217003406652282
-31.245000000000001,4.6208062888175823,-0,4.6208062888175823
-31.217500000000001,4.6199109178797215,-0,4.6199109178797215
-31.190000000000001,4.6190142249472803,-0,4.6190142249472803
-31.162500000000001,4.6181162071074198,-0,4.6181162071074198
-31.135000000000002,4.617216861438795,-0,4.617216861438795
-31.107500000000002,4.6163161850115308,-0,4.6163161850115308
-31.079999999999998,4.6154141748871824,-0,4.6154141748871824
-31.052499999999998,4.6145108281187062,-0,4.6145108281187062
-31.024999999999999,4.6136061417504273,-0,4.6136061417504273
-30.997499999999999,4.6127001128180201,-0,4.6127001128180201
-30.969999999999999,4.6117927383484538,-0,4.6117927383484538
-30.942499999999999,4.6108840153599893,-0,4.6108840153599893
-30.914999999999999,4.6099739408621216,-0,4.6099739408621216
-30.887499999999999,4.6090625118555621,-0,4.6090625118555621
-30.859999999999999,4.6081497253322059,-0,4.6081497253322059
-30.8325,4.6072355782750929,-0,4.6072355782750929
-30.805,4.6063200676583804,-0,4.6063200676583804
-30.7775,4.6054031904473156,-0,4.6054031904473156
-30.75,4.6044849435981865,-0,4.6044849435981865
-30.7225,4.6035653240583096,-0,4.6035653240583096
-30.695,4.6026443287659857,-0,4.6026443287659857
-30.6675,4.6017219546504631,-0,4.6017219546504631
-30.640000000000001,4.6007981986319191,-0,4.6007981986319191
-30.612500000000001,4.5998730576214042,-0,4.5998730576214042
-30.585000000000001,4.5989465285208375,-0,4.5989465285208375
-30.557500000000001,4.5980186082229464,-0,4.5980186082229464
-30.530000000000001,4.5970892936112495,-0,4.5970892936112495
-30.502500000000001,4.5961585815600134,-0,4.5961585815600134
-30.475000000000001,4.5952264689342268,-0,4.5952264689342268
-30.447500000000002,4.5942929525895586,-0,4.5942929525895586
-30.420000000000002,4.5933580293723306,-0,4.5933580293723306
-30.392499999999998,4.5924216961194766,-0,4.5924216961194766
-30.364999999999998,4.5914839496585085,-0,4.5914839496585085
-30.337499999999999,4.5905447868074898,-0,4.5905447868074898
-30.309999999999999,4.5896042043749912,-0,4.5896042043749912
-30.282499999999999,4.5886621991600585,-0,4.5886621991600585
-30.254999999999999,4.5877187679521754,-0,4.5877187679521754
-30.227499999999999,4.5867739075312386,-0,4.5867739075312386
-30.199999999999999,4.585827614667501,-0,4.585827614667501
-30.172499999999999,4.5848798861215618,-0,4.5848798861215618
-30.145,4.5839307186443108,-0,4.5839307186443108
-30.1175,4.5829801089769013,-0,4.5829801089769013
-30.09,4.5820280538507117,-0,4.5820280538507117
-30.0625,4.5810745499873091,-0,4.5810745499873091
-30.035,4.5801195940984165,-0,4.5801195940984165
-30.0075,4.5791631828858641,-0,4.5791631828858641
-29.98,4.5782053130415727,-0,4.5782053130415727
-29.952500000000001,4.577245981247497,-0,4.577245981247497
-29.925000000000001,4.5762851841755978,-0,4.5762851841755978
-29.897500000000001,4.5753229184878075,-0,4.5753229184878075
-29.870000000000001,4.5743591808359865,-0,4.5743591808359865
-29.842500000000001,4.5733939678618842,-0,4.5733939678618842
-29.815000000000001,4.5724272761971099,-0,4.5724272761971099
-29.787500000000001,4.5714591024630842,-0,4.5714591024630842
-29.760000000000002,4.5704894432710095,-0,4.5704894432710095
-29.732500000000002,4.5695182952218332,-0,4.5695182952218332
-29.704999999999998,4.5685456549061962,-0,4.5685456549061962
-29.677499999999998,4.5675715189044013,-0,4.5675715189044013
-29.649999999999999,4.566595883786384,-0,4.566595883786384
-29.622499999999999,4.5656187461116602,-0,4.5656187461116602
-29.594999999999999,4.5646401024292924,-0,4.5646401024292924
-29.567499999999999,4.5636599492778478,-0,4.5636599492778478
-29.539999999999999,4.5626782831853596,-0,4.5626782831853596
-29.512499999999999,4.5616951006692972,-0,4.5616951006692972
-29.484999999999999,4.5607103982365089,-0,4.5607103982365089
-29.4575,4.5597241723831896,-0,4.5597241723831896
-29.43,4.5587364195948492,-0,4.5587364195948492
-29.4025,4.5577471363462543,-0,4.5577471363462543
-29.375,4.5567563191014067,-0,4.5567563191014067
-29.3475,4.5557639643134866,-0,4.5557639643134866
-29.32,4.5547700684248245,-0,4.5547700684248245
-29.2925,4.5537746278668498,-0,4.5537746278668498
-29.265000000000001,4.5527776390600518,-0,4.5527776390600518
-29.237500000000001,4.5517790984139443,-0,4.5517790984139443
-29.210000000000001,4.5507790023270207,-0,4.5507790023270207
-29.182500000000001,4.5497773471867067,-0,4.5497773471867067
-29.155000000000001,4.5487741293693258,-0,4.5487741293693258
-29.127500000000001,4.5477693452400505,-0,4.5477693452400505
-29.100000000000001,4.5467629911528658,-0,4.5467629911528658
-29.072500000000002,4.5457550634505228,-0,4.5457550634505228
-29.045000000000002,4.5447455584644949,-0,4.5447455584644949
-29.017499999999998,4.5437344725149416,-0,4.5437344725149416
-28.989999999999998,4.5427218019106528,-0,4.5427218019106528
-28.962499999999999,4.5417075429490215,-0,4.5417075429490215
-28.934999999999999,4.5406916919159865,-0,4.5406916919159865
-28.907499999999999,4.5396742450859904,-0,4.5396742450859904
-28.879999999999999,4.5386551987219486,-0,4.5386551987219486
-28.852499999999999,4.5376345490751806,-0,4.5376345490751806
-28.824999999999999,4.5366122923853975,-0,4.5366122923853975
-28.797499999999999,4.535588424880622,-0,4.535588424880622
-28.77,4.5345629427771765,-0,4.5345629427771765
-28.7425,4.5335358422796155,-0,4.5335358422796155
-28.715,4.5325071195806856,-0,4.5325071195806856
-28.6875,4.5314767708612909,-0,4.5314767708612909
-28.66,4.5304447922904298,-0,4.5304447922904298
-28.6325,4.5294111800251642,-0,4.5294111800251642
-28.605,4.5283759302105624,-0,4.5283759302105624
-28.577500000000001,4.5273390389796617,-0,4.5273390389796617
-28.550000000000001,4.5263005024534131,-0,4.5263005024534131
-28.522500000000001,4.52526031674065,-0,4.52526031674065
-28.495000000000001,4.5242184779380139,-0,4.5242184779380139
-28.467500000000001,4.5231749821299365,-0,4.5231749821299365
-28.440000000000001,4.5221298253885731,-0,4.5221298253885731
-28.412500000000001,4.5210830037737697,-0,4.5210830037737697
-28.385000000000002,4.5200345133329973,-0,4.5200345133329973
-28.357500000000002,4.5189843501013183,-0,4.5189843501013183
-28.329999999999998,4.5179325101013337,-0,4.5179325101013337
-28.302499999999998,4.5168789893431365,-0,4.5168789893431365
-28.274999999999999,4.5158237838242545,-0,4.5158237838242545
-28.247499999999999,4.5147668895296142,-0,4.5147668895296142
-28.219999999999999,4.5137083024314819,-0,4.5137083024314819
-28.192499999999999,4.5126480184894167,-0,4.5126480184894167
-28.164999999999999,4.5115860336502269,-0,4.5115860336502269
-28.137499999999999,4.5105223438479101,-0,4.5105223438479101
-28.109999999999999,4.5094569450036115,-0,4.5094569450036115
-28.0825,4.5083898330255687,-0,4.5083898330255687
-28.055,4.5073210038090608,-0,4.5073210038090608
-28.0275,4.5062504532363636,-0,4.5062504532363636
-28,4.5051781771766954,-0,4.5051781771766954
-27.9725,4.5041041714861585,-0,4.5041041714861585
-27.945,4.5030284320076994,-0,4.5030284320076994
-27.9175,4.5019509545710479,-0,4.5019509545710479
-27.890000000000001,4.5008717349926739,-0,4.5008717349926739
-27.862500000000001,4.4997907690757311,-0,4.4997907690757311
-27.835000000000001,4.4987080526099961,-0,4.4987080526099961
-27.807500000000001,4.4976235813718262,-0,4.4976235813718262
-27.780000000000001,4.4965373511241138,-0,4.4965373511241138
-27.752500000000001,4.4954493576162058,-0,4.4954493576162058
-27.725000000000001,4.4943595965838821,-0,4.4943595965838821
-27.697500000000002,4.4932680637492783,-0,4.4932680637492783
-27.670000000000002,4.4921747548208497,-0,4.4921747548208497
-27.642499999999998,4.4910796654932978,-0,4.4910796654932978
-27.614999999999998,4.4899827914475328,-0,4.4899827914475328
-27.587499999999999,4.4888841283506116,-0,4.4888841283506116
-27.559999999999999,4.4877836718556789,-0,4.4877836718556789
-27.532499999999999,4.4866814176019245,-0,4.4866814176019245
-27.504999999999999,4.4855773612145144,-0,4.4855773612145144
-27.477499999999999,4.4844714983045453,-0,4.4844714983045453
-27.449999999999999,4.4833638244689737,-0,4.4833638244689737
-27.422499999999999,4.4822543352905839,-0,4.4822543352905839
-27.395,4.48114302633791,-0,4.48114302633791
-27.3675,4.4800298931651836,-0,4.4800298931651836
-27.34,4.4789149313122882,-0,4.4789149313122882
-27.3125,4.4777981363046857,-0,4.4777981363046857
-27.285,4.476679503653374,-0,4.476679503653374
-27.2575,4.4755590288548106,-0,4.4755590288548106
-27.23,4.4744367073908755,-0,4.4744367073908755
-27.202500000000001,4.4733125347288025,-0,4.4733125347288025
-27.175000000000001,4.4721865063211172,-0,4.4721865063211172
-27.147500000000001,4.4710586176055775,-0,4.4710586176055775
-27.120000000000001,4.4699288640051318,-0,4.4699288640051318
-27.092500000000001,4.4687972409278292,-0,4.4687972409278292
-27.065000000000001,4.4676637437667885,-0,4.4676637437667885
-27.037500000000001,4.4665283679001258,-0,4.4665283679001258
-27.010000000000002,4.4653911086908895,-0,4.4653911086908895
-26.982500000000002,4.46425196148701,-0,4.46425196148701
-26.954999999999998,4.4631109216212206,-0,4.4631109216212206
-26.927499999999998,4.4619679844110305,-0,4.4619679844110305
-26.899999999999999,4.4608231451586278,-0,4.4608231451586278
-26.872499999999999,4.4596763991508279,-0,4.4596763991508279
-26.844999999999999,4.458527741659025,-0,4.458527741659025
-26.817499999999999,4.4573771679391161,-0,4.4573771679391161
-26.789999999999999,4.4562246732314454,-0,4.4562246732314454
-26.762499999999999,4.4550702527607307,-0,4.4550702527607307
-26.734999999999999,4.4539139017360121,-0,4.4539139017360121
-26.7075,4.452755615350581,-0,4.452755615350581
-26.68,4.451595388781918,-0,4.451595388781918
-26.6525,4.4504332171916365,-0,4.4504332171916365
-26.625,4.4492690957254082,-0,4.4492690957254082
-26.5975,4.4481030195128914,-0,4.4481030195128914
-26.57,4.446934983667683,-0,4.446934983667683
-26.5425,4.4457649832872459,-0,4.4457649832872459
-26.515000000000001,4.4445930134528435,-0,4.4445930134528435
-26.487500000000001,4.4434190692294733,-0,4.4434190692294733
-26.460000000000001,4.4422431456657918,-0,4.4422431456657918
-26.432500000000001,4.4410652377940654,-0,4.4410652377940654
-26.405000000000001,4.4398853406300836,-0,4.4398853406300836
-26.377500000000001,4.4387034491731168,-0,4.4387034491731168
-26.350000000000001,4.4375195584058202,-0,4.4375195584058202
-26.322500000000002,4.436333663294187,-0,4.436333663294187
-26.295000000000002,4.4351457587874599,-0,4.4351457587874599
-26.267499999999998,4.4339558398180881,-0,4.4339558398180881
-26.239999999999998,4.4327639013016453,-0,4.4327639013016453
-26.212499999999999,4.4315699381367484,-0,4.4315699381367484
-26.184999999999999,4.4303739452050017,-0,4.4303739452050017
-26.157499999999999,4.4291759173709329,-0,4.4291759173709329
-26.129999999999999,4.4279758494819053,-0,4.4279758494819053
-26.102499999999999,4.4267737363680606,-0,4.4267737363680606
-26.074999999999999,4.4255695728422371,-0,4.4255695728422371
-26.047499999999999,4.4243633536999099,-0,4.4243633536999099
-26.02,4.4231550737191094,-0,4.4231550737191094
-25.9925,4.421944727660355,-0,4.421944727660355
-25.965,4.4207323102665832,-0,4.4207323102665832
-25.9375,4.4195178162630686,-0,4.4195178162630686
-25.91,4.4183012403573469,-0,4.4183012403573469
-25.8825,4.4170825772391629,-0,4.4170825772391629
-25.855,4.4158618215803731,-0,4.4158618215803731
-25.827500000000001,4.4146389680348879,-0,4.4146389680348879
-25.800000000000001,4.4134140112385811,-0,4.4134140112385811
-25.772500000000001,4.4121869458092284,-0,4.4121869458092284
-25.745000000000001,4.4109577663464226,-0,4.4109577663464226
-25.717500000000001,4.4097264674315113,-0,4.4097264674315113
-25.690000000000001,4.4084930436275043,-0,4.4084930436275043
-25.662500000000001,4.4072574894790026,-0,4.4072574894790026
-25.635000000000002,4.4060197995121335,-0,4.4060197995121335
-25.607500000000002,4.4047799682344504,-0,4.4047799682344504
-25.579999999999998,4.403537990134879,-0,4.403537990134879
-25.552499999999998,4.4022938596836259,-0,4.4022938596836259
-25.524999999999999,4.4010475713320947,-0,4.4010475713320947
-25.497499999999999,4.3997991195128261,-0,4.3997991195128261
-25.469999999999999,4.3985484986394017,-0,4.3985484986394017
-25.442499999999999,4.3972957031063702,-0,4.3972957031063702
-25.414999999999999,4.3960407272891722,-0,4.3960407272891722
-25.387499999999999,4.3947835655440493,-0,4.3947835655440493
-25.359999999999999,4.393524212207975,-0,4.393524212207975
-25.3325,4.3922626615985587,-0,4.3922626615985587
-25.305,4.3909989080139873,-0,4.3909989080139873
-25.2775,4.3897329457329208,-0,4.3897329457329208
-25.25,4.3884647690144156,-0,4.3884647690144156
-25.2225,4.3871943720978503,-0,4.3871943720978503
-25.195,4.3859217492028302,-0,4.3859217492028302
-25.1675,4.3846468945291202,-0,4.3846468945291202
-25.140000000000001,4.3833698022565439,-0,4.3833698022565439
-25.112500000000001,4.3820904665449056,-0,4.3820904665449056
-25.085000000000001,4.3808088815339028,-0,4.3808088815339028
-25.057500000000001,4.3795250413430526,-0,4.3795250413430526
-25.030000000000001,4.3782389400715918,-0,4.3782389400715918
-25.002500000000001,4.376950571798397,-0,4.376950571798397
-24.975000000000001,4.3756599305818984,-0,4.3756599305818984
-24.947500000000002,4.3743670104599843,-0,4.3743670104599843
-24.920000000000002,4.373071805449932,-0,4.373071805449932
-24.892499999999998,4.3717743095483028,-0,4.3717743095483028
-24.864999999999998,4.3704745167308605,-0,4.3704745167308605
-24.837499999999999,4.369172420952478,-0,4.369172420952478
-24.809999999999999,4.3678680161470567,-0,4.3678680161470567
-24.782499999999999,4.3665612962274327,-0,4.3665612962274327
-24.754999999999999,4.3652522550852861,-0,4.3652522550852861
-24.727499999999999,4.3639408865910436,-0,4.3639408865910436
-24.699999999999999,4.3626271845937961,-0,4.3626271845937961
-24.672499999999999,4.3613111429212097,-0,4.3613111429212097
-24.645,4.3599927553794302,-0,4.3599927553794302
-24.6175,4.3586720157529841,-0,4.3586720157529841
-24.59,4.3573489178046962,-0,4.3573489178046962
-24.5625,4.3560234552755794,-0,4.3560234552755794
-24.535,4.3546956218847717,-0,4.3546956218847717
-24.5075,4.3533654113294071,-0,4.3533654113294071
-24.48,4.3520328172845506,-0,4.3520328172845506
-24.452500000000001,4.3506978334030748,-0,4.3506978334030748
-24.425000000000001,4.3493604533155885,-0,4.3493604533155885
-24.397500000000001,4.3480206706303228,-0,4.3480206706303228
-24.370000000000001,4.3466784789330504,-0,4.3466784789330504
-24.342500000000001,4.3453338717869734,-0,4.3453338717869734
-24.315000000000001,4.3439868427326349,-0,4.3439868427326349
-24.287500000000001,4.3426373852878157,-0,4.3426373852878157
-24.260000000000002,4.3412854929474394,-0,4.3412854929474394
-24.232500000000002,4.3399311591834699,-0,4.3399311591834699
-24.204999999999998,4.3385743774448233,-0,4.3385743774448233
-24.177499999999998,4.3372151411572375,-0,4.3372151411572375
-24.149999999999999,4.3358534437232104,-0,4.3358534437232104
-24.122499999999999,4.3344892785218736,-0,4.3344892785218736
-24.094999999999999,4.333122638908895,-0,4.333122638908895
-24.067499999999999,4.3317535182163835,-0,4.3317535182163835
-24.039999999999999,4.3303819097527754,-0,4.3303819097527754
-24.012499999999999,4.3290078068027356,-0,4.3290078068027356
-23.984999999999999,4.3276312026270638,-0,4.3276312026270638
-23.9575,4.3262520904625745,-0,4.3262520904625745
-23.93,4.3248704635220019,-0,4.3248704635220019
-23.9025,4.3234863149938896,-0,4.3234863149938896
-23.875,4.3220996380424825,-0,4.3220996380424825
-23.8475,4.3207104258076328,-0,4.3207104258076328
-23.82,4.3193186714046767,-0,4.3193186714046767
-23.7925,4.3179243679243395,-0,4.3179243679243395
-23.765000000000001,4.3165275084326149,-0,4.3165275084326149
-23.737500000000001,4.3151280859706711,-0,4.3151280859706711
-23.710000000000001,4.3137260935547275,-0,4.3137260935547275
-23.682500000000001,4.3123215241759576,-0,4.3123215241759576
-23.655000000000001,4.3109143708003641,-0,4.3109143708003641
-23.627500000000001,4.3095046263686809,-0,4.3095046263686809
-23.600000000000001,4.3080922837962525,-0,4.3080922837962525
-23.572500000000002,4.3066773359729309,-0,4.3066773359729309
-23.545000000000002,4.3052597757629512,-0,4.3052597757629512
-23.517499999999998,4.3038395960048277,-0,4.3038395960048277
-23.489999999999998,4.3024167895112377,-0,4.3024167895112377
-23.462499999999999,4.3009913490688971,-0,4.3009913490688971
-23.434999999999999,4.2995632674384705,-0,4.2995632674384705
-23.407499999999999,4.298132537354423,-0,4.298132537354423
-23.379999999999999,4.2966991515249306,-0,4.2966991515249306
-23.352499999999999,4.2952631026317443,-0,4.2952631026317443
-23.324999999999999,4.293824383330084,-0,4.293824383330084
-23.297499999999999,4.2923829862485174,-0,4.2923829862485174
-23.27,4.2909389039888453,-0,4.2909389039888453
-23.2425,4.2894921291259704,-0,4.2894921291259704
-23.215,4.2880426542077821,-0,4.2880426542077821
-23.1875,4.2865904717550496,-0,4.2865904717550496
-23.16,4.2851355742612771,-0,4.2851355742612771
-23.1325,4.2836779541926067,-0,4.2836779541926067
-23.105,4.2822176039876698,-0,4.2822176039876698
-23.077500000000001,4.2807545160574856,-0,4.2807545160574856
-23.050000000000001,4.279288682785328,-0,4.279288682785328
-23.022500000000001,4.2778200965265967,-0,4.2778200965265967
-22.995000000000001,4.2763487496087045,-0,4.2763487496087045
-22.967500000000001,4.2748746343309403,-0,4.2748746343309403
-22.940000000000001,4.2733977429643417,-0,4.2733977429643417
-22.912500000000001,4.2719180677515851,-0,4.2719180677515851
-22.885000000000002,4.2704356009068327,-0,4.2704356009068327
-22.857500000000002,4.2689503346156226,-0,4.2689503346156226
-22.829999999999998,4.2674622610347379,-0,4.2674622610347379
-22.802499999999998,4.2659713722920598,-0,4.2659713722920598
-22.774999999999999,4.2644776604864632,-0,4.2644776604864632
-22.747499999999999,4.2629811176876657,-0,4.2629811176876657
-22.719999999999999,4.2614817359361039,-0,4.2614817359361039
-22.692499999999999,4.2599795072427966,-0,4.2599795072427966
-22.664999999999999,4.2584744235892149,-0,4.2584744235892149
-22.637499999999999,4.2569664769271505,-0,4.2569664769271505
-22.609999999999999,4.2554556591785726,-0,4.2554556591785726
-22.5825,4.2539419622355013,-0,4.2539419622355013
-22.555,4.2524253779598649,-0,4.2524253779598649
-22.5275,4.2509058981833654,-0,4.2509058981833654
-22.5,4.2493835147073451,-0,4.2493835147073451
-22.4725,4.2478582193026373,-0,4.2478582193026373
-22.445,4.2463300037094385,-0,4.2463300037094385
-22.4175,4.244798859637168,-0,4.244798859637168
-22.390000000000001,4.2432647787643152,-0,4.2432647787643152
-22.362500000000001,4.2417277527383099,-0,4.2417277527383099
-22.335000000000001,4.2401877731753812,-0,4.2401877731753812
-22.307500000000001,4.2386448316604035,-0,4.2386448316604035
-22.280000000000001,4.2370989197467619,-0,4.2370989197467619
-22.252500000000001,4.2355500289562062,-0,4.2355500289562062
-22.225000000000001,4.2339981507787066,-0,4.2339981507787066
-22.197500000000002,4.2324432766723055,-0,4.2324432766723055
-22.170000000000002,4.2308853980629673,-0,4.2308853980629673
-22.142499999999998,4.2293245063444402,-0,4.2293245063444402
-22.114999999999998,4.2277605928781004,-0,4.2277605928781004
-22.087499999999999,4.22619364899281,-0,4.22619364899281
-22.059999999999999,4.2246236659847529,-0,4.2246236659847529
-22.032499999999999,4.2230506351173052,-0,4.2230506351173052
-22.004999999999999,4.221474547620863,-0,4.221474547620863
-21.977499999999999,4.2198953946927036,-0,4.2198953946927036
-21.949999999999999,4.2183131674968273,-0,4.2183131674968273
-21.922499999999999,4.2167278571638063,-0,4.2167278571638063
-21.895,4.2151394547906236,-0,4.2151394547906236
-21.8675,4.2135479514405265,-0,4.2135479514405265
-21.84,4.2119533381428589,-0,4.2119533381428589
-21.8125,4.2103556058929152,-0,4.2103556058929152
-21.785,4.2087547456517793,-0,4.2087547456517793
-21.7575,4.2071507483461561,-0,4.2071507483461561
-21.73,4.2055436048682235,-0,4.2055436048682235
-21.702500000000001,4.20393330607547,-0,4.20393330607547
-21.675000000000001,4.2023198427905246,-0,4.2023198427905246
-21.647500000000001,4.2007032058010019,-0,4.2007032058010019
-21.620000000000001,4.1990833858593373,-0,4.1990833858593373
-21.592500000000001,4.1974603736826239,-0,4.1974603736826239
-21.565000000000001,4.1958341599524411,-0,4.1958341599524411
-21.537500000000001,4.1942047353146972,-0,4.1942047353146972
-21.510000000000002,4.1925720903794552,-0,4.1925720903794552
-21.482500000000002,4.1909362157207743,-0,4.1909362157207743
-21.454999999999998,4.1892971018765266,-0,4.1892971018765266
-21.427499999999998,4.1876547393482397,-0,4.1876547393482397
-21.399999999999999,4.1860091186009249,-0,4.1860091186009249
-21.372499999999999,4.184360230062893,-0,4.184360230062893
-21.344999999999999,4.182708064125606,-0,4.182708064125606
-21.317499999999999,4.1810526111434765,-0,4.1810526111434765
-21.289999999999999,4.1793938614337112,-0,4.1793938614337112
-21.262499999999999,4.1777318052761334,-0,4.1777318052761334
-21.234999999999999,4.1760664329129984,-0,4.1760664329129984
-21.2075,4.1743977345488243,-0,4.1743977345488243
-21.18,4.1727257003502114,-0,4.1727257003502114
-21.1525,4.1710503204456604,-0,4.1710503204456604
-21.125,4.1693715849253969,-0,4.1693715849253969
-21.0975,4.1676894838411851,-0,4.1676894838411851
-21.07,4.1660040072061548,-0,4.1660040072061548
-21.0425,4.1643151449946032,-0,4.1643151449946032
-21.015000000000001,4.1626228871418229,-0,4.1626228871418229
-20.987500000000001,4.160927223543915,-0,4.160927223543915
-20.960000000000001,4.1592281440575984,-0,4.1592281440575984
-20.932500000000001,4.1575256385000268,-0,4.1575256385000268
-20.905000000000001,4.1558196966485941,-0,4.1558196966485941
-20.877500000000001,4.1541103082407584,-0,4.1541103082407584
-20.850000000000001,4.1523974629738376,-0,4.1523974629738376
-20.822500000000002,4.1506811505048198,-0,4.1506811505048198
-20.795000000000002,4.1489613604501816,-0,4.1489613604501816
-20.767499999999998,4.1472380823856829,-0,4.1472380823856829
-20.739999999999998,4.1455113058461794,-0,4.1455113058461794
-20.712499999999999,4.1437810203254237,-0,4.1437810203254237
-20.684999999999999,4.1420472152758654,-0,4.1420472152758654
-20.657499999999999,4.1403098801084646,-0,4.1403098801084646
-20.629999999999999,4.1385690041924761,-0,4.1385690041924761
-20.602499999999999,4.1368245768552683,-0,4.1368245768552683
-20.574999999999999,4.1350765873821054,-0,4.1350765873821054
-20.547499999999999,4.1333250250159548,-0,4.1333250250159548
-20.52,4.131569878957281,-0,4.131569878957281
-20.4925,4.1298111383638414,-0,4.1298111383638414
-20.465,4.1280487923504783,-0,4.1280487923504783
-20.4375,4.1262828299889174,-0,4.1262828299889174
-20.41,4.124513240307552,-0,4.124513240307552
-20.3825,4.1227400122912474,-0,4.1227400122912474
-20.355,4.1209631348811122,-0,4.1209631348811122
-20.327500000000001,4.1191825969742988,-0,4.1191825969742988
-20.300000000000001,4.117398387423794,-0,4.117398387423794
-20.272500000000001,4.1156104950381884,-0,4.1156104950381884
-20.245000000000001,4.1138189085814876,-0,4.1138189085814876
-20.217500000000001,4.112023616772869,-0,4.112023616772869
-20.190000000000001,4.1102246082864795,-0,4.1102246082864795
-20.162500000000001,4.1084218717512133,-0,4.1084218717512133
-20.135000000000002,4.1066153957504987,-0,4.1066153957504987
-20.107500000000002,4.104805168822061,-0,4.104805168822061
-20.079999999999998,4.1029911794577156,-0,4.1029911794577156
-20.052499999999998,4.1011734161031406,-0,4.1011734161031406
-20.024999999999999,4.0993518671576421,-0,4.0993518671576421
-19.997499999999999,4.0975265209739469,-0,4.0975265209739469
-19.969999999999999,4.0956973658579559,-0,4.0956973658579559
-19.942499999999999,4.0938643900685285,-0,4.0938643900685285
-19.914999999999999,4.0920275818172449,-0,4.0920275818172449
-19.887499999999999,4.0901869292681843,-0,4.0901869292681843
-19.859999999999999,4.0883424205376784,-0,4.0883424205376784
-19.8325,4.086494043694092,-0,4.086494043694092
-19.805,4.0846417867575742,-0,4.0846417867575742
-19.7775,4.0827856376998373,-0,4.0827856376998373
-19.75,4.080925584443909,-0,4.080925584443909
-19.7225,4.0790616148638872,-0,4.0790616148638872
-19.695,4.0771937167847181,-0,4.0771937167847181
-19.6675,4.0753218779819349,-0,4.0753218779819349
-19.640000000000001,4.0734460861814332,-0,4.0734460861814332
-19.612500000000001,4.0715663290592063,-0,4.0715663290592063
-19.585000000000001,4.069682594241117,-0,4.069682594241117
-19.557500000000001,4.0677948693026362,-0,4.0677948693026362
-19.530000000000001,4.0659031417686089,-0,4.0659031417686089
-19.502500000000001,4.0640073991129899,-0,4.0640073991129899
-19.475000000000001,4.0621076287585991,-0,4.0621076287585991
-19.447500000000002,4.0602038180768716,-0,4.0602038180768716
-19.420000000000002,4.0582959543875905,-0,4.0582959543875905
-19.392499999999998,4.0563840249586534,-0,4.0563840249586534
-19.364999999999998,4.0544680170057905,-0,4.0544680170057905
-19.337499999999999,4.0525479176923191,-0,4.0525479176923191
-19.309999999999999,4.0506237141288866,-0,4.0506237141288866
-19.282499999999999,4.0486953933731957,-0,4.0486953933731957
-19.254999999999999,4.0467629424297549,-0,4.0467629424297549
-19.227499999999999,4.0448263482496039,-0,4.0448263482496039
-19.199999999999999,4.042885597730054,-0,4.042885597730054
-19.172499999999999,4.0409406777144152,-0,4.0409406777144152
-19.145,4.0389915749917318,-0,4.0389915749917318
-19.1175,4.03703827629651,-0,4.03703827629651
-19.09,4.0350807683084415,-0,4.0350807683084415
-19.0625,4.0331190376521295,-0,4.0331190376521295
-19.035,4.0311530708968295,-0,4.0311530708968295
-19.0075,4.0291828545561463,-0,4.0291828545561463
-18.98,4.027208375087775,-0,4.027208375087775
-18.952500000000001,4.0252296188932144,-0,4.0252296188932144
-18.925000000000001,4.0232465723174835,-0,4.0232465723174835
-18.897500000000001,4.0212592216488403,-0,4.0212592216488403
-18.870000000000001,4.0192675531184987,-0,4.0192675531184987
-18.842500000000001,4.0172715529003353,-0,4.0172715529003353
-18.815000000000001,4.0152712071106063,-0,4.0152712071106063
-18.787500000000001,4.013266501807661,-0,4.013266501807661
-18.760000000000002,4.0112574229916422,-0,4.0112574229916422
-18.732500000000002,4.0092439566041982,-0,4.0092439566041982
-18.704999999999998,4.0072260885281832,-0,4.0072260885281832
-18.677499999999998,4.0052038045873672,-0,4.0052038045873672
-18.649999999999999,4.0031770905461386,-0,4.0031770905461386
-18.622499999999999,4.0011459321091891,-0,4.0011459321091891
-18.594999999999999,3.9991103149212264,-0,3.9991103149212264
-18.567499999999999,3.9970702245666736,-0,3.9970702245666736
-18.539999999999999,3.9950256465693545,-0,3.9950256465693545
-18.512499999999999,3.9929765663921848,-0,3.9929765663921848
-18.484999999999999,3.9909229694368733,-0,3.9909229694368733
-18.4575,3.9888648410436054,-0,3.9888648410436054
-18.43,3.9868021664907278,-0,3.9868021664907278
-18.4025,3.9847349309944455,-0,3.9847349309944455
-18.375,3.9826631197084952,-0,3.9826631197084952
-18.3475,3.980586717723829,-0,3.980586717723829
-18.32,3.9785057100682995,-0,3.9785057100682995
-18.2925,3.9764200817063395,-0,3.9764200817063395
-18.265000000000001,3.9743298175386275,-0,3.9743298175386275
-18.237500000000001,3.9722349024017762,-0,3.9722349024017762
-18.210000000000001,3.970135321067997,-0,3.970135321067997
-18.182500000000001,3.9680310582447786,-0,3.9680310582447786
-18.155000000000001,3.9659220985745489,-0,3.9659220985745489
-18.127500000000001,3.963808426634341,-0,3.963808426634341
-18.100000000000001,3.9616900269354685,-0,3.9616900269354685
-18.072500000000002,3.9595668839231823,-0,3.9595668839231823
-18.045000000000002,3.9574389819763347,-0,3.9574389819763347
-18.017499999999998,3.9553063054070332,-0,3.9553063054070332
-17.990000000000002,3.953168838460305,-0,3.953168838460305
-17.962499999999999,3.9510265653137542,-0,3.9510265653137542
-17.935000000000002,3.9488794700772041,-0,3.9488794700772041
-17.907499999999999,3.9467275367923627,-0,3.9467275367923627
-17.880000000000003,3.9445707494324642,-0,3.9445707494324642
-17.852499999999999,3.9424090919019195,-0,3.9424090919019195
-17.825000000000003,3.9402425480359606,-0,3.9402425480359606
-17.797499999999999,3.9380711016002832,-0,3.9380711016002832
-17.770000000000003,3.9358947362906949,-0,3.9358947362906949
-17.7425,3.9337134357327419,-0,3.9337134357327419
-17.715000000000003,3.9315271834813594,-0,3.9315271834813594
-17.6875,3.929335963020502,-0,3.929335963020502
-17.659999999999997,3.9271397577627734,-0,3.9271397577627734
-17.6325,3.9249385510490646,-0,3.9249385510490646
-17.604999999999997,3.9227323261481746,-0,3.9227323261481746
-17.577500000000001,3.9205210662564429,-0,3.9205210662564429
-17.549999999999997,3.9183047544973761,-0,3.9183047544973761
-17.522500000000001,3.9160833739212637,-0,3.9160833739212637
-17.494999999999997,3.9138569075048011,-0,3.9138569075048011
-17.467500000000001,3.9116253381507087,-0,3.9116253381507087
-17.439999999999998,3.9093886486873521,-0,3.9093886486873521
-17.412500000000001,3.9071468218683463,-0,3.9071468218683463
-17.384999999999998,3.9048998403721717,-0,3.9048998403721717
-17.357500000000002,3.9026476868017865,-0,3.9026476868017865
-17.329999999999998,3.9003903436842293,-0,3.9003903436842293
-17.302500000000002,3.8981277934702243,-0,3.8981277934702243
-17.274999999999999,3.8958600185337873,-0,3.8958600185337873
-17.247500000000002,3.893587001171821,-0,3.893587001171821
-17.219999999999999,3.8913087236037125,-0,3.8913087236037125
-17.192500000000003,3.8890251679709373,-0,3.8890251679709373
-17.164999999999999,3.8867363163366417,-0,3.8867363163366417
-17.137500000000003,3.8844421506852354,-0,3.8844421506852354
-17.109999999999999,3.882142652921992,-0,3.882142652921992
-17.082500000000003,3.879837804872615,-0,3.879837804872615
-17.055,3.8775275882828391,-0,3.8775275882828391
-17.027500000000003,3.8752119848180011,-0,3.8752119848180011
-17,3.8728909760626218,-0,3.8728909760626218
-16.972499999999997,3.870564543519984,-0,3.870564543519984
-16.945,3.8682326686117023,-0,3.8682326686117023
-16.917499999999997,3.8658953326773,-0,3.8658953326773
-16.890000000000001,3.863552516973773,-0,3.863552516973773
-16.862499999999997,3.8612042026751587,-0,3.8612042026751587
-16.835000000000001,3.8588503708721,-0,3.8588503708721
-16.807499999999997,3.8564910025714094,-0,3.8564910025714094
-16.780000000000001,3.8541260786956193,-0,3.8541260786956193
-16.752499999999998,3.8517555800825436,-0,3.8517555800825436
-16.725000000000001,3.8493794874848382,-0,3.8493794874848382
-16.697499999999998,3.846997781569542,-0,3.846997781569542
-16.670000000000002,3.84461044291763,-0,3.84461044291763
-16.642499999999998,3.8422174520235601,-0,3.8422174520235601
-16.615000000000002,3.8398187892948137,-0,3.8398187892948137
-16.587499999999999,3.8374144350514356,-0,3.8374144350514356
-16.560000000000002,3.8350043695255835,-0,3.8350043695255835
-16.532499999999999,3.8325885728610429,-0,3.8325885728610429
-16.505000000000003,3.8301670251127797,-0,3.8301670251127797
-16.477499999999999,3.8277397062464598,-0,3.8277397062464598
-16.450000000000003,3.8253065961379811,-0,3.8253065961379811
-16.422499999999999,3.8228676745729939,-0,3.8228676745729939
-16.395000000000003,3.8204229212464242,-0,3.8204229212464242
-16.3675,3.8179723157619945,-0,3.8179723157619945
-16.340000000000003,3.8155158376317444,-0,3.8155158376317444
-16.3125,3.8130534662755315,-0,3.8130534662755315
-16.284999999999997,3.8105851810205542,-0,3.8105851810205542
-16.2575,3.8081109611008608,-0,3.8081109611008608
-16.229999999999997,3.8056307856568381,-0,3.8056307856568381
-16.202500000000001,3.8031446337347363,-0,3.8031446337347363
-16.174999999999997,3.800652484286156,-0,3.800652484286156
-16.147500000000001,3.7981543161675395,-0,3.7981543161675395
-16.119999999999997,3.7956501081396801,-0,3.7956501081396801
-16.092500000000001,3.793139838867202,-0,3.793139838867202
-16.064999999999998,3.7906234869180513,-0,3.7906234869180513
-16.037500000000001,3.7881010307629825,-0,3.7881010307629825
-16.009999999999998,3.7855724487750337,-0,3.7855724487750337
-15.982500000000002,3.7830377192290197,-0,3.7830377192290197
-15.954999999999998,3.7804968203009901,-0,3.7804968203009901
-15.927500000000002,3.7779497300677205,-0,3.7779497300677205
-15.899999999999999,3.7753964265061719,-0,3.7753964265061719
-15.872500000000002,3.7728368874929576,-0,3.7728368874929576
-15.844999999999999,3.7702710908038131,-0,3.7702710908038131
-15.817500000000003,3.7676990141130555,-0,3.7676990141130555
-15.789999999999999,3.7651206349930395,-0,3.7651206349930395
-15.762500000000003,3.7625359309136113,-0,3.7625359309136113
-15.734999999999999,3.759944879241564,-0,3.759944879241564
-15.707500000000003,3.7573474572400896,-0,3.7573474572400896
-15.68,3.7547436420682141,-0,3.7547436420682141
-15.652500000000003,3.7521334107802473,-0,3.7521334107802473
-15.625,3.7495167403252267,-0,3.7495167403252267
-15.597499999999997,3.7468936075463417,-0,3.7468936075463417
-15.57,3.7442639891803773,-0,3.7442639891803773
-15.542499999999997,3.7416278618571357,-0,3.7416278618571357
-15.515000000000001,3.7389852020988719,-0,3.7389852020988719
-15.487499999999997,3.7363359863197108,-0,3.7363359863197108
-15.460000000000001,3.7336801908250692,-0,3.7336801908250692
-15.432499999999997,3.7310177918110687,-0,3.7310177918110687
-15.405000000000001,3.728348765363962,-0,3.728348765363962
-15.377499999999998,3.7256730874595263,-0,3.7256730874595263
-15.350000000000001,3.7229907339624844,-0,3.7229907339624844
-15.322499999999998,3.7203016806258993,-0,3.7203016806258993
-15.295000000000002,3.7176059030905817,-0,3.7176059030905817
-15.267499999999998,3.7149033768844792,-0,3.7149033768844792
-15.240000000000002,3.7121940774220779,-0,3.7121940774220779
-15.212499999999999,3.7094779800037889,-0,3.7094779800037889
-15.185000000000002,3.7067550598153374,-0,3.7067550598153374
-15.157499999999999,3.7040252919271421,-0,3.7040252919271421
-15.130000000000003,3.7012886512937007,-0,3.7012886512937007
-15.102499999999999,3.6985451127529618,-0,3.6985451127529618
-15.075000000000003,3.6957946510257043,-0,3.6957946510257043
-15.047499999999999,3.6930372407149021,-0,3.6930372407149021
-15.020000000000003,3.6902728563050911,-0,3.6902728563050911
-14.9925,3.6875014721617316,-0,3.6875014721617316
-14.965000000000003,3.6847230625305762,-0,3.6847230625305762
-14.9375,3.6819376015370131,-0,3.6819376015370131
-14.909999999999997,3.6791450631854272,-0,3.6791450631854272
-14.8825,3.6763454213585467,-0,3.6763454213585467
-14.854999999999997,3.6735386498167837,-0,3.6735386498167837
-14.827500000000001,3.6707247221975905,-0,3.6707247221975905
-14.799999999999997,3.6679036120147743,-0,3.6679036120147743
-14.772500000000001,3.6650752926578556,-0,3.6650752926578556
-14.744999999999997,3.6622397373913875,-0,3.6622397373913875
-14.717500000000001,3.6593969193542835,-0,3.6593969193542835
-14.689999999999998,3.6565468115591422,-0,3.6565468115591422
-14.662500000000001,3.6536893868915667,-0,3.6536893868915667
-14.634999999999998,3.6508246181094899,-0,3.6508246181094899
-14.607500000000002,3.647952477842471,-0,3.647952477842471
-14.579999999999998,3.645072938591015,-0,3.645072938591015
-14.552500000000002,3.6421859727258878,-0,3.6421859727258878
-14.524999999999999,3.6392915524873897,-0,3.6392915524873897
-14.497500000000002,3.6363896499846899,-0,3.6363896499846899
-14.469999999999999,3.6334802371950885,-0,3.6334802371950885
-14.442500000000003,3.6305632859633303,-0,3.6305632859633303
-14.414999999999999,3.6276387680008764,-0,3.6276387680008764
-14.387500000000003,3.6247066548851992,-0,3.6247066548851992
-14.359999999999999,3.6217669180590533,-0,3.6217669180590533
-14.332500000000003,3.6188195288297584,-0,3.6188195288297584
-14.305,3.6158644583684629,-0,3.6158644583684629
-14.277500000000003,3.6129016777094232,-0,3.6129016777094232
-14.25,3.609931157749255,-0,3.609931157749255
-14.222499999999997,3.6069528692462094,-0,3.6069528692462094
-14.195,3.6039667828194162,-0,3.6039667828194162
-14.167499999999997,3.6009728689481442,-0,3.6009728689481442
-14.140000000000001,3.5979710979710493,-0,3.5979710979710493
-14.112499999999997,3.5949614400854166,-0,3.5949614400854166
-14.085000000000001,3.5919438653464115,-0,3.5919438653464115
-14.057499999999997,3.5889183436663039,-0,3.5889183436663039
-14.030000000000001,3.5858848448137128,-0,3.5858848448137128
-14.002499999999998,3.5828433384128342,-0,3.5828433384128342
-13.975000000000001,3.5797937939426663,-0,3.5797937939426663
-13.947499999999998,3.5767361807362326,-0,3.5767361807362326
-13.920000000000002,3.5736704679797944,-0,3.5736704679797944
-13.892499999999998,3.5705966247120786,-0,3.5705966247120786
-13.865000000000002,3.5675146198234811,-0,3.5675146198234811
-13.837499999999999,3.5644244220552679,-0,3.5644244220552679
-13.810000000000002,3.5613259999987905,-0,3.5613259999987905
-13.782499999999999,3.5582193220946778,-0,3.5582193220946778
-13.755000000000003,3.5551043566320328,-0,3.5551043566320328
-13.727499999999999,3.5519810717476243,-0,3.5519810717476243
-13.700000000000003,3.5488494354250788,-0,3.5488494354250788
-13.672499999999999,3.5457094154940503,-0,3.5457094154940503
-13.645000000000003,3.5425609796294264,-0,3.5425609796294264
-13.6175,3.5394040953504771,-0,3.5394040953504771
-13.590000000000003,3.5362387300200417,-0,3.5362387300200417
-13.5625,3.5330648508436955,-0,3.5330648508436955
-13.534999999999997,3.5298824248689145,-0,3.5298824248689145
-13.5075,3.5266914189842327,-0,3.5266914189842327
-13.479999999999997,3.5234917999184026,-0,3.5234917999184026
-13.452500000000001,3.5202835342395482,-0,3.5202835342395482
-13.424999999999997,3.517066588354314,-0,3.517066588354314
-13.397500000000001,3.5138409285070087,-0,3.5138409285070087
-13.369999999999997,3.5106065207787474,-0,3.5106065207787474
-13.342500000000001,3.5073633310865917,-0,3.5073633310865917
-13.314999999999998,3.5041113251826781,-0,3.5041113251826781
-13.287500000000001,3.5008504686533595,-0,3.5008504686533595
-13.259999999999998,3.4975807269183194,-0,3.4975807269183194
-13.232500000000002,3.4943020652297045,-0,3.4943020652297045
-13.204999999999998,3.4910144486712307,-0,3.4910144486712307
-13.177500000000002,3.4877178421573221,-0,3.4877178421573221
-13.149999999999999,3.484412210432192,-0,3.484412210432192
-13.122500000000002,3.4810975180689754,-0,3.4810975180689754
-13.094999999999999,3.4777737294688191,-0,3.4777737294688191
-13.067500000000003,3.4744408088599932,-0,3.4744408088599932
-13.039999999999999,3.4710987202969736,-0,3.4710987202969736
-13.012500000000003,3.4677474276595519,-0,3.4677474276595519
-12.984999999999999,3.4643868946519167,-0,3.4643868946519167
-12.957500000000003,3.4610170848017323,-0,3.4610170848017323
-12.93,3.457637961459239,-0,3.457637961459239
-12.902500000000003,3.454249487796317,-0,3.454249487796317
-12.875,3.4508516268055653,-0,3.4508516268055653
-12.847499999999997,3.4474443412993798,-0,3.4474443412993798
-12.82,3.4440275939090164,-0,3.4440275939090164
-12.792499999999997,3.4406013470836569,-0,3.4406013470836569
-12.765000000000001,3.4371655630894686,-0,3.4371655630894686
-12.737499999999997,3.4337202040086732,-0,3.4337202040086732
-12.710000000000001,3.4302652317385882,-0,3.4302652317385882
-12.682499999999997,3.4268006079906894,-0,3.4268006079906894
-12.655000000000001,3.4233262942896503,-0,3.4233262942896503
-12.627499999999998,3.4198422519723963,-0,3.4198422519723963
-12.600000000000001,3.4163484421871408,-0,3.4163484421871408
-12.572499999999998,3.4128448258924267,-0,3.4128448258924267
-12.545000000000002,3.4093313638561638,-0,3.4093313638561638
-12.517499999999998,3.4058080166546612,-0,3.4058080166546612
-12.490000000000002,3.402274744671653,-0,3.402274744671653
-12.462499999999999,3.3987315080973346,-0,3.3987315080973346
-12.435000000000002,3.3951782669273771,-0,3.3951782669273771
-12.407499999999999,3.391614980961954,-0,3.391614980961954
-12.380000000000003,3.3880416098047572,-0,3.3880416098047572
-12.352499999999999,3.3844581128620184,-0,3.3844581128620184
-12.325000000000003,3.3808644493415172,-0,3.3808644493415172
-12.297499999999999,3.3772605782515903,-0,3.3772605782515903
-12.270000000000003,3.3736464584001471,-0,3.3736464584001471
-12.2425,3.3700220483936691,-0,3.3700220483936691
-12.215000000000003,3.3663873066362133,-0,3.3663873066362133
-12.1875,3.362742191328417,-0,3.362742191328417
-12.159999999999997,3.3590866604664948,-0,3.3590866604664948
-12.1325,3.3554206718412329,-0,3.3554206718412329
-12.104999999999997,3.3517441830369843,-0,3.3517441830369843
-12.077500000000001,3.3480571514306656,-0,3.3480571514306656
-12.049999999999997,3.3443595341907386,-0,3.3443595341907386
-12.022500000000001,3.3406512882762125,-0,3.3406512882762125
-11.994999999999997,3.3369323704356146,-0,3.3369323704356146
-11.967500000000001,3.3332027372059914,-0,3.3332027372059914
-11.939999999999998,3.3294623449118785,-0,3.3294623449118785
-11.912500000000001,3.3257111496642922,-0,3.3257111496642922
-11.884999999999998,3.3219491073597016,-0,3.3219491073597016
-11.857500000000002,3.3181761736790194,-0,3.3181761736790194
-11.829999999999998,3.314392304086569,-0,3.314392304086569
-11.802500000000002,3.3105974538290721,-0,3.3105974538290721
-11.774999999999999,3.3067915779346153,-0,3.3067915779346153
-11.747500000000002,3.3029746312116326,-0,3.3029746312116326
-11.719999999999999,3.2991465682478758,-0,3.2991465682478758
-11.692500000000003,3.295307343409394,-0,3.295307343409394
-11.664999999999999,3.2914569108394995,-0,3.2914569108394995
-11.637500000000003,3.2875952244577511,-0,3.2875952244577511
-11.609999999999999,3.2837222379589139,-0,3.2837222379589139
-11.582500000000003,3.2798379048119499,-0,3.2798379048119499
-11.555,3.2759421782589766,-0,3.2759421782589766
-11.527500000000003,3.2720350113142458,-0,3.2720350113142458
-11.5,3.2681163567631231,-0,3.2681163567631231
-11.472499999999997,3.2641861671610508,-0,3.2641861671610508
-11.445,3.2602443948325366,-0,3.2602443948325366
-11.417499999999997,3.2562909918701148,-0,3.2562909918701148
-11.390000000000001,3.2523259101333388,-0,3.2523259101333388
-11.362499999999997,3.248349101247745,-0,3.248349101247745
-11.335000000000001,3.2443605166038485,-0,3.2443605166038485
-11.307499999999997,3.240360107356107,-0,3.240360107356107
-11.280000000000001,3.2363478244219239,-0,3.2363478244219239
-11.252499999999998,3.232323618480613,-0,3.232323618480613
-11.225000000000001,3.2282874399724029,-0,3.2282874399724029
-11.197499999999998,3.2242392390974164,-0,3.2242392390974164
-11.170000000000002,3.2201789658146684,-0,3.2201789658146684
-11.142499999999998,3.2161065698410574,-0,3.2161065698410574
-11.115000000000002,3.2120220006503684,-0,3.2120220006503684
-11.087499999999999,3.2079252074722713,-0,3.2079252074722713
-11.060000000000002,3.203816139291328,-0,3.203816139291328
-11.032499999999999,3.1996947448459991,-0,3.1996947448459991
-11.005000000000003,3.1955609726276619,-0,3.1955609726276619
-10.977499999999999,3.1914147708796214,-0,3.1914147708796214
-10.950000000000003,3.1872560875961402,-0,3.1872560875961402
-10.922499999999999,3.1830848705214549,-0,3.1830848705214549
-10.895000000000003,3.1789010671488209,-0,3.1789010671488209
-10.8675,3.174704624719535,-0,3.174704624719535
-10.840000000000003,3.1704954902219931,-0,3.1704954902219931
-10.8125,3.1662736103907321,-0,3.1662736103907321
-10.784999999999997,3.1620389317054847,-0,3.1620389317054847
-10.7575,3.1577914003902459,-0,3.1577914003902459
-10.729999999999997,3.1535309624123329,-0,3.1535309624123329
-10.702500000000001,3.1492575634814779,-0,3.1492575634814779
-10.674999999999997,3.1449711490488945,-0,3.1449711490488945
-10.647500000000001,3.1406716643063812,-0,3.1406716643063812
-10.619999999999997,3.1363590541854212,-0,3.1363590541854212
-10.592500000000001,3.1320332633562837,-0,3.1320332633562837
-10.564999999999998,3.1276942362271543,-0,3.1276942362271543
-10.537500000000001,3.1233419169432568,-0,3.1233419169432568
-10.509999999999998,3.1189762493859869,-0,3.1189762493859869
-10.482500000000002,3.1145971771720733,-0,3.1145971771720733
-10.454999999999998,3.1102046436527222,-0,3.1102046436527222
-10.427500000000002,3.1057985919128042,-0,3.1057985919128042
-10.399999999999999,3.1013789647700167,-0,3.1013789647700167
-10.372500000000002,3.0969457047741016,-0,3.0969457047741016
-10.344999999999999,3.0924987542060345,-0,3.0924987542060345
-10.317500000000003,3.088038055077253,-0,3.088038055077253
-10.289999999999999,3.0835635491288906,-0,3.0835635491288906
-10.262500000000003,3.0790751778310232,-0,3.0790751778310232
-10.234999999999999,3.0745728823819358,-0,3.0745728823819358
-10.207500000000003,3.0700566037073953,-0,3.0700566037073953
-10.18,3.0655262824599467,-0,3.0655262824599467
-10.152500000000003,3.0609818590182312,-0,3.0609818590182312
-10.125,3.0564232734862982,-0,3.0564232734862982
-10.097499999999997,3.0518504656929668,-0,3.0518504656929668
-10.07,3.0472633751911835,-0,3.0472633751911835
-10.042499999999997,3.0426619412573963,-0,3.0426619412573963
-10.015000000000001,3.0380461028909704,-0,3.0380461028909704
-9.9874999999999972,3.0334157988135959,-0,3.0334157988135959
-9.9600000000000009,3.0287709674687471,-0,3.0287709674687471
-9.9324999999999974,3.0241115470211315,-0,3.0241115470211315
-9.9050000000000011,3.019437475356185,-0,3.019437475356185
-9.8774999999999977,3.0147486900795792,-0,3.0147486900795792
-9.8500000000000014,3.0100451285167567,-0,3.0100451285167567
-9.822499999999998,3.0053267277124855,-0,3.0053267277124855
-9.7950000000000017,3.000593424430452,-0,3.000593424430452
-9.7674999999999983,2.9958451551528524,-0,2.9958451551528524
-9.740000000000002,2.9910818560800534,-0,2.9910818560800534
-9.7124999999999986,2.986303463130235,-0,2.986303463130235
-9.6850000000000023,2.981509911939102,-0,2.981509911939102
-9.6574999999999989,2.9767011378595907,-0,2.9767011378595907
-9.6300000000000026,2.971877075961638,-0,2.971877075961638
-9.6024999999999991,2.9670376610319562,-0,2.9670376610319562
-9.5750000000000028,2.9621828275738586,-0,2.9621828275738586
-9.5474999999999994,2.9573125098071031,-0,2.9573125098071031
-9.5200000000000031,2.9524266416677873,-0,2.9524266416677873
-9.4924999999999997,2.9475251568082657,-0,2.9475251568082657
-9.4650000000000034,2.9426079885971115,-0,2.9426079885971115
-9.4375,2.9376750701191048,-0,2.9376750701191048
-9.4099999999999966,2.9327263341752845,-0,2.9327263341752845
-9.3825000000000003,2.9277617132830107,-0,2.9277617132830107
-9.3549999999999969,2.9227811396760854,-0,2.9227811396760854
-9.3275000000000006,2.9177845453049196,-0,2.9177845453049196
-9.2999999999999972,2.9127718618367267,-0,2.9127718618367267
-9.2725000000000009,2.9077430206557811,-0,2.9077430206557811
-9.2449999999999974,2.9026979528637091,-0,2.9026979528637091
-9.2175000000000011,2.8976365892798395,-0,2.8976365892798395
-9.1899999999999977,2.8925588604415879,-0,2.8925588604415879
-9.1625000000000014,2.8874646966049062,-0,2.8874646966049062
-9.134999999999998,2.8823540277447792,-0,2.8823540277447792
-9.1075000000000017,2.8772267835557779,-0,2.8772267835557779
-9.0799999999999983,2.8720828934526548,-0,2.8720828934526548
-9.052500000000002,2.8669222865710244,-0,2.8669222865710244
-9.0249999999999986,2.8617448917680646,-0,2.8617448917680646
-8.9975000000000023,2.8565506376233145,-0,2.8565506376233145
-8.9699999999999989,2.8513394524395093,-0,2.8513394524395093
-8.9425000000000026,2.8461112642434916,-0,2.8461112642434916
-8.9149999999999991,2.8408660007871833,-0,2.8408660007871833
-8.8875000000000028,2.8356035895486289,-0,2.8356035895486289
-8.8599999999999994,2.8303239577331007,-0,2.8303239577331007
-8.8325000000000031,2.8250270322742885,-0,2.8250270322742885
-8.8049999999999997,2.8197127398355408,-0,2.8197127398355408
-8.7775000000000034,2.8143810068112152,-0,2.8143810068112152
-8.75,2.8090317593280636,-0,2.8090317593280636
-8.7224999999999966,2.8036649232467443,-0,2.8036649232467443
-8.6950000000000003,2.7982804241633694,-0,2.7982804241633694
-8.6674999999999969,2.7928781874111706,-0,2.7928781874111706
-8.6400000000000006,2.7874581380622416,-0,2.7874581380622416
-8.6124999999999972,2.7820202009293595,-0,2.7820202009293595
-8.5850000000000009,2.7765643005679168,-0,2.7765643005679168
-8.5574999999999974,2.7710903612779232,-0,2.7710903612779232
-8.5300000000000011,2.7655983071061323,-0,2.7655983071061323
-8.5024999999999977,2.7600880618482408,-0,2.7600880618482408
-8.4750000000000014,2.7545595490512129,-0,2.7545595490512129
-8.447499999999998,2.7490126920156861,-0,2.7490126920156861
-8.4200000000000017,2.743447413798509,-0,2.743447413798509
-8.3924999999999983,2.7378636372153728,-0,2.7378636372153728
-8.365000000000002,2.7322612848435632,-0,2.7322612848435632
-8.3374999999999986,2.7266402790248252,-0,2.7266402790248252
-8.3100000000000023,2.72100054186836,-0,2.72100054186836
-8.2824999999999989,2.7153419952539219,-0,2.7153419952539219
-8.2550000000000026,2.7096645608350727,-0,2.7096645608350727
-8.2274999999999991,2.7039681600425371,-0,2.7039681600425371
-8.2000000000000028,2.6982527140877148,-0,2.6982527140877148
-8.1724999999999994,2.6925181439663119,-0,2.6925181439663119
-8.1450000000000031,2.6867643704621305,-0,2.6867643704621305
-8.1174999999999997,2.6809913141509862,-0,2.6809913141509862
-8.0900000000000034,2.6751988954047947,-0,2.6751988954047947
-8.0625,2.6693870343957875,-0,2.6693870343957875
-8.0349999999999966,2.6635556511009093,-0,2.6635556511009093
-8.0075000000000003,2.6577046653063578,-0,2.6577046653063578
-7.9799999999999969,2.6518339966123028,-0,2.6518339966123028
-7.9525000000000006,2.6459435644377653,-0,2.6459435644377653
-7.9249999999999972,2.6400332880256769,-0,2.6400332880256769
-7.8975000000000009,2.6341030864481274,-0,2.6341030864481274
-7.8699999999999974,2.6281528786117736,-0,2.6281528786117736
-7.8425000000000011,2.62218258326347,-0,2.62218258326347
-7.8149999999999977,2.6161921189960613,-0,2.6161921189960613
-7.7875000000000014,2.6101814042544058,-0,2.6101814042544058
-7.759999999999998,2.6041503573415716,-0,2.6041503573415716
-7.7325000000000017,2.5980988964252885,-0,2.5980988964252885
-7.7049999999999983,2.592026939544561,-0,2.592026939544561
-7.677500000000002,2.585934404616558,-0,2.585934404616558
-7.6499999999999986,2.5798212094436916,-0,2.5798212094436916
-7.6225000000000023,2.5736872717209569,-0,2.5736872717209569
-7.5949999999999989,2.5675325090434913,-0,2.5675325090434913
-7.5675000000000026,2.561356838914409,-0,2.561356838914409
-7.5399999999999991,2.5551601787528586,-0,2.5551601787528586
-7.5125000000000028,2.5489424459023695,-0,2.5489424459023695
-7.4849999999999994,2.5427035576394479,-0,2.5427035576394479
-7.4575000000000031,2.5364434311824677,-0,2.5364434311824677
-7.4299999999999997,2.5301619837008191,-0,2.5301619837008191
-7.4025000000000034,2.5238591323243762,-0,2.5238591323243762
-7.375,2.5175347941532413,-0,2.5175347941532413
-7.3474999999999966,2.5111888862678153,-0,2.5111888862678153
-7.3200000000000003,2.5048213257391656,-0,2.5048213257391656
-7.2924999999999969,2.4984320296397291,-0,2.4984320296397291
-7.2650000000000006,2.4920209150543524,-0,2.4920209150543524
-7.2374999999999972,2.4855878990916533,-0,2.4855878990916533
-7.2100000000000009,2.4791328988957635,-0,2.4791328988957635
-7.1824999999999974,2.472655831658404,-0,2.472655831658404
-7.1550000000000011,2.4661566146313527,-0,2.4661566146313527
-7.1274999999999977,2.4596351651392752,-0,2.4596351651392752
-7.1000000000000014,2.4530914005929638,-0,2.4530914005929638
-7.072499999999998,2.4465252385029603,-0,2.4465252385029603
-7.0450000000000017,2.4399365964936113,-0,2.4399365964936113
-7.0174999999999983,2.4333253923175269,-0,2.4333253923175269
-6.990000000000002,2.426691543870497,-0,2.426691543870497
-6.9624999999999986,2.4200349692068306,-0,2.4200349692068306
-6.9350000000000023,2.4133555865551823,-0,2.4133555865551823
-6.9074999999999989,2.4066533143348208,-0,2.4066533143348208
-6.8800000000000026,2.3999280711724196,-0,2.3999280711724196
-6.8524999999999991,2.3931797759193012,-0,2.3931797759193012
-6.8250000000000028,2.386408347669243,-0,2.386408347669243
-6.7974999999999994,2.3796137057767668,-0,2.3796137057767668
-6.7700000000000031,2.3727957698760016,-0,2.3727957698760016
-6.7424999999999997,2.3659544599000699,-0,2.3659544599000699
-6.7150000000000034,2.3590896961010861,-0,2.3590896961010861
-6.6875,2.3522013990707022,-0,2.3522013990707022
-6.6599999999999966,2.3452894897612833,-0,2.3452894897612833
-6.6325000000000003,2.3383538895076921,-0,2.3383538895076921
-6.6049999999999969,2.3313945200497033,-0,2.3313945200497033
-6.5775000000000006,2.3244113035550935,-0,2.3244113035550935
-6.5499999999999972,2.3174041626433852,-0,2.3174041626433852
-6.5225000000000009,2.3103730204102928,-0,2.3103730204102928
-6.4949999999999974,2.3033178004528665,-0,2.3033178004528665
-6.4675000000000011,2.296238426895389,-0,2.296238426895389
-6.4399999999999977,2.2891348244159948,-0,2.2891348244159948
-6.4125000000000014,2.282006918274091,-0,2.282006918274091
-6.384999999999998,2.2748546343385438,-0,2.2748546343385438
-6.3575000000000017,2.2676778991167037,-0,2.2676778991167037
-6.3299999999999983,2.2604766397842475,-0,2.2604766397842475
-6.302500000000002,2.2532507842159051,-0,2.2532507842159051
-6.2749999999999986,2.2460002610170529,-0,2.2460002610170529
-6.2475000000000023,2.2387249995562311,-0,2.2387249995562311
-6.2199999999999989,2.2314249299985813,-0,2.2314249299985813
-6.1925000000000026,2.2240999833402815,-0,2.2240999833402815
-6.1649999999999991,2.2167500914439193,-0,2.2167500914439193
-6.1375000000000028,2.2093751870749365,-0,2.2093751870749365
-6.1099999999999994,2.201975203939079,-0,2.201975203939079
-6.0825000000000031,2.1945500767209527,-0,2.1945500767209527
-6.0549999999999997,2.187099741123669,-0,2.187099741123669
-6.0275000000000034,2.1796241339096394,-0,2.1796241339096394
-6,2.1721231929425251,-0,2.1721231929425251
-5.9724999999999966,2.1645968572304195,-0,2.1645968572304195
-5.9450000000000003,2.1570450669702428,-0,2.1570450669702428
-5.9174999999999969,2.1494677635934201,-0,2.1494677635934201
-5.8900000000000006,2.141864889812882,-0,2.141864889812882
-5.8624999999999972,2.1342363896713872,-0,2.1342363896713872
-5.8350000000000009,2.1265822085912651,-0,2.1265822085912651
-5.8074999999999974,2.1189022934255597,-0,2.1189022934255597
-5.7800000000000011,2.1111965925106593,-0,2.1111965925106593
-5.7524999999999977,2.1034650557204122,-0,2.1034650557204122
-5.7250000000000014,2.0957076345218408,-0,2.0957076345218408
-5.697499999999998,2.0879242820324073,-0,2.0879242820324073
-5.6700000000000017,2.080114953078962,-0,2.080114953078962
-5.6424999999999983,2.0722796042583536,-0,2.0722796042583536
-5.615000000000002,2.0644181939998227,-0,2.0644181939998227
-5.5874999999999986,2.0565306826291465,-0,2.0565306826291465
-5.5600000000000023,2.048617032434672,-0,2.048617032434672
-5.5324999999999989,2.0406772077352082,-0,2.0406772077352082
-5.5050000000000026,2.0327111749499172,-0,2.0327111749499172
-5.4774999999999991,2.0247189026701795,-0,2.0247189026701795
-5.4500000000000028,2.0167003617335744,-0,2.0167003617335744
-5.4224999999999994,2.0086555252999529,-0,2.0086555252999529
-5.3950000000000031,2.0005843689297498,-0,2.0005843689297498
-5.3674999999999997,1.9924868706645182,-0,1.9924868706645182
-5.3400000000000034,1.984363011109842,-0,1.984363011109842
-5.3125,1.9762127735205961,-0,1.9762127735205961
-5.2849999999999966,1.9680361438887253,-0,1.9680361438887253
-5.2575000000000003,1.9598331110335412,-0,1.9598331110335412
-5.2299999999999969,1.9516036666946395,-0,1.9516036666946395
-5.2025000000000006,1.9433478056275466,-0,1.9433478056275466
-5.1749999999999972,1.9350655257021054,-0,1.9350655257021054
-5.1475000000000009,1.9267568280037719,-0,1.9267568280037719
-5.1199999999999974,1.9184217169378182,-0,1.9184217169378182
-5.0925000000000011,1.910060200336622,-0,1.910060200336622
-5.0649999999999977,1.9016722895700542,-0,1.9016722895700542
-5.0375000000000014,1.893257999659119,-0,1.893257999659119
-5.009999999999998,1.8848173493929028,-0,1.8848173493929028
-4.9825000000000017,1.8763503614489734,-0,1.8763503614489734
-4.9549999999999983,1.867857062517295,-0,1.867857062517295
-4.927500000000002,1.8593374834277974,-0,1.8593374834277974
-4.8999999999999986,1.8507916592816858,-0,1.8507916592816858
-4.8725000000000023,1.8422196295866486,-0,1.8422196295866486
-4.8449999999999989,1.8336214383960177,-0,1.8336214383960177
-4.8175000000000026,1.8249971344520801,-0,1.8249971344520801
-4.7899999999999991,1.8163467713335939,-0,1.8163467713335939
-4.7625000000000028,1.807670407607717,-0,1.807670407607717
-4.7349999999999994,1.7989681069864019,-0,1.7989681069864019
-4.7075000000000031,1.7902399384874854,-0,1.7902399384874854
-4.6799999999999997,1.781485976600536,-0,1.781485976600536
-4.6525000000000034,1.7727063014576765,-0,1.7727063014576765
-4.625,1.7639009990094894,-0,1.7639009990094894
-4.5974999999999966,1.7550701612062016,-0,1.7550701612062016
-4.5700000000000003,1.7462138861842913,-0,1.7462138861842913
-4.5424999999999969,1.7373322784586913,-0,1.7373322784586913
-4.5150000000000006,1.7284254491207971,-0,1.7284254491207971
-4.4874999999999972,1.7194935160424061,-0,1.7194935160424061
-4.4600000000000009,1.7105366040858483,-0,1.7105366040858483
-4.4324999999999974,1.701554845320441,-0,1.701554845320441
-4.4050000000000011,1.6925483792455238,-0,1.6925483792455238
-4.3774999999999977,1.6835173530202421,-0,1.6835173530202421
-4.3500000000000014,1.674461921700344,-0,1.674461921700344
-4.322499999999998,1.6653822484821608,-0,1.6653822484821608
-4.2950000000000017,1.6562785049540683,-0,1.6562785049540683
-4.2674999999999983,1.6471508713556058,-0,1.6471508713556058
-4.240000000000002,1.6379995368445743,-0,1.6379995368445743
-4.2124999999999986,1.6288246997723022,-0,1.6288246997723022
-4.1850000000000023,1.6196265679674144,-0,1.6196265679674144
-4.1574999999999989,1.6104053590283174,-0,1.6104053590283174
-4.1300000000000026,1.6011613006247707,-0,1.6011613006247707
-4.1024999999999991,1.5918946308087494,-0,1.5918946308087494
-4.0750000000000028,1.5826055983349963,-0,1.5826055983349963
-4.0474999999999994,1.573294462991514,-0,1.573294462991514
-4.0200000000000031,1.5639614959403922,-0,1.5639614959403922
-3.9924999999999997,1.5546069800692535,-0,1.5546069800692535
-3.9650000000000034,1.54523121035374,-0,1.54523121035374
-3.9375,1.5358344942313393,-0,1.5358344942313393
-3.9099999999999966,1.5264171519870167,-0,1.5264171519870167
-3.8825000000000003,1.5169795171509799,-0,1.5169795171509799
-3.8549999999999969,1.5075219369090225,-0,1.5075219369090225
-3.8275000000000006,1.498044772525891,-0,1.498044772525891
-3.7999999999999972,1.4885483997820743,-0,1.4885483997820743
-3.7725000000000009,1.4790332094245335,-0,1.4790332094245335
-3.7449999999999974,1.469499607631791,-0,1.469499607631791
-3.7175000000000011,1.4599480164939385,-0,1.4599480164939385
-3.6899999999999977,1.4503788745080151,-0,1.4503788745080151
-3.6625000000000014,1.4407926370893547,-0,1.4407926370893547
-3.634999999999998,1.4311897770993971,-0,1.4311897770993971
-3.6075000000000017,1.4215707853905968,-0,1.4215707853905968
-3.5799999999999983,1.4119361713689695,-0,1.4119361713689695
-3.552500000000002,1.4022864635749674,-0,1.4022864635749674
-3.5249999999999986,1.392622210283246,-0,1.392622210283246
-3.4975000000000023,1.3829439801220833,-0,1.3829439801220833
-3.4699999999999989,1.3732523627130595,-0,1.3732523627130595
-3.4425000000000026,1.3635479693318038,-0,1.3635479693318038
-3.4149999999999991,1.3538314335904797,-0,1.3538314335904797
-3.3875000000000028,1.3441034121428788,-0,1.3441034121428788
-3.3599999999999994,1.3343645854128359,-0,1.3343645854128359
-3.3325000000000031,1.3246156583469135,-0,1.3246156583469135
-3.3049999999999997,1.3148573611921353,-0,1.3148573611921353
-3.2775000000000034,1.3050904502997722,-0,1.3050904502997722
-3.25,1.2953157089560441,-0,1.2953157089560441
-3.2224999999999966,1.2855339482408099,-0,1.2855339482408099
-3.1950000000000003,1.2757460079152003,-0,1.2757460079152003
-3.1674999999999969,1.2659527573392957,-0,1.2659527573392957
-3.1400000000000006,1.2561550964209836,-0,1.2561550964209836
-3.1124999999999972,1.246353956597088,-0,1.246353956597088
-3.0850000000000009,1.2365503018480559,-0,1.2365503018480559
-3.0574999999999974,1.2267451297473748,-0,1.2267451297473748
-3.0300000000000011,1.2169394725471034,-0,1.2169394725471034
-3.0024999999999977,1.2071343983008016,-0,1.2071343983008016
-2.9750000000000014,1.1973310120253475,-0,1.1973310120253475
-2.947499999999998,1.1875304569030445,-0,1.1875304569030445
-2.9200000000000017,1.1777339155256286,-0,1.1777339155256286
-2.8924999999999983,1.1679426111817024,-0,1.1679426111817024
-2.865000000000002,1.1581578091893405,-0,1.1581578091893405
-2.8374999999999986,1.1483808182755273,-0,1.1483808182755273
-2.8100000000000023,1.1386129920043202,-0,1.1386129920043202
-2.7824999999999989,1.1288557302555486,-0,1.1288557302555486
-2.7550000000000026,1.1191104807560999,-0,1.1191104807560999
-2.7274999999999991,1.1093787406657709,-0,1.1093787406657709
-2.7000000000000028,1.099662058219903,-0,1.099662058219903
-2.6724999999999994,1.0899620344309688,-0,1.0899620344309688
-2.6450000000000031,1.0802803248515178,-0,1.0802803248515178
-2.6174999999999997,1.0706186414008412,-0,1.0706186414008412
-2.5900000000000034,1.0609787542579812,-0,1.0609787542579812
-2.5625,1.0513624938236628,-0,1.0513624938236628
-2.5349999999999966,1.0417717527539911,-0,1.0417717527539911
-2.5075000000000003,1.0322084880687656,-0,1.0322084880687656
-2.4799999999999969,1.0226747233374425,-0,1.0226747233374425
-2.4525000000000006,1.0131725509459539,-0,1.0131725509459539
-2.4249999999999972,1.0037041344476094,-0,1.0037041344476094
-2.3975000000000009,0.99427171100162393,0,0.99427171100162393
-2.3699999999999974,0.9848775939027915,0,0.9848775939027915
-2.3425000000000011,0.97552417520617818,0,0.97552417520617818
-2.3149999999999977,0.96621392845068443,0,0.96621392845068443
-2.2875000000000014,0.95694941148570012,0,0.95694941148570012
-2.259999999999998,0.94773326940509339,0,0.94773326940509339
-2.2325000000000017,0.93856823759312991,0,0.93856823759312991
-2.2049999999999983,0.92945714488698272,0,0.92945714488698272
-2.177500000000002,0.92040291686086473,0,0.92040291686086473
-2.1499999999999986,0.91140857923689589,0,0.91140857923689589
-2.1225000000000023,0.90247726142821416,0,0.90247726142821416
-2.0949999999999989,0.89361220021994991,0,0.89361220021994991
-2.0675000000000026,0.88481674359410212,0,0.88481674359410212
-2.0399999999999991,0.87609435470449082,0,0.87609435470449082
-2.0125000000000028,0.86744861600841361,0,0.86744861600841361
-1.9849999999999994,0.85888323356180019,0,0.85888323356180019
-1.9575000000000031,0.85040204148514131,0,0.85040204148514131
-1.9299999999999997,0.84200900660767497,0,0.84200900660767497
-1.9025000000000034,0.83370823329782728,0,0.83370823329782728
-1.875,0.82550396848815288,0,0.82550396848815288
-1.8474999999999966,0.81740060690357685,0,0.81740060690357685
-1.8200000000000003,0.80940269650204255,0,0.80940269650204255
-1.7924999999999969,0.80151494413721713,0,0.80151494413721713
-1.7650000000000006,0.79374222145337781,0,0.79374222145337781
-1.7374999999999972,0.78608957102305144,0,0.78608957102305144
-1.7100000000000009,0.77856221273862491,0,0.77856221273862491
-1.6824999999999974,0.77116555046959823,0,0.77116555046959823
-1.6550000000000011,0.76390517899786869,0,0.76390517899786869
-1.6274999999999977,0.75678689124395482,0,0.75678689124395482
-1.6000000000000014,0.74981668579786387,0,0.74981668579786387
-1.572499999999998,0.74300077476889381,0,0.74300077476889381
-1.5450000000000017,0.7363455919695322,0,0.7363455919695322
-1.5174999999999983,0.72985780144929957,0,0.72985780144929957
-1.490000000000002,0.72354430639533174,0,0.72354430639533174
-1.4624999999999986,0.7174122584172844,0,0.7174122584172844
-1.4350000000000023,0.71146906723519254,0,0.71146906723519254
-1.4074999999999989,0.7057224107898119,0,0.7057224107898119
-1.3800000000000026,0.70018024579612881,0,0.70018024579612881
-1.3524999999999991,0.69485081876175891,0,0.69485081876175891
-1.3250000000000028,0.68974267749322671,0,0.68974267749322671
-1.2974999999999994,0.68486468311430249,0,0.68486468311430249
-1.2700000000000031,0.68022602262199183,0,0.68022602262199183
-1.2424999999999997,0.67583622200711646,0,0.67583622200711646
-1.2150000000000034,0.67170515996800884,0,0.67170515996800884
-1.1875,0.66784308224737521,0,0.66784308224737521
-1.1599999999999966,0.66426061662415314,0,0.66426061662415314
-1.1325000000000003,0.66096878859393393,0,0.66096878859393393
-1.1049999999999969,0.65797903777349198,0,0.65797903777349198
-1.0775000000000006,0.65530323506699251,0,0.65530323506699251
-1.0499999999999972,0.65295370063360403,0,0.65295370063360403
-1.0225000000000009,0.65094322269860139,0,0.65094322269860139
-0.99499999999999744,0.64928507725245832,0,0.64928507725245832
-0.96750000000000114,0.64799304868510132,0,0.64799304868510132
-0.93999999999999773,0.64708145140525164,0,0.64708145140525164
-0.91250000000000142,0.64656515249779445,0,0.64656515249779445
-0.88499999999999801,0.64645959547526588,0,0.64645959547526588
-0.85750000000000171,0.64678082518295632,0,0.64678082518295632
-0.82999999999999829,0.64754551392072857,0,0.64754551392072857
-0.80250000000000199,0.64877098884851714,0,0.64877098884851714
-0.77499999999999858,0.65047526074659334,0,0.65047526074659334
-0.74750000000000227,0.65267705420607647,0,0.65267705420607647
-0.71999999999999886,0.6553958393298871,0,0.6553958393298871
-0.69250000000000256,0.65865186502934936,0,0.65865186502934936
-0.66499999999999915,0.66246619400705353,0,0.66246619400705353
-0.63750000000000284,0.6668607395223094,0,0.6668607395223094
-0.60999999999999943,0.67185830404172964,0,0.67185830404172964
-0.58250000000000313,0.6774826198840227,0,0.6774826198840227
-0.55499999999999972,0.68375839197521271,0,0.68375839197521271
-0.52750000000000341,0.69071134283800306,0,0.69071134283800306
-0.5,0.69836825994721874,0,0.69836825994721874
-0.47249999999999659,0.70675704559188213,0,0.70675704559188213
-0.44500000000000028,0.71590676939393261,0,0.71590676939393261
-0.41749999999999687,0.72584772364359185,0,0.72584772364359185
-0.39000000000000057,0.73661148162217116,0,0.73661148162217116
-0.36249999999999716,0.7482309590948073,0,0.7482309590948073
-0.33500000000000085,0.76074047916796983,0,0.76074047916796983
-0.30749999999999744,0.77417584072017842,0,0.77417584072017842
-0.28000000000000114,0.78857439062865931,0,0.78857439062865931
-0.25249999999999773,0.80397510003044781,0,0.80397510003044781
-0.22500000000000142,0.82041864487302474,0,0.82041864487302474
-0.19749999999999801,0.83794749102791755,0,0.83794749102791755
-0.17000000000000171,0.85660598425998657,0,0.85660598425998657
-0.14249999999999829,0.87644044536647558,0,0.87644044536647558
-0.11500000000000199,0.89749927082240566,0,0.89749927082240566
-0.087499999999998579,0.91983303929381355,0,0.91983303929381355
-0.060000000000002274,0.94349462440664145,0,0.94349462440664145
-0.032499999999998863,0.96853931418822958,0,0.96853931418822958
-0.005000000000002558,0.99502493762919453,0,0.99502493762919453
0.022500000000000853,1.0230119988476383,0,1.0230119988476383
0.049999999999997158,1.0525638193738529,0,1.0525638193738529
0.077500000000000568,1.0837466891138336,0,1.0837466891138336
0.10499999999999687,1.1166300265925675,0,1.1166300265925675
0.13250000000000028,1.1512865491253628,0,1.1512865491253628
0.15999999999999659,1.1877924536158542,0,1.1877924536158542
0.1875,1.2262276087351784,0,1.2262276087351784
0.21500000000000341,1.2666757592964708,0,1.2666757592964708
0.24249999999999972,1.3092247437048981,0,1.3092247437048981
0.27000000000000313,1.3539667254345693,0,1.3539667254345693
0.29749999999999943,1.4009984395615414,0,1.4009984395615414
0.32500000000000284,1.4504214554675412,0,1.4504214554675412
0.35249999999999915,1.5023424569212378,0,1.5023424569212378
0.38000000000000256,1.5568735408461047,0,1.5568735408461047
0.40749999999999886,1.6141325361940959,0,1.6141325361940959
0.43500000000000227,1.6742433444666629,0,1.6742433444666629
0.46249999999999858,1.7373363035568343,0,1.7373363035568343
0.49000000000000199,1.8035485767328723,0,1.8035485767328723
0.51749999999999829,1.8730245687431351,0,1.8730245687431351
0.54500000000000171,1.945916371198549,0,1.945916371198549
0.57249999999999801,2.0223842395812266,0,2.0223842395812266
0.60000000000000142,2.102597104441402,0,2.102597104441402
0.62749999999999773,2.1867331195776574,0,2.1867331195776574
0.65500000000000114,2.2749802502544814,0,2.2749802502544814
0.68249999999999744,2.3675369047943327,0,2.3675369047943327
0.71000000000000085,2.4646126131967026,0,2.4646126131967026
0.73749999999999716,2.5664287567822566,0,2.5664287567822566
0.76500000000000057,2.6732193532454493,0,2.6732193532454493
0.79249999999999687,2.7852319019224296,0,2.7852319019224296
0.82000000000000028,2.9027282945537873,0,2.9027282945537873
0.84749999999999659,3.0259857973426065,0,3.0259857973426065
0.875,3.1552981106906293,0,3.1552981106906293
0.90250000000000341,3.2909765136389875,0,3.2909765136389875
0.92999999999999972,3.433351100760119,0,3.433351100760119
0.95750000000000313,3.5827721200472147,0,3.5827721200472147
0.98499999999999943,3.7396114212406268,0,3.7396114212406268
1.0125000000000028,3.9042640250298954,0,3.9042640250298954
1.0399999999999991,4.0771498246836995,0,4.0771498246836995
1.0675000000000026,4.2587154329119219,0,4.2587154329119219
1.0949999999999989,4.4494361881620899,0,4.4494361881620899
1.1225000000000023,4.6498183361274688,0,4.6498183361274688
1.1499999999999986,4.8604014040084689,0,4.8604014040084689
1.177500000000002,5.0817607870611505,0,5.0817607870611505
1.2049999999999983,5.3145105692051882,0,5.3145105692051882
1.2325000000000017,5.5593066019972932,0,5.5593066019972932
1.259999999999998,5.8168498691322554,0,5.8168498691322554
1.2875000000000014,6.0878901668748577,0,6.0878901668748577
1.3149999999999977,6.3732301344916715,0,6.3732301344916715
1.3425000000000011,6.6737296729228861,0,6.6737296729228861
1.3699999999999974,6.9903107946686083,0,6.9903107946686083
1.3975000000000009,7.3239629532664061,0,7.3239629532664061
1.4249999999999972,7.675748906891096,0,7.675748906891096
1.4525000000000006,8.0468111776521276,0,8.0468111776521276
1.4799999999999969,8.4383791762187741,0,8.4383791762187741
1.5075000000000003,8.8517770706543288,0,8.8517770706543288
1.5349999999999966,9.2884324889595362,0,9.2884324889595362
1.5625,9.7498861570655269,0,9.7498861570655269
1.5900000000000034,10.237802588123726,0,10.237802588123726
1.6174999999999997,10.75398195526239,0,10.75398195526239
1.6450000000000031,11.300373298876822,0,11.300373298876822
1.6724999999999994,11.879089241462882,0,11.879089241462882
1.7000000000000028,12.492422408539483,0,12.492422408539483
1.7274999999999991,13.142863783971039,0,13.142863783971039
1.7550000000000026,13.83312326281307,0,13.83312326281307
1.7824999999999989,14.56615270557403,0,14.56615270557403
1.8100000000000023,15.345171845701232,0,15.345171845701232
1.8374999999999986,16.173697458506119,0,16.173697458506119
1.865000000000002,17.055576266379514,0,17.055576266379514
1.8924999999999983,17.995022134027906,0,17.995022134027906
1.9200000000000017,18.99665820116299,0,18.99665820116299
1.947499999999998,20.065564711650499,0,20.065564711650499
1.9750000000000014,21.207333431454067,0,21.207333431454067
2.0024999999999977,22.428129707471161,0,22.428129707471161
2.0300000000000011,23.734763411499515,0,23.734763411499515
2.0574999999999974,25.134770245362734,0,25.134770245362734
2.0850000000000009,26.636505163925616,0,26.636505163925616
2.1124999999999972,28.249250013821147,0,28.249250013821147
2.1400000000000006,29.983337901877029,0,29.983337901877029
2.1674999999999969,31.850297316905944,0,31.850297316905944
2.1950000000000003,33.863019655435359,0,33.863019655435359
2.2224999999999966,36.035954576275593,0,36.035954576275593
2.25,38.385338569677153,0,38.385338569677153
2.2775000000000034,40.929463324621359,0,40.929463324621359
2.3049999999999997,43.688991978462134,0,43.688991978462134
2.3325000000000031,46.68733322283714,0,46.68733322283714
2.3599999999999994,49.951085632285327,0,49.951085632285327
2.3875000000000028,53.510567628302773,0,53.510567628302773
2.4149999999999991,57.40045239323446,0,57.40045239323446
2.4425000000000026,61.660532077061681,0,61.660532077061681
2.4699999999999989,66.336642163701868,0,66.336642163701868
2.4975000000000023,71.481785385253886,0,71.481785385253886
2.5249999999999986,77.1575057859162,0,77.1575057859162
2.552500000000002,83.435578406597713,0,83.435578406597713
2.5799999999999983,90.400099939594696,0,90.400099939594696
2.6075000000000017,98.150092508718672,0,98.150092508718672
2.634999999999998,106.80276921125085,0,106.80276921125085
2.6625000000000014,116.49766019414095,0,116.49766019414095
2.6899999999999977,127.40186766035877,0,127.40186766035877
2.7175000000000011,139.71681597042462,0,139.71681597042462
2.7449999999999974,153.68700194398411,0,153.68700194398411
2.7725000000000009,169.61145046095544,0,169.61145046095544
2.7999999999999972,187.85887233931408,0,187.85887233931408
2.8275000000000006,208.88795383666761,0,208.88795383666761
2.8549999999999969,233.2748580331191,0,233.2748580331191
2.8825000000000003,261.75101561730867,0,261.75101561730867
2.9099999999999966,295.25584006164439,0,295.25584006164439
2.9375,335.01148612352432,0,335.01148612352432
2.9650000000000034,382.63082480529516,0,382.63082480529516
2.9924999999999997,440.27659640113046,0,440.27659640113046
3.0200000000000031,510.9013983409825,0,510.9013983409825
3.0474999999999994,598.618965279034,0,598.618965279034
3.0750000000000028,709.29554985805055,0,709.29554985805055
3.1024999999999991,851.5238756035285,0,851.5238756035285
3.1300000000000026,1038.2904347375982,0,1038.2904347375982
3.1574999999999989,1289.9622402838634,0,1289.9622402838634
3.1850000000000023,1639.9342395875947,0,1639.9342395875947
3.2124999999999986,2146.0302733883645,0,2146.0302733883645
3.240000000000002,2915.4658865169949,0,2915.4658865169949
3.2674999999999983,4165.4733566826662,0,4165.4733566826662
3.2950000000000017,6392.2536972796106,0,6392.2536972796106
3.322499999999998,10942.244189579831,0,10942.244189579831
3.3500000000000014,22612.898280191472,0,22612.898280191472
3.3774999999999977,70074.701713008006,0,70074.701713008006
3.4050000000000011,1127021.8034352947,0,1127021.8034352947
3.4324999999999974,289781.94653806783,0,289781.94653806783
3.4600000000000009,46813.065232409412,0,46813.065232409412
3.4874999999999972,18504.36864292053,0,18504.36864292053
3.5150000000000006,9907.5837107547286,0,9907.5837107547286
3.5424999999999969,6191.9994576290519,0,6191.9994576290519
3.5700000000000003,4251.3205846573828,0,4251.3205846573828
3.5974999999999966,3109.4515509969838,0,3109.4515509969838
3.625,2380.0783850194211,0,2380.0783850194211
3.6525000000000034,1885.303031045398,0,1885.303031045398
3.6799999999999997,1533.870747490965,0,1533.870747490965
3.7075000000000031,1275.0189407408429,0,1275.0189407408429
3.7349999999999994,1078.6652182047508,0,1078.6652182047508
3.7625000000000028,926.05280643957383,0,926.05280643957383
3.7899999999999991,804.9877387200213,0,804.9877387200213
3.8175000000000026,707.2605943107161,0,707.2605943107161
3.8449999999999989,627.1779217702973,0,627.1779217702973
3.8725000000000023,560.68899888528267,0,560.68899888528267
3.8999999999999986,504.84712302380541,0,504.84712302380541
3.927500000000002,457.46650872543199,0,457.46650872543199
3.9549999999999983,416.89758373508397,0,416.89758373508397
3.9825000000000017,381.87615680520878,0,381.87615680520878
4.009999999999998,351.41992953250093,0,351.41992953250093
4.0375000000000014,324.75608526037911,0,324.75608526037911
4.0649999999999977,301.26971973956557,0,301.26971973956557
4.0925000000000011,280.46652255487214,0,280.46652255487214
4.1199999999999974,261.94537531232936,0,261.94537531232936
4.1475000000000009,245.37796199514293,0,245.37796199514293
4.1749999999999972,230.49341080286524,0,230.49341080286524
4.2025000000000006,217.0665951677158,0,217.0665951677158
4.2299999999999969,204.9091291478091,0,204.9091291478091
4.2575000000000003,193.86236967603739,0,193.86236967603739
4.2849999999999966,183.79192957253835,0,183.79192957253835
4.3125,174.58333917849191,0,174.58333917849191
4.3400000000000034,166.13858937903271,0,166.13858937903271
4.3674999999999997,158.37335681955668,0,158.37335681955668
4.3950000000000031,151.21476142644914,0,151.21476142644914
4.4224999999999994,144.59954244244278,0,144.59954244244278
4.4500000000000028,138.47256587047269,0,138.47256587047269
4.4774999999999991,132.78559612235188,0,132.78559612235188
4.5050000000000026,127.49627963922531,0,127.49627963922531
4.5324999999999989,122.56729960250961,0,122.56729960250961
4.5600000000000023,117.96566952668034,0,117.96566952668034
4.5874999999999986,113.66214019905644,0,113.66214019905644
4.615000000000002,109.63069960204169,0,109.63069960204169
4.6424999999999983,105.84814948498047,0,105.84814948498047
4.6700000000000017,102.29374541571782,0,102.29374541571782
4.697499999999998,98.948889638049522,0,98.948889638049522
4.7250000000000014,95.796868041884792,0,95.796868041884792
4.7524999999999977,92.822624133119092,0,92.822624133119092
4.7800000000000011,90.012564157108443,0,90.012564157108443
4.8074999999999974,87.354388550486249,0,87.354388550486249
4.8350000000000009,84.83694572229183,0,84.83694572229183
4.8624999999999972,82.45010483724316,0,82.45010483724316
4.8900000000000006,80.184644822493624,0,80.184644822493624
4.9174999999999969,78.032157269004244,0,78.032157269004244
4.9450000000000003,75.984961268805321,0,75.984961268805321
4.9724999999999966,74.03602853531639,0,74.03602853531639
5,72.178917407476959,0,72.178917407476959
