x,ReR,ImR,AbsR
-50,0.019607843137254943,0,0.019607843137254943
-49.972499999999997,0.019618421697974453,0,0.019618421697974453
-49.945,0.019629011679261898,0,0.019629011679261898
-49.917499999999997,0.019639613099621922,0,0.019639613099621922
-49.890000000000001,0.019650225977598801,0,0.019650225977598801
-49.862499999999997,0.019660850331776891,0,0.019660850331776891
-49.835000000000001,0.019671486180780962,0,0.019671486180780962
-49.807499999999997,0.01968213354327597,0,0.01968213354327597
-49.780000000000001,0.019692792437967621,0,0.019692792437967621
-49.752499999999998,0.019703462883601808,0,0.019703462883601808
-49.725000000000001,0.019714144898965058,0,0.019714144898965058
-49.697499999999998,0.019724838502884645,0,0.019724838502884645
-49.670000000000002,0.019735543714229364,0,0.019735543714229364
-49.642499999999998,0.019746260551907979,0,0.019746260551907979
-49.615000000000002,0.019756989034871109,0,0.019756989034871109
-49.587499999999999,0.019767729182110116,0,0.019767729182110116
-49.560000000000002,0.019778481012658333,0,0.019778481012658333
-49.532499999999999,0.019789244545589613,0,0.019789244545589613
-49.505000000000003,0.019800019800019775,0,0.019800019800019775
-49.477499999999999,0.019810806795106717,0,0.019810806795106717
-49.450000000000003,0.019821605550049526,0,0.019821605550049526
-49.422499999999999,0.019832416084089366,0,0.019832416084089366
-49.395000000000003,0.01984323841650959,0,0.01984323841650959
-49.3675,0.019854072566635406,0,0.019854072566635406
-49.340000000000003,0.019864918553834099,0,0.019864918553834099
-49.3125,0.019875776397515477,0,0.019875776397515477
-49.284999999999997,0.019886646117132201,0,0.019886646117132201
-49.2575,0.019897527732179454,0,0.019897527732179454
-49.229999999999997,0.019908421262193943,0,0.019908421262193943
-49.202500000000001,0.01991932672675667,0,0.01991932672675667
-49.174999999999997,0.019930244145490827,0,0.019930244145490827
-49.147500000000001,0.019941173538062684,0,0.019941173538062684
-49.119999999999997,0.019952114924181807,0,0.019952114924181807
-49.092500000000001,0.019963068323601285,0,0.019963068323601285
-49.064999999999998,0.01997403375611706,0,0.01997403375611706
-49.037500000000001,0.019985011241568706,0,0.019985011241568706
-49.009999999999998,0.019996000799839986,0,0.019996000799839986
-48.982500000000002,0.020007002450857736,0,0.020007002450857736
-48.954999999999998,0.020018016214593093,0,0.020018016214593093
-48.927500000000002,0.020029042111060935,0,0.020029042111060935
-48.899999999999999,0.02004008016032055,0,0.02004008016032055
-48.872500000000002,0.020051130382475413,0,0.020051130382475413
-48.844999999999999,0.020062192797672629,0,0.020062192797672629
-48.817500000000003,0.020073267426105379,0,0.020073267426105379
-48.789999999999999,0.020084354288009698,0,0.020084354288009698
-48.762500000000003,0.020095453403667474,0,0.020095453403667474
-48.734999999999999,0.020106564793405002,0,0.020106564793405002
-48.707500000000003,0.020117688477593987,0,0.020117688477593987
-48.68,0.020128824476650431,0,0.020128824476650431
-48.652500000000003,0.020139972811036744,0,0.020139972811036744
-48.625,0.020151133501259522,0,0.020151133501259522
-48.597499999999997,0.020162306567871324,0,0.020162306567871324
-48.57,0.020173492031470674,0,0.020173492031470674
-48.542499999999997,0.020184689912701281,0,0.020184689912701281
-48.515000000000001,0.020195900232252706,0,0.020195900232252706
-48.487499999999997,0.020207123010861139,0,0.020207123010861139
-48.460000000000001,0.020218358269308512,0,0.020218358269308512
-48.432499999999997,0.020229606028422609,0,0.020229606028422609
-48.405000000000001,0.020240866309078065,0,0.020240866309078065
-48.377499999999998,0.020252139132195812,0,0.020252139132195812
-48.350000000000001,0.020263424518743633,0,0.020263424518743633
-48.322499999999998,0.02027472248973583,0,0.02027472248973583
-48.295000000000002,0.020286033066233777,0,0.020286033066233777
-48.267499999999998,0.020297356269345812,0,0.020297356269345812
-48.240000000000002,0.020308692120227456,0,0.020308692120227456
-48.212499999999999,0.020320040640081305,0,0.020320040640081305
-48.185000000000002,0.020331401850157693,0,0.020331401850157693
-48.157499999999999,0.020342775771754029,0,0.020342775771754029
-48.130000000000003,0.020354162426216238,0,0.020354162426216238
-48.102499999999999,0.020365561834936985,0,0.020365561834936985
-48.075000000000003,0.020376974019358118,0,0.020376974019358118
-48.047499999999999,0.020388399000968449,0,0.020388399000968449
-48.020000000000003,0.020399836801305526,0,0.020399836801305526
-47.9925,0.020411287441955306,0,0.020411287441955306
-47.965000000000003,0.020422750944552148,0,0.020422750944552148
-47.9375,0.020434227330779042,0,0.020434227330779042
-47.909999999999997,0.020445716622367605,0,0.020445716622367605
-47.8825,0.020457218841098634,0,0.020457218841098634
-47.854999999999997,0.020468734008801448,0,0.020468734008801448
-47.827500000000001,0.020480262147355544,0,0.020480262147355544
-47.799999999999997,0.020491803278688492,0,0.020491803278688492
-47.772500000000001,0.020503357424778379,0,0.020503357424778379
-47.744999999999997,0.02051492460765203,0,0.02051492460765203
-47.717500000000001,0.020526504849386895,0,0.020526504849386895
-47.689999999999998,0.020538098172109165,0,0.020538098172109165
-47.662500000000001,0.020549704597996543,0,0.020549704597996543
-47.634999999999998,0.02056132414927514,0,0.02056132414927514
-47.607500000000002,0.020572956848223023,0,0.020572956848223023
-47.579999999999998,0.020584602717167555,0,0.020584602717167555
-47.552500000000002,0.020596261778487279,0,0.020596261778487279
-47.524999999999999,0.020607934054611032,0,0.020607934054611032
-47.497500000000002,0.020619619568018832,0,0.020619619568018832
-47.469999999999999,0.020631318341241989,0,0.020631318341241989
-47.442500000000003,0.020643030396862216,0,0.020643030396862216
-47.414999999999999,0.020654755757513188,0,0.020654755757513188
-47.387500000000003,0.020666494445879535,0,0.020666494445879535
-47.359999999999999,0.020678246484698182,0,0.020678246484698182
-47.332500000000003,0.020690011896756788,0,0.020690011896756788
-47.305,0.020701790704895862,0,0.020701790704895862
-47.277500000000003,0.020713582932007646,0,0.020713582932007646
-47.25,0.020725388601036232,0,0.020725388601036232
-47.222499999999997,0.020737207734978447,0,0.020737207734978447
-47.195,0.020749040356883408,0,0.020749040356883408
-47.167499999999997,0.020760886489853081,0,0.020760886489853081
-47.140000000000001,0.020772746157041944,0,0.020772746157041944
-47.112499999999997,0.020784619381657543,0,0.020784619381657543
-47.085000000000001,0.020796506186960717,0,0.020796506186960717
-47.057499999999997,0.020808406596264817,0,0.020808406596264817
-47.030000000000001,0.020820320632937706,0,0.020820320632937706
-47.002499999999998,0.020832248320399871,0,0.020832248320399871
-46.975000000000001,0.020844189682126091,0,0.020844189682126091
-46.947499999999998,0.020856144741644544,0,0.020856144741644544
-46.920000000000002,0.020868113522537701,0,0.020868113522537701
-46.892499999999998,0.020880096048441765,0,0.020880096048441765
-46.865000000000002,0.020892092343048119,0,0.020892092343048119
-46.837499999999999,0.020904102430101879,0,0.020904102430101879
-46.810000000000002,0.020916126333402896,0,0.020916126333402896
-46.782499999999999,0.020928164076806421,0,0.020928164076806421
-46.755000000000003,0.020940215684221553,0,0.020940215684221553
-46.727499999999999,0.020952281179613563,0,0.020952281179613563
-46.700000000000003,0.020964360587002129,0,0.020964360587002129
-46.672499999999999,0.02097645393046299,0,0.02097645393046299
-46.645000000000003,0.02098856123412729,0,0.02098856123412729
-46.6175,0.021000682522182013,0,0.021000682522182013
-46.590000000000003,0.021012817818869434,0,0.021012817818869434
-46.5625,0.021024967148488782,0,0.021024967148488782
-46.534999999999997,0.021037130535395021,0,0.021037130535395021
-46.5075,0.02104930800399929,0,0.02104930800399929
-46.479999999999997,0.021061499578770015,0,0.021061499578770015
-46.452500000000001,0.02107370528423147,0,0.02107370528423147
-46.424999999999997,0.021085925144965767,0,0.021085925144965767
-46.397500000000001,0.021098159185610976,0,0.021098159185610976
-46.369999999999997,0.021110407430863454,0,0.021110407430863454
-46.342500000000001,0.021122669905475844,0,0.021122669905475844
-46.314999999999998,0.021134946634259744,0,0.021134946634259744
-46.287500000000001,0.021147237642083039,0,0.021147237642083039
-46.259999999999998,0.021159542953872235,0,0.021159542953872235
-46.232500000000002,0.021171862594611679,0,0.021171862594611679
-46.204999999999998,0.02118419658934434,0,0.02118419658934434
-46.177500000000002,0.021196544963171027,0,0.021196544963171027
-46.149999999999999,0.021208907741251282,0,0.021208907741251282
-46.122500000000002,0.021221284948803598,0,0.021221284948803598
-46.094999999999999,0.02123367661110509,0,0.02123367661110509
-46.067500000000003,0.021246082753492379,0,0.021246082753492379
-46.039999999999999,0.021258503401360485,0,0.021258503401360485
-46.012500000000003,0.021270938580164933,0,0.021270938580164933
-45.984999999999999,0.02128338831541976,0,0.02128338831541976
-45.957499999999996,0.02129585263269973,0,0.02129585263269973
-45.93,0.021308331557639115,0,0.021308331557639115
-45.902500000000003,0.021320825115932029,0,0.021320825115932029
-45.875,0.021333333333333315,0,0.021333333333333315
-45.847499999999997,0.021345856235658101,0,0.021345856235658101
-45.82,0.021358393848782575,0,0.021358393848782575
-45.792500000000004,0.021370946198642882,0,0.021370946198642882
-45.765000000000001,0.021383513311237001,0,0.021383513311237001
-45.737499999999997,0.021396095212623756,0,0.021396095212623756
-45.710000000000001,0.021408691928923251,0,0.021408691928923251
-45.682499999999997,0.021421303486317211,0,0.021421303486317211
-45.655000000000001,0.021433929911049088,0,0.021433929911049088
-45.627499999999998,0.021446571229424616,0,0.021446571229424616
-45.600000000000001,0.021459227467811148,0,0.021459227467811148
-45.572499999999998,0.021471898652638433,0,0.021471898652638433
-45.545000000000002,0.02148458481039861,0,0.02148458481039861
-45.517499999999998,0.021497285967646773,0,0.021497285967646773
-45.490000000000002,0.021510002151000296,0,0.021510002151000296
-45.462499999999999,0.021522733387140058,0,0.021522733387140058
-45.435000000000002,0.021535479702810334,0,0.021535479702810334
-45.407499999999999,0.021548241124818235,0,0.021548241124818235
-45.380000000000003,0.021561017680034489,0,0.021561017680034489
-45.352499999999999,0.021573809395393995,0,0.021573809395393995
-45.325000000000003,0.021586616297895267,0,0.021586616297895267
-45.297499999999999,0.021599438414601213,0,0.021599438414601213
-45.269999999999996,0.021612275772638911,0,0.021612275772638911
-45.2425,0.021625128399199833,0,0.021625128399199833
-45.215000000000003,0.02163799632154062,0,0.02163799632154062
-45.1875,0.021650879566982306,0,0.021650879566982306
-45.159999999999997,0.021663778162911651,0,0.021663778162911651
-45.1325,0.021676692136779918,0,0.021676692136779918
-45.105000000000004,0.021689621516104651,0,0.021689621516104651
-45.077500000000001,0.021702566328468453,0,0.021702566328468453
-45.049999999999997,0.021715526601520208,0,0.021715526601520208
-45.022500000000001,0.021728502362974744,0,0.021728502362974744
-44.994999999999997,0.021741493640613063,0,0.021741493640613063
-44.967500000000001,0.021754500462283111,0,0.021754500462283111
-44.939999999999998,0.021767522855898891,0,0.021767522855898891
-44.912500000000001,0.02178056084944191,0,0.02178056084944191
-44.884999999999998,0.021793614470959954,0,0.021793614470959954
-44.857500000000002,0.021806683748569089,0,0.021806683748569089
-44.829999999999998,0.021819768710451659,0,0.021819768710451659
-44.802500000000002,0.021832869384858844,0,0.021832869384858844
-44.774999999999999,0.021845985800109435,0,0.021845985800109435
-44.747500000000002,0.021859117984589282,0,0.021859117984589282
-44.719999999999999,0.02187226596675429,0,0.02187226596675429
-44.692500000000003,0.021885429775127085,0,0.021885429775127085
-44.664999999999999,0.021898609438300798,0,0.021898609438300798
-44.637500000000003,0.021911804984935612,0,0.021911804984935612
-44.609999999999999,0.021925016443762435,0,0.021925016443762435
-44.582499999999996,0.021938243843580341,0,0.021938243843580341
-44.555,0.02195148721325868,0,0.02195148721325868
-44.527500000000003,0.021964746581736416,0,0.021964746581736416
-44.5,0.0219780219780219,0,0.0219780219780219
-44.472499999999997,0.021991313431194537,0,0.021991313431194537
-44.445,0.022004620970403677,0,0.022004620970403677
-44.417500000000004,0.022017944624869168,0,0.022017944624869168
-44.390000000000001,0.022031284423882025,0,0.022031284423882025
-44.362499999999997,0.022044640396803428,0,0.022044640396803428
-44.335000000000001,0.022058012573067054,0,0.022058012573067054
-44.307499999999997,0.022071400982177414,0,0.022071400982177414
-44.280000000000001,0.022084805653710293,0,0.022084805653710293
-44.252499999999998,0.022098226617313976,0,0.022098226617313976
-44.225000000000001,0.022111663902708689,0,0.022111663902708689
-44.197499999999998,0.022125117539686934,0,0.022125117539686934
-44.170000000000002,0.022138587558113709,0,0.022138587558113709
-44.142499999999998,0.022152073987927179,0,0.022152073987927179
-44.115000000000002,0.022165576859137781,0,0.022165576859137781
-44.087499999999999,0.022179096201829673,0,0.022179096201829673
-44.060000000000002,0.02219263204616051,0,0.02219263204616051
-44.032499999999999,0.022206184422361663,0,0.022206184422361663
-44.005000000000003,0.022219753360737671,0,0.022219753360737671
-43.977499999999999,0.022233338891668009,0,0.022233338891668009
-43.950000000000003,0.022246941045606317,0,0.022246941045606317
-43.922499999999999,0.022260559853080397,0,0.022260559853080397
-43.894999999999996,0.022274195344693215,0,0.022274195344693215
-43.8675,0.022287847551122675,0,0.022287847551122675
-43.840000000000003,0.022301516503122176,0,0.022301516503122176
-43.8125,0.022315202231520281,0,0.022315202231520281
-43.784999999999997,0.022328904767221158,0,0.022328904767221158
-43.7575,0.022342624141205469,0,0.022342624141205469
-43.730000000000004,0.022356360384529372,0,0.022356360384529372
-43.702500000000001,0.022370113528326074,0,0.022370113528326074
-43.674999999999997,0.022383883603805166,0,0.022383883603805166
-43.647500000000001,0.022397670642253176,0,0.022397670642253176
-43.619999999999997,0.022411474675033682,0,0.022411474675033682
-43.592500000000001,0.022425295733587536,0,0.022425295733587536
-43.564999999999998,0.022439133849433412,0,0.022439133849433412
-43.537500000000001,0.022452989054167816,0,0.022452989054167816
-43.509999999999998,0.022466861379465297,0,0.022466861379465297
-43.482500000000002,0.022480750857078569,0,0.022480750857078569
-43.454999999999998,0.022494657518839389,0,0.022494657518839389
-43.427500000000002,0.022508581396657457,0,0.022508581396657457
-43.399999999999999,0.022522522522522626,0,0.022522522522522626
-43.372500000000002,0.022536480928502911,0,0.022536480928502911
-43.344999999999999,0.022550456646747152,0,0.022550456646747152
-43.317500000000003,0.022564449709482681,0,0.022564449709482681
-43.289999999999999,0.022578460149017765,0,0.022578460149017765
-43.262500000000003,0.022592487997740829,0,0.022592487997740829
-43.234999999999999,0.022606533288120234,0,0.022606533288120234
-43.207499999999996,0.022620596052705944,0,0.022620596052705944
-43.18,0.022634676324128633,0,0.022634676324128633
-43.152500000000003,0.022648774135100025,0,0.022648774135100025
-43.125,0.022662889518413554,0,0.022662889518413554
-43.097499999999997,0.022677022506944811,0,0.022677022506944811
-43.07,0.022691173133650988,0,0.022691173133650988
-43.042500000000004,0.022705341431571768,0,0.022705341431571768
-43.015000000000001,0.022719527433829323,0,0.022719527433829323
-42.987499999999997,0.022733731173628979,0,0.022733731173628979
-42.960000000000001,0.022747952684258443,0,0.022747952684258443
-42.932499999999997,0.022762191999089465,0,0.022762191999089465
-42.905000000000001,0.022776449151577283,0,0.022776449151577283
-42.877499999999998,0.022790724175260624,0,0.022790724175260624
-42.850000000000001,0.022805017103762926,0,0.022805017103762926
-42.822499999999998,0.022819327970791337,0,0.022819327970791337
-42.795000000000002,0.022833656810138159,0,0.022833656810138159
-42.767499999999998,0.022848003655680516,0,0.022848003655680516
-42.740000000000002,0.022862368541380906,0,0.022862368541380906
-42.712499999999999,0.022876751501286763,0,0.022876751501286763
-42.685000000000002,0.022891152569531892,0,0.022891152569531892
-42.657499999999999,0.022905571780335587,0,0.022905571780335587
-42.630000000000003,0.022920009168003741,0,0.022920009168003741
-42.602499999999999,0.022934464766928508,0,0.022934464766928508
-42.575000000000003,0.022948938611589198,0,0.022948938611589198
-42.547499999999999,0.022963430736552048,0,0.022963430736552048
-42.519999999999996,0.022977941176470562,0,0.022977941176470562
-42.4925,0.022992469966086171,0,0.022992469966086171
-42.465000000000003,0.023007017140227792,0,0.023007017140227792
-42.4375,0.02302158273381294,0,0.02302158273381294
-42.409999999999997,0.0230361667818475,0,0.0230361667818475
-42.3825,0.023050769319425957,0,0.023050769319425957
-42.355000000000004,0.023065390381732276,0,0.023065390381732276
-42.327500000000001,0.023080030004039132,0,0.023080030004039132
-42.299999999999997,0.023094688221708903,0,0.023094688221708903
-42.272500000000001,0.023109365070194787,0,0.023109365070194787
-42.244999999999997,0.023124060585038686,0,0.023124060585038686
-42.217500000000001,0.023138774801874318,0,0.023138774801874318
-42.189999999999998,0.023153507756425107,0,0.023153507756425107
-42.162500000000001,0.023168259484506293,0,0.023168259484506293
-42.134999999999998,0.023183030022023932,0,0.023183030022023932
-42.107500000000002,0.023197819404975895,0,0.023197819404975895
-42.079999999999998,0.023212627669452091,0,0.023212627669452091
-42.052500000000002,0.023227454851634688,0,0.023227454851634688
-42.024999999999999,0.023242300987797782,0,0.023242300987797782
-41.997500000000002,0.023257166114308947,0,0.023257166114308947
-41.969999999999999,0.023272050267628575,0,0.023272050267628575
-41.942500000000003,0.023286953484310424,0,0.023286953484310424
-41.914999999999999,0.023301875801001848,0,0.023301875801001848
-41.887500000000003,0.023316817254444788,0,0.023316817254444788
-41.859999999999999,0.023331777881474558,0,0.023331777881474558
-41.832499999999996,0.023346757719021838,0,0.023346757719021838
-41.805,0.023361756804111788,0,0.023361756804111788
-41.777500000000003,0.023376775173864828,0,0.023376775173864828
-41.75,0.023391812865497075,0,0.023391812865497075
-41.722499999999997,0.02340686991632035,0,0.02340686991632035
-41.695,0.02342194636374284,0,0.02342194636374284
-41.667500000000004,0.023437042245268658,0,0.023437042245268658
-41.640000000000001,0.023452157598498946,0,0.023452157598498946
-41.612499999999997,0.023467292461132216,0,0.023467292461132216
-41.585000000000001,0.023482446870963902,0,0.023482446870963902
-41.557499999999997,0.023497620865887359,0,0.023497620865887359
-41.530000000000001,0.023512814483893751,0,0.023512814483893751
-41.502499999999998,0.023528027763072612,0,0.023528027763072612
-41.475000000000001,0.023543260741612726,0,0.023543260741612726
-41.447499999999998,0.0235585134578008,0,0.0235585134578008
-41.420000000000002,0.023573785950023685,0,0.023573785950023685
-41.392499999999998,0.023589078256767149,0,0.023589078256767149
-41.365000000000002,0.023604390416617438,0,0.023604390416617438
-41.337499999999999,0.023619722468261051,0,0.023619722468261051
-41.310000000000002,0.023635074450484517,0,0.023635074450484517
-41.282499999999999,0.023650446402175729,0,0.023650446402175729
-41.255000000000003,0.023665838362323943,0,0.023665838362323943
-41.227499999999999,0.023681250370019447,0,0.023681250370019447
-41.200000000000003,0.023696682464454999,0,0.023696682464454999
-41.172499999999999,0.023712134684925057,0,0.023712134684925057
-41.144999999999996,0.023727607070826773,0,0.023727607070826773
-41.1175,0.023743099661660771,0,0.023743099661660771
-41.090000000000003,0.023758612497030152,0,0.023758612497030152
-41.0625,0.023774145616641928,0,0.023774145616641928
-41.034999999999997,0.023789699060306924,0,0.023789699060306924
-41.0075,0.023805272867940208,0,0.023805272867940208
-40.980000000000004,0.023820867079561769,0,0.023820867079561769
-40.952500000000001,0.023836481735295956,0,0.023836481735295956
-40.924999999999997,0.023852116875372698,0,0.023852116875372698
-40.897500000000001,0.02386777254012773,0,0.02386777254012773
-40.869999999999997,0.023883448770002369,0,0.023883448770002369
-40.842500000000001,0.023899145605544625,0,0.023899145605544625
-40.814999999999998,0.023914863087408866,0,0.023914863087408866
-40.787500000000001,0.023930601256356487,0,0.023930601256356487
-40.759999999999998,0.023946360153256685,0,0.023946360153256685
-40.732500000000002,0.023962139819085793,0,0.023962139819085793
-40.704999999999998,0.023977940294928612,0,0.023977940294928612
-40.677500000000002,0.023993761621978305,0,0.023993761621978305
-40.649999999999999,0.024009603841536609,0,0.024009603841536609
-40.622500000000002,0.024025466995014622,0,0.024025466995014622
-40.594999999999999,0.024041351123933019,0,0.024041351123933019
-40.567500000000003,0.024057256269922389,0,0.024057256269922389
-40.539999999999999,0.02407318247472312,0,0.02407318247472312
-40.512500000000003,0.024089129780186735,0,0.024089129780186735
-40.484999999999999,0.024105098228275224,0,0.024105098228275224
-40.457499999999996,0.024121087861062485,0,0.024121087861062485
-40.43,0.024137098720733774,0,0.024137098720733774
-40.402500000000003,0.024153130849586368,0,0.024153130849586368
-40.375,0.024169184290030232,0,0.024169184290030232
-40.347499999999997,0.024185259084588018,0,0.024185259084588018
-40.32,0.024201355275895509,0,0.024201355275895509
-40.292500000000004,0.024217472906702175,0,0.024217472906702175
-40.265000000000001,0.024233612019871398,0,0.024233612019871398
-40.237499999999997,0.024249772658381241,0,0.024249772658381241
-40.210000000000001,0.024265954865323902,0,0.024265954865323902
-40.182499999999997,0.024282158683906929,0,0.024282158683906929
-40.155000000000001,0.024298384157453556,0,0.024298384157453556
-40.127499999999998,0.024314631329402592,0,0.024314631329402592
-40.100000000000001,0.024330900243308862,0,0.024330900243308862
-40.072499999999998,0.024347190942844987,0,0.024347190942844987
-40.045000000000002,0.024363503471799275,0,0.024363503471799275
-40.017499999999998,0.024379837874078158,0,0.024379837874078158
-39.990000000000002,0.024396194193705756,0,0.024396194193705756
-39.962499999999999,0.024412572474824534,0,0.024412572474824534
-39.935000000000002,0.024428972761695311,0,0.024428972761695311
-39.907499999999999,0.024445395098698253,0,0.024445395098698253
-39.880000000000003,0.024461839530332652,0,0.024461839530332652
-39.852499999999999,0.024478306101217817,0,0.024478306101217817
-39.825000000000003,0.024494794856093072,0,0.024494794856093072
-39.797499999999999,0.024511305839818753,0,0.024511305839818753
-39.769999999999996,0.024527839097375548,0,0.024527839097375548
-39.7425,0.024544394673866377,0,0.024544394673866377
-39.715000000000003,0.024560972614515508,0,0.024560972614515508
-39.6875,0.02457757296466978,0,0.02457757296466978
-39.659999999999997,0.024594195769798377,0,0.024594195769798377
-39.6325,0.024610841075493717,0,0.024610841075493717
-39.605000000000004,0.024627508927472008,0,0.024627508927472008
-39.577500000000001,0.024644199371572917,0,0.024644199371572917
-39.549999999999997,0.024660912453760897,0,0.024660912453760897
-39.522500000000001,0.024677648220124637,0,0.024677648220124637
-39.494999999999997,0.024694406716878614,0,0.024694406716878614
-39.467500000000001,0.024711187990362538,0,0.024711187990362538
-39.439999999999998,0.024727992087042572,0,0.024727992087042572
-39.412500000000001,0.024744819053510669,0,0.024744819053510669
-39.384999999999998,0.024761668936486347,0,0.024761668936486347
-39.357500000000002,0.024778541782816021,0,0.024778541782816021
-39.329999999999998,0.024795437639474338,0,0.024795437639474338
-39.302500000000002,0.024812356553563619,0,0.024812356553563619
-39.274999999999999,0.024829298572315306,0,0.024829298572315306
-39.247500000000002,0.024846263743089625,0,0.024846263743089625
-39.219999999999999,0.024863252113376366,0,0.024863252113376366
-39.192500000000003,0.02488026373079566,0,0.02488026373079566
-39.164999999999999,0.024897298643097199,0,0.024897298643097199
-39.137500000000003,0.024914356898162571,0,0.024914356898162571
-39.109999999999999,0.024931438544003925,0,0.024931438544003925
-39.082499999999996,0.02494854362876564,0,0.02494854362876564
-39.055,0.024965672200723987,0,0.024965672200723987
-39.027500000000003,0.024982824308288132,0,0.024982824308288132
-39,0.024999999999999911,0,0.024999999999999911
-38.972499999999997,0.025017199324535611,0,0.025017199324535611
-38.945,0.025034422330704742,0,0.025034422330704742
-38.917500000000004,0.025051669067451598,0,0.025051669067451598
-38.890000000000001,0.025068939583855476,0,0.025068939583855476
-38.862499999999997,0.025086233929131452,0,0.025086233929131452
-38.835000000000001,0.025103552152629605,0,0.025103552152629605
-38.807499999999997,0.025120894303837238,0,0.025120894303837238
-38.780000000000001,0.02513826043237799,0,0.02513826043237799
-38.752499999999998,0.025155650588013279,0,0.025155650588013279
-38.725000000000001,0.025173064820641966,0,0.025173064820641966
-38.697499999999998,0.025190503180301027,0,0.025190503180301027
-38.670000000000002,0.025207965717166658,0,0.025207965717166658
-38.642499999999998,0.025225452481553834,0,0.025225452481553834
-38.615000000000002,0.02524296352391775,0,0.02524296352391775
-38.587499999999999,0.025260498894853156,0,0.025260498894853156
-38.560000000000002,0.025278058645096024,0,0.025278058645096024
-38.532499999999999,0.025295642825523212,0,0.025295642825523212
-38.505000000000003,0.025313251487153576,0,0.025313251487153576
-38.477499999999999,0.025330884681147636,0,0.025330884681147636
-38.450000000000003,0.025348542458808576,0,0.025348542458808576
-38.422499999999999,0.025366224871583576,0,0.025366224871583576
-38.394999999999996,0.025383931971062368,0,0.025383931971062368
-38.3675,0.025401663808979458,0,0.025401663808979458
-38.340000000000003,0.025419420437214013,0,0.025419420437214013
-38.3125,0.025437201907790086,0,0.025437201907790086
-38.284999999999997,0.025455008272877722,0,0.025455008272877722
-38.2575,0.025472839584792739,0,0.025472839584792739
-38.230000000000004,0.02549069589599795,0,0.02549069589599795
-38.202500000000001,0.025508577259103382,0,0.025508577259103382
-38.174999999999997,0.025526483726866611,0,0.025526483726866611
-38.147500000000001,0.02554441535219365,0,0.02554441535219365
-38.119999999999997,0.025562372188138949,0,0.025562372188138949
-38.092500000000001,0.025580354287906837,0,0.025580354287906837
-38.064999999999998,0.025598361704850969,0,0.025598361704850969
-38.037500000000001,0.025616394492475214,0,0.025616394492475214
-38.009999999999998,0.025634452704434874,0,0.025634452704434874
-37.982500000000002,0.025652536394536019,0,0.025652536394536019
-37.954999999999998,0.025670645616737153,0,0.025670645616737153
-37.927500000000002,0.025688780425149438,0,0.025688780425149438
-37.899999999999999,0.025706940874036022,0,0.025706940874036022
-37.872500000000002,0.025725127017814708,0,0.025725127017814708
-37.844999999999999,0.025743338911056846,0,0.025743338911056846
-37.817500000000003,0.025761576608488435,0,0.025761576608488435
-37.789999999999999,0.025779840164991019,0,0.025779840164991019
-37.762500000000003,0.025798129635601352,0,0.025798129635601352
-37.734999999999999,0.025816445075513061,0,0.025816445075513061
-37.707499999999996,0.025834786540076204,0,0.025834786540076204
-37.68,0.02585315408479838,0,0.02585315408479838
-37.652500000000003,0.02587154776534506,0,0.02587154776534506
-37.625,0.025889967637540368,0,0.025889967637540368
-37.597499999999997,0.025908413757367632,0,0.025908413757367632
-37.57,0.025926886180969611,0,0.025926886180969611
-37.542500000000004,0.025945384964649376,0,0.025945384964649376
-37.515000000000001,0.025963910164870763,0,0.025963910164870763
-37.487499999999997,0.025982461838259252,0,0.025982461838259252
-37.460000000000001,0.026001040041601642,0,0.026001040041601642
-37.432499999999997,0.026019644831848043,0,0.026019644831848043
-37.405000000000001,0.026038276266111104,0,0.026038276266111104
-37.377499999999998,0.026056934401667675,0,0.026056934401667675
-37.350000000000001,0.026075619295958252,0,0.026075619295958252
-37.322499999999998,0.026094331006588867,0,0.026094331006588867
-37.295000000000002,0.026113069591330418,0,0.026113069591330418
-37.267499999999998,0.026131835108120449,0,0.026131835108120449
-37.240000000000002,0.026150627615062705,0,0.026150627615062705
-37.212499999999999,0.026169447170428461,0,0.026169447170428461
-37.185000000000002,0.026188293832656862,0,0.026188293832656862
-37.157499999999999,0.026207167660355135,0,0.026207167660355135
-37.130000000000003,0.026226068712299933,0,0.026226068712299933
-37.102499999999999,0.026244997047437768,0,0.026244997047437768
-37.075000000000003,0.026263952724885131,0,0.026263952724885131
-37.047499999999999,0.026282935803929375,0,0.026282935803929375
-37.019999999999996,0.026301946344029492,0,0.026301946344029492
-36.9925,0.026320984404816672,0,0.026320984404816672
-36.965000000000003,0.026340050046095187,0,0.026340050046095187
-36.9375,0.026359143327841839,0,0.026359143327841839
-36.909999999999997,0.026378264310208288,0,0.026378264310208288
-36.8825,0.026397413053520724,0,0.026397413053520724
-36.855000000000004,0.026416589618280195,0,0.026416589618280195
-36.827500000000001,0.026435794065164275,0,0.026435794065164275
-36.799999999999997,0.026455026455026287,0,0.026455026455026287
-36.772500000000001,0.026474286848897854,0,0.026474286848897854
-36.744999999999997,0.026493575307987793,0,0.026493575307987793
-36.717500000000001,0.026512891893683221,0,0.026512891893683221
-36.689999999999998,0.026532236667551001,0,0.026532236667551001
-36.662500000000001,0.026551609691337519,0,0.026551609691337519
-36.634999999999998,0.026571011026969571,0,0.026571011026969571
-36.607500000000002,0.026590440736555254,0,0.026590440736555254
-36.579999999999998,0.026609898882384297,0,0.026609898882384297
-36.552500000000002,0.02662938552692895,0,0.02662938552692895
-36.524999999999999,0.02664890073284476,0,0.02664890073284476
-36.497500000000002,0.026668444562970794,0,0.026668444562970794
-36.469999999999999,0.026688017080330972,0,0.026688017080330972
-36.442500000000003,0.026707618348133733,0,0.026707618348133733
-36.414999999999999,0.026727248429774142,0,0.026727248429774142
-36.387500000000003,0.026746907388833119,0,0.026746907388833119
-36.359999999999999,0.026766595289079209,0,0.026766595289079209
-36.332499999999996,0.026786312194468698,0,0.026786312194468698
-36.305,0.026806058169146274,0,0.026806058169146274
-36.277500000000003,0.026825833277446032,0,0.026825833277446032
-36.25,0.02684563758389269,0,0.02684563758389269
-36.222499999999997,0.026865471153200371,0,0.026865471153200371
-36.195,0.026885334050275711,0,0.026885334050275711
-36.167500000000004,0.026905226340216637,0,0.026905226340216637
-36.140000000000001,0.026925148088314366,0,0.026925148088314366
-36.112499999999997,0.026945099360053848,0,0.026945099360053848
-36.085000000000001,0.026965080221113658,0,0.026965080221113658
-36.057499999999997,0.026985090737367545,0,0.026985090737367545
-36.030000000000001,0.027005130974885216,0,0.027005130974885216
-36.002499999999998,0.027025200999932442,0,0.027025200999932442
-35.975000000000001,0.027045300878972389,0,0.027045300878972389
-35.947499999999998,0.027065430678665736,0,0.027065430678665736
-35.920000000000002,0.027085590465872222,0,0.027085590465872222
-35.892499999999998,0.02710578030765054,0,0.02710578030765054
-35.865000000000002,0.027126000271260109,0,0.027126000271260109
-35.837499999999999,0.02714625042416019,0,0.02714625042416019
-35.810000000000002,0.027166530834012437,0,0.027166530834012437
-35.782499999999999,0.027186841568680786,0,0.027186841568680786
-35.755000000000003,0.027207182696231791,0,0.027207182696231791
-35.727499999999999,0.027227554284936506,0,0.027227554284936506
-35.700000000000003,0.027247956403269713,0,0.027247956403269713
-35.672499999999999,0.027268389119912806,0,0.027268389119912806
-35.644999999999996,0.027288852503752237,0,0.027288852503752237
-35.6175,0.027309346623881958,0,0.027309346623881958
-35.590000000000003,0.027329871549603646,0,0.027329871549603646
-35.5625,0.027350427350427364,0,0.027350427350427364
-35.534999999999997,0.027371014096072344,0,0.027371014096072344
-35.5075,0.027391631856467868,0,0.027391631856467868
-35.480000000000004,0.027412280701754499,0,0.027412280701754499
-35.452500000000001,0.027432960702283848,0,0.027432960702283848
-35.424999999999997,0.027453671928620471,0,0.027453671928620471
-35.397500000000001,0.027474414451541973,0,0.027474414451541973
-35.369999999999997,0.027495188342040233,0,0.027495188342040233
-35.342500000000001,0.027515993671321404,0,0.027515993671321404
-35.314999999999998,0.02753683051080813,0,0.02753683051080813
-35.287500000000001,0.027557698932139219,0,0.027557698932139219
-35.259999999999998,0.027578599007170412,0,0.027578599007170412
-35.232500000000002,0.027599530807976169,0,0.027599530807976169
-35.204999999999998,0.027620494406849883,0,0.027620494406849883
-35.177500000000002,0.027641489876304326,0,0.027641489876304326
-35.149999999999999,0.027662517289073429,0,0.027662517289073429
-35.122500000000002,0.027683576718111835,0,0.027683576718111835
-35.094999999999999,0.027704668236598007,0,0.027704668236598007
-35.067500000000003,0.027725791917931564,0,0.027725791917931564
-35.039999999999999,0.027746947835738056,0,0.027746947835738056
-35.012500000000003,0.027768136063866744,0,0.027768136063866744
-34.984999999999999,0.027789356676392929,0,0.027789356676392929
-34.957499999999996,0.027810609747618731,0,0.027810609747618731
-34.93,0.027831895352073421,0,0.027831895352073421
-34.902500000000003,0.027853213564514867,0,0.027853213564514867
-34.875,0.027874564459930307,0,0.027874564459930307
-34.847499999999997,0.027895948113536573,0,0.027895948113536573
-34.82,0.027917364600781758,0,0.027917364600781758
-34.792500000000004,0.027938813997345768,0,0.027938813997345768
-34.765000000000001,0.027960296379141547,0,0.027960296379141547
-34.737499999999997,0.027981811822315406,0,0.027981811822315406
-34.710000000000001,0.028003360403248467,0,0.028003360403248467
-34.682499999999997,0.028024942198556779,0,0.028024942198556779
-34.655000000000001,0.028046557285093199,0,0.028046557285093199
-34.627499999999998,0.02806820573994806,0,0.02806820573994806
-34.600000000000001,0.028089887640449396,0,0.028089887640449396
-34.572499999999998,0.028111603064164714,0,0.028111603064164714
-34.545000000000002,0.028133352088901442,0,0.028133352088901442
-34.517499999999998,0.028155134792707814,0,0.028155134792707814
-34.490000000000002,0.028176951253874316,0,0.028176951253874316
-34.462499999999999,0.028198801550934016,0,0.028198801550934016
-34.435000000000002,0.028220685762664011,0,0.028220685762664011
-34.407499999999999,0.028242603968085978,0,0.028242603968085978
-34.380000000000003,0.028264556246466954,0,0.028264556246466954
-34.352499999999999,0.028286542677321225,0,0.028286542677321225
-34.325000000000003,0.028308563340410431,0,0.028308563340410431
-34.297499999999999,0.028330618315744793,0,0.028330618315744793
-34.269999999999996,0.028352707683583778,0,0.028352707683583778
-34.2425,0.028374831524437871,0,0.028374831524437871
-34.215000000000003,0.028396989919068583,0,0.028396989919068583
-34.1875,0.028419182948490218,0,0.028419182948490218
-34.159999999999997,0.028441410693970437,0,0.028441410693970437
-34.1325,0.02846367323703114,0,0.02846367323703114
-34.105000000000004,0.028485970659450244,0,0.028485970659450244
-34.077500000000001,0.028508303043261352,0,0.028508303043261352
-34.049999999999997,0.028530670470756081,0,0.028530670470756081
-34.022500000000001,0.028553073024484288,0,0.028553073024484288
-33.995000000000005,0.028575510787255287,0,0.028575510787255287
-33.967500000000001,0.028597983842139074,0,0.028597983842139074
-33.939999999999998,0.028620492272466991,0,0.028620492272466991
-33.912500000000001,0.028643036161833058,0,0.028643036161833058
-33.885000000000005,0.028665615594094973,0,0.028665615594094973
-33.857500000000002,0.028688230653374336,0,0.028688230653374336
-33.829999999999998,0.028710881424059753,0,0.028710881424059753
-33.802499999999995,0.028733567990805176,0,0.028733567990805176
-33.774999999999999,0.028756290438533338,0,0.028756290438533338
-33.747500000000002,0.028779048852435429,0,0.028779048852435429
-33.719999999999999,0.02880184331797242,0,0.02880184331797242
-33.692499999999995,0.028824673920876287,0,0.028824673920876287
-33.664999999999999,0.028847540747151346,0,0.028847540747151346
-33.637500000000003,0.028870443883074692,0,0.028870443883074692
-33.609999999999999,0.028893383415197982,0,0.028893383415197982
-33.582499999999996,0.028916359430347871,0,0.028916359430347871
-33.555,0.028939372015627352,0,0.028939372015627352
-33.527500000000003,0.028962421258417193,0,0.028962421258417193
-33.5,0.028985507246376829,0,0.028985507246376829
-33.472499999999997,0.029008630067445029,0,0.029008630067445029
-33.445,0.029031789809841668,0,0.029031789809841668
-33.417500000000004,0.02905498656206873,0,0.02905498656206873
-33.390000000000001,0.029078220412910638,0,0.029078220412910638
-33.362499999999997,0.029101491451437034,0,0.029101491451437034
-33.335000000000001,0.029124799767001552,0,0.029124799767001552
-33.307500000000005,0.029148145449245821,0,0.029148145449245821
-33.280000000000001,0.029171528588098017,0,0.029171528588098017
-33.252499999999998,0.02919494927377575,0,0.02919494927377575
-33.225000000000001,0.029218407596785845,0,0.029218407596785845
-33.197500000000005,0.029241903647927447,0,0.029241903647927447
-33.170000000000002,0.029265437518291026,0,0.029265437518291026
-33.142499999999998,0.029289009299260482,0,0.029289009299260482
-33.114999999999995,0.029312619082515035,0,0.029312619082515035
-33.087499999999999,0.029336266960029334,0,0.029336266960029334
-33.060000000000002,0.029359953024075125,0,0.029359953024075125
-33.032499999999999,0.029383677367222472,0,0.029383677367222472
-33.004999999999995,0.029407440082340863,0,0.029407440082340863
-32.977499999999999,0.029431241262600216,0,0.029431241262600216
-32.950000000000003,0.02945508100147276,0,0.02945508100147276
-32.922499999999999,0.029478959392733373,0,0.029478959392733373
-32.894999999999996,0.029502876530461686,0,0.029502876530461686
-32.8675,0.029526832509042533,0,0.029526832509042533
-32.840000000000003,0.029550827423167947,0,0.029550827423167947
-32.8125,0.02957486136783738,0,0.02957486136783738
-32.784999999999997,0.029598934438360147,0,0.029598934438360147
-32.7575,0.029623046730356206,0,0.029623046730356206
-32.730000000000004,0.02964719833975682,0,0.02964719833975682
-32.702500000000001,0.029671389362806888,0,0.029671389362806888
-32.674999999999997,0.029695619896065395,0,0.029695619896065395
-32.647500000000001,0.02971989003640696,0,0.02971989003640696
-32.620000000000005,0.02974419988102317,0,0.02974419988102317
-32.592500000000001,0.029768549527424248,0,0.029768549527424248
-32.564999999999998,0.029792939073439606,0,0.029792939073439606
-32.537500000000001,0.029817368617219397,0,0.029817368617219397
-32.510000000000005,0.029841838257236519,0,0.029841838257236519
-32.482500000000002,0.029866348092286943,0,0.029866348092286943
-32.454999999999998,0.029890898221491602,0,0.029890898221491602
-32.427499999999995,0.029915488744297392,0,0.029915488744297392
-32.399999999999999,0.029940119760479056,0,0.029940119760479056
-32.372500000000002,0.029964791370140076,0,0.029964791370140076
-32.344999999999999,0.029989503673714224,0,0.029989503673714224
-32.317499999999995,0.030014256771966674,0,0.030014256771966674
-32.289999999999999,0.030039050765995778,0,0.030039050765995778
-32.262500000000003,0.030063885757234066,0,0.030063885757234066
-32.234999999999999,0.030088761847450018,0,0.030088761847450018
-32.207499999999996,0.030113679138748739,0,0.030113679138748739
-32.18,0.030138637733574392,0,0.030138637733574392
-32.152500000000003,0.03016363773471098,0,0.03016363773471098
-32.125,0.030188679245283012,0,0.030188679245283012
-32.097499999999997,0.030213762368758834,0,0.030213762368758834
-32.07,0.030238887208950738,0,0.030238887208950738
-32.042500000000004,0.030264053870015961,0,0.030264053870015961
-32.015000000000001,0.030289262456459243,0,0.030289262456459243
-31.987500000000001,0.030314513073133709,0,0.030314513073133709
-31.960000000000001,0.030339805825242649,0,0.030339805825242649
-31.932500000000001,0.030365140818340519,0,0.030365140818340519
-31.905000000000001,0.030390518158334601,0,0.030390518158334601
-31.877500000000001,0.030415937951486449,0,0.030415937951486449
-31.850000000000001,0.030441400304414112,0,0.030441400304414112
-31.822500000000002,0.030466905324091909,0,0.030466905324091909
-31.795000000000002,0.030492453117853424,0,0.030492453117853424
-31.767499999999998,0.030518043793392735,0,0.030518043793392735
-31.739999999999998,0.030543677458766072,0,0.030543677458766072
-31.712499999999999,0.030569354222392153,0,0.030569354222392153
-31.684999999999999,0.030595074193055072,0,0.030595074193055072
-31.657499999999999,0.030620837479905072,0,0.030620837479905072
-31.629999999999999,0.03064664419246077,0,0.03064664419246077
-31.602499999999999,0.030672494440610265,0,0.030672494440610265
-31.574999999999999,0.030698388334612581,0,0.030698388334612581
-31.547499999999999,0.030724325985098666,0,0.030724325985098666
-31.52,0.030750307503075058,0,0.030750307503075058
-31.4925,0.030776332999923106,0,0.030776332999923106
-31.465,0.030802402587401856,0,0.030802402587401856
-31.4375,0.030828516377649384,0,0.030828516377649384
-31.41,0.03085467448318413,0,0.03085467448318413
-31.3825,0.030880877016907227,0,0.030880877016907227
-31.355,0.030907124092103389,0,0.030907124092103389
-31.327500000000001,0.030933415822442245,0,0.030933415822442245
-31.300000000000001,0.030959752321981338,0,0.030959752321981338
-31.272500000000001,0.030986133705166896,0,0.030986133705166896
-31.245000000000001,0.031012560086835173,0,0.031012560086835173
-31.217500000000001,0.03103903158221466,0,0.03103903158221466
-31.190000000000001,0.031065548306927537,0,0.031065548306927537
-31.162500000000001,0.031092110376991888,0,0.031092110376991888
-31.135000000000002,0.031118717908822258,0,0.031118717908822258
-31.107500000000002,0.031145371019232315,0,0.031145371019232315
-31.079999999999998,0.03117206982543641,0,0.03117206982543641
-31.052499999999998,0.031198814445050904,0,0.031198814445050904
-31.024999999999999,0.031225604996096723,0,0.031225604996096723
-30.997499999999999,0.031252441596999692,0,0.031252441596999692
-30.969999999999999,0.031279324366593642,0,0.031279324366593642
-30.942499999999999,0.031306253424121522,0,0.031306253424121522
-30.914999999999999,0.031333228889237064,0,0.031333228889237064
-30.887499999999999,0.031360250882007001,0,0.031360250882007001
-30.859999999999999,0.031387319522912738,0,0.031387319522912738
-30.8325,0.031414434932851565,0,0.031414434932851565
-30.805,0.031441597233139329,0,0.031441597233139329
-30.7775,0.031468806545511763,0,0.031468806545511763
-30.75,0.031496062992126039,0,0.031496062992126039
-30.7225,0.031523366695562993,0,0.031523366695562993
-30.695,0.031550717778829562,0,0.031550717778829562
-30.6675,0.031578116365358677,0,0.031578116365358677
-30.640000000000001,0.031605562579014035,0,0.031605562579014035
-30.612500000000001,0.031633056544088545,0,0.031633056544088545
-30.585000000000001,0.031660598385309435,0,0.031660598385309435
-30.557500000000001,0.031688188227838032,0,0.031688188227838032
-30.530000000000001,0.031715826197272423,0,0.031715826197272423
-30.502500000000001,0.031743512419649234,0,0.031743512419649234
-30.475000000000001,0.031771247021445626,0,0.031771247021445626
-30.447500000000002,0.031799030129581074,0,0.031799030129581074
-30.420000000000002,0.031826861871419476,0,0.031826861871419476
-30.392499999999998,0.031854742374771039,0,0.031854742374771039
-30.364999999999998,0.031882671767894166,0,0.031882671767894166
-30.337499999999999,0.031910650179497457,0,0.031910650179497457
-30.309999999999999,0.031938677738741705,0,0.031938677738741705
-30.282499999999999,0.031966754575241785,0,0.031966754575241785
-30.254999999999999,0.031994880819068983,0,0.031994880819068983
-30.227499999999999,0.032023056600752442,0,0.032023056600752442
-30.199999999999999,0.032051282051281937,0,0.032051282051281937
-30.172499999999999,0.032079557302109096,0,0.032079557302109096
-30.145,0.032107882485150063,0,0.032107882485150063
-30.1175,0.032136257732786944,0,0.032136257732786944
-30.09,0.03216468317787069,0,0.03216468317787069
-30.0625,0.032193158953722212,0,0.032193158953722212
-30.035,0.032221685194135707,0,0.032221685194135707
-30.0075,0.032250262033378996,0,0.032250262033378996
-29.98,0.032278889606197514,0,0.032278889606197514
-29.952500000000001,0.032307568047815316,0,0.032307568047815316
-29.925000000000001,0.03233629749393685,0,0.03233629749393685
-29.897500000000001,0.032365078080750842,0,0.032365078080750842
-29.870000000000001,0.032393909944930299,0,0.032393909944930299
-29.842500000000001,0.032422793223636281,0,0.032422793223636281
-29.815000000000001,0.032451728054518902,0,0.032451728054518902
-29.787500000000001,0.032480714575720548,0,0.032480714575720548
-29.760000000000002,0.032509752925877877,0,0.032509752925877877
-29.732500000000002,0.032538843244122595,0,0.032538843244122595
-29.704999999999998,0.032567985670086341,0,0.032567985670086341
-29.677499999999998,0.032597180343900356,0,0.032597180343900356
-29.649999999999999,0.032626427406198921,0,0.032626427406198921
-29.622499999999999,0.032655726998122359,0,0.032655726998122359
-29.594999999999999,0.032685079261317251,0,0.032685079261317251
-29.567499999999999,0.032714484337940442,0,0.032714484337940442
-29.539999999999999,0.032743942370661361,0,0.032743942370661361
-29.512499999999999,0.032773453502662919,0,0.032773453502662919
-29.484999999999999,0.032803017877644725,0,0.032803017877644725
-29.4575,0.032832635639825969,0,0.032832635639825969
-29.43,0.032862306933946872,0,0.032862306933946872
-29.4025,0.032892031905270902,0,0.032892031905270902
-29.375,0.032921810699588439,0,0.032921810699588439
-29.3475,0.032951643463217661,0,0.032951643463217661
-29.32,0.032981530343007881,0,0.032981530343007881
-29.2925,0.033011471486341537,0,0.033011471486341537
-29.265000000000001,0.033041467041136641,0,0.033041467041136641
-29.237500000000001,0.03307151715584955,0,0.03307151715584955
-29.210000000000001,0.033101621979477081,0,0.033101621979477081
-29.182500000000001,0.033131781661558835,0,0.033131781661558835
-29.155000000000001,0.033161996352180534,0,0.033161996352180534
-29.127500000000001,0.033192266201974796,0,0.033192266201974796
-29.100000000000001,0.033222591362126352,0,0.033222591362126352
-29.072500000000002,0.03325297198437116,0,0.03325297198437116
-29.045000000000002,0.033283408221001842,0,0.033283408221001842
-29.017499999999998,0.033313900224868909,0,0.033313900224868909
-28.989999999999998,0.033344448149383088,0,0.033344448149383088
-28.962499999999999,0.033375052148518991,0,0.033375052148518991
-28.934999999999999,0.033405712376816443,0,0.033405712376816443
-28.907499999999999,0.033436428989384037,0,0.033436428989384037
-28.879999999999999,0.03346720214190102,0,0.03346720214190102
-28.852499999999999,0.033498031990620403,0,0.033498031990620403
-28.824999999999999,0.033528918692372178,0,0.033528918692372178
-28.797499999999999,0.0335598624045641,0,0.0335598624045641
-28.77,0.033590863285186456,0,0.033590863285186456
-28.7425,0.033621921492813289,0,0.033621921492813289
-28.715,0.033653037186606172,0,0.033653037186606172
-28.6875,0.033684210526315761,0,0.033684210526315761
-28.66,0.033715441672285906,0,0.033715441672285906
-28.6325,0.033746730785455092,0,0.033746730785455092
-28.605,0.033778078027360214,0,0.033778078027360214
-28.577500000000001,0.033809483560138687,0,0.033809483560138687
-28.550000000000001,0.03384094754653133,0,0.03384094754653133
-28.522500000000001,0.033872470149885592,0,0.033872470149885592
-28.495000000000001,0.03390405153415843,0,0.03390405153415843
-28.467500000000001,0.033935691863917761,0,0.033935691863917761
-28.440000000000001,0.033967391304347783,0,0.033967391304347783
-28.412500000000001,0.033999150021249536,0,0.033999150021249536
-28.385000000000002,0.034030968181044674,0,0.034030968181044674
-28.357500000000002,0.03406284595077913,0,0.03406284595077913
-28.329999999999998,0.034094783498124781,0,0.034094783498124781
-28.302499999999998,0.034126780991382888,0,0.034126780991382888
-28.274999999999999,0.03415883859948754,0,0.03415883859948754
-28.247499999999999,0.034190956492007873,0,0.034190956492007873
-28.219999999999999,0.034223134839151181,0,0.034223134839151181
-28.192499999999999,0.034255373811766687,0,0.034255373811766687
-28.164999999999999,0.034287673581347655,0,0.034287673581347655
-28.137499999999999,0.034320034320034387,0,0.034320034320034387
-28.109999999999999,0.034352456200618331,0,0.034352456200618331
-28.0825,0.034384939396544301,0,0.034384939396544301
-28.055,0.034417484081913585,0,0.034417484081913585
-28.0275,0.03445009043148739,0,0.03445009043148739
-28,0.034482758620689724,0,0.034482758620689724
-27.9725,0.034515488825610507,0,0.034515488825610507
-27.945,0.034548281223009236,0,0.034548281223009236
-27.9175,0.034581135990317202,0,0.034581135990317202
-27.890000000000001,0.034614053305642156,0,0.034614053305642156
-27.862500000000001,0.034647033347769751,0,0.034647033347769751
-27.835000000000001,0.034680076296167872,0,0.034680076296167872
-27.807500000000001,0.034713182330990078,0,0.034713182330990078
-27.780000000000001,0.034746351633078376,0,0.034746351633078376
-27.752500000000001,0.034779584383966555,0,0.034779584383966555
-27.725000000000001,0.034812880765883403,0,0.034812880765883403
-27.697500000000002,0.03484624096175637,0,0.03484624096175637
-27.670000000000002,0.034879665155214346,0,0.034879665155214346
-27.642499999999998,0.034913153530592544,0,0.034913153530592544
-27.614999999999998,0.034946706272933725,0,0.034946706272933725
-27.587499999999999,0.034980323567992966,0,0.034980323567992966
-27.559999999999999,0.035014005602240883,0,0.035014005602240883
-27.532499999999999,0.035047752562866963,0,0.035047752562866963
-27.504999999999999,0.035081564637782781,0,0.035081564637782781
-27.477499999999999,0.035115442015626441,0,0.035115442015626441
-27.449999999999999,0.035149384885764468,0,0.035149384885764468
-27.422499999999999,0.035183393438297239,0,0.035183393438297239
-27.395,0.035217467864060548,0,0.035217467864060548
-27.3675,0.035251608354631148,0,0.035251608354631148
-27.34,0.035285815102328866,0,0.035285815102328866
-27.3125,0.035320088300220709,0,0.035320088300220709
-27.285,0.035354428142124861,0,0.035354428142124861
-27.2575,0.035388834822613457,0,0.035388834822613457
-27.23,0.035423308537017362,0,0.035423308537017362
-27.202500000000001,0.035457849481428938,0,0.035457849481428938
-27.175000000000001,0.035492457852706272,0,0.035492457852706272
-27.147500000000001,0.035527133848476833,0,0.035527133848476833
-27.120000000000001,0.035561877667140696,0,0.035561877667140696
-27.092500000000001,0.035596689507875645,0,0.035596689507875645
-27.065000000000001,0.03563156957063951,0,0.03563156957063951
-27.037500000000001,0.035666518056174712,0,0.035666518056174712
-27.010000000000002,0.035701535166012044,0,0.035701535166012044
-26.982500000000002,0.035736621102474664,0,0.035736621102474664
-26.954999999999998,0.03577177606868176,0,0.03577177606868176
-26.927499999999998,0.035807000268552436,0,0.035807000268552436
-26.899999999999999,0.035842293906810152,0,0.035842293906810152
-26.872499999999999,0.035877657188985723,0,0.035877657188985723
-26.844999999999999,0.035913090321422314,0,0.035913090321422314
-26.817499999999999,0.035948593511278992,0,0.035948593511278992
-26.789999999999999,0.035984166966534725,0,0.035984166966534725
-26.762499999999999,0.03601981089599271,0,0.03601981089599271
-26.734999999999999,0.036055525509284481,0,0.036055525509284481
-26.7075,0.036091311016872574,0,0.036091311016872574
-26.68,0.036127167630057966,0,0.036127167630057966
-26.6525,0.036163095560980074,0,0.036163095560980074
-26.625,0.036199095022624306,0,0.036199095022624306
-26.5975,0.036235166228825055,0,0.036235166228825055
-26.57,0.036271309394269147,0,0.036271309394269147
-26.5425,0.036307524734501273,0,0.036307524734501273
-26.515000000000001,0.036343812465927661,0,0.036343812465927661
-26.487500000000001,0.036380172805820732,0,0.036380172805820732
-26.460000000000001,0.036416605972323324,0,0.036416605972323324
-26.432500000000001,0.036453112184452685,0,0.036453112184452685
-26.405000000000001,0.036489691662105472,0,0.036489691662105472
-26.377500000000001,0.036526344626061524,0,0.036526344626061524
-26.350000000000001,0.036563071297988969,0,0.036563071297988969
-26.322500000000002,0.036599871900448333,0,0.036599871900448333
-26.295000000000002,0.036636746656896757,0,0.036636746656896757
-26.267499999999998,0.036673695791693328,0,0.036673695791693328
-26.239999999999998,0.036710719530102853,0,0.036710719530102853
-26.212499999999999,0.0367478180983003,0,0.0367478180983003
-26.184999999999999,0.036784991723376792,0,0.036784991723376792
-26.157499999999999,0.036822240633342607,0,0.036822240633342607
-26.129999999999999,0.036859565057132282,0,0.036859565057132282
-26.102499999999999,0.036896965224610279,0,0.036896965224610279
-26.074999999999999,0.036934441366574311,0,0.036934441366574311
-26.047499999999999,0.036971993714761231,0,0.036971993714761231
-26.02,0.03700962250185047,0,0.03700962250185047
-25.9925,0.0370473279614707,0,0.0370473279614707
-25.965,0.037085110328203275,0,0.037085110328203275
-25.9375,0.037122969837587005,0,0.037122969837587005
-25.91,0.037160906726124043,0,0.037160906726124043
-25.8825,0.037198921231284321,0,0.037198921231284321
-25.855,0.037237013591509882,0,0.037237013591509882
-25.827500000000001,0.037275184046221321,0,0.037275184046221321
-25.800000000000001,0.037313432835820781,0,0.037313432835820781
-25.772500000000001,0.037351760201699502,0,0.037351760201699502
-25.745000000000001,0.037390166386240375,0,0.037390166386240375
-25.717500000000001,0.037428651632824939,0,0.037428651632824939
-25.690000000000001,0.037467216185837371,0,0.037467216185837371
-25.662500000000001,0.03750586029067049,0,0.03750586029067049
-25.635000000000002,0.037544584193730079,0,0.037544584193730079
-25.607500000000002,0.037583388142440999,0,0.037583388142440999
-25.579999999999998,0.037622272385252065,0,0.037622272385252065
-25.552499999999998,0.037661237171641049,0,0.037661237171641049
-25.524999999999999,0.037700282752120562,0,0.037700282752120562
-25.497499999999999,0.037739409378243161,0,0.037739409378243161
-25.469999999999999,0.037778617302606787,0,0.037778617302606787
-25.442499999999999,0.037817906778859767,0,0.037817906778859767
-25.414999999999999,0.037857278061707467,0,0.037857278061707467
-25.387499999999999,0.037896731406916073,0,0.037896731406916073
-25.359999999999999,0.037936267071320251,0,0.037936267071320251
-25.3325,0.037975885312826363,0,0.037975885312826363
-25.305,0.038015586390420131,0,0.038015586390420131
-25.2775,0.038055370564170854,0,0.038055370564170854
-25.25,0.03809523809523796,0,0.03809523809523796
-25.2225,0.038135189245876666,0,0.038135189245876666
-25.195,0.038175224279442754,0,0.038175224279442754
-25.1675,0.038215343460399342,0,0.038215343460399342
-25.140000000000001,0.038255547054322991,0,0.038255547054322991
-25.112500000000001,0.038295835327908034,0,0.038295835327908034
-25.085000000000001,0.03833620854897446,0,0.03833620854897446
-25.057500000000001,0.03837666698647213,0,0.03837666698647213
-25.030000000000001,0.038417210910487998,0,0.038417210910487998
-25.002500000000001,0.038457840592250769,0,0.038457840592250769
-24.975000000000001,0.038498556304138565,0,0.038498556304138565
-24.947500000000002,0.038539358319683914,0,0.038539358319683914
-24.920000000000002,0.038580246913580196,0,0.038580246913580196
-24.892499999999998,0.038621222361687635,0,0.038621222361687635
-24.864999999999998,0.03866228494104007,0,0.03866228494104007
-24.837499999999999,0.038703434929849845,0,0.038703434929849845
-24.809999999999999,0.038744672607516462,0,0.038744672607516462
-24.782499999999999,0.038785998254630139,0,0.038785998254630139
-24.754999999999999,0.038827412152980134,0,0.038827412152980134
-24.727499999999999,0.038868914585560299,0,0.038868914585560299
-24.699999999999999,0.038910505836575848,0,0.038910505836575848
-24.672499999999999,0.038952186191450022,0,0.038952186191450022
-24.645,0.03899395593682986,0,0.03899395593682986
-24.6175,0.039035815360593307,0,0.039035815360593307
-24.59,0.039077764751856314,0,0.039077764751856314
-24.5625,0.039119804400977953,0,0.039119804400977953
-24.535,0.039161934599569292,0,0.039161934599569292
-24.5075,0.03920415564049784,0,0.03920415564049784
-24.48,0.039246467817896313,0,0.039246467817896313
-24.452500000000001,0.039288871427168193,0,0.039288871427168193
-24.425000000000001,0.039331366764995157,0,0.039331366764995157
-24.397500000000001,0.039373954129343525,0,0.039373954129343525
-24.370000000000001,0.039416633819471802,0,0.039416633819471802
-24.342500000000001,0.03945940613593768,0,0.03945940613593768
-24.315000000000001,0.039502271380604248,0,0.039502271380604248
-24.287500000000001,0.039545229856648545,0,0.039545229856648545
-24.260000000000002,0.039588281868566888,0,0.039588281868566888
-24.232500000000002,0.039631427722183643,0,0.039631427722183643
-24.204999999999998,0.039674667724657997,0,0.039674667724657997
-24.177499999999998,0.039718002184490064,0,0.039718002184490064
-24.149999999999999,0.039761431411530879,0,0.039761431411530879
-24.122499999999999,0.039804955716986834,0,0.039804955716986834
-24.094999999999999,0.03984857541342901,0,0.03984857541342901
-24.067499999999999,0.039892290814799947,0,0.039892290814799947
-24.039999999999999,0.039936102236421633,0,0.039936102236421633
-24.012499999999999,0.039980009995002508,0,0.039980009995002508
-23.984999999999999,0.040024014408645336,0,0.040024014408645336
-23.9575,0.040068115796854653,0,0.040068115796854653
-23.93,0.040112314480545641,0,0.040112314480545641
-23.9025,0.040156610782050017,0,0.040156610782050017
-23.875,0.04020100502512558,0,0.04020100502512558
-23.8475,0.040245497534963315,0,0.040245497534963315
-23.82,0.040290088638195165,0,0.040290088638195165
-23.7925,0.040334778662902249,0,0.040334778662902249
-23.765000000000001,0.040379567938623184,0,0.040379567938623184
-23.737500000000001,0.040424456796361863,0,0.040424456796361863
-23.710000000000001,0.040469445568595663,0,0.040469445568595663
-23.682500000000001,0.04051453458928389,0,0.04051453458928389
-23.655000000000001,0.040559724193875546,0,0.040559724193875546
-23.627500000000001,0.040605014719317767,0,0.040605014719317767
-23.600000000000001,0.04065040650406504,0,0.04065040650406504
-23.572500000000002,0.040695899888086307,0,0.040695899888086307
-23.545000000000002,0.04074149521287429,0,0.04074149521287429
-23.517499999999998,0.040787192821454155,0,0.040787192821454155
-23.489999999999998,0.040832993058391276,0,0.040832993058391276
-23.462499999999999,0.040878896269800791,0,0.040878896269800791
-23.434999999999999,0.040924902803355923,0,0.040924902803355923
-23.407499999999999,0.040971013008296531,0,0.040971013008296531
-23.379999999999999,0.04101722723543888,0,0.04101722723543888
-23.352499999999999,0.041063545837183191,0,0.041063545837183191
-23.324999999999999,0.041109969167522964,0,0.041109969167522964
-23.297499999999999,0.041156497582055862,0,0.041156497582055862
-23.27,0.041203131437989149,0,0.041203131437989149
-23.2425,0.04124987109415279,0,0.04124987109415279
-23.215,0.04129671691100556,0,0.04129671691100556
-23.1875,0.04134366925064592,0,0.04134366925064592
-23.16,0.041390728476821126,0,0.041390728476821126
-23.1325,0.041437894954936216,0,0.041437894954936216
-23.105,0.041485169052063786,0,0.041485169052063786
-23.077500000000001,0.041532551136953755,0,0.041532551136953755
-23.050000000000001,0.041580041580041471,0,0.041580041580041471
-23.022500000000001,0.041627640753460149,0,0.041627640753460149
-22.995000000000001,0.041675349031048081,0,0.041675349031048081
-22.967500000000001,0.0417231667883593,0,0.0417231667883593
-22.940000000000001,0.041771094402673237,0,0.041771094402673237
-22.912500000000001,0.041819132253005709,0,0.041819132253005709
-22.885000000000002,0.041867280720117139,0,0.041867280720117139
-22.857500000000002,0.041915540186524103,0,0.041915540186524103
-22.829999999999998,0.04196391103650865,0,0.04196391103650865
-22.802499999999998,0.042012393656128522,0,0.042012393656128522
-22.774999999999999,0.042060988433228141,0,0.042060988433228141
-22.747499999999999,0.042109695757448273,0,0.042109695757448273
-22.719999999999999,0.042158516020236014,0,0.042158516020236014
-22.692499999999999,0.042207449614857118,0,0.042207449614857118
-22.664999999999999,0.042256496936403987,0,0.042256496936403987
-22.637499999999999,0.042305658381808553,0,0.042305658381808553
-22.609999999999999,0.042354934349851825,0,0.042354934349851825
-22.5825,0.042404325241174545,0,0.042404325241174545
-22.555,0.042453831458289293,0,0.042453831458289293
-22.5275,0.042503453405589253,0,0.042503453405589253
-22.5,0.042553191489361764,0,0.042553191489361764
-22.4725,0.042603046117797416,0,0.042603046117797416
-22.445,0.042653017701002494,0,0.042653017701002494
-22.4175,0.042703106651008849,0,0.042703106651008849
-22.390000000000001,0.042753313381787228,0,0.042753313381787228
-22.362500000000001,0.042803638309256264,0,0.042803638309256264
-22.335000000000001,0.042854081851296355,0,0.042854081851296355
-22.307500000000001,0.042904644427759431,0,0.042904644427759431
-22.280000000000001,0.042955326460481169,0,0.042955326460481169
-22.252500000000001,0.043006128373293318,0,0.043006128373293318
-22.225000000000001,0.043057050592034463,0,0.043057050592034463
-22.197500000000002,0.04310809354456302,0,0.04310809354456302
-22.170000000000002,0.043159257660768224,0,0.043159257660768224
-22.142499999999998,0.043210543372582899,0,0.043210543372582899
-22.114999999999998,0.043261951113995112,0,0.043261951113995112
-22.087499999999999,0.043313481321061165,0,0.043313481321061165
-22.059999999999999,0.043365134431916808,0,0.043365134431916808
-22.032499999999999,0.043416910886790339,0,0.043416910886790339
-22.004999999999999,0.043468811128015705,0,0.043468811128015705
-21.977499999999999,0.043520835600043495,0,0.043520835600043495
-21.949999999999999,0.043572984749455368,0,0.043572984749455368
-21.922499999999999,0.043625259024975493,0,0.043625259024975493
-21.895,0.043677658877484093,0,0.043677658877484093
-21.8675,0.043730184760030544,0,0.043730184760030544
-21.84,0.04378283712784603,0,0.04378283712784603
-21.8125,0.043835616438356206,0,0.043835616438356206
-21.785,0.043888523151196068,0,0.043888523151196068
-21.7575,0.043941557728221392,0,0.043941557728221392
-21.73,0.043994720633523943,0,0.043994720633523943
-21.702500000000001,0.044048012333443465,0,0.044048012333443465
-21.675000000000001,0.044101433296582004,0,0.044101433296582004
-21.647500000000001,0.04415498399381812,0,0.04415498399381812
-21.620000000000001,0.044208664898320094,0,0.044208664898320094
-21.592500000000001,0.044262476485559366,0,0.044262476485559366
-21.565000000000001,0.044316419233325965,0,0.044316419233325965
-21.537500000000001,0.044370493621741613,0,0.044370493621741613
-21.510000000000002,0.044424700133274042,0,0.044424700133274042
-21.482500000000002,0.044479039252752095,0,0.044479039252752095
-21.454999999999998,0.044533511467379161,0,0.044533511467379161
-21.427499999999998,0.044588117266748495,0,0.044588117266748495
-21.399999999999999,0.044642857142857206,0,0.044642857142857206
-21.372499999999999,0.044697731590121803,0,0.044697731590121803
-21.344999999999999,0.044752741105392735,0,0.044752741105392735
-21.317499999999999,0.044807886187969159,0,0.044807886187969159
-21.289999999999999,0.044863167339614152,0,0.044863167339614152
-21.262499999999999,0.04491858506457036,0,0.04491858506457036
-21.234999999999999,0.044974139869575103,0,0.044974139869575103
-21.2075,0.045029832263874803,0,0.045029832263874803
-21.18,0.04508566275924264,0,0.04508566275924264
-21.1525,0.045141631869992094,0,0.045141631869992094
-21.125,0.045197740112994378,0,0.045197740112994378
-21.0975,0.045253988007693091,0,0.045253988007693091
-21.07,0.045310376076121317,0,0.045310376076121317
-21.0425,0.045366904842917166,0,0.045366904842917166
-21.015000000000001,0.045423574835339542,0,0.045423574835339542
-20.987500000000001,0.045480386583285903,0,0.045480386583285903
-20.960000000000001,0.045537340619307809,0,0.045537340619307809
-20.932500000000001,0.045594437478627681,0,0.045594437478627681
-20.905000000000001,0.045651677699155457,0,0.045651677699155457
-20.877500000000001,0.045709061821506136,0,0.045709061821506136
-20.850000000000001,0.045766590389015982,0,0.045766590389015982
-20.822500000000002,0.045824263947760291,0,0.045824263947760291
-20.795000000000002,0.045882083046570377,0,0.045882083046570377
-20.767499999999998,0.045940048237050668,0,0.045940048237050668
-20.739999999999998,0.045998160073597028,0,0.045998160073597028
-20.712499999999999,0.046056419113413849,0,0.046056419113413849
-20.684999999999999,0.046114825916532154,0,0.046114825916532154
-20.657499999999999,0.046173381045827022,0,0.046173381045827022
-20.629999999999999,0.046232085067036466,0,0.046232085067036466
-20.602499999999999,0.04629093854877897,0,0.04629093854877897
-20.574999999999999,0.046349942062572369,0,0.046349942062572369
-20.547499999999999,0.046409096182851828,0,0.046409096182851828
-20.52,0.046468401486988831,0,0.046468401486988831
-20.4925,0.046527858555310053,0,0.046527858555310053
-20.465,0.046587467971115792,0,0.046587467971115792
-20.4375,0.046647230320699729,0,0.046647230320699729
-20.41,0.046707146193367577,0,0.046707146193367577
-20.3825,0.046767216181456739,0,0.046767216181456739
-20.355,0.046827440880355842,0,0.046827440880355842
-20.327500000000001,0.046887820888524279,0,0.046887820888524279
-20.300000000000001,0.046948356807511749,0,0.046948356807511749
-20.272500000000001,0.047009049241979017,0,0.047009049241979017
-20.245000000000001,0.047069898799717458,0,0.047069898799717458
-20.217500000000001,0.047130906091669589,0,0.047130906091669589
-20.190000000000001,0.047192071731948948,0,0.047192071731948948
-20.162500000000001,0.047253396337861853,0,0.047253396337861853
-20.135000000000002,0.047314880529926606,0,0.047314880529926606
-20.107500000000002,0.047376524931896147,0,0.047376524931896147
-20.079999999999998,0.047438330170778031,0,0.047438330170778031
-20.052499999999998,0.04750029687685553,0,0.04750029687685553
-20.024999999999999,0.04756242568370983,0,0.04756242568370983
-19.997499999999999,0.047624717228241353,0,0.047624717228241353
-19.969999999999999,0.047687172150691515,0,0.047687172150691515
-19.942499999999999,0.047749791094663929,0,0.047749791094663929
-19.914999999999999,0.047812574707147948,0,0.047812574707147948
-19.887499999999999,0.047875523638539863,0,0.047875523638539863
-19.859999999999999,0.047938638542665335,0,0.047938638542665335
-19.8325,0.04800192007680304,0,0.04800192007680304
-19.805,0.048065368901706429,0,0.048065368901706429
-19.7775,0.048128985681626713,0,0.048128985681626713
-19.75,0.048192771084337283,0,0.048192771084337283
-19.7225,0.048256725781155696,0,0.048256725781155696
-19.695,0.048320850446967878,0,0.048320850446967878
-19.6675,0.048385145760251547,0,0.048385145760251547
-19.640000000000001,0.048449612403100861,0,0.048449612403100861
-19.612500000000001,0.048514251061249181,0,0.048514251061249181
-19.585000000000001,0.048579062424095154,0,0.048579062424095154
-19.557500000000001,0.048644047184725814,0,0.048644047184725814
-19.530000000000001,0.048709206039941555,0,0.048709206039941555
-19.502500000000001,0.048774539690281671,0,0.048774539690281671
-19.475000000000001,0.048840048840048778,0,0.048840048840048778
-19.447500000000002,0.048905734197334683,0,0.048905734197334683
-19.420000000000002,0.048971596474045032,0,0.048971596474045032
-19.392499999999998,0.049037636385926175,0,0.049037636385926175
-19.364999999999998,0.049103854652590151,0,0.049103854652590151
-19.337499999999999,0.049170251997541436,0,0.049170251997541436
-19.309999999999999,0.049236829148202932,0,0.049236829148202932
-19.282499999999999,0.04930358683594227,0,0.04930358683594227
-19.254999999999999,0.049370525796099796,0,0.049370525796099796
-19.227499999999999,0.049437646768013765,0,0.049437646768013765
-19.199999999999999,0.049504950495049549,0,0.049504950495049549
-19.172499999999999,0.049572437724625051,0,0.049572437724625051
-19.145,0.049640109208240246,0,0.049640109208240246
-19.1175,0.049707965701503598,0,0.049707965701503598
-19.09,0.049776007964161262,0,0.049776007964161262
-19.0625,0.049844236760124616,0,0.049844236760124616
-19.035,0.049912652857499462,0,0.049912652857499462
-19.0075,0.049981257028614223,0,0.049981257028614223
-18.98,0.050050050050049921,0,0.050050050050049921
-18.952500000000001,0.050119032702668931,0,0.050119032702668931
-18.925000000000001,0.050188205771643624,0,0.050188205771643624
-18.897500000000001,0.050257570046488231,0,0.050257570046488231
-18.870000000000001,0.050327126321087046,0,0.050327126321087046
-18.842500000000001,0.050396875393725504,0,0.050396875393725504
-18.815000000000001,0.050466818067120944,0,0.050466818067120944
-18.787500000000001,0.050536955148452356,0,0.050536955148452356
-18.760000000000002,0.050607287449392802,0,0.050607287449392802
-18.732500000000002,0.050677815786139613,0,0.050677815786139613
-18.704999999999998,0.05074854097944681,0,0.05074854097944681
-18.677499999999998,0.05081946385465641,0,0.05081946385465641
-18.649999999999999,0.050890585241730291,0,0.050890585241730291
-18.622499999999999,0.050961905975283606,0,0.050961905975283606
-18.594999999999999,0.051033426894615985,0,0.051033426894615985
-18.567499999999999,0.051105148843745951,0,0.051105148843745951
-18.539999999999999,0.051177072671443224,0,0.051177072671443224
-18.512499999999999,0.051249199231262033,0,0.051249199231262033
-18.484999999999999,0.051321529381575526,0,0.051321529381575526
-18.4575,0.05139406398560975,0,0.05139406398560975
-18.43,0.051466803911477177,0,0.051466803911477177
-18.4025,0.05153975003221245,0,0.05153975003221245
-18.375,0.051612903225806472,0,0.051612903225806472
-18.3475,0.051686264375242152,0,0.051686264375242152
-18.32,0.051759834368530044,0,0.051759834368530044
-18.2925,0.051833614098742986,0,0.051833614098742986
-18.265000000000001,0.051907604464054069,0,0.051907604464054069
-18.237500000000001,0.051981806367771277,0,0.051981806367771277
-18.210000000000001,0.05205622071837579,0,0.05205622071837579
-18.182500000000001,0.052130848429558063,0,0.052130848429558063
-18.155000000000001,0.05220569042025569,0,0.05220569042025569
-18.127500000000001,0.052280747614690926,0,0.052280747614690926
-18.100000000000001,0.052356020942408432,0,0.052356020942408432
-18.072500000000002,0.052431511338314363,0,0.052431511338314363
-18.045000000000002,0.05250721974271455,0,0.05250721974271455
-18.017499999999998,0.052583147101354033,0,0.052583147101354033
-17.990000000000002,0.052659294365455578,0,0.052659294365455578
-17.962499999999999,0.052735662491759983,0,0.052735662491759983
-17.935000000000002,0.052812252442566709,0,0.052812252442566709
-17.907499999999999,0.052889065185772965,0,0.052889065185772965
-17.880000000000003,0.052966101694915113,0,0.052966101694915113
-17.852499999999999,0.053043362949211081,0,0.053043362949211081
-17.825000000000003,0.053120849933599001,0,0.053120849933599001
-17.797499999999999,0.053198563638781726,0,0.053198563638781726
-17.770000000000003,0.05327650506126802,0,0.05327650506126802
-17.7425,0.053354675203414748,0,0.053354675203414748
-17.715000000000003,0.053433075073470615,0,0.053433075073470615
-17.6875,0.053511705685618693,0,0.053511705685618693
-17.659999999999997,0.053590568060021493,0,0.053590568060021493
-17.6325,0.053669663222863262,0,0.053669663222863262
-17.604999999999997,0.053748992206396173,0,0.053748992206396173
-17.577500000000001,0.053828556048983955,0,0.053828556048983955
-17.549999999999997,0.053908355795148299,0,0.053908355795148299
-17.522500000000001,0.05398839249561338,0,0.05398839249561338
-17.494999999999997,0.05406866720735326,0,0.05406866720735326
-17.467500000000001,0.054149180993637414,0,0.054149180993637414
-17.439999999999998,0.054229934924078127,0,0.054229934924078127
-17.412500000000001,0.054310930074677577,0,0.054310930074677577
-17.384999999999998,0.054392167527876012,0,0.054392167527876012
-17.357500000000002,0.054473648372599714,0,0.054473648372599714
-17.329999999999998,0.054555373704309851,0,0.054555373704309851
-17.302500000000002,0.05463734462505121,0,0.05463734462505121
-17.274999999999999,0.054719562243502051,0,0.054719562243502051
-17.247500000000002,0.054802027675023957,0,0.054802027675023957
-17.219999999999999,0.054884742041712453,0,0.054884742041712453
-17.192500000000003,0.054967706472447531,0,0.054967706472447531
-17.164999999999999,0.055050922102945266,0,0.055050922102945266
-17.137500000000003,0.05513439007580978,0,0.05513439007580978
-17.109999999999999,0.055218111540585202,0,0.055218111540585202
-17.082500000000003,0.05530208765380884,0,0.05530208765380884
-17.055,0.055386319579063925,0,0.055386319579063925
-17.027500000000003,0.055470808487033674,0,0.055470808487033674
-17,0.05555555555555558,0,0.05555555555555558
-16.972499999999997,0.055640561969675817,0,0.055640561969675817
-16.945,0.055725828921705189,0,0.055725828921705189
-16.917499999999997,0.055811357611273871,0,0.055811357611273871
-16.890000000000001,0.055897149245388467,0,0.055897149245388467
-16.862499999999997,0.055983205038488415,0,0.055983205038488415
-16.835000000000001,0.056069526212503606,0,0.056069526212503606
-16.807499999999997,0.05615611399691145,0,0.05615611399691145
-16.780000000000001,0.056242969628796491,0,0.056242969628796491
-16.752499999999998,0.056330094352907922,0,0.056330094352907922
-16.725000000000001,0.056417489421720646,0,0.056417489421720646
-16.697499999999998,0.056505156095493669,0,0.056505156095493669
-16.670000000000002,0.056593095642331614,0,0.056593095642331614
-16.642499999999998,0.056681309338245667,0,0.056681309338245667
-16.615000000000002,0.056769798467215415,0,0.056769798467215415
-16.587499999999999,0.056858564321251026,0,0.056858564321251026
-16.560000000000002,0.056947608200455635,0,0.056947608200455635
-16.532499999999999,0.057036931413089964,0,0.057036931413089964
-16.505000000000003,0.057126535275635493,0,0.057126535275635493
-16.477499999999999,0.057216421112859406,0,0.057216421112859406
-16.450000000000003,0.057306590257879653,0,0.057306590257879653
-16.422499999999999,0.05739704405223145,0,0.05739704405223145
-16.395000000000003,0.057487783845932783,0,0.057487783845932783
-16.3675,0.057578810997552909,0,0.057578810997552909
-16.340000000000003,0.057670126874279193,0,0.057670126874279193
-16.3125,0.057761732851985492,0,0.057761732851985492
-16.284999999999997,0.057853630315302329,0,0.057853630315302329
-16.2575,0.057945820657685054,0,0.057945820657685054
-16.229999999999997,0.058038305281485791,0,0.058038305281485791
-16.202500000000001,0.058131085598023491,0,0.058131085598023491
-16.174999999999997,0.058224163027656539,0,0.058224163027656539
-16.147500000000001,0.058317538999854257,0,0.058317538999854257
-16.119999999999997,0.058411214953270951,0,0.058411214953270951
-16.092500000000001,0.058505192335819967,0,0.058505192335819967
-16.064999999999998,0.058599472604746627,0,0.058599472604746627
-16.037500000000001,0.058694057226705731,0,0.058694057226705731
-16.009999999999998,0.0587889476778366,0,0.0587889476778366
-15.982500000000002,0.058884145443839353,0,0.058884145443839353
-15.954999999999998,0.058979652020053064,0,0.058979652020053064
-15.927500000000002,0.05907546891153459,0,0.05907546891153459
-15.899999999999999,0.059171597633136064,0,0.059171597633136064
-15.872500000000002,0.059268039709586717,0,0.059268039709586717
-15.844999999999999,0.059364796675571374,0,0.059364796675571374
-15.817500000000003,0.059461870075813827,0,0.059461870075813827
-15.789999999999999,0.059559261465157776,0,0.059559261465157776
-15.762500000000003,0.0596569724086502,0,0.0596569724086502
-15.734999999999999,0.059755004481625407,0,0.059755004481625407
-15.707500000000003,0.059853359269788853,0,0.059853359269788853
-15.68,0.059952038369304517,0,0.059952038369304517
-15.652500000000003,0.060051043386878833,0,0.060051043386878833
-15.625,0.060150375939849621,0,0.060150375939849621
-15.597499999999997,0.06025003765627357,0,0.06025003765627357
-15.57,0.060350030175015168,0,0.060350030175015168
-15.542499999999997,0.06045035514583641,0,0.06045035514583641
-15.515000000000001,0.060551014229488276,0,0.060551014229488276
-15.487499999999997,0.060652009097801329,0,0.060652009097801329
-15.460000000000001,0.060753341433778751,0,0.060753341433778751
-15.432499999999997,0.060855012931690378,0,0.060855012931690378
-15.405000000000001,0.060957025297165401,0,0.060957025297165401
-15.377499999999998,0.061059380247290518,0,0.061059380247290518
-15.350000000000001,0.061162079510703404,0,0.061162079510703404
-15.322499999999998,0.061265124827691864,0,0.061265124827691864
-15.295000000000002,0.061368517950291523,0,0.061368517950291523
-15.267499999999998,0.061472260642385201,0,0.061472260642385201
-15.240000000000002,0.061576354679802936,0,0.061576354679802936
-15.212499999999999,0.061680801850424016,0,0.061680801850424016
-15.185000000000002,0.061785603954278678,0,0.061785603954278678
-15.157499999999999,0.061890762803651467,0,0.061890762803651467
-15.130000000000003,0.061996280223186706,0,0.061996280223186706
-15.102499999999999,0.062102158049992195,0,0.062102158049992195
-15.075000000000003,0.062208398133748011,0,0.062208398133748011
-15.047499999999999,0.062315002336812642,0,0.062315002336812642
-15.020000000000003,0.062421972534332126,0,0.062421972534332126
-14.9925,0.06252931061435052,0,0.06252931061435052
-14.965000000000003,0.062637018477920359,0,0.062637018477920359
-14.9375,0.062745098039215685,0,0.062745098039215685
-14.909999999999997,0.062853551225644289,0,0.062853551225644289
-14.8825,0.062962379977963168,0,0.062962379977963168
-14.854999999999997,0.063071586250394329,0,0.063071586250394329
-14.827500000000001,0.063181172010740694,0,0.063181172010740694
-14.799999999999997,0.063291139240506222,0,0.063291139240506222
-14.772500000000001,0.0634014899350136,0,0.0634014899350136
-14.744999999999997,0.063512226103524916,0,0.063512226103524916
-14.717500000000001,0.063623349769365234,0,0.063623349769365234
-14.689999999999998,0.063734862970044714,0,0.063734862970044714
-14.662500000000001,0.063846767757382183,0,0.063846767757382183
-14.634999999999998,0.063959066197633585,0,0.063959066197633585
-14.607500000000002,0.064071760371616215,0,0.064071760371616215
-14.579999999999998,0.064184852374839507,0,0.064184852374839507
-14.552500000000002,0.064298344317633815,0,0.064298344317633815
-14.524999999999999,0.064412238325281757,0,0.064412238325281757
-14.497500000000002,0.064526536538151436,0,0.064526536538151436
-14.469999999999999,0.06464124111182934,0,0.06464124111182934
-14.442500000000003,0.064756354217257561,0,0.064756354217257561
-14.414999999999999,0.064871878040869246,0,0.064871878040869246
-14.387500000000003,0.064987814784727926,0,0.064987814784727926
-14.359999999999999,0.06510416666666663,0,0.06510416666666663
-14.332500000000003,0.065220935920430434,0,0.065220935920430434
-14.305,0.065338124795818242,0,0.065338124795818242
-14.277500000000003,0.065455735558828221,0,0.065455735558828221
-14.25,0.06557377049180324,0,0.06557377049180324
-14.222499999999997,0.065692231893578756,0,0.065692231893578756
-14.195,0.065811122079631468,0,0.065811122079631468
-14.167499999999997,0.065930443382231863,0,0.065930443382231863
-14.140000000000001,0.066050198150594541,0,0.066050198150594541
-14.112499999999997,0.066170388751033871,0,0.066170388751033871
-14.085000000000001,0.066291017567119637,0,0.066291017567119637
-14.057499999999997,0.066412086999833919,0,0.066412086999833919
-14.030000000000001,0.066533599467731186,0,0.066533599467731186
-14.002499999999998,0.066655557407098942,0,0.066655557407098942
-13.975000000000001,0.066777963272120155,0,0.066777963272120155
-13.947499999999998,0.066900819535039235,0,0.066900819535039235
-13.920000000000002,0.067024128686327122,0,0.067024128686327122
-13.892499999999998,0.067147893234849709,0,0.067147893234849709
-13.865000000000002,0.067272115708039038,0,0.067272115708039038
-13.837499999999999,0.067396798652064049,0,0.067396798652064049
-13.810000000000002,0.067521944632005337,0,0.067521944632005337
-13.782499999999999,0.067647556232031003,0,0.067647556232031003
-13.755000000000003,0.067773636055574515,0,0.067773636055574515
-13.727499999999999,0.067900186725513567,0,0.067900186725513567
-13.700000000000003,0.068027210884353817,0,0.068027210884353817
-13.672499999999999,0.06815471119441141,0,0.06815471119441141
-13.645000000000003,0.068282690337999274,0,0.068282690337999274
-13.6175,0.068411151017615857,0,0.068411151017615857
-13.590000000000003,0.068540095956134306,0,0.068540095956134306
-13.5625,0.068669527896995763,0,0.068669527896995763
-13.534999999999997,0.068799449604403207,0,0.068799449604403207
-13.5075,0.068929863863518737,0,0.068929863863518737
-13.479999999999997,0.069060773480662974,0,0.069060773480662974
-13.452500000000001,0.069192181283515009,0,0.069192181283515009
-13.424999999999997,0.069324090121317239,0,0.069324090121317239
-13.397500000000001,0.069456502865080871,0,0.069456502865080871
-13.369999999999997,0.069589422407793977,0,0.069589422407793977
-13.342500000000001,0.069722851664633101,0,0.069722851664633101
-13.314999999999998,0.06985679357317498,0,0.06985679357317498
-13.287500000000001,0.069991251093613371,0,0.069991251093613371
-13.259999999999998,0.0701262272089761,0,0.0701262272089761
-13.232500000000002,0.07026172492534688,0,0.07026172492534688
-13.204999999999998,0.070397747272087252,0,0.070397747272087252
-13.177500000000002,0.070534297302063065,0,0.070534297302063065
-13.149999999999999,0.07067137809187285,0,0.07067137809187285
-13.122500000000002,0.070808992742078192,0,0.070808992742078192
-13.094999999999999,0.070947144377438875,0,0.070947144377438875
-13.067500000000003,0.071085836147147696,0,0.071085836147147696
-13.039999999999999,0.071225071225071268,0,0.071225071225071268
-13.012500000000003,0.071364852809991053,0,0.071364852809991053
-12.984999999999999,0.071505184125849164,0,0.071505184125849164
-12.957500000000003,0.071646068421995279,0,0.071646068421995279
-12.93,0.071787508973438663,0,0.071787508973438663
-12.902500000000003,0.071929509081100518,0,0.071929509081100518
-12.875,0.072072072072072113,0,0.072072072072072113
-12.847499999999997,0.072215201299873577,0,0.072215201299873577
-12.82,0.072358900144717797,0,0.072358900144717797
-12.792499999999997,0.072503172013775763,0,0.072503172013775763
-12.765000000000001,0.072648020341445796,0,0.072648020341445796
-12.737499999999997,0.072793448589626886,0,0.072793448589626886
-12.710000000000001,0.072939460247994137,0,0.072939460247994137
-12.682499999999997,0.073086058834277323,0,0.073086058834277323
-12.655000000000001,0.073233247894544107,0,0.073233247894544107
-12.627499999999998,0.073381031003485586,0,0.073381031003485586
-12.600000000000001,0.073529411764705954,0,0.073529411764705954
-12.572499999999998,0.073678393811014931,0,0.073678393811014931
-12.545000000000002,0.073827980804724969,0,0.073827980804724969
-12.517499999999998,0.073978176437950904,0,0.073978176437950904
-12.490000000000002,0.07412898443291327,0,0.07412898443291327
-12.462499999999999,0.074280408542247045,0,0.074280408542247045
-12.435000000000002,0.074432452549311412,0,0.074432452549311412
-12.407499999999999,0.074585120268506389,0,0.074585120268506389
-12.380000000000003,0.074738415545590353,0,0.074738415545590353
-12.352499999999999,0.074892342258004008,0,0.074892342258004008
-12.325000000000003,0.075046904315197005,0,0.075046904315197005
-12.297499999999999,0.075202105658958351,0,0.075202105658958351
-12.270000000000003,0.075357950263752693,0,0.075357950263752693
-12.2425,0.075514442137058713,0,0.075514442137058713
-12.215000000000003,0.075671585319712298,0,0.075671585319712298
-12.1875,0.075829383886255819,0,0.075829383886255819
-12.159999999999997,0.075987841945288737,0,0.075987841945288737
-12.1325,0.076146963639824872,0,0.076146963639824872
-12.104999999999997,0.076306753147653561,0,0.076306753147653561
-12.077500000000001,0.076467214681705253,0,0.076467214681705253
-12.049999999999997,0.076628352490421436,0,0.076628352490421436
-12.022500000000001,0.076790170858130113,0,0.076790170858130113
-11.994999999999997,0.076952674105425167,0,0.076952674105425167
-11.967500000000001,0.07711586658955083,0,0.07711586658955083
-11.939999999999998,0.077279752704791371,0,0.077279752704791371
-11.912500000000001,0.077444336882865561,0,0.077444336882865561
-11.884999999999998,0.077609623593325572,0,0.077609623593325572
-11.857500000000002,0.077775617343962655,0,0.077775617343962655
-11.829999999999998,0.077942322681215925,0,0.077942322681215925
-11.802500000000002,0.078109744190587582,0,0.078109744190587582
-11.774999999999999,0.078277886497064575,0,0.078277886497064575
-11.747500000000002,0.078446754265542262,0,0.078446754265542262
-11.719999999999999,0.078616352201257844,0,0.078616352201257844
-11.692500000000003,0.078786685050226457,0,0.078786685050226457
-11.664999999999999,0.078957757599684264,0,0.078957757599684264
-11.637500000000003,0.079129574678536096,0,0.079129574678536096
-11.609999999999999,0.079302141157811201,0,0.079302141157811201
-11.582500000000003,0.079475461951122428,0,0.079475461951122428
-11.555,0.079649542015133301,0,0.079649542015133301
-11.527500000000003,0.079824386350029863,0,0.079824386350029863
-11.5,0.07999999999999996,0,0.07999999999999996
-11.472499999999997,0.080176388053718295,0,0.080176388053718295
-11.445,0.08035355564483726,0,0.08035355564483726
-11.417499999999997,0.080531507952486536,0,0.080531507952486536
-11.390000000000001,0.08071025020177558,0,0.08071025020177558
-11.362499999999997,0.080889787664307322,0,0.080889787664307322
-11.335000000000001,0.081070125658694647,0,0.081070125658694647
-11.307499999999997,0.081251269551086858,0,0.081251269551086858
-11.280000000000001,0.081433224755700251,0,0.081433224755700251
-11.252499999999998,0.08161599673536013,0,0.08161599673536013
-11.225000000000001,0.081799591002045036,0,0.081799591002045036
-11.197499999999998,0.081984013117442189,0,0.081984013117442189
-11.170000000000002,0.082169268693508601,0,0.082169268693508601
-11.142499999999998,0.082355363393041059,0,0.082355363393041059
-11.115000000000002,0.082542302930251776,0,0.082542302930251776
-11.087499999999999,0.082730093071354704,0,0.082730093071354704
-11.060000000000002,0.082918739635157501,0,0.082918739635157501
-11.032499999999999,0.083108248493663051,0,0.083108248493663051
-11.005000000000003,0.083298625572678087,0,0.083298625572678087
-10.977499999999999,0.083489876852431699,0,0.083489876852431699
-10.950000000000003,0.083682008368200833,0,0.083682008368200833
-10.922499999999999,0.08387502621094578,0,0.08387502621094578
-10.895000000000003,0.084068936527952887,0,0.084068936527952887
-10.8675,0.084263745523488587,0,0.084263745523488587
-10.840000000000003,0.08445945945945954,0,0.08445945945945954
-10.8125,0.084656084656084651,0,0.084656084656084651
-10.784999999999997,0.08485362749257519,0,0.08485362749257519
-10.7575,0.085052094407824907,0,0.085052094407824907
-10.729999999999997,0.085251491901108367,0,0.085251491901108367
-10.702500000000001,0.085451826532792041,0,0.085451826532792041
-10.674999999999997,0.085653104925053514,0,0.085653104925053514
-10.647500000000001,0.085855333762610009,0,0.085855333762610009
-10.619999999999997,0.086058519793459576,0,0.086058519793459576
-10.592500000000001,0.086262669829631156,0,0.086262669829631156
-10.564999999999998,0.086467790747946305,0,0.086467790747946305
-10.537500000000001,0.086673889490790912,0,0.086673889490790912
-10.509999999999998,0.086880973066898348,0,0.086880973066898348
-10.482500000000002,0.08708904855214461,0,0.08708904855214461
-10.454999999999998,0.087298123090353452,0,0.087298123090353452
-10.427500000000002,0.087508203894114955,0,0.087508203894114955
-10.399999999999999,0.087719298245614086,0,0.087719298245614086
-10.372500000000002,0.087931413497472022,0,0.087931413497472022
-10.344999999999999,0.088144557073600693,0,0.088144557073600693
-10.317500000000003,0.088358736470068422,0,0.088358736470068422
-10.289999999999999,0.088573959255978774,0,0.088573959255978774
-10.262500000000003,0.088790233074361735,0,0.088790233074361735
-10.234999999999999,0.089007565643079656,0,0.089007565643079656
-10.207500000000003,0.089225964755743958,0,0.089225964755743958
-10.18,0.089445438282647616,0,0.089445438282647616
-10.152500000000003,0.089665994171710284,0,0.089665994171710284
-10.125,0.0898876404494382,0,0.0898876404494382
-10.097499999999997,0.090110385221896849,0,0.090110385221896849
-10.07,0.090334236675700175,0,0.090334236675700175
-10.042499999999997,0.090559203079012995,0,0.090559203079012995
-10.015000000000001,0.090785292782569194,0,0.090785292782569194
-9.9874999999999972,0.091012514220705332,0,0.091012514220705332
-9.9600000000000009,0.091240875912408703,0,0.091240875912408703
-9.9324999999999974,0.091470386462382924,0,0.091470386462382924
-9.9050000000000011,0.091701054562127404,0,0.091701054562127404
-9.8774999999999977,0.091932888991036577,0,0.091932888991036577
-9.8500000000000014,0.092165898617511455,0,0.092165898617511455
-9.822499999999998,0.092400092400092504,0,0.092400092400092504
-9.7950000000000017,0.092635479388605835,0,0.092635479388605835
-9.7674999999999983,0.092872068725330936,0,0.092872068725330936
-9.740000000000002,0.093109869646182508,0,0.093109869646182508
-9.7124999999999986,0.09334889148191361,0,0.09334889148191361
-9.6850000000000023,0.093589143659335572,0,0.093589143659335572
-9.6574999999999989,0.093830635702556897,0,0.093830635702556897
-9.6300000000000026,0.094073377234242583,0,0.094073377234242583
-9.6024999999999991,0.094317377976892214,0,0.094317377976892214
-9.5750000000000028,0.09456264775413703,0,0.09456264775413703
-9.5474999999999994,0.094809196492059655,0,0.094809196492059655
-9.5200000000000031,0.095057034220532355,0,0.095057034220532355
-9.4924999999999997,0.095306171074576951,0,0.095306171074576951
-9.4650000000000034,0.095556617295747714,0,0.095556617295747714
-9.4375,0.095808383233532912,0,0.095808383233532912
-9.4099999999999966,0.096061479346781997,0,0.096061479346781997
-9.3825000000000003,0.096315916205152785,0,0.096315916205152785
-9.3549999999999969,0.096571704490584276,0,0.096571704490584276
-9.3275000000000006,0.096828854998789682,0,0.096828854998789682
-9.2999999999999972,0.097087378640776767,0,0.097087378640776767
-9.2725000000000009,0.097347286444390391,0,0.097347286444390391
-9.2449999999999974,0.09760858955588092,0,0.09760858955588092
-9.2175000000000011,0.097871299241497511,0,0.097871299241497511
-9.1899999999999977,0.098135426889107036,0,0.098135426889107036
-9.1625000000000014,0.098400984009839987,0,0.098400984009839987
-9.134999999999998,0.098667982239763252,0,0.098667982239763252
-9.1075000000000017,0.098936433341577978,0,0.098936433341577978
-9.0799999999999983,0.099206349206349187,0,0.099206349206349187
-9.052500000000002,0.099477741855259927,0,0.099477741855259927
-9.0249999999999986,0.099750623441396513,0,0.099750623441396513
-8.9975000000000023,0.10002500625156285,0,0.10002500625156285
-8.9699999999999989,0.10030090270812431,0,0.10030090270812431
-8.9425000000000026,0.10057832537088252,0,0.10057832537088252
-8.9149999999999991,0.10085728693898144,0,0.10085728693898144
-8.8875000000000028,0.10113780025284447,0,0.10113780025284447
-8.8599999999999994,0.10141987829614596,0,0.10141987829614596
-8.8325000000000031,0.10170353419781342,0,0.10170353419781342
-8.8049999999999997,0.1019887812340643,0,0.1019887812340643
-8.7775000000000034,0.10227563283047802,0,0.10227563283047802
-8.75,0.10256410256410264,0,0.10256410256410264
-8.7224999999999966,0.10285420416559532,0,0.10285420416559532
-8.6950000000000003,0.10314595152140282,0,0.10314595152140282
-8.6674999999999969,0.1034393586759762,0,0.1034393586759762
-8.6400000000000006,0.10373443983402486,0,0.10373443983402486
-8.6124999999999972,0.10403120936280896,0,0.10403120936280896
-8.5850000000000009,0.10432968179447044,0,0.10432968179447044
-8.5574999999999974,0.10462987182840711,0,0.10462987182840711
-8.5300000000000011,0.10493179433368316,0,0.10493179433368316
-8.5024999999999977,0.10523546435148645,0,0.10523546435148645
-8.4750000000000014,0.10554089709762537,0,0.10554089709762537
-8.447499999999998,0.10584810796507016,0,0.10584810796507016
-8.4200000000000017,0.10615711252653925,0,0.10615711252653925
-8.3924999999999983,0.10646792653713077,0,0.10646792653713077
-8.365000000000002,0.10678056593699947,0,0.10678056593699947
-8.3374999999999986,0.107095046854083,0,0.107095046854083
-8.3100000000000023,0.10741138560687435,0,0.10741138560687435
-8.2824999999999989,0.10772959870724486,0,0.10772959870724486
-8.2550000000000026,0.10804970286331705,0,0.10804970286331705
-8.2274999999999991,0.10837171498238962,0,0.10837171498238962
-8.2000000000000028,0.10869565217391308,0,0.10869565217391308
-8.1724999999999994,0.10902153175252116,0,0.10902153175252116
-8.1450000000000031,0.10934937124111521,0,0.10934937124111521
-8.1174999999999997,0.10967918837400603,0,0.10967918837400603
-8.0900000000000034,0.11001100110010997,0,0.11001100110010997
-8.0625,0.1103448275862069,0,0.1103448275862069
-8.0349999999999966,0.11068068622025462,0,0.11068068622025462
-8.0075000000000003,0.11101859561476546,0,0.11101859561476546
-7.9799999999999969,0.11135857461024501,0,0.11135857461024501
-7.9525000000000006,0.11170064227869303,0,0.11170064227869303
-7.9249999999999972,0.1120448179271708,0,0.1120448179271708
-7.8975000000000009,0.11239112110143301,0,0.11239112110143301
-7.8699999999999974,0.11273957158962811,0,0.11273957158962811
-7.8425000000000011,0.1130901894260673,0,0.1130901894260673
-7.8149999999999977,0.11344299489506537,0,0.11344299489506537
-7.7875000000000014,0.11379800853485067,0,0.11379800853485067
-7.759999999999998,0.11415525114155256,0,0.11415525114155256
-7.7325000000000017,0.11451474377326087,0,0.11451474377326087
-7.7049999999999983,0.11487650775416425,0,0.11487650775416425
-7.677500000000002,0.11524056467876687,0,0.11524056467876687
-7.6499999999999986,0.11560693641618502,0,0.11560693641618502
-7.6225000000000023,0.11597564511452596,0,0.11597564511452596
-7.5949999999999989,0.11634671320535184,0,0.11634671320535184
-7.5675000000000026,0.11672016340822877,0,0.11672016340822877
-7.5399999999999991,0.11709601873536302,0,0.11709601873536302
-7.5125000000000028,0.11747430249632895,0,0.11747430249632895
-7.4849999999999994,0.11785503830288746,0,0.11785503830288746
-7.4575000000000031,0.11823825007389877,0,0.11823825007389877
-7.4299999999999997,0.1186239620403321,0,0.1186239620403321
-7.4025000000000034,0.11901219875037194,0,0.11901219875037194
-7.375,0.11940298507462688,0,0.11940298507462688
-7.3474999999999966,0.11979634621144064,0,0.11979634621144064
-7.3200000000000003,0.12019230769230771,0,0.12019230769230771
-7.2924999999999969,0.12059089538739831,0,0.12059089538739831
-7.2650000000000006,0.1209921355111917,0,0.1209921355111917
-7.2374999999999972,0.12139605462822456,0,0.12139605462822456
-7.2100000000000009,0.12180267965895242,0,0.12180267965895242
-7.1824999999999974,0.12221203788573176,0,0.12221203788573176
-7.1550000000000011,0.12262415695892082,0,0.12262415695892082
-7.1274999999999977,0.12303906490310679,0,0.12303906490310679
-7.1000000000000014,0.12345679012345689,0,0.12345679012345689
-7.072499999999998,0.12387736141220196,0,0.12387736141220196
-7.0450000000000017,0.12430080795525167,0,0.12430080795525167
-7.0174999999999983,0.12472715933894596,0,0.12472715933894596
-6.990000000000002,0.12515644555694627,0,0.12515644555694627
-6.9624999999999986,0.12558869701726849,0,0.12558869701726849
-6.9350000000000023,0.12602394454946442,0,0.12602394454946442
-6.9074999999999989,0.12646221941195057,0,0.12646221941195057
-6.8800000000000026,0.12690355329949232,0,0.12690355329949232
-6.8524999999999991,0.12734797835084377,0,0.12734797835084377
-6.8250000000000028,0.12779552715654963,0,0.12779552715654963
-6.7974999999999994,0.1282462327669126,0,0.1282462327669126
-6.7700000000000031,0.1287001287001287,0,0.1287001287001287
-6.7424999999999997,0.12915724895059744,0,0.12915724895059744
-6.7150000000000034,0.12961762799740761,0,0.12961762799740761
-6.6875,0.13008130081300806,0,0.13008130081300806
-6.6599999999999966,0.13054830287206265,0,0.13054830287206265
-6.6325000000000003,0.13101867016049784,0,0.13101867016049784
-6.6049999999999969,0.13149243918474696,0,0.13149243918474696
-6.5775000000000006,0.13196964698119429,0,0.13196964698119429
-6.5499999999999972,0.13245033112582771,0,0.13245033112582771
-6.5225000000000009,0.13293452974410092,0,0.13293452974410092
-6.4949999999999974,0.1334222815210141,0,0.1334222815210141
-6.4675000000000011,0.13391362571141607,0,0.13391362571141607
-6.4399999999999977,0.13440860215053763,0,0.13440860215053763
-6.4125000000000014,0.13490725126475533,0,0.13490725126475533
-6.384999999999998,0.13540961408259988,0,0.13540961408259988
-6.3575000000000017,0.13591573224600739,0,0.13591573224600739
-6.3299999999999983,0.13642564802182811,0,0.13642564802182811
-6.302500000000002,0.1369394043135912,0,0.1369394043135912
-6.2749999999999986,0.1374570446735397,0,0.1374570446735397
-6.2475000000000023,0.13797861331493622,0,0.13797861331493622
-6.2199999999999989,0.13850415512465386,0,0.13850415512465386
-6.1925000000000026,0.13903371567605127,0,0.13903371567605127
-6.1649999999999991,0.13956734124214942,0,0.13956734124214942
-6.1375000000000028,0.14010507880910672,0,0.14010507880910672
-6.1099999999999994,0.14064697609001398,0,0.14064697609001398
-6.0825000000000031,0.14119308153900467,0,0.14119308153900467
-6.0549999999999997,0.14174344436569819,0,0.14174344436569819
-6.0275000000000034,0.14229811454998209,0,0.14229811454998209
-6,0.1428571428571429,0,0.1428571428571429
-5.9724999999999966,0.14342058085335252,0,0.14342058085335252
-5.9450000000000003,0.14398848092152627,0,0.14398848092152627
-5.9174999999999969,0.14456089627755708,0,0.14456089627755708
-5.8900000000000006,0.14513788098693758,0,0.14513788098693758
-5.8624999999999972,0.14571948998178508,0,0.14571948998178508
-5.8350000000000009,0.14630577907827358,0,0.14630577907827358
-5.8074999999999974,0.14689680499449143,0,0.14689680499449143
-5.7800000000000011,0.14749262536873153,0,0.14749262536873153
-5.7524999999999977,0.14809329877823019,0,0.14809329877823019
-5.7250000000000014,0.14869888475836435,0,0.14869888475836435
-5.697499999999998,0.14930944382232181,0,0.14930944382232181
-5.6700000000000017,0.1499250374812594,0,0.1499250374812594
-5.6424999999999983,0.1505457282649606,0,0.1505457282649606
-5.615000000000002,0.15117157974300832,0,0.15117157974300832
-5.5874999999999986,0.1518026565464895,0,0.1518026565464895
-5.5600000000000023,0.15243902439024393,0,0.15243902439024393
-5.5324999999999989,0.15308075009567546,0,0.15308075009567546
-5.5050000000000026,0.15372790161414296,0,0.15372790161414296
-5.4774999999999991,0.1543805480509457,0,0.1543805480509457
-5.4500000000000028,0.15503875968992231,0,0.15503875968992231
-5.4224999999999994,0.1557026080186843,0,0.1557026080186843
-5.3950000000000031,0.15637216575449553,0,0.15637216575449553
-5.3674999999999997,0.15704750687082836,0,0.15704750687082836
-5.3400000000000034,0.15772870662460547,0,0.15772870662460547
-5.3125,0.15841584158415845,0,0.15841584158415845
-5.2849999999999966,0.15910898965791576,0,0.15910898965791576
-5.2575000000000003,0.15980823012385126,0,0.15980823012385126
-5.2299999999999969,0.1605136436597111,0,0.1605136436597111
-5.2025000000000006,0.16122531237404281,0,0.16122531237404281
-5.1749999999999972,0.16194331983805688,0,0.16194331983805688
-5.1475000000000009,0.16266775111834086,0,0.16266775111834086
-5.1199999999999974,0.1633986928104576,0,0.1633986928104576
-5.0925000000000011,0.16413623307345093,0,0.16413623307345093
-5.0649999999999977,0.16488046166529258,0,0.16488046166529258
-5.0375000000000014,0.16563146997929612,0,0.16563146997929612
-5.009999999999998,0.16638935108153086,0,0.16638935108153086
-4.9825000000000017,0.16715419974926871,0,0.16715419974926871
-4.9549999999999983,0.1679261125104955,0,0.1679261125104955
-4.927500000000002,0.16870518768452136,0,0.16870518768452136
-4.8999999999999986,0.16949152542372881,0,0.16949152542372881
-4.8725000000000023,0.17028522775649202,0,0.17028522775649202
-4.8449999999999989,0.17108639863130892,0,0.17108639863130892
-4.8175000000000026,0.17189514396218308,0,0.17189514396218308
-4.7899999999999991,0.17271157167530227,0,0.17271157167530227
-4.7625000000000028,0.17353579175704992,0,0.17353579175704992
-4.7349999999999994,0.17436791630340021,0,0.17436791630340021
-4.7075000000000031,0.17520805957074004,0,0.17520805957074004
-4.6799999999999997,0.17605633802816911,0,0.17605633802816911
-4.6525000000000034,0.1769128704113222,0,0.1769128704113222
-4.625,0.1777777777777777,0,0.1777777777777777
-4.5974999999999966,0.17865118356409115,0,0.17865118356409115
-4.5700000000000003,0.17953321364452424,0,0.17953321364452424
-4.5424999999999969,0.18042399639152029,0,0.18042399639152029
-4.5150000000000006,0.18132366273798728,0,0.18132366273798728
-4.4874999999999972,0.1822323462414579,0,0.1822323462414579
-4.4600000000000009,0.18315018315018317,0,0.18315018315018317
-4.4324999999999974,0.18407731247123793,0,0.18407731247123793
-4.4050000000000011,0.18501387604070296,0,0.18501387604070296
-4.3774999999999977,0.18596001859600186,0,0.18596001859600186
-4.3500000000000014,0.18691588785046731,0,0.18691588785046731
-4.322499999999998,0.18788163457022078,0,0.18788163457022078
-4.2950000000000017,0.18885741265344658,0,0.18885741265344658
-4.2674999999999983,0.18984337921215011,0,0.18984337921215011
-4.240000000000002,0.19083969465648842,0,0.19083969465648842
-4.2124999999999986,0.19184652278177461,0,0.19184652278177461
-4.1850000000000023,0.19286403085824488,0,0.19286403085824488
-4.1574999999999989,0.19389238972370348,0,0.19389238972370348
-4.1300000000000026,0.19493177387914218,0,0.19493177387914218
-4.1024999999999991,0.19598236158745719,0,0.19598236158745719
-4.0750000000000028,0.19704433497536944,0,0.19704433497536944
-4.0474999999999994,0.19811788013868248,0,0.19811788013868248
-4.0200000000000031,0.19920318725099584,0,0.19920318725099584
-3.9924999999999997,0.20030045067601399,0,0.20030045067601399
-3.9650000000000034,0.20140986908358494,0,0.20140986908358494
-3.9375,0.20253164556962022,0,0.20253164556962022
-3.9099999999999966,0.20366598778004086,0,0.20366598778004086
-3.8825000000000003,0.20481310803891439,0,0.20481310803891439
-3.8549999999999969,0.2059732234809476,0,0.2059732234809476
-3.8275000000000006,0.20714655618850331,0,0.20714655618850331
-3.7999999999999972,0.20833333333333348,0,0.20833333333333348
-3.7725000000000009,0.20953378732320582,0,0.20953378732320582
-3.7449999999999974,0.2107481559536355,0,0.2107481559536355
-3.7175000000000011,0.21197668256491786,0,0.21197668256491786
-3.6899999999999977,0.21321961620469088,0,0.21321961620469088
-3.6625000000000014,0.21447721179624668,0,0.21447721179624668
-3.634999999999998,0.21574973031283728,0,0.21574973031283728
-3.6075000000000017,0.21703743895822025,0,0.21703743895822025
-3.5799999999999983,0.21834061135371186,0,0.21834061135371186
-3.552500000000002,0.21965952773201525,0,0.21965952773201525
-3.5249999999999986,0.22099447513812165,0,0.22099447513812165
-3.4975000000000023,0.22234574763757631,0,0.22234574763757631
-3.4699999999999989,0.22371364653243853,0,0.22371364653243853
-3.4425000000000026,0.22509848058525606,0,0.22509848058525606
-3.4149999999999991,0.22650056625141579,0,0.22650056625141579
-3.3875000000000028,0.2279202279202277,0,0.2279202279202277
-3.3599999999999994,0.22935779816513768,0,0.22935779816513768
-3.3325000000000031,0.23081361800346201,0,0.23081361800346201
-3.3049999999999997,0.23228803716608604,0,0.23228803716608604
-3.2775000000000034,0.23378141437755673,0,0.23378141437755673
-3.25,0.23529411764705888,0,0.23529411764705888
-3.2224999999999966,0.23682652457075204,0,0.23682652457075204
-3.1950000000000003,0.23837902264600719,0,0.23837902264600719
-3.1674999999999969,0.2399520095980805,0,0.2399520095980805
-3.1400000000000006,0.24154589371980673,0,0.24154589371980673
-3.1124999999999972,0.24316109422492416,0,0.24316109422492416
-3.0850000000000009,0.24479804161566709,0,0.24479804161566709
-3.0574999999999974,0.24645717806531142,0,0.24645717806531142
-3.0300000000000011,0.24813895781637718,0,0.24813895781637718
-3.0024999999999977,0.24984384759525302,0,0.24984384759525302
-2.9750000000000014,0.25157232704402499,0,0.25157232704402499
-2.947499999999998,0.25332488917036111,0,0.25332488917036111
-2.9200000000000017,0.25510204081632637,0,0.25510204081632637
-2.8924999999999983,0.25690430314707779,0,0.25690430314707779
-2.865000000000002,0.25873221216041375,0,0.25873221216041375
-2.8374999999999986,0.26058631921824105,0,0.26058631921824105
-2.8100000000000023,0.2624671916010497,0,0.2624671916010497
-2.7824999999999989,0.26437541308658308,0,0.26437541308658308
-2.7550000000000026,0.266311584553928,0,0.266311584553928
-2.7274999999999991,0.2682763246143528,0,0.2682763246143528
-2.7000000000000028,0.27027027027027006,0,0.27027027027027006
-2.6724999999999994,0.27229407760381219,0,0.27229407760381219
-2.6450000000000031,0.27434842249657054,0,0.27434842249657054
-2.6174999999999997,0.27643400138217011,0,0.27643400138217011
-2.5900000000000034,0.27855153203342586,0,0.27855153203342586
-2.5625,0.2807017543859649,0,0.2807017543859649
-2.5349999999999966,0.2828854314002831,0,0.2828854314002831
-2.5075000000000003,0.28510334996436215,0,0.28510334996436215
-2.4799999999999969,0.28735632183908066,0,0.28735632183908066
-2.4525000000000006,0.28964518464880518,0,0.28964518464880518
-2.4249999999999972,0.29197080291970823,0,0.29197080291970823
-2.3975000000000009,0.29433406916850613,0,0.29433406916850613
-2.3699999999999974,0.29673590504451064,0,0.29673590504451064
-2.3425000000000011,0.29917726252804777,0,0.29917726252804777
-2.3149999999999977,0.30165912518853721,0,0.30165912518853721
-2.2875000000000014,0.30418250950570325,0,0.30418250950570325
-2.259999999999998,0.30674846625766894,0,0.30674846625766894
-2.2325000000000017,0.30935808197989156,0,0.30935808197989156
-2.2049999999999983,0.31201248049922015,0,0.31201248049922015
-2.177500000000002,0.31471282454760019,0,0.31471282454760019
-2.1499999999999986,0.31746031746031755,0,0.31746031746031755
-2.1225000000000023,0.32025620496397089,0,0.32025620496397089
-2.0949999999999989,0.32310177705977394,0,0.32310177705977394
-2.0675000000000026,0.32599837000814968,0,0.32599837000814968
-2.0399999999999991,0.32894736842105277,0,0.32894736842105277
-2.0125000000000028,0.33195020746887927,0,0.33195020746887927
-1.9849999999999994,0.33500837520938043,0,0.33500837520938043
-1.9575000000000031,0.33812341504649157,0,0.33812341504649157
-1.9299999999999997,0.34129692832764502,0,0.34129692832764502
-1.9025000000000034,0.34453057708871626,0,0.34453057708871626
-1.875,0.34782608695652173,0,0.34782608695652173
-1.8474999999999966,0.35118525021949121,0,0.35118525021949121
-1.8200000000000003,0.35460992907801414,0,0.35460992907801414
-1.7924999999999969,0.35810205908684012,0,0.35810205908684012
-1.7650000000000006,0.36166365280289325,0,0.36166365280289325
-1.7374999999999972,0.36529680365296846,0,0.36529680365296846
-1.7100000000000009,0.36900369003690026,0,0.36900369003690026
-1.6824999999999974,0.37278657968313178,0,0.37278657968313178
-1.6550000000000011,0.37664783427495274,0,0.37664783427495274
-1.6274999999999977,0.38058991436726963,0,0.38058991436726963
-1.6000000000000014,0.38461538461538447,0,0.38461538461538447
-1.572499999999998,0.38872691933916459,0,0.38872691933916459
-1.5450000000000017,0.39292730844793688,0,0.39292730844793688
-1.5174999999999983,0.39721946375372419,0,0.39721946375372419
-1.490000000000002,0.40160642570281091,0,0.40160642570281091
-1.4624999999999986,0.40609137055837585,0,0.40609137055837585
-1.4350000000000023,0.41067761806981484,0,0.41067761806981484
-1.4074999999999989,0.41536863966770521,0,0.41536863966770521
-1.3800000000000026,0.42016806722689026,0,0.42016806722689026
-1.3524999999999991,0.42507970244420845,0,0.42507970244420845
-1.3250000000000028,0.43010752688171983,0,0.43010752688171983
-1.2974999999999994,0.43525571273122976,0,0.43525571273122976
-1.2700000000000031,0.4405286343612328,0,0.4405286343612328
-1.2424999999999997,0.44593088071348952,0,0.44593088071348952
-1.2150000000000034,0.45146726862302422,0,0.45146726862302422
-1.1875,0.45714285714285718,0,0.45714285714285718
-1.1599999999999966,0.46296296296296369,0,0.46296296296296369
-1.1325000000000003,0.46893317702227422,0,0.46893317702227422
-1.1049999999999969,0.47505938242280354,0,0.47505938242280354
-1.0775000000000006,0.48134777376654625,0,0.48134777376654625
-1.0499999999999972,0.48780487804878114,0,0.48780487804878114
-1.0225000000000009,0.49443757725587123,0,0.49443757725587123
-0.99499999999999744,0.50125313283208084,0,0.50125313283208084
-0.96750000000000114,0.50825921219822079,0,0.50825921219822079
-0.93999999999999773,0.51546391752577381,0,0.51546391752577381
-0.91250000000000142,0.52287581699346375,0,0.52287581699346375
-0.88499999999999801,0.53050397877984135,0,0.53050397877984135
-0.85750000000000171,0.5383580080753696,0,0.5383580080753696
-0.82999999999999829,0.54644808743169448,0,0.54644808743169448
-0.80250000000000199,0.55478502080443759,0,0.55478502080443759
-0.77499999999999858,0.5633802816901412,0,0.5633802816901412
-0.74750000000000227,0.57224606580829684,0,0.57224606580829684
-0.71999999999999886,0.58139534883720967,0,0.58139534883720967
-0.69250000000000256,0.59084194977843341,0,0.59084194977843341
-0.66499999999999915,0.60060060060060083,0,0.60060060060060083
-0.63750000000000284,0.61068702290076227,0,0.61068702290076227
-0.60999999999999943,0.62111801242236042,0,0.62111801242236042
-0.58250000000000313,0.63191153238546471,0,0.63191153238546471
-0.55499999999999972,0.64308681672025736,0,0.64308681672025736
-0.52750000000000341,0.6546644844517171,0,0.6546644844517171
-0.5,0.66666666666666674,0,0.66666666666666674
-0.47249999999999659,0.67911714770798115,0,0.67911714770798115
-0.44500000000000028,0.69204152249134943,0,0.69204152249134943
-0.41749999999999687,0.70546737213404032,0,0.70546737213404032
-0.39000000000000057,0.71942446043165442,0,0.71942446043165442
-0.36249999999999716,0.73394495412844196,0,0.73394495412844196
-0.33500000000000085,0.74906367041198452,0,0.74906367041198452
-0.30749999999999744,0.7648183556405368,0,0.7648183556405368
-0.28000000000000114,0.78124999999999933,0,0.78124999999999933
-0.25249999999999773,0.7984031936127759,0,0.7984031936127759
-0.22500000000000142,0.81632653061224392,0,0.81632653061224392
-0.19749999999999801,0.83507306889352961,0,0.83507306889352961
-0.17000000000000171,0.85470085470085344,0,0.85470085470085344
-0.14249999999999829,0.87527352297593131,0,0.87527352297593131
-0.11500000000000199,0.89686098654708357,0,0.89686098654708357
-0.087499999999998579,0.91954022988505868,0,0.91954022988505868
-0.060000000000002274,0.94339622641509235,0,0.94339622641509235
-0.032499999999998863,0.96852300242130862,0,0.96852300242130862
-0.005000000000002558,0.99502487562188802,0,0.99502487562188802
0.022500000000000853,1.0230179028133002,0,1.0230179028133002
0.049999999999997158,1.0526315789473653,0,1.0526315789473653
0.077500000000000568,1.0840108401084017,0,1.0840108401084017
0.10499999999999687,1.1173184357541861,0,1.1173184357541861
0.13250000000000028,1.1527377521613837,0,1.1527377521613837
0.15999999999999659,1.1904761904761856,0,1.1904761904761856
0.1875,1.2307692307692308,0,1.2307692307692308
0.21500000000000341,1.2738853503184768,0,1.2738853503184768
0.24249999999999972,1.3201320132013197,0,1.3201320132013197
0.27000000000000313,1.3698630136986361,0,1.3698630136986361
0.29749999999999943,1.4234875444839845,0,1.4234875444839845
0.32500000000000284,1.4814814814814876,0,1.4814814814814876
0.35249999999999915,1.5444015444015424,0,1.5444015444015424
0.38000000000000256,1.6129032258064582,0,1.6129032258064582
0.40749999999999886,1.6877637130801655,0,1.6877637130801655
0.43500000000000227,1.769911504424786,0,1.769911504424786
0.46249999999999858,1.8604651162790649,0,1.8604651162790649
0.49000000000000199,1.9607843137254979,0,1.9607843137254979
0.51749999999999829,2.0725388601036197,0,2.0725388601036197
0.54500000000000171,2.197802197802206,0,2.197802197802206
0.57249999999999801,2.3391812865496968,0,2.3391812865496968
0.60000000000000142,2.5000000000000089,0,2.5000000000000089
0.62749999999999773,2.6845637583892454,0,2.6845637583892454
0.65500000000000114,2.8985507246376909,0,2.8985507246376909
0.68249999999999744,3.1496062992125728,0,3.1496062992125728
0.71000000000000085,3.4482758620689755,0,3.4482758620689755
0.73749999999999716,3.8095238095237685,0,3.8095238095237685
0.76500000000000057,4.2553191489361808,0,4.2553191489361808
0.79249999999999687,4.8192771084336625,0,4.8192771084336625
0.82000000000000028,5.5555555555555634,0,5.5555555555555634
0.84749999999999659,6.5573770491801815,0,6.5573770491801815
0.875,8,0,8
0.90250000000000341,10.256410256410616,0,10.256410256410616
0.92999999999999972,14.285714285714228,0,14.285714285714228
0.95750000000000313,23.529411764707614,0,23.529411764707614
0.98499999999999943,66.666666666664142,0,66.666666666664142
1.0125000000000028,-79.99999999998181,0,79.99999999998181
1.0399999999999991,-25.000000000000533,0,25.000000000000533
1.0675000000000026,-14.814814814814252,0,14.814814814814252
1.0949999999999989,-10.526315789473811,0,10.526315789473811
1.1225000000000023,-8.1632653061222982,0,8.1632653061222982
1.1499999999999986,-6.66666666666673,0,6.66666666666673
1.177500000000002,-5.633802816901345,0,5.633802816901345
1.2049999999999983,-4.8780487804878456,0,4.8780487804878456
1.2325000000000017,-4.3010752688171729,0,4.3010752688171729
1.259999999999998,-3.8461538461538751,0,3.8461538461538751
1.2875000000000014,-3.4782608695652,0,3.4782608695652
1.3149999999999977,-3.174603174603198,0,3.174603174603198
1.3425000000000011,-2.9197080291970705,0,2.9197080291970705
1.3699999999999974,-2.7027027027027213,0,2.7027027027027213
1.3975000000000009,-2.5157232704402461,0,2.5157232704402461
1.4249999999999972,-2.3529411764706039,0,2.3529411764706039
1.4525000000000006,-2.2099447513812125,0,2.2099447513812125
1.4799999999999969,-2.0833333333333468,0,2.0833333333333468
1.5075000000000003,-1.970443349753694,0,1.970443349753694
1.5349999999999966,-1.8691588785046851,0,1.8691588785046851
1.5625,-1.7777777777777777,0,1.7777777777777777
1.5900000000000034,-1.6949152542372783,0,1.6949152542372783
1.6174999999999997,-1.6194331983805679,0,1.6194331983805679
1.6450000000000031,-1.5503875968992173,0,1.5503875968992173
1.6724999999999994,-1.4869888475836444,0,1.4869888475836444
1.7000000000000028,-1.4285714285714231,0,1.4285714285714231
1.7274999999999991,-1.3745704467353965,0,1.3745704467353965
1.7550000000000026,-1.3245033112582734,0,1.3245033112582734
1.7824999999999989,-1.2779552715654967,0,1.2779552715654967
1.8100000000000023,-1.2345679012345645,0,1.2345679012345645
1.8374999999999986,-1.1940298507462708,0,1.1940298507462708
1.865000000000002,-1.1560693641618469,0,1.1560693641618469
1.8924999999999983,-1.1204481792717105,0,1.1204481792717105
1.9200000000000017,-1.0869565217391282,0,1.0869565217391282
1.947499999999998,-1.0554089709762557,0,1.0554089709762557
1.9750000000000014,-1.0256410256410242,0,1.0256410256410242
2.0024999999999977,-0.99750623441396735,0,0.99750623441396735
2.0300000000000011,-0.97087378640776589,0,0.97087378640776589
2.0574999999999974,-0.94562647754137363,0,0.94562647754137363
2.0850000000000009,-0.92165898617511455,0,0.92165898617511455
2.1124999999999972,-0.89887640449438444,0,0.89887640449438444
2.1400000000000006,-0.87719298245613997,0,0.87719298245613997
2.1674999999999969,-0.85653104925053758,0,0.85653104925053758
2.1950000000000003,-0.83682008368200811,0,0.83682008368200811
2.2224999999999966,-0.81799591002045213,0,0.81799591002045213
2.25,-0.80000000000000004,0,0.80000000000000004
2.2775000000000034,-0.78277886497064353,0,0.78277886497064353
2.3049999999999997,-0.76628352490421459,0,0.76628352490421459
2.3325000000000031,-0.75046904315196805,0,0.75046904315196805
2.3599999999999994,-0.73529411764705932,0,0.73529411764705932
2.3875000000000028,-0.72072072072071913,0,0.72072072072071913
2.4149999999999991,-0.7067137809187285,0,0.7067137809187285
2.4425000000000026,-0.69324090121317039,0,0.69324090121317039
2.4699999999999989,-0.68027210884353795,0,0.68027210884353795
2.4975000000000023,-0.66777963272120067,0,0.66777963272120067
2.5249999999999986,-0.65573770491803351,0,0.65573770491803351
2.552500000000002,-0.64412238325281734,0,0.64412238325281734
2.5799999999999983,-0.632911392405064,0,0.632911392405064
2.6075000000000017,-0.62208398133747989,0,0.62208398133747989
2.634999999999998,-0.61162079510703427,0,0.61162079510703427
2.6625000000000014,-0.60150375939849576,0,0.60150375939849576
2.6899999999999977,-0.59171597633136175,0,0.59171597633136175
2.7175000000000011,-0.5822416302765645,0,0.5822416302765645
2.7449999999999974,-0.57306590257879741,0,0.57306590257879741
2.7725000000000009,-0.56417489421720712,0,0.56417489421720712
2.7999999999999972,-0.55555555555555647,0,0.55555555555555647
2.8275000000000006,-0.54719562243502051,0,0.54719562243502051
2.8549999999999969,-0.53908355795148344,0,0.53908355795148344
2.8825000000000003,-0.53120849933598913,0,0.53120849933598913
2.9099999999999966,-0.52356020942408454,0,0.52356020942408454
2.9375,-0.5161290322580645,0,0.5161290322580645
2.9650000000000034,-0.5089058524173018,0,0.5089058524173018
2.9924999999999997,-0.50188205771643668,0,0.50188205771643668
3.0200000000000031,-0.49504950495049438,0,0.49504950495049438
3.0474999999999994,-0.48840048840048844,0,0.48840048840048844
3.0750000000000028,-0.48192771084337305,0,0.48192771084337305
3.1024999999999991,-0.47562425683709897,0,0.47562425683709897
3.1300000000000026,-0.46948356807511682,0,0.46948356807511682
3.1574999999999989,-0.46349942062572458,0,0.46349942062572458
3.1850000000000023,-0.45766590389015982,0,0.45766590389015982
3.2124999999999986,-0.45197740112994378,0,0.45197740112994378
3.240000000000002,-0.44642857142857117,0,0.44642857142857117
3.2674999999999983,-0.44101433296582182,0,0.44101433296582182
3.2950000000000017,-0.43572984749455301,0,0.43572984749455301
3.322499999999998,-0.43057050592034485,0,0.43057050592034485
3.3500000000000014,-0.42553191489361675,0,0.42553191489361675
3.3774999999999977,-0.42060988433228208,0,0.42060988433228208
3.4050000000000011,-0.41580041580041582,0,0.41580041580041582
3.4324999999999974,-0.41109969167523164,0,0.41109969167523164
3.4600000000000009,-0.4065040650406504,0,0.4065040650406504
3.4874999999999972,-0.40201005025125669,0,0.40201005025125669
3.5150000000000006,-0.39761431411530812,0,0.39761431411530812
3.5424999999999969,-0.39331366764995135,0,0.39331366764995135
3.5700000000000003,-0.3891050583657587,0,0.3891050583657587
3.5974999999999966,-0.38498556304138631,0,0.38498556304138631
3.625,-0.38095238095238093,0,0.38095238095238093
3.6525000000000034,-0.37700282752120584,0,0.37700282752120584
3.6799999999999997,-0.37313432835820892,0,0.37313432835820892
3.7075000000000031,-0.36934441366574289,0,0.36934441366574289
3.7349999999999994,-0.36563071297989036,0,0.36563071297989036
3.7625000000000028,-0.36199095022624417,0,0.36199095022624417
3.7899999999999991,-0.35842293906810041,0,0.35842293906810041
3.8175000000000026,-0.35492457852706272,0,0.35492457852706272
3.8449999999999989,-0.35149384885764534,0,0.35149384885764534
3.8725000000000023,-0.34812880765883336,0,0.34812880765883336
3.8999999999999986,-0.3448275862068968,0,0.3448275862068968
3.927500000000002,-0.34158838599487584,0,0.34158838599487584
3.9549999999999983,-0.3384094754653133,0,0.3384094754653133
3.9825000000000017,-0.33528918692372178,0,0.33528918692372178
4.009999999999998,-0.33222591362126264,0,0.33222591362126264
4.0375000000000014,-0.32921810699588461,0,0.32921810699588461
4.0649999999999977,-0.32626427406199032,0,0.32626427406199032
4.0925000000000011,-0.32336297493936939,0,0.32336297493936939
4.1199999999999974,-0.32051282051282071,0,0.32051282051282071
4.1475000000000009,-0.31771247021445581,0,0.31771247021445581
4.1749999999999972,-0.31496062992126017,0,0.31496062992126017
4.2025000000000006,-0.3122560499609679,0,0.3122560499609679
4.2299999999999969,-0.30959752321981449,0,0.30959752321981449
4.2575000000000003,-0.30698388334612425,0,0.30698388334612425
4.2849999999999966,-0.30441400304414046,0,0.30441400304414046
4.3125,-0.30188679245283012,0,0.30188679245283012
4.3400000000000034,-0.29940119760479011,0,0.29940119760479011
4.3674999999999997,-0.29695619896065328,0,0.29695619896065328
4.3950000000000031,-0.29455081001472738,0,0.29455081001472738
4.4224999999999994,-0.29218407596785978,0,0.29218407596785978
4.4500000000000028,-0.28985507246376807,0,0.28985507246376807
4.4774999999999991,-0.28756290438533427,0,0.28756290438533427
4.5050000000000026,-0.28530670470756037,0,0.28530670470756037
4.5324999999999989,-0.28308563340410497,0,0.28308563340410497
4.5600000000000023,-0.28089887640449418,0,0.28089887640449418
4.5874999999999986,-0.27874564459930329,0,0.27874564459930329
4.615000000000002,-0.27662517289073296,0,0.27662517289073296
4.6424999999999983,-0.27453671928620471,0,0.27453671928620471
4.6700000000000017,-0.27247956403269735,0,0.27247956403269735
4.697499999999998,-0.27045300878972278,0,0.27045300878972278
4.7250000000000014,-0.26845637583892601,0,0.26845637583892601
4.7524999999999977,-0.26648900732844805,0,0.26648900732844805
4.7800000000000011,-0.26455026455026442,0,0.26455026455026442
4.8074999999999974,-0.26263952724885131,0,0.26263952724885131
4.8350000000000009,-0.26075619295958274,0,0.26075619295958274
4.8624999999999972,-0.25889967637540479,0,0.25889967637540479
4.8900000000000006,-0.25706940874035977,0,0.25706940874035977
4.9174999999999969,-0.25526483726866633,0,0.25526483726866633
4.9450000000000003,-0.25348542458808643,0,0.25348542458808643
4.9724999999999966,-0.25173064820641922,0,0.25173064820641922
5,-0.25,0,0.25
