t,y1,y2
0,2,0
0.01,1.9935393320653731,-0.67015112010987088
0.02,1.9868188810546008,-0.67395067827861854
0.029999999999999999,1.9800600829519273,-0.67782090814815044
0.040000000000000001,1.973262219808847,-0.68176407169691777
0.050000000000000003,1.9664245505565769,-0.68578253302352843
0.059999999999999998,1.9595463099439225,-0.68987876558156291
0.070000000000000007,1.9526267074110122,-0.69405535879464353
0.080000000000000002,1.9456649258945138,-0.69831502515916377
0.089999999999999997,1.9386601205591667,-0.70266060788652895
0.10000000000000001,1.9316114174499879,-0.70709508913410701
0.11,1.9245179120590035,-0.71162159887923226
0.12,1.9173786677997762,-0.71624342449656031
0.13,1.9101927143823654,-0.7209640211056243
0.14000000000000001,1.9029590460806565,-0.72578702276289642
0.14999999999999999,1.8956766198832042,-0.73071625458108602
0.16,1.888344353517869,-0.73575574586785486
0.17000000000000001,1.8809611233395436,-0.74090974438691448
0.17999999999999999,1.8735257620691828,-0.74618273185662576
0.19,1.8660370563711295,-0.75157944081506478
0.20000000000000001,1.8584937442543619,-0.75710487299632778
0.20999999999999999,1.8508945122817504,-0.76276431938075029
0.22,1.8432379925696902,-0.76856338210236885
0.23000000000000001,1.8355227595585215,-0.77450799842038121
0.23999999999999999,1.8277473265319528,-0.78060446698856778
0.25,1.8199101418612111,-0.78685947668753076
0.26000000000000001,1.8120095849468185,-0.79328013832073174
0.27000000000000002,1.8040439618276825,-0.79987401951660764
0.28000000000000003,1.79601150042353,-0.80664918322726986
0.28999999999999998,1.7879103453725373,-0.81361423027016311
0.29999999999999999,1.7797385524212288,-0.82077834642419878
0.31,1.7714940823182279,-0.82815135466802725
0.32000000000000001,1.7631747941571363,-0.83574377323740034
0.33000000000000002,1.7547784381065374,-0.84356688028342108
0.34000000000000002,1.7463026474566952,-0.85163278603724402
0.35000000000000003,1.7377449299027627,-0.85995451353319052
0.35999999999999999,1.7291026579729412,-0.86854608911595321
0.37,1.7203730584967749,-0.87742264416471005
0.38,1.7115532009932386,-0.88660052971442405
0.39000000000000001,1.7026399848400264,-0.89609744595183016
0.40000000000000002,1.6936301250639485,-0.90593258892169992
0.41000000000000003,1.684520136566884,-0.91612681721239708
0.41999999999999998,1.6753063165715034,-0.92670284191652386
0.42999999999999999,1.665984725034906,-0.9376854438057034
0.44,1.6565511627351222,-0.94910172244783375
0.45000000000000001,1.6470011466834455,-0.96098138296837587
0.46000000000000002,1.6373298824527385,-0.97335706736377059
0.47000000000000003,1.6275322329355282,-0.98626473877913912
0.47999999999999998,1.6176026829510131,-0.99974411850519096
0.48999999999999999,1.6075352990718934,-1.0138392265072196
0.5,1.5973236835444198,-1.028599025430778
0.51000000000000001,1.5869609218492495,-1.0440780681517305
0.52000000000000002,1.5764395221047238,-1.0603374064847697
0.53000000000000003,1.5657513451579066,-1.0774456302740911
0.54000000000000004,1.5548875233285997,-1.0954800808513014
0.55000000000000004,1.5438383656098573,-1.1145283553886909
0.56000000000000005,1.5325932463782728,-1.1346901138004539
0.57000000000000006,1.5211404740174699,-1.1560793046833278
0.57999999999999996,1.5094671348209419,-1.1788269057036225
0.58999999999999997,1.4975589062625572,-1.2030843381695786
0.59999999999999998,1.4853998319519068,-1.2290277374812388
0.60999999999999999,1.4729720482930948,-1.2568634298586288
0.62,1.4602554493819635,-1.2868348962031666
0.63,1.447227272452142,-1.3192317256253836
0.64000000000000001,1.4338615796597418,-1.3544016220765966
0.65000000000000002,1.4201286023132624,-1.3927660872615826
0.66000000000000003,1.4059939009300531,-1.4348418943928358
0.67000000000000004,1.3914172734524941,-1.4812705632296894
0.68000000000000005,1.3763513132025806,-1.5328596692636336
0.69000000000000006,1.3607394696997335,-1.5906422483374636
0.70000000000000007,1.3445133862286063,-1.6559641335498001
0.70999999999999996,1.3275891572082301,-1.7306163839126756
0.71999999999999997,1.3098619202200772,-1.8170424411543398
0.72999999999999998,1.2911977863574353,-1.9186757973789168
0.73999999999999999,1.2714213272602697,-2.0405158378731154
0.75,1.2502952517522199,-2.1901675862680978
0.76000000000000001,1.2274854499435397,-2.3798535104063014
0.77000000000000002,1.2024963493595477,-2.6306652156891075
0.78000000000000003,1.1745394820804951,-2.9826457670385778
0.79000000000000004,1.1422293272546755,-3.5227829948048783
0.80000000000000004,1.1027336419552074,-4.4828896361132751
0.81000000000000005,1.0485590567814673,-6.7381763602272597
0.82000000000000006,0.94532806500855404,-17.326398698997817
0.83000000000000007,-1.4931790145590367,-1070.0256828094819
0.83999999999999997,-2.0002458499934463,0.66640691311993927
0.84999999999999998,-1.9935631830313805,0.67013772098474822
0.85999999999999999,-1.986842867245354,0.6739370313522004
0.87,-1.9800842068826505,0.67780700574081376
0.88,-1.9732864840751614,0.68174990558382542
0.89000000000000001,-1.9664489578382365,0.68576809460056387
0.90000000000000002,-1.9595708630087056,0.68986404584393135
0.91000000000000003,-1.9526514091188496,0.6940403483125176
0.92000000000000004,-1.9456897792018686,0.6982997140514724
0.93000000000000005,-1.9386851285236848,0.70264498579274648
0.94000000000000006,-1.9316365832354438,0.70707914518385051
0.95000000000000007,-1.9245432389405606,0.71160532165946844
0.95999999999999996,-1.9174041591695874,0.71622680201619948
0.96999999999999997,-1.9102183737555436,0.72094704075723526
0.97999999999999998,-1.9029848771016413,0.72576967128128167
0.98999999999999999,-1.8957026263325618,0.73069851799840391
1,-1.888370539319558,0.73573760946492761
1.01,-1.8809874925686896,0.74089119264035086
1.02,-1.8735523189604038,0.7461637483813135
1.03,-1.8660638053274621,0.75156000830156644
1.04,-1.8585206898568405,0.75708497314260514
1.05,-1.8509216592997004,0.76274393281763031
1.0600000000000001,-1.8432653459718011,0.76854248831203897
1.0700000000000001,-1.8355503245247722,0.77448657564715406
1.0800000000000001,-1.8277751084664724,0.78058249214099795
1.0900000000000001,-1.8199381464061652,0.78683692523092019
1.1000000000000001,-1.8120378179974244,0.79325698415884482
1.1100000000000001,-1.8040724295484651,0.79985023486132512
1.1200000000000001,-1.796040209265948,0.80662473845468696
1.1300000000000001,-1.7879393020941239,0.81358909376142396
1.1400000000000001,-1.7797677641064074,0.82075248438912718
1.1500000000000001,-1.7715235564009866,0.82812473094933281
1.1599999999999999,-1.7632045384457704,0.83571634909282833
1.1699999999999999,-1.7548084608106886,0.84353861414290421
1.1799999999999999,-1.7463329572169632,0.85160363323155597
1.1899999999999999,-1.7377755358231863,0.85992442599007468
1.2,-1.7291335696567007,0.86851501501903883
1.21,-1.7204042860855149,0.87739052756967129
1.22,-1.7115847552104677,0.88656731011592638
1.23,-1.7026718770391267,0.89606305779363682
1.24,-1.6936623672814037,0.90589696104088679
1.25,-1.6845527415814401,0.91608987220696569
1.26,-1.6753392979700865,0.92666449542361207
1.27,-1.6660180972862706,0.93764560367507255
1.28,-1.6565849412723606,0.94906028779219165
1.29,-1.6470353479967026,0.96093824306827758
1.3,-1.6373645241937138,0.97331210040003768
1.3100000000000001,-1.6275673340356525,0.98621781035973821
1.3200000000000001,-1.6176382637555515,0.99969507999734619
1.3300000000000001,-1.6075713814926487,1.013787912928418
1.3400000000000001,-1.5973602912341329,1.0285452529208379
1.3500000000000001,-1.5869980804028176,1.044021631742394
1.3600000000000001,-1.5764772592893568,1.0602780760749284
1.3700000000000001,-1.5657896911815024,1.0773831471006976
1.3800000000000001,-1.5549265111510771,1.0954141523968397
1.3900000000000001,-1.543878031308084,1.1144586497059159
1.4000000000000001,-1.5326336295752565,1.1346162522998402
1.4099999999999999,-1.5211816183907465,1.1560008534281772
1.4199999999999999,-1.5095090887084579,1.1787433645357146
1.4299999999999999,-1.4976017233900309,1.2029951271640578
1.4399999999999999,-1.485443572312708,1.2289321798976294
1.45,-1.4730167792213524,1.2567607300591823
1.46,-1.4603012468740404,1.2867241120166724
1.47,-1.447274222809247,1.3191117315021639
1.48,-1.4339097815525119,1.3542710603045744
1.49,-1.420178169409779,1.3926233034900035
1.5,-1.4060449652841431,1.4346848486910326
1.51,-1.391469989940209,1.4810967068053214
1.52,-1.3764058654303264,1.5326657701649624
1.53,-1.3607960780236346,1.5904241378898771
1.54,-1.344572318881001,1.6557163280730296
1.55,-1.3276507461326059,1.7303315051127501
1.5600000000000001,-1.3099265842749008,1.8167102907696051
1.5700000000000001,-1.2912660665223588,1.9182818199747522
1.5800000000000001,-1.2714939423233589,2.0400384381440655
1.5900000000000001,-1.2503731909547617,2.189573141994972
1.6000000000000001,-1.2275701371426968,2.3790863783027105
1.6100000000000001,-1.2025899582947059,2.6296256460487397
1.6200000000000001,-1.1746456098786753,2.9811343875615748
1.6300000000000001,-1.1423546622635448,3.5203339217946503
1.6400000000000001,-1.1028931065037257,4.4781154526290079
1.6500000000000001,-1.0487986345322573,6.7247455027317491
1.6600000000000001,-0.94594297371928993,17.227702025845435
1.6699999999999999,1.4542756863598429,1115.6727830995169
1.6799999999999999,2.0002695707313509,-0.66639375308354598
1.6899999999999999,1.9935870365638884,-0.67012432115663556
1.7,1.9868668560110023,-0.67392338358056125
1.71,1.9801083333967504,-0.67779310248332858
1.72,1.9733107509333727,-0.68173573861687198
1.73,1.9664733677203488,-0.6857536553203144
1.74,1.9595954186825304,-0.68984932524591591
1.75,1.9526761134443469,-0.69402533696725877
1.76,1.9457146351355266,-0.69828440207829667
1.77,1.9387101391231711,-0.70262936283156396
1.78,1.9316617516645498,-0.70706320036476145
1.79,1.9245685684744609,-0.71158904356997921
1.8,1.9174296532004411,-0.71621017866581083
1.8100000000000001,1.9102440357984631,-0.72093005953917233
1.8200000000000001,1.9030107108010592,-0.72575231893107828
1.8300000000000001,1.8957286354690293,-0.7306807805490193
1.8400000000000001,1.8883967278170106,-0.7357194721980681
1.8500000000000001,1.8810138645022203,-0.74087264003360709
1.8600000000000001,1.8735788785645882,-0.74614476405066232
1.8700000000000001,1.8660905570052821,-0.7515405749387668
1.8800000000000001,1.8585476381892636,-0.7570650724469451
1.8900000000000001,1.8509488090559714,-0.76272354542140519
1.9000000000000001,1.843292702120513,-0.76852159369906059
1.9100000000000001,1.8355778922457906,-0.77446515206352984
1.9199999999999999,1.8278028931637942,-0.78056051649727887
1.9299999999999999,1.819966153721803,-0.7868143729946151
1.9399999999999999,1.8120660538264188,-0.79323382923617325
1.95,1.8041009000551382,-0.79982644946689407
1.96,1.7960689209015277,-0.80660029296761437
1.97,1.7879682616158799,-0.81356395656622238
1.98,1.779796978598464,-0.82072662169937816
1.99,1.7715530332969944,-0.82809810661192684
2,1.7632342855536409,-0.83568892437018927
2.0100000000000002,1.7548384863396322,-0.84351034747018705
2.02,1.7463632698070923,-0.85157447994538293
2.0300000000000002,1.73780614457799,-0.85989433802475335
2.04,1.729164484178741,-0.8684839405655661
2.0499999999999998,1.7204355165157388,-0.87735841069201193
2.0600000000000001,1.7116163122715986,-0.88653409031809816
2.0699999999999998,1.7027037720836622,-0.89602866952995941
2.0800000000000001,1.6936946123448307,-0.90586133316038442
2.0899999999999999,1.6845853494413801,-0.91605292732120081
2.1000000000000001,1.6753722822121968,-0.9266261491851352
2.1099999999999999,1.6660514723778721,-0.93760576395120643
2.1200000000000001,1.656618722644924,-0.94901885371572436
2.1299999999999999,1.6470695521385363,-0.96089510394277933
2.1400000000000001,1.6373991687544343,-0.97326713443276935
2.1499999999999999,1.6276024379443228,-0.98617088318916901
2.1600000000000001,1.617673847354741,-0.99964604302602988
2.1699999999999999,1.607607466691082,-1.0137366012155338
2.1800000000000002,1.5973969016810323,-1.0284914826528142
2.1899999999999999,1.5870352416890452,-1.043965198006809
2.2000000000000002,1.5765149991774801,-1.0602187488369321
2.21,1.5658280398740634,-1.0773206676746709
2.2200000000000002,1.5549655016017905,-1.0953482283575484
2.23,1.5439176995866062,-1.1143889492160377
2.2400000000000002,1.532674015296178,-1.1345423969019348
2.25,1.5212227652217327,-1.1559224093450811
2.2600000000000002,1.509551044975824,-1.1786598318033146
2.27,1.4976445428057124,-1.2029059260953963
2.2800000000000002,1.4854873148536443,-1.2288366340462338
2.29,1.4730615122019564,-1.2566580441548405
2.3000000000000003,1.460347046266838,-1.2866133443477077
2.3100000000000001,1.4473211748864017,-1.3189917571062719
2.3199999999999998,1.433957984948943,-1.3541405222260099
2.3300000000000001,1.4202277377491987,-1.3924805483642411
2.3399999999999999,1.4060960305646395,-1.4345278378934172
2.3500000000000001,1.3915227069669045,-1.4809228933006744
2.3599999999999999,1.3764604177180586,-1.5324719244162457
2.3700000000000001,1.3608526858083148,-1.5902060946016892
2.3799999999999999,1.3446312502341011,-1.6554686084235202
2.3900000000000001,1.3277123327774552,-1.7300467379896274
2.3999999999999999,1.309991244760585,-1.8163782888950195
2.4100000000000001,1.2913343413797844,-1.9178880454104943
2.4199999999999999,1.2715665496641277,-2.0395613248411988
2.4300000000000002,1.2504511189505236,-2.1889791197186339
2.4399999999999999,1.2276548078532865,-2.3783199033829896
2.4500000000000002,1.2026835421897999,-2.6285871801035006
2.46,1.1747516974578447,-2.9796250721592008
2.4700000000000002,1.1424799261708971,-3.5178893866972119
2.48,1.103052421694285,-4.4733543084252005
2.4900000000000002,1.0490377658877856,-6.7113769055019308
2.5,0.94655445240393121,-17.130050965863173
2.5100000000000002,-1.413791855400536,-1158.4986122452278
2.52,-2.0002932885589098,0.66638059516737091
2.5300000000000002,-1.9936108871647071,0.67011092297322317
2.54,-1.9868908418224345,0.67390973810415222
2.5500000000000003,-1.9801324569333687,0.6777792015801285
2.5600000000000001,-1.973335014790276,0.68172157406129952
2.5699999999999998,-1.9664977745767445,0.6857392185107869
2.5800000000000001,-1.9596199713056244,0.68983460718035428
2.5899999999999999,-1.9527008146934697,0.69401032821871578
2.6000000000000001,-1.9457394879665104,0.69826909276876659
2.6099999999999999,-1.9387351465930005,0.70261374260378739
2.6200000000000001,-1.9316869169363031,0.70704725835182913
2.6299999999999999,-1.9245938948225705,0.71157276836255867
2.6400000000000001,-1.9174551440162899,0.71619355827676379
2.6499999999999999,-1.9102696945963533,0.72091308136528465
2.6600000000000001,-1.903036541224576,0.72573496971166851
2.6699999999999999,-1.8957546412978381,0.73066304632106382
2.6800000000000002,-1.8884229129741192,0.73570133824755846
2.6899999999999999,-1.8810402330617504,0.74085409084268905
2.7000000000000002,-1.8736054347600959,0.74612578324016943
2.71,-1.8661173052386812,0.75152114520564872
2.7200000000000002,-1.8585745830403984,0.75704517549603478
2.73,-1.8509759552929068,0.76270316189092624
2.7400000000000002,-1.8433200547106003,0.7685007030791805
2.75,-1.8356054563675888,0.77444373260716859
2.7600000000000002,-1.8278306742199217,0.78053854512229737
2.77,-1.8199941573528196,0.78679182517638602
2.7800000000000002,-1.8120942859258291,0.79321067888938157
2.79,-1.804129366785642,0.7998026688152704
2.8000000000000003,-1.796097628712634,0.80657585240013463
2.8100000000000001,-1.7879972172630387,0.81353882447805115
2.8199999999999998,-1.7798261891638685,0.82070076431563321
2.8300000000000001,-1.771582506212243,0.82807148779201667
2.8399999999999999,-1.7632640286244639,0.83566150539013351
2.8500000000000001,-1.754868507772916,0.8434820867799433
2.8599999999999999,-1.7463935782404709,0.85154533289771717
2.8700000000000001,-1.7378367491123055,0.8598642565716087
2.8799999999999999,-1.7291953944137228,0.86845287291724482
2.8900000000000001,-1.7204667425892999,0.87732630093366337
2.8999999999999999,-1.7116478649032072,0.88650087797702248
2.9100000000000001,-1.7027356626223145,0.8959942890861381
2.9199999999999999,-1.6937268528222438,0.90582571349118679
2.9300000000000002,-1.684617952631106,0.9160159910695681
2.9399999999999999,-1.6754052616954946,0.92658781203846186
2.9500000000000002,-1.6660848426172945,0.93756593381561348
2.96,-1.6566524990667653,0.9489774297673127
2.9700000000000002,-1.6471037512254685,0.96085197553362278
2.98,-1.6374338081499242,0.97322217982463344
2.9900000000000002,-1.6276375365707041,0.98612396808196678
3,-1.6177094255472015,0.9995970188918899
3.0100000000000002,-1.607643546350219,1.0136853031933097
3.02,-1.5974335064471021,1.028437727017846
3.0300000000000002,-1.5870723971429779,1.043908779949734
3.04,-1.5765527330708076,1.0601594384421205
3.0500000000000003,-1.5658663823970109,1.0772582063935059
3.0600000000000001,-1.5550044856942788,1.0952823239244054
3.0700000000000003,-1.5439573613027717,1.11431926997992
3.0800000000000001,-1.5327143942330705,1.1344685646246089
3.0899999999999999,-1.5212639050270886,1.155843990508769
3.1000000000000001,-1.5095929939531973,1.1785763267530867
3.1099999999999999,-1.4976873546408858,1.202816755515604
3.1200000000000001,-1.4855310494933138,1.2287411219400597
3.1299999999999999,-1.4731062369253203,1.2565553958025639
3.1400000000000001,-1.4603928370050963,1.2865026187138182
3.1499999999999999,-1.4473681178628111,1.3188718300745272
3.1600000000000001,-1.4340061787400016,1.3540100379089863
3.1699999999999999,-1.4202772959081027,1.39233785476365
3.1800000000000002,-1.4061470850033657,1.4343708981590138
3.1899999999999999,-1.3915754123840387,1.4807491627404332
3.2000000000000002,-1.3765149574946614,1.5322781766466993
3.21,-1.3609092800094615,1.5899881686637203
3.2200000000000002,-1.3446901667087996,1.6552210316106315
3.23,-1.3277739029526943,1.7297621480560823
3.2400000000000002,-1.310055886780026,1.816046511878505
3.25,-1.2914025952016721,1.9174945641874794
3.2600000000000002,-1.271639132559188,2.0390846075306603
3.27,-1.2505290177949704,2.1883856556897299
3.2800000000000002,-1.2277394425849828,2.377554260705192
3.29,-1.2027770795161028,2.6275500540209058
3.3000000000000003,-1.174857720445039,2.9781181633831224
3.3100000000000001,-1.1426050902749056,3.5154499380290769
3.3200000000000003,-1.1032115512861427,4.4686072417917195
3.3300000000000001,-1.0492763979839923,6.6980732078022482
3.3399999999999999,-0.94716241437623394,17.033451411118694
3.3500000000000001,1.371845814058998,1197.9812771227707
3.3599999999999999,2.0003170050898635,-0.66636743852379154
3.3700000000000001,1.9936347364553371,-0.67009752637393027
3.3799999999999999,1.98691482631006,-0.67389609400111283
3.3900000000000001,1.9801565791322771,-0.67776530208613495
3.3999999999999999,1.9733592772951829,-0.68170741095406229
3.4100000000000001,1.9665221800664574,-0.68572478319041619
3.4199999999999999,1.959644522546933,-0.68981989064655258
3.4300000000000002,1.9527255145452684,-0.69399532104643002
3.4399999999999999,1.945764339384177,-0.69825378508198821
3.4500000000000002,1.9387601526330436,-0.7025981240473711
3.46,1.9317120807613051,-0.70703131806111508
3.4700000000000002,1.9246192197064416,-0.71155649493061135
3.48,1.9174806333498693,-0.71617693971897978
3.4900000000000002,1.910295351893371,-0.72089610508116009
3.5,1.9030623701280189,-0.72571762244339588
3.5100000000000002,1.8957806455867416,-0.7306453141086946
3.52,1.8884490965708312,-0.73568320638036455
3.5300000000000002,1.8810666000396972,-0.74083554380631611
3.54,1.8736319893521036,-0.74610680465919921
3.5500000000000003,1.8661440518458929,-0.75150171778104002
3.5600000000000001,1.8586015262418487,-0.75702528093691657
3.5700000000000003,1.851003099855804,-0.76268278084013774
3.5800000000000001,1.8433474056013934,-0.76847981503184093
3.5899999999999999,1.835633018763881,-0.77442231582152954
3.6000000000000001,1.8278584535233218,-0.78051657652196604
3.6099999999999999,1.8200221592028167,-0.7867692802429278
3.6200000000000001,1.8121225162147945,-0.79318753154417088
3.6299999999999999,1.8041578316750708,-0.79977889128927326
3.6400000000000001,1.7961263346507568,-0.80655141509016448
3.6499999999999999,1.788026171003944,-0.81351369578777089
3.6600000000000001,1.7798553977883,-0.82067491047940389
3.6699999999999999,1.7716119771502543,-0.8280448726792986
3.6800000000000002,1.7632937696801338,-0.83563409028790758
3.6899999999999999,1.7548985271513664,-0.84345383015014164
3.7000000000000002,1.7464238845774438,-0.85151619010620261
3.71,1.7378673515066161,-0.85983417958468911
3.7200000000000002,1.729226302462922,-0.86842180996100748
3.73,1.7204979664289575,-0.87729419611062198
3.7400000000000002,1.7116794152502635,-0.88646767083364586
3.75,1.7027675508230387,-0.89595991412360121
3.7600000000000002,1.6937590909054003,-0.90579009961035728
3.77,1.6846505533670493,-0.91597906093950288
3.7800000000000002,1.6754382386620075,-0.92654948137565096
3.79,1.6661182102731484,-0.93752611055869206
3.8000000000000003,1.6566862728341267,-0.94893601312881992
3.8100000000000001,1.6471379475824972,-0.96080885490659818
3.8200000000000003,1.6374684447351378,-0.97317723351704388
3.8300000000000001,1.6276726323009973,-0.98607706184601351
3.8399999999999999,1.6177450007517631,-0.99954800425913093
3.8500000000000001,1.6076796229230128,-1.0136340153710344
3.8599999999999999,1.5974701080210281,-1.0283839823577776
3.8700000000000001,1.5871095492907792,-1.0438523737315732
3.8799999999999999,1.5765904635348684,-1.0601001408537727
3.8900000000000001,1.5659047213573003,-1.0771957590056922
3.8999999999999999,1.5550434660791683,-1.0952164346111495
3.9100000000000001,1.5439970191533365,-1.1142496072538848
3.9199999999999999,1.5327547691315182,-1.1343947504409169
3.9300000000000002,1.5213050406042048,-1.1557655915793812
3.9399999999999999,1.509634938493071,-1.1784928436980715
3.9500000000000002,1.4977301618068108,-1.2027276093509665
3.96,1.4855747792058402,-1.2286456370723275
3.9700000000000002,1.4731509564330234,-1.256452778008045
3.98,1.4604386222030368,-1.286391927568644
3.9900000000000002,1.4474150549312357,-1.3187519422313521
4,1.4340543662037311,-1.3538795984555339
4.0099999999999998,1.4203268472575885,-1.3921952129542381
4.0200000000000005,1.4061981320735091,-1.4342140187775048
4.0300000000000002,1.3916281097774947,-1.4805755032624162
4.04,1.3765694884713082,-1.5320845136191683
4.0499999999999998,1.3609658644786597,-1.5897703451755885
4.0600000000000005,1.3447490723155375,-1.6549735806904522
4.0700000000000003,1.3278354608504945,-1.7294777158133254
4.0800000000000001,1.3101205147360537,-1.8157149369494063
4.0899999999999999,1.2914708326390005,-1.9171013492414879
4.0999999999999996,1.2717116959577202,-2.0386082533242629
4.1100000000000003,1.2506068928047969,-2.187792708787422
4.1200000000000001,1.2278240471234509,-2.3767893973983298
4.1299999999999999,1.2028705766862298,-2.6265141967101266
4.1399999999999997,1.1749636861363371,-2.9766135530217932
4.1500000000000004,1.1427301632710245,-3.5130153940028417
4.1600000000000001,1.103370506610623,-4.4638738681067913
4.1699999999999999,1.0495145493884179,-6.6848330521265931
4.1799999999999997,0.94776693720989347,-16.937881569325658
4.1900000000000004,-1.3285623825491102,-1233.6605628904017
4.2000000000000002,-2.0003407214582176,0.66635428263603658
4.21,-1.9936585855764797,0.67008413053763838
4.2199999999999998,-1.9869388106211079,0.67388245061747021
4.2300000000000004,-1.9801807011472923,0.67775140333639416
4.2400000000000002,-1.9733835396086228,0.6816932486175955
4.25,-1.9665465853568582,0.68571034866861447
4.2599999999999998,-1.9596690735807991,0.68980517494046978
4.2700000000000005,-1.9527502141811957,0.69398031473244126
4.2800000000000002,-1.9457891905772298,0.69823847828561736
4.29,-1.938785158439402,0.70258250641509645
4.2999999999999998,-1.9317372443432044,0.70701537873000964
4.3100000000000005,-1.9246445443374292,0.7115402224955798
4.3200000000000003,-1.9175061224204009,0.71616032219738879
4.3300000000000001,-1.9103210089167741,0.720879129874608
4.3399999999999999,-1.9030881987468549,0.72570027629631806
4.3500000000000005,-1.895806649579598,0.7306275830635548
4.3600000000000003,-1.888475279859583,0.73566507572899265
4.3700000000000001,-1.8810929666972716,0.74081699803712542
4.3799999999999999,-1.873658543610798,0.74608782739973378
4.3899999999999997,-1.8661707981062921,0.75148229173543679
4.4000000000000004,-1.8586284690823935,0.75700538781773286
4.4100000000000001,-1.8510302440430773,0.7626624012938914
4.4199999999999999,-1.8433747561011771,0.76845892855763109
4.4299999999999997,-1.8356605807530715,0.77440090068189515
4.4400000000000004,-1.8278862324027763,0.7804946096451516
4.4500000000000002,-1.8200501606112247,0.78674673711552023
4.46,-1.8121507460436752,0.79316438609297846
4.4699999999999998,-1.8041862960850106,0.79975511575117364
4.4800000000000004,-1.7961550400890156,0.8065269798683834
4.4900000000000002,-1.7880551242235734,0.81348856929296554
4.5,-1.7798846058689337,0.82064905895355211
4.5099999999999998,-1.7716414475207549,0.82801826000018597
4.5200000000000005,-1.7633235101433031,0.83560667775162201
4.5300000000000002,-1.7549285459109534,0.84342557622859693
4.54,-1.7464541902677149,0.85148705017622583
4.5499999999999998,-1.7378979532247931,0.85980410562465037
4.5600000000000005,-1.7292572098048373,0.868390750210283
4.5700000000000003,-1.7205291895283219,0.87726209468642158
4.5800000000000001,-1.7117109648220052,0.88643446729870723
4.5899999999999999,-1.7027994382112412,0.89592554299715554
4.6000000000000005,-1.6937913281364536,0.90575448981335749
4.6100000000000003,-1.6846831532087199,0.91594213516340595
4.6200000000000001,-1.6754712146892548,0.92651115536200845
4.6299999999999999,-1.6661515769416533,0.9374862922742353
4.6399999999999997,-1.6567200455626683,0.94889460181769247
4.6500000000000004,-1.6471721428455104,0.96076573999749615
4.6600000000000001,-1.6375030801670383,0.97313229335829765
4.6699999999999999,-1.6277077268141456,0.98603016223566087
4.6799999999999997,-1.6177805746703247,0.99949899678103804
4.6900000000000004,-1.6077156981353673,1.0135827352930042
4.7000000000000002,-1.5975067081538519,1.0283302460991113
4.71,-1.5871466999098549,1.0437959766511784
4.7199999999999998,-1.5766281923747654,1.0600408532320589
4.7300000000000004,-1.5659430585891769,1.0771333225202817
4.7400000000000002,-1.5550824446214275,1.0951505572616749
4.75,-1.5440366750357224,1.1141799577007114
4.7599999999999998,-1.5327951419232966,1.1343209508143264
4.7700000000000005,-1.5213461739213057,1.1556872088002044
4.7800000000000002,-1.5096768806024359,1.1784093786373144
4.79,-1.4977729663518258,1.2026384833283645
4.7999999999999998,-1.4856185060837843,1.2285501748651682
4.8100000000000005,-1.4731956728650866,1.2563501858502839
4.8200000000000003,-1.4604844040517926,1.2862812656026184
4.8300000000000001,-1.4474619883380693,1.3186320878242415
4.8399999999999999,-1.4341025496465316,1.3537491976045672
4.8500000000000005,-1.4203763941695347,1.3920526160862314
4.8600000000000003,-1.4062491742187944,1.4340571922114893
4.8700000000000001,-1.3916808016703179,1.4804019065177023
4.8799999999999999,-1.3766240132592276,1.5318909260158728
4.8899999999999997,-1.3610224419259858,1.5895526136469673
4.9000000000000004,-1.3448079698762467,1.6547262437312356
4.9100000000000001,-1.3278970094207727,1.7291934275237484
4.9199999999999999,-1.310185131726999,1.8153835480610412
4.9299999999999997,-1.2915390569650247,1.9167083814891044
4.9400000000000004,-1.2717842433433248,2.0381322390123331
4.9500000000000002,-1.2506847477231293,2.1872002499545125
4.96,-1.2279086255429974,2.3760252756491735
4.9699999999999998,-1.2029640382168976,2.6254795560943198
4.9800000000000004,-1.1750695996816796,2.9751111636857597
4.9900000000000002,-1.1428551513156124,3.5105856230617802
5,-1.1035292957565321,4.4591539016471211
5.0099999999999998,-1.0497522337447061,6.6716553667428808
5.0200000000000005,-0.94836808580730625,16.843322030908965
5.0300000000000002,1.2840821478201332,1265.1386867359372
5.04,2.0003644371820255,-0.6663411276751442
5.0499999999999998,1.9936824340435499,-0.6700707356502188
5.0600000000000005,1.9869627942682753,-0.67386880822974993
5.0700000000000003,1.980204822488316,-0.677737505613207
5.0800000000000001,1.973407801237647,-0.68167908733955807
5.0899999999999999,1.9665709899520933,-0.68569591523856566
5.1000000000000005,1.9596936239084082,-0.68979046036099467
5.1100000000000003,1.9527749130994196,-0.69396530958154823
5.1200000000000001,1.9458140410407589,-0.69822317269054857
5.1299999999999999,1.9388101635040247,-0.70256689002416961
5.1399999999999997,1.9317624071707464,-0.70699944068224518
5.1500000000000004,1.9246698682010077,-0.71152395138796076
5.1600000000000001,1.9175316107100198,-0.71614370604949384
5.1699999999999999,1.9103466651452865,-0.72086215609038384
5.1799999999999997,1.9031140265563231,-0.72568293162272324
5.1900000000000004,1.8958326527480855,-0.73060985354572838
5.2000000000000002,1.8885014623084115,-0.73564694666165387
5.21,1.881119332498786,-0.74079845391174948
5.2199999999999998,1.8736850969966818,-0.7460688518471571
5.2300000000000004,1.8661975434764808,-0.75146286746333624
5.2400000000000002,1.8586554110146454,-0.75698549654245051
5.25,1.851057387303249,-0.76264202366603118
5.2599999999999998,1.8434021056542846,-0.76843804408067373
5.2700000000000005,1.8356881417751989,-0.77437948762311581
5.2800000000000002,1.8279140102939209,-0.78047264493789503
5.29,1.8200781610091608,-0.78672419625189127
5.2999999999999998,1.8121789748389501,-0.79314124300575839
5.3100000000000005,1.8042147594371765,-0.79973134268370205
5.3200000000000003,1.7961837444442328,-0.80650254723090464
5.3300000000000001,1.7880840763337182,-0.81346344550376715
5.3399999999999999,1.7799138128123857,-0.82062321026291407
5.3500000000000005,1.7716709167250355,-0.82799165029494648
5.3600000000000003,1.7633532494097806,-0.83557926833776375
5.3700000000000001,1.7549585634418365,-0.84339732558885339
5.3799999999999999,1.746484494695618,-0.85145791369928803
5.3899999999999997,1.7379285536451619,-0.85977403530191832
5.4000000000000004,1.7292881158115907,-0.86835969429548576
5.4100000000000001,1.7205604112531065,-0.87722999731258711
5.4199999999999999,1.7117425129775186,-0.88640126804606334
5.4299999999999997,1.7028313241391528,-0.89589117640431026
5.4400000000000004,1.6938235638605348,-0.9057188848227874
5.4500000000000002,1.6847157514938911,-0.91590521449053741
5.46,1.6755041891073759,-0.92647283477514886
5.4699999999999998,1.6661849419450228,-0.93744647977007134
5.4800000000000004,1.6567538165663647,-0.9488531966740078
5.4900000000000002,1.6472063363199136,-0.9607226316808728
5.5,1.6375377137421028,-0.97308736025987652
5.5099999999999998,1.6277428193973158,-0.98598327020203047
5.5200000000000005,1.6178161465803327,-0.9994499974513642
5.5300000000000002,1.6077517712545659,-1.0135314639989237
5.54,1.5975433061022171,-1.0282765193311749
5.5499999999999998,1.5871838482456901,-1.0437395898516371
5.5600000000000005,1.5766659188242624,-1.059981576778444
5.5700000000000003,1.5659813933140785,-1.0770708982023072
5.5800000000000001,1.5551214205295021,-1.0950846932104332
5.5899999999999999,1.5440763281446546,-1.1141103227309259
5.6000000000000005,1.5328355117886114,-1.1342471672390051
5.6100000000000003,1.5213873041432033,-1.1556088437577088
5.6200000000000001,1.5097188194297388,-1.1783259332595555
5.6299999999999999,1.4978157674069281,-1.2025493792503676
5.6399999999999997,1.4856622292394941,-1.2284547372484205
5.6500000000000004,1.4732403853138605,-1.2562476214021625
5.6600000000000001,1.4605301816221961,-1.286170635050323
5.6699999999999999,1.4475089171309001,-1.3185122692716722
5.6799999999999997,1.4341507280907777,-1.3536188379851763
5.6900000000000004,1.4204259356388447,-1.3919100670317375
5.7000000000000002,1.406300210404027,-1.433900421615897
5.71,1.3917334869941442,-1.4802283759935608
5.7199999999999998,1.3766785307532696,-1.5316974177186404
5.7300000000000004,1.3610790112051763,-1.5893349784340256
5.7400000000000002,1.3448668581983121,-1.6544790256673747
5.75,1.3279585474181239,-1.7289092888378725
5.7599999999999998,1.3102497364466148,-1.8150523517675747
5.7700000000000005,1.291607266802381,-1.9163156686498983
5.7800000000000002,1.2718567732541155,-2.0376565738561805
5.79,1.2507625809855287,-2.1866082905541933
5.7999999999999998,1.2279931761516236,-2.375261909787485
5.8100000000000005,1.2030574622522745,-2.6244461507296908
5.8200000000000003,1.1751754590083152,-2.9736110205867154
5.8300000000000001,1.1429800520391862,-3.5081606597222135
5.8399999999999999,1.1036879159744895,-4.4544473798834723
5.8500000000000005,1.0499894484413708,-6.6585399874298039
5.8600000000000003,0.94896588169461615,-16.749760291607405
5.8700000000000001,-1.2385616468429808,-1292.0909946767426
5.8799999999999999,-2.0003881521687519,0.66632797367680685
5.8899999999999997,-1.9937062817635118,0.67005734176858966
5.9000000000000004,-1.9869867771579997,0.67385516689110514
5.9100000000000001,-1.9802289430612483,0.67772360897068318
5.9199999999999999,-1.9734320620876102,0.68166492717508897
5.9299999999999997,-1.9665953937569614,0.68568148295645925
5.9400000000000004,-1.9597181734339932,0.689775746965411
5.9500000000000002,-1.9527996112035935,0.69395030565215532
5.96,-1.9458388906778277,0.69820786835635784
5.9699999999999998,-1.9388351677293738,0.70255127493536829
5.9800000000000004,-1.9317875691457784,0.70698350397985199
5.9900000000000002,-1.924695191198398,0.7115076816710727
6,-1.9175570981193071,0.71612709133994723
6.0099999999999998,-1.9103723204788357,0.72084518379453355
6.0200000000000005,-1.9031398534556834,0.72566558849009066
6.0300000000000002,-1.8958586549907819,0.73059212562419773
6.04,-1.888527643815197,0.73562881924886159
6.0499999999999998,-1.8811456973414076,0.74077991150231515
6.0600000000000005,-1.8737116494061916,0.74604987807527279
6.0700000000000003,-1.8662242878521516,0.75144344504026894
6.0800000000000001,-1.8586823519335309,0.7569656071884131
6.0899999999999999,-1.8510845295304639,0.76262164803577581
6.1000000000000005,-1.8434294541540588,0.76841716168215646
6.1100000000000003,-1.8357157017227856,0.77435807672841905
6.1200000000000001,-1.8279417870884336,0.78045068248556004
6.1299999999999999,-1.8201061602874384,0.78670165773962786
6.1400000000000006,-1.8122072024905449,0.7931181023724212
6.1500000000000004,-1.804243221620585,0.79970757217920008
6.1600000000000001,-1.7962124476044872,0.8064781172726212
6.1699999999999999,-1.7881130272214949,0.81343832451773168
6.1799999999999997,-1.7799430185047831,0.82059736450784204
6.1900000000000004,-1.7717003846482067,0.8279650436668724
6.2000000000000002,-1.7633829873636269,0.83555186215270039
6.21,-1.7549885796269973,0.84336907834051911
6.2199999999999998,-1.7465147977430218,0.85142878078840978
6.2300000000000004,-1.7379591526484421,0.85974396873311132
6.2400000000000002,-1.7293190203627182,0.86832864233701423
6.25,-1.7205916314816243,0.87719790411352083
6.2599999999999998,-1.7117740595938522,0.88636807320434385
6.2700000000000005,-1.7028632084825133,0.89585681447817522
6.2800000000000002,-1.6938557979520299,0.90568328477650539
6.29,-1.6847483480955454,0.91586829906379241
6.2999999999999998,-1.675537161787898,0.92643451976331859
6.3100000000000005,-1.6662183051532733,0.93740667320015358
6.3200000000000003,-1.6567875857136651,0.94881179785779546
6.3300000000000001,-1.647240527872522,0.96067953012325347
6.3399999999999999,-1.6375723453254463,0.97304243439526195
6.3500000000000005,-1.6277779099138503,0.98593638592605659
6.3600000000000003,-1.6178517163432811,0.99940100645903618
6.3700000000000001,-1.6077878421401686,1.0134802016863307
6.3799999999999999,-1.5975799017236603,1.0282228022608226
6.3900000000000006,-1.5872209941537021,1.0436832135498397
6.4000000000000004,-1.5767036427365577,1.0599223117207131
6.4100000000000001,-1.5660197253828645,1.0770084862913851
6.4199999999999999,-1.5551603936517906,1.095018842709947
6.4299999999999997,-1.5441159783259373,1.1140407026111407
6.4400000000000004,-1.532875878570529,1.1341733999970156
6.4500000000000002,-1.5214284311100563,1.155530496750961
6.46,-1.509760754812052,1.1782425078826451
6.4699999999999998,-1.4978585648059115,1.2024602974556242
6.4800000000000004,-1.4857059485032638,1.2283593245838862
6.4900000000000002,-1.4732850936058917,1.2561450850513691
6.5,-1.4605759547367709,1.2860600363285346
6.5099999999999998,-1.4475558411279201,1.3183924870232679
6.5200000000000005,-1.4341989013499852,1.3534885200842484
6.5300000000000002,-1.4204754714739545,1.3917675663202218
6.54,-1.4063512404321068,1.4337437075691306
6.5499999999999998,-1.3917861655458168,1.4800549123249589
6.5600000000000005,-1.376733040743604,1.5315039894284237
6.5700000000000003,-1.3611355720990148,1.589117440315073
6.5800000000000001,-1.3449257370562835,1.6542319273686101
6.5899999999999999,-1.3280200746078712,1.7286253007338162
6.6000000000000005,-1.3103143286498202,1.8147213491759575
6.6100000000000003,-1.2916754618941906,1.9159232119829717
6.6200000000000001,-1.2719292854197592,2.0371812592899725
6.6299999999999999,-1.2508403923063887,2.1860168322056608
6.6400000000000006,-1.2280776986467354,2.374499301572401
6.6500000000000004,-1.203150848472117,2.6234139821552862
6.6600000000000001,-1.1752812637839936,2.9721131242025174
6.6699999999999999,-1.1431048651268394,3.5057404984859648
6.6799999999999997,-1.1038463671262788,4.4497542626053317
6.6900000000000004,-1.0502261947720557,6.6454865349896828
6.7000000000000002,-0.94956036136865574,16.657182145337313
6.71,1.192166477977878,1314.2781592961205
6.7199999999999998,2.0004118688083392,-0.66631481930708292
6.7300000000000004,1.9937301311396907,-0.67004394754383856
6.7400000000000002,1.9870107617072283,-0.67384152522678897
6.75,1.9802530652969121,-0.6777097120083464
6.7599999999999998,1.9734563246034718,-0.68165076669714142
6.7700000000000005,1.9666197992308279,-0.68566705036782927
6.7800000000000002,1.9597427246316048,-0.68976103327091776
6.79,1.9528243109827419,-0.69393530143218085
6.7999999999999998,1.9458637419927318,-0.69819256374068739
6.8100000000000005,1.9388601736353235,-0.70253565957501929
6.8200000000000003,1.9318127328040744,-0.70696756701673336
6.8300000000000001,1.9247205158816012,-0.71149141170525854
6.8399999999999999,1.9175825872168331,-0.71611047639432124
6.8500000000000005,1.9103979775029147,-0.7208282112765908
6.8600000000000003,1.9031656820477203,-0.72564824515058091
6.8700000000000001,1.8958846589281413,-0.73057439751233444
6.8799999999999999,1.8885538270184603,-0.7356106916637315
6.8900000000000006,1.8811720638821334,-0.7407613689401058
6.9000000000000004,1.8737382035152299,-0.74603090417188145
6.9100000000000001,1.866251033928551,-0.75142402250882379
6.9199999999999999,1.8587092945541046,-0.75694571775114705
6.9299999999999997,1.8511116734600643,-0.76260127234964437
6.9400000000000004,1.8434568043566308,-0.76839627925751097
6.9500000000000002,1.8357432633732713,-0.77433666583996852
6.96,1.8279695655856092,-0.7804287200747152
6.9699999999999998,1.8201341612677751,-0.78667911930724277
6.9800000000000004,1.8122354318431948,-0.79309496186078354
6.9900000000000002,1.8042716855036063,-0.79968380184200083
7,1.7962411524624362,-0.80645368753138624
7.0099999999999998,1.7881419798045284,-0.81341320380306115
7.0200000000000005,1.7799722258894308,-0.82057151908348192
7.0300000000000002,1.771729854260002,-0.82793843743440365
7.04,1.7634127270017912,-0.8355244564342803
7.0499999999999998,1.7550185974914265,-0.8433408316366644
7.0600000000000005,1.7465451024638281,-0.85139964850737837
7.0700000000000003,1.7379897533183668,-0.85971390288789484
7.0800000000000001,1.7293499265727461,-0.86829759120520766
7.0899999999999999,1.7206228533602173,-0.87716581185458498
7.1000000000000005,1.7118056078502439,-0.88633487942785505
7.1100000000000003,1.7028950944546017,-0.89582245375539504
7.1200000000000001,1.6938880336594679,-0.90564768608633117
7.1299999999999999,1.6847809462987502,-0.91583138516237361
7.1400000000000006,1.6755701360537942,-0.92639620646461851
7.1500000000000004,1.6662516699287424,-0.93736686855218876
7.1600000000000001,1.6568213564078216,-0.94877040119622047
7.1699999999999999,1.6472747209491647,-0.96063643098011076
7.1799999999999997,1.6376069784072533,-0.9729975112359629
7.1900000000000004,1.627813001900196,-0.98588950468176006
7.2000000000000002,1.617887287543923,-0.9993520188656404
7.21,1.6078239144274444,-1.0134289431877552
7.2199999999999998,1.5976164987063475,-1.028169089472976
7.2300000000000004,1.5872581413775333,-1.0436268420624975
7.2400000000000002,1.57674136791356,-1.0598630520841885
7.25,1.5660580586587556,-1.0769460804953914
7.2599999999999998,1.5551993679161449,-1.094952999121183
7.2700000000000005,1.5441556295756849,-1.1139710903219864
7.2800000000000002,1.5329162463374146,-1.1340996416505187
7.29,1.5214695589668816,-1.1554521598799388
7.2999999999999998,1.5098026909759139,-1.1781590940939772
7.3100000000000005,1.4979013628622426,-1.2023712289605273
7.3200000000000003,1.4857496682815325,-1.228263927248751
7.3300000000000001,1.473329802247372,-1.2560425664556767
7.3399999999999999,1.4606217280091176,-1.2859494582806457
7.3500000000000005,1.4476027650588343,-1.3182727289945062
7.3600000000000003,1.4342470742799025,-1.3533582307523984
7.3700000000000001,1.4205250066681092,-1.3916250995704655
7.3799999999999999,1.4064022694470906,-1.4335870342521511
7.3900000000000006,1.3918388426358153,-1.4798814979975301
7.4000000000000004,1.3767875487256624,-1.5313106216086714
7.4100000000000001,1.3611921303101191,-1.5888999773094328
7.4199999999999999,1.3449846123870541,-1.6539849238541864
7.4299999999999997,1.3280815971947393,-1.7283414344818953
7.4400000000000004,1.3103789148515548,-1.8143905067699286
7.4500000000000002,1.2917436491204162,-1.9155309717000404
7.46,1.2720017871582696,-2.0367062470402204
7.4699999999999998,1.2509181895425927,-2.185425814683831
7.4800000000000004,1.228162201569911,-2.3737373730395253
7.4900000000000002,1.2032442063268427,-2.6223829440497619
7.5,1.1753870247446583,-2.9706173185392641
7.5099999999999998,1.1432296033167433,-3.5033248812405762
7.5200000000000005,1.1040046656351112,-4.4450740205276453
7.5300000000000002,1.0504624987327955,-6.6324932762378728
7.54,0.95015160997949943,-16.565564929016759
7.5499999999999998,-1.1450649698864135,-1331.5517140888746
7.5600000000000005,-2.0004355829621074,0.66630166689673243
7.5700000000000003,-1.99375397801022,0.67003055532762057
7.5800000000000001,-1.9870347437305007,0.67382788561738072
7.5899999999999999,-1.9802771849858207,0.67769581715121763
7.6000000000000005,-1.9734805845512655,0.68163660837672346
7.6100000000000003,-1.9666442021147816,0.68565261999116622
7.6200000000000001,-1.959767273216902,0.68974632184505724
7.6299999999999999,-1.9528490081265966,0.69392029953986256
7.6400000000000006,-1.9458885906487595,0.69817726151418269
7.6500000000000004,-1.9388851768581878,0.70252004666798828
7.6600000000000001,-1.9318378937544189,0.70695163257388149
7.6699999999999999,-1.9247458378313032,0.71147514432961179
7.6799999999999997,-1.9176080735545935,0.71609386411190834
7.6900000000000004,-1.9104236317402177,0.72081124149822939
7.7000000000000002,-1.9031915078251886,0.72563090463057023
7.71,-1.8959106600223221,0.73055667230365362
7.7199999999999998,-1.8885800073490782,0.73559256706947962
7.7300000000000004,-1.8811984275198492,0.74074282946074455
7.7400000000000002,-1.8737647546899503,0.74601193344787065
7.75,-1.8662777770383359,0.75140460325816505
7.7599999999999998,-1.8587362341747273,0.75692583170127825
7.7700000000000005,-1.8511388143552829,0.76258090016309565
7.7800000000000002,-1.8434841514892404,0.7683754004506177
7.79,-1.8357708219169999,0.77431525869385276
7.7999999999999998,-1.8279973409379531,0.78040676153767585
7.8100000000000005,-1.8201621590638528,0.78665658488754719
7.8200000000000003,-1.8122636579707316,0.79307182550870614
7.8300000000000001,-1.804300146119149,0.79966003581984824
7.8399999999999999,-1.7962698540089403,0.806429262269998
7.8500000000000005,-1.7881709290304522,0.81338808774310556
7.8600000000000003,-1.7800014298695037,0.8205456784996179
7.8700000000000001,-1.7717593204178388,0.82791183624007003
7.8799999999999999,-1.7634424631345746,0.83549705596451151
7.8900000000000006,-1.7550486117968771,0.84331259040600504
7.9000000000000004,-1.7465754035697394,0.85137052193941287
7.9100000000000001,-1.7380203503149962,0.85968384301235934
7.9199999999999999,-1.7293808290484234,0.86826654631803502
7.9300000000000006,-1.7206540714405547,0.87713372613538865
7.9400000000000004,-1.7118371522414173,0.88630169250836399
7.9500000000000002,-1.7029269764912143,0.89578810023131028
7.96,-1.6939202653576229,0.90561209496356432
7.9699999999999998,-1.6848135404150308,0.91579447922700852
7.9800000000000004,-1.6756031061509762,0.9263579015638792
7.9900000000000002,-1.6662850304492047,0.93732707277115224
8,-1.6568551227557868,0.94872901391195719
8.0099999999999998,-1.6473089095831002,0.96059334177107947
8.0199999999999996,-1.6376416069440127,0.97295259861977146
8.0299999999999994,-1.6278480892327765,0.98584263464844857
8.0400000000000009,-1.6179228539750752,0.99930304321784347
8.0500000000000007,-1.6078599818217882,1.0133776974459148
8.0600000000000005,-1.5976530906641342,1.028115390338411
8.0700000000000003,-1.5872952834350424,1.0435704852240251
8.0800000000000001,-1.576779087772302,1.0598038082069439
8.0899999999999999,-1.566096386452702,1.0768836917010074
8.0999999999999996,-1.555238336521696,1.0948871739302541
8.1099999999999994,-1.5441952749749341,1.113901498006663
8.120000000000001,-1.5329566080453141,1.1340259050655541
8.1300000000000008,-1.5215106805371406,1.1553738468088468
8.1400000000000006,-1.5098446206037941,1.1780757064427354
8.1500000000000004,-1.4979441541080625,1.2022821892998432
8.1600000000000001,-1.4857933809456791,1.2281685618807527
8.1699999999999999,-1.473374503437225,1.2559400834937098
8.1799999999999997,-1.4606674934525026,1.2858389201894429
8.1899999999999995,-1.4476496807362638,1.3181530160672843
8.1999999999999993,-1.4342952384753764,1.3532279927056359
8.2100000000000009,-1.4205745325786607,1.3914826916187588
8.2200000000000006,-1.4064532885459282,1.4334304289741109
8.2300000000000004,-1.3918915090738524,1.4797081632333959
8.2400000000000002,-1.3768420451901011,1.5311173479519955
8.25,-1.3612486759719582,1.5886826272983161
8.2599999999999998,-1.3450434739205257,1.6537380581371657
8.2699999999999996,-1.3281431044477265,1.7280577394934242
8.2799999999999994,-1.3104434837876866,1.8140598821053453
8.2900000000000009,-1.2918118165907062,1.915139015985889
8.3000000000000007,-1.2720742658296835,2.0362316195911068
8.3100000000000005,-1.2509959591353332,2.1848353404541836
8.3200000000000003,-1.2282466702011514,2.3729762559619174
8.3300000000000001,-1.2033375195678033,2.6213532139197628
8.3399999999999999,-1.1754927235129318,2.9691238593605171
8.3499999999999996,-1.1433542450096876,3.5009142148542951
8.3599999999999994,-1.1041627843476647,4.4404074129318198
8.370000000000001,-1.050698321258114,6.6195620576534759
8.3800000000000008,-0.95073956776112611,16.474910220861116
8.3900000000000006,1.0974409106487146,1343.8499108640876
8.4000000000000004,2.000459297075873,-0.66628851506304776
8.4100000000000001,1.9937778248346254,-0.67001716372670317
8.4199999999999999,1.9870587257012882,-0.67381424665588463
8.4299999999999997,1.9803013046156461,-0.67768192296605323
8.4399999999999995,1.9735048444331327,-0.68162245075340999
8.4499999999999993,1.9666686049257067,-0.6856381903379738
8.4600000000000009,1.9597918217217976,-0.68973161117033999
8.4700000000000006,1.9528737051823941,-0.69390529842774129
8.4800000000000004,1.945913439208778,-0.69816196009840914
8.4900000000000002,1.9389101799767758,-0.70250443460378531
8.5,1.9318630545918913,-0.70693569900762809
8.5099999999999998,1.9247711596591905,-0.71145887786611961
8.5199999999999996,1.9176335597612324,-0.71607725277910195
8.5299999999999994,1.9104492858367081,-0.72079427270897067
8.5400000000000009,1.9032173334517453,-0.72561356514132624
8.5500000000000007,1.8959366609550652,-0.73053894816973586
8.5600000000000005,1.8886061875072804,-0.73557444359648005
8.5700000000000003,1.8812247909736941,-0.74072429115180083
8.5800000000000001,1.873791305668838,-0.74599296394631331
8.5899999999999999,1.8663045199397905,-0.75138518528508391
8.5999999999999996,1.8587631735739547,-0.75690594698743807
8.6099999999999994,1.8511659550154407,-0.76256052937460861
8.620000000000001,1.8435114983724805,-0.76835452310767727
8.6300000000000008,1.8357983801963726,-0.77429385308175402
8.6400000000000006,1.8280251160102317,-0.78038480460923221
8.6500000000000004,1.820190156563388,-0.78663405215590598
8.6600000000000001,1.8122918837844257,-0.79304869092944652
8.6699999999999999,1.8043286064026729,-0.79963627166102558
8.6799999999999997,1.796298555204314,-0.80640483896870707
8.6899999999999995,1.788199877885134,-0.81336297374682875
8.7000000000000011,1.7800306334571467,-0.82051984009045498
8.7100000000000009,1.7717887861609103,-0.82788523733957609
8.7200000000000006,1.7634721988290218,-0.83546965791661898
8.7300000000000004,1.7550786256390938,-0.84328435173501071
8.7400000000000002,1.7466057041860865,-0.85134139807960996
8.75,1.7380509467941889,-0.85965378600527576
8.7599999999999998,1.7294117309771242,-0.86823550447261366
8.7699999999999996,1.7206852889425743,-0.87710164364561194
8.7799999999999994,1.7118686960209737,-0.88626850902189458
8.7900000000000009,1.7029588578807868,-0.89575375036153293
8.8000000000000007,1.6939524963710078,-0.90557650773606857
8.8100000000000005,1.6848461338062934,-0.91575757744984088
8.8200000000000003,1.6756360754801432,-0.92631960110883738
8.8300000000000001,1.6663183901556442,-0.93728728175087661
8.8399999999999999,1.6568888882404182,-0.94868763173453396
8.8499999999999996,1.647343097300759,-0.96055025804997207
8.8599999999999994,1.637676234507548,-0.97290769191223458
8.870000000000001,1.627883175530755,-0.98579577098957372
8.8800000000000008,1.6179584193053436,-0.99925407446166792
8.8900000000000006,1.6078960480435029,-1.0133264591724105
8.9000000000000004,1.5976896813714587,-1.0280616993153506
8.9100000000000001,1.5873324241574416,-1.0435141372181496
8.9199999999999999,1.5768168062036294,-1.0597445739744995
8.9299999999999997,1.5661347127182927,-1.0768213134688802
8.9399999999999995,1.5552773034881717,-1.0948213603427961
8.9500000000000011,1.5442349186132682,-1.1138319184815759
8.9600000000000009,1.5329969678577582,-1.133952182630255
8.9700000000000006,1.5215518000628094,-1.155295549452823
8.9800000000000004,1.509886548021097,-1.1779923363194895
8.9900000000000002,1.4979869429577364,-1.2021931692797907
9,1.4858370910052214,-1.2280732186319434
9.0099999999999998,1.4734192017870524,-1.2558376255812864
9.0199999999999996,1.4607132557884475,-1.2857284106373252
9.0299999999999994,1.4476965930005479,-1.3180333358744125
9.0400000000000009,1.4343433989057337,-1.3530977924870302
9.0500000000000007,1.4206240543156516,-1.3913403277475558
9.0600000000000005,1.4065043029930051,-1.4332738755460572
9.0700000000000003,1.391944170294618,-1.4795348901087357
9.0800000000000001,1.3768965357608867,-1.5309241484652119
9.0899999999999999,1.3613052149205189,-1.588465367787476
9.0999999999999996,1.3451023277324328,-1.6534913046535631
9.1099999999999994,1.3282046027166536,-1.7277741863682179
9.120000000000001,1.3105080421254798,-1.8137294408842972
9.1300000000000008,1.2918799713458664,-1.9147473041252956
9.1400000000000006,1.2721467289230444,-2.0357573275465244
9.1500000000000004,1.2510737091250392,-2.1842453478948163
9.1600000000000001,1.2283311132814196,-2.3722158705749643
9.1699999999999999,1.2034307978657444,-2.6203246830349505
9.1799999999999997,1.1755983710742828,-2.9676325871519365
9.1899999999999995,1.1434788032378824,-3.498508235579219
9.2000000000000011,1.1043207400583632,-4.4357538999782804
9.2100000000000009,1.050933688839996,-6.6066911170471432
9.2200000000000006,0.95132432645247067,-16.385195206747632
9.2300000000000004,-1.0494665310873599,-1351.2039508601731
9.2400000000000002,-2.0004830108715179,0.66627536399701015
9.25,-1.9938016713332072,0.67000377290938851
9.2599999999999998,-1.9870827073383024,0.67380060850229784
9.2699999999999996,-1.9803254239034849,0.677668029615759
9.2799999999999994,-1.9735291039645242,0.68160829399319778
9.2900000000000009,-1.966693007377377,0.68562376157743399
9.3000000000000007,-1.9598163698583606,0.68971690141923758
9.3100000000000005,-1.9528984018604618,0.69389029827169535
9.3200000000000003,-1.9459382873813365,0.69814665967275391
9.3300000000000001,-1.9389351826978254,0.70248882356544273
9.3399999999999999,-1.9318882150213808,0.70691976650476784
9.3499999999999996,-1.9247964810682654,0.71144261250547614
9.3599999999999994,-1.9176590455378246,0.71606064259064428
9.370000000000001,-1.9104749394914897,0.72077730510773708
9.3800000000000008,-1.9032431586244876,0.72559622688611192
9.3900000000000006,-1.8959626614214138,0.73052122531834618
9.4000000000000004,-1.8886323671860092,0.73555632145717209
9.4100000000000001,-1.8812511539344605,0.74070575423056961
9.4199999999999999,-1.8738178561404872,0.74597399588955915
9.4299999999999997,-1.8663312623192598,0.75136576881718053
9.4399999999999995,-1.8587901124358286,0.75688606384268853
9.4500000000000011,-1.8511930951222162,0.76254016022293247
9.4600000000000009,-1.8435388446856171,0.76833364747336952
9.4700000000000006,-1.835825937888178,0.77427244925453553
9.4800000000000004,-1.8280528904766933,0.78036284954669621
9.4900000000000002,-1.82021815343802,0.78661152137637214
9.5,-1.8123201089532415,0.79302555839409472
9.5099999999999998,-1.8043570660203956,0.79961250964398967
9.5199999999999996,-1.7963272557119518,0.80638041791368087
9.5299999999999994,-1.7882288260290644,0.81333786210848436
9.5400000000000009,-1.7800598363098701,0.82049400415871254
9.5500000000000007,-1.7718182511436553,0.82785864104453555
9.5600000000000005,-1.7635019337364093,0.83544226261155574
9.5700000000000003,-1.7551086386660923,0.8432561159544576
9.5800000000000001,-1.7466360039575266,0.8513122772690922
9.5899999999999999,-1.7380815423971365,0.85962373221867039
9.5999999999999996,-1.7294426319964631,0.86820446603247836
9.6099999999999994,-1.7207165055001918,0.87706956476095621
9.620000000000001,-1.7119002388190077,0.88623532935700544
9.6300000000000008,-1.702990738249466,0.89571940454823717
9.6400000000000006,-1.6939847263216752,0.90554092482046356
9.6500000000000004,-1.6848787260903486,0.91572068026283626
9.6600000000000001,-1.6756690436547037,0.92628130554777055
9.6699999999999999,-1.6663517486569006,0.93724749595702506
9.6799999999999997,-1.6569226524658081,0.94864625514816947
9.6899999999999995,-1.647377283701293,0.96050718032084981
9.7000000000000011,-1.6377108606918636,0.97286279163865486
9.7100000000000009,-1.6279182603827764,0.98574891425321809
9.7200000000000006,-1.6179939831177685,0.99920511316971616
9.7300000000000004,-1.6079321126697723,1.0132752289662561
9.7400000000000002,-1.5977262703993727,1.028008017031325
9.75,-1.5873695631093512,1.0434577987032858
9.7599999999999998,-1.5768545227654109,1.0596853500788022
9.7699999999999996,-1.5661730370062976,1.0767589465274454
9.7799999999999994,-1.5553162683588662,1.0947555591270761
9.7900000000000009,-1.544274560026091,1.1137623525586127
9.8000000000000007,-1.5330373253017928,1.1338784752044719
9.8100000000000005,-1.5215929170620726,1.1552172687246127
9.8200000000000003,-1.5099284727365883,1.177908984695565
9.8300000000000001,-1.4980297289099986,1.2021041699368253
9.8399999999999999,-1.485880797948167,1.2279778986115659
9.8499999999999996,-1.4734638967733704,1.2557351939093782
9.8599999999999994,-1.4607590144811053,1.2856179309075584
9.870000000000001,-1.4477435013024942,1.3179136898039823
9.8800000000000008,-1.4343915550073234,1.3529676316045445
9.8900000000000006,-1.420673571299675,1.3911980096029273
9.9000000000000004,-1.4065553121916607,1.4331173757744995
9.9100000000000001,-1.3919968256824831,1.4793616806180063
9.9199999999999999,-1.3769510198013581,1.5307310253654094
9.9299999999999997,-1.3613617464956866,1.5882482012605397
9.9399999999999995,-1.3451611731362623,1.6532446662103797
9.9500000000000011,-1.3282660912850071,1.7274907783114521
9.9600000000000009,-1.3105725891139872,1.8133991868101704
9.9700000000000006,-1.2919481125948811,1.9143558404569914
9.9800000000000004,-1.272219175600015,2.0352833760722113
9.9900000000000002,-1.251151438616471,2.1836558432717554
10,-1.2284155298457271,2.3714562246361286
10.01,-1.2035240401669618,2.6192973601987553
10.02,-1.1757039662734348,2.9661435159038536
10.029999999999999,-1.1436032767084747,3.4961069573005963
10.040000000000001,-1.1044785313798782,4.431113479734754
10.050000000000001,-1.051168600894272,6.5938801991389866
10.06,-0.95190591263394941,16.296407639141023
10.07,1.0013165276285525,1353.7259965717501
10.08,2.0005067243960655,-0.66626221367719762
10.09,1.9938255175532404,-0.66999038285966883
10.1,1.9871066886890836,-0.6737869711295853
10.109999999999999,1.9803495428971516,-0.67765413707272426
10.120000000000001,1.9735533631935323,-0.68159413806794011
10.130000000000001,1.966717409518173,-0.68560933368086485
10.140000000000001,1.9598409176752574,-0.68970219256250465
10.15,1.9529230982097616,-0.69387529904189693
10.16,1.9459631352156985,-0.69813136020679778
10.17,1.9389601850709075,-0.70247321352191017
10.18,1.9319133750927715,-0.70690383503361598
10.19,1.9248218021087324,-0.71142634821532458
10.200000000000001,1.9176845309349004,-0.71604403351348378
10.210000000000001,1.9105005927554317,-0.72076033866076283
10.220000000000001,1.9032689833946219,-0.72557888983042718
10.23,1.8959886614729224,-0.73050350371420969
10.24,1.8886585464371763,-0.73553820061548636
10.25,1.8812775164544253,-0.74068721866014753
10.26,1.8738444061575483,-0.74595502923983159
10.27,1.866358004229776,-0.75134635381578396
10.279999999999999,1.8588170508137722,-0.75686618222742075
10.290000000000001,1.8512202347294378,-0.7625197926674816
10.300000000000001,1.8435661904828857,-0.76831277350609317
10.31,1.8358534950470733,-0.77425104716953319
10.32,1.828080664392427,-0.78034089630629622
10.33,1.8202461497432818,-0.78658899250401892
10.34,1.8123483335331672,-0.79300242785651109
10.35,1.8043855250287726,-0.79958874972133309
10.359999999999999,1.7963559555887902,-0.80635599905618738
10.370000000000001,1.7882577735196736,-0.81331275277793746
10.380000000000001,1.7800890384856121,-0.82046817065279387
10.390000000000001,1.7718477154245353,-0.8278320473018187
10.4,1.7635316679157378,-0.83541486999457937
10.41,1.7551386509374305,-0.84322788300790363
10.42,1.7466663029441907,-0.85128315944962207
10.43,1.7381121371845618,-0.85959368159242022
10.44,1.7294735321677737,-0.86817343093550037
10.450000000000001,1.7207477211753728,-0.87703748941717385
10.460000000000001,1.7119317806981429,-0.8862021534472071
10.470000000000001,1.7030226176605476,-0.89568506272256143
10.48,1.6940169552736222,-0.90550534614536882
10.49,1.6849113173319201,-0.91568378759192193
10.5,1.6757020107401372,-0.92624301480374993
10.51,1.6663851060192374,-0.93720771530961478
10.52,1.6569564154990353,-0.94860488406960985
10.529999999999999,1.6474114688526313,-0.96046410849695041
10.540000000000001,1.6377454855657778,-0.97281789770851079
10.550000000000001,1.6279533438585789,-0.98570206434482388
10.56,1.618029545483054,-0.99915615924306667
10.57,1.6079681757723137,-1.0132240067238125
10.58,1.5977628578206551,-1.0279543433775833
10.59,1.5874067003646677,-1.0434014695651177
10.6,1.5768922375327175,-1.0596261363994719
10.609999999999999,1.5662113593930236,-1.0766965907496981
10.620000000000001,1.5553552312113885,-1.0946897701488172
10.630000000000001,1.5443141992923906,-1.1136928000954889
10.640000000000001,1.5330776804578714,-1.1338047826370483
10.65,1.5216340316169452,-1.1551390044632006
10.66,1.5099703948339493,-1.1778256513989371
10.67,1.4980725120503096,-1.2020151910865708
10.68,1.4859245018618883,-1.2278826016212934
10.69,1.4735085884856098,-1.2556327882637919
10.700000000000001,1.4608047696221373,-1.2855074807678002
10.710000000000001,1.4477904057361919,-1.3177940776026877
10.720000000000001,1.4344397068768808,-1.3528375097804608
10.73,1.4207230836303828,-1.3910557368784169
10.74,1.4066063162447897,-1.4329609293186938
10.75,1.3920494753439474,-1.4791885343791076
10.76,1.37700549742209,-1.5305379782196662
10.77,1.3614182708126681,-1.5880311272210765
10.779999999999999,1.3452200102525691,-1.6529981422299704
10.790000000000001,1.328327570279636,-1.7272075146386106
10.800000000000001,1.3106371248875792,-1.8130691190534236
10.81,1.2920162404813744,-1.9139646239461152
10.82,1.2722916060159799,-2.0348097638273042
10.83,1.2512291477806738,-2.183066824756545
10.84,1.2284999200872435,-2.3706973154698754
10.85,1.2036172466972646,-2.618271240146917
10.859999999999999,1.1758095093870178,-2.9646566349190966
10.870000000000001,1.1437276658301705,-3.4937103606915558
10.880000000000001,1.1046361590835265,-4.4264860868467126
10.890000000000001,1.0514030600025692,-6.5811288700663306
10.9,0.95248436015421944,-16.208534281561182
10.91,-0.95315966577684319,-1351.6027521904771
10.92,-2.000530437526455,0.66624906415287832
10.93,-1.9938493633709893,0.66997699363977781
10.94,-1.9871306696291977,0.6737733346083904
10.950000000000001,-1.9803736614714973,0.67764024540895729
10.960000000000001,-1.9735776219942847,0.68157998305101408
10.970000000000001,-1.9667418112214778,0.68559490672304091
10.98,-1.9598654650451177,0.68968748467637397
10.99,-1.9529477941021534,0.69386030081608041
11,-1.9459879825829394,0.69811606177982266
11.01,-1.9389851869662962,0.70245760455408557
11.02,-1.9319385346755205,0.70688790467672447
11.029999999999999,-1.9248471226492141,0.71141008507994308
11.040000000000001,-1.9177100158202329,0.71602742563368593
11.050000000000001,-1.9105262454954333,0.72074337345595929
11.06,-1.9032948076281602,0.72556155406408962
11.07,-1.8960146609746951,0.73048578344913995
11.08,-1.8886847251249566,0.73552008116528977
11.09,-1.8813038783968141,0.74066868453655199
11.1,-1.8738709555822755,0.74593606409537727
11.109999999999999,-1.8663847455325995,0.75132694038145054
11.120000000000001,-1.8588439885680275,0.75684630224460414
11.130000000000001,-1.8512473736963047,0.76249942681373339
11.140000000000001,-1.8435935356224191,0.76829190131393665
11.15,-1.8358810515300963,0.77422964693756358
11.16,-1.8281084376133487,0.78031894500169086
11.17,-1.8202741453339384,0.78656646565546717
11.18,-1.8123765573777859,0.79297929943642542
11.19,-1.804413983280174,0.79956499201602893
11.200000000000001,-1.7963846546859512,0.80633158252259274
11.210000000000001,-1.7882867202068065,0.81328764588511926
11.220000000000001,-1.7801182398328974,0.82044233970636038
11.23,-1.7718771788507197,0.82780545624900082
11.24,-1.7635614012127805,0.83538748020737497
11.25,-1.7551686622974429,0.84319965304135625
11.26,-1.7466966009889309,0.85125404477176458
11.27,-1.7381427309977875,0.85956363428188332
11.279999999999999,-1.7295044313308003,0.86814239934210125
11.290000000000001,-1.7207789358062333,0.87700541778003227
11.300000000000001,-1.7119633214948049,0.88616898146392409
11.31,-1.7030544959487146,0.89565072506190901
11.32,-1.6940491830597266,0.9054697718945276
11.33,-1.6849439073620152,0.91564689962758206
11.34,-1.6757349765655107,0.92620472907442075
11.35,-1.666418462069708,0.93716794001391812
11.359999999999999,-1.6569901771650601,0.9485635187122653
11.370000000000001,-1.6474456525775554,0.96042104280038632
11.380000000000001,-1.6377801089498054,0.97277301035321662
11.390000000000001,-1.6279884257763155,0.98565522150578122
11.4,-1.6180651062168876,0.99910721293382743
11.41,-1.6080042371642351,1.0131727927087395
11.42,-1.5977994434457163,1.0279006786302531
11.43,-1.5874438357309719,1.0433451500932509
11.44,-1.5769299503101635,1.0595669332407418
11.450000000000001,-1.5662496796799656,1.0766342464557637
11.460000000000001,-1.5553941918439518,1.094623993745482
11.470000000000001,-1.5443538362069089,1.113623261448633
11.48,-1.5331180331170728,1.1337311053052268
11.49,-1.5216751435146232,1.1550607570687514
11.5,-1.5100123140962478,1.1777423368551105
11.51,-1.4981152921573444,1.2019262331826583
11.52,-1.4859682025203753,1.227787328146092
11.529999999999999,-1.4735532766927426,1.255530409164584
11.540000000000001,-1.460850520975125,1.285397060777618
11.550000000000001,-1.4478373060594016,1.3176744998748435
11.56,-1.4344878542658781,1.3527074276700157
11.57,-1.4207725910524134,1.3909135102876149
11.58,-1.4066573148895585,1.4328045369596252
11.59,-1.3921021190079845,1.4790154522513854
11.6,-1.3770599683430111,1.5303450079792495
11.609999999999999,-1.3614747875813464,1.5878141467291218
11.620000000000001,-1.3452788387800054,1.6527517339022777
11.630000000000001,-1.328389039386537,1.7269243966962458
11.640000000000001,-1.3107016491178647,1.8127392391511361
11.65,-1.2920843546604588,1.9135736563628565
11.66,-1.2723640198069748,2.0343364928668071
11.67,-1.2513068362314756,2.1824782947444441
11.68,-1.2285842835939627,2.3699391458436767
11.69,-1.2037104170180568,2.617246327566519
11.700000000000001,-1.1759149999481502,2.9631719478188714
11.710000000000001,-1.143851970123722,3.4913184438804303
11.720000000000001,-1.1047936228129713,4.4218716892846803
11.73,-1.051637067058292,6.5684367904681649
11.74,-0.95305969637031751,16.121562864076065
11.75,0.90515734890760624,1345.0848305180073
11.76,2.0005541513230325,-0.66623591495027656
11.77,1.9938732098527017,-0.66996360466430638
11.779999999999999,1.9871546512309306,-0.67375969832902605
11.790000000000001,1.9803977807049649,-0.67762635400326943
11.800000000000001,1.9736018814514917,-0.68156582830945134
11.81,1.9667662135783932,-0.68558048005883698
11.82,1.9598900130655568,-0.689672777103153
11.83,1.9529724906418937,-0.69384530292356905
11.84,1.9460128305940887,-0.698100763707726
11.85,1.9390101895019318,-0.70244199596397239
11.859999999999999,1.9319636948946197,-0.70687197472172636
11.870000000000001,1.9248724438218989,-0.7113938223720806
11.880000000000001,1.9177355013333606,-0.7160108182085716
11.890000000000001,1.9105518988585406,-0.72072640873466676
11.9,1.9033206324798178,-0.72554421881186937
11.91,1.8960406610892848,-0.73046806373070472
11.92,1.8887109044199166,-0.73550196229629949
11.93,1.8813302409403891,-0.74065015103094312
11.94,1.8738975056018152,-0.74591709960808272
11.950000000000001,1.8664114874234561,-0.75130752764601594
11.960000000000001,1.8588709269031094,-0.75682642300520109
11.970000000000001,1.851274513236328,-0.76247906175091651
11.98,1.8436208813269488,-0.76827102996348007
11.99,1.8359086085694301,-0.77420824760158113
12,1.828136211381334,-0.78029699465118463
12.01,1.8203021414618092,-0.78654393982328075
12.02,1.8124047817491253,-0.79295617209948221
12.030000000000001,1.8044424420471086,-0.79954123546556888
12.040000000000001,1.7964133542867189,-0.806307167220912
12.050000000000001,1.788315667384816,-0.81326254030715206
12.06,1.7801474416574694,-0.82041651016414485
12.07,1.7719066427396724,-0.827778866696805
12.08,1.7635911349570712,-0.83536009202492512
12.09,1.7551986740881,-0.84317142479220564
12.1,1.7467268994465399,-0.8512249319333155
12.109999999999999,1.7381733252048353,-0.85953358894311904
12.120000000000001,1.729535330867221,-0.86811136986429527
12.130000000000001,1.7208101507885623,-0.87697334841499508
12.140000000000001,1.7119948626193737,-0.88613581192336655
12.15,1.7030863745394431,-0.89561639003032456
12.16,1.6940814111210978,-0.90543420047663148
12.17,1.6849764976379475,-0.91561001471969883
12.18,1.675767942604949,-0.92616644664709136
12.19,1.6664518182998933,-0.93712816829055545
12.200000000000001,1.6570239389736079,-0.94852215722556665
12.210000000000001,1.6474798364046774,-0.96037798130443641
12.220000000000001,1.6378147323922256,-0.97272812756448235
12.23,1.6280235077047811,-0.98560838364021874
12.24,1.6181006669094899,-0.99905827205190423
12.25,1.6080402984581605,-1.0131215846293447
12.26,1.5978360289106401,-1.0278470203878596
12.27,1.587480970868951,-1.0432888377672365
12.280000000000001,1.5769676627842724,-1.0595077379529425
12.290000000000001,1.5662879995808399,-1.0765719108551639
12.300000000000001,1.555433151998928,-1.0945582269727274
12.31,1.5443934725422925,-1.1135537335049916
12.32,1.5331583850840846,-1.133657439910313
12.33,1.5217162545937852,-1.1549825230375228
12.34,1.5100542323983208,-1.1776590373329126
12.35,1.4981580711444951,-1.2018372922405287
12.359999999999999,1.4860119018782527,-1.2276920739177324
12.370000000000001,1.473597963393636,-1.2554280520242063
12.380000000000001,1.4608962705865791,-1.2852866659879245
12.390000000000001,1.4478842043701439,-1.3175549512593099
12.4,1.4345359993282509,-1.3525773794390963
12.41,1.4208220957807065,-1.3907713234490962
12.42,1.4067083104078373,-1.4326481916767382
12.43,1.3921547590303296,-1.4788424264603159
12.44,1.3771144350019613,-1.5301521059697964
12.450000000000001,1.3615312993315751,-1.5875972500217679
12.460000000000001,1.3453376613525161,-1.6525054301269011
12.470000000000001,1.3284505013586925,-1.7266414117103681
12.48,1.3107661646958157,-1.8124095321885689
12.49,1.2921524581856387,-1.9131829199805488
12.5,1.272436420221831,-2.0338635416468849
12.51,1.2513845074584724,-2.1818902262887221
12.52,1.2286686241624591,-2.3691816807318884
12.530000000000001,1.2038035553356259,-2.6162225744129959
12.540000000000001,1.1760204427479168,-2.9616893831974855
12.550000000000001,1.1439761953073846,-3.4889310858644991
12.56,1.1049509300585798,-4.417270025779195
12.57,1.0518706345934425,-6.5558029943571796
12.58,0.95363198242899572,-16.035476711792001
12.59,-0.85745840277832186,-1334.4742427214148
12.6,-2.0005778621922343,0.66622276779552314
12.609999999999999,-1.9938970533848455,0.66995021757388451
12.620000000000001,-1.9871786298604053,0.6737460643549491
12.630000000000001,-1.9804218969428244,0.67761246496043326
12.640000000000001,-1.9736261378891777,0.68155167598793953
12.65,-1.9667906128912918,0.68556605587413877
12.66,-1.9599145580168769,0.68965807207128627
12.67,-1.9529971840867817,0.69383030763678932
12.68,-1.9460376754839956,0.69808546830841156
12.69,-1.9390351888892501,0.70242639011651675
12.700000000000001,-1.9319888519376121,0.70685604758225451
12.710000000000001,-1.9248977617899468,0.71137756255577789
12.720000000000001,-1.9177609836125404,0.71599421375441052
12.73,-1.9105775489575787,0.72070944706728368
12.74,-1.9033464540364367,0.72552688670030019
12.75,-1.8960666578769791,0.73045034724367963
12.76,-1.8887370803551957,0.73548384675376277
12.77,-1.881356600090524,0.74063162095139012
12.780000000000001,-1.8739240521931348,0.74589813865129573
12.790000000000001,-1.8664382258502465,0.75128811855073507
12.800000000000001,-1.858897861737151,0.75680654752113807
12.81,-1.851301649237157,0.76245870056455667
12.82,-1.8436482234528877,0.76825016261694301
12.83,-1.8359361619894685,0.77418685240379348
12.84,-1.8281639814879402,0.78027504858045138
12.85,-1.8203301338847635,0.78652141842030465
12.859999999999999,-1.8124330023704738,0.79293304934964626
12.870000000000001,-1.8044708970173555,0.79951748366923114
12.880000000000001,-1.7964420500423808,0.80628275685021356
12.890000000000001,-1.7883446106674814,0.81323743984766927
12.9,-1.7801766395345275,0.82039068593943532
12.91,-1.7719361026268896,0.82775228267363599
12.92,-1.7636208646432228,0.8353327095966101
12.93,-1.7552286817618903,0.84314320253707098
12.94,-1.746757193726076,0.85119582534488469
12.950000000000001,-1.7382039151699558,0.85950355012797852
12.960000000000001,-1.7295662260950335,0.86808034720298655
12.970000000000001,-1.7208413613925648,0.87694128618047029
12.98,-1.712026399292645,0.88610264985057741
12.99,-1.7031182486024048,0.89558206282935826
13,-1.6941136345744654,0.90539863728048253
13.01,-1.6850090832215743,0.91557313845599997
13.02,-1.6758009038633839,0.92612817332113351
13.030000000000001,-1.6664851696556147,0.93708840616442857
13.040000000000001,-1.6570576958090655,0.94848080587515404
13.050000000000001,-1.6475140151544505,0.96033493053218277
13.06,-1.637849350646899,0.97268325614116768
13.07,-1.6280585843283848,0.98556155784303257
13.08,-1.6181362221727453,0.99900934401062724
13.09,-1.6080763541901464,1.013070390242236
13.1,-1.5978726086720842,1.027793376777933
13.109999999999999,-1.5875181001520065,1.0432325411164107
13.120000000000001,-1.5770053692410058,1.0594485595018199
13.130000000000001,-1.5663263132896026,1.0765095933890061
13.140000000000001,-1.5554721057733087,1.0944924797909954
13.15,-1.5444331022931306,1.113484226794238
13.16,-1.5331987302451187,1.1335837976081207
13.17,-1.5217573586256861,1.1549043142166542
13.18,-1.5100961433891842,1.177575765445906
13.19,-1.498200842530454,1.2017483817271959
13.200000000000001,-1.4860555933148583,1.2275968533581887
13.210000000000001,-1.4736426418181547,1.2553257323388223
13.220000000000001,-1.4609420115254508,1.2851763131102611
13.23,-1.4479310935634888,1.3174354498514524
13.24,-1.4345841347703754,1.3524473847699288
13.25,-1.4208715903158773,1.3906291978791101
13.26,-1.4067592950746652,1.4324919171247505
13.27,-1.3922073874372436,1.4786694831789398
13.280000000000001,-1.377168889148924,1.5299593013635087
13.290000000000001,-1.3615877975041104,1.5873804698895606
13.300000000000001,-1.345396469061557,1.6522592681254664
13.31,-1.3285119468887916,1.7263586024238893
13.32,-1.3108306618530499,1.8120800479319732
13.33,-1.2922205407472076,1.9127924737232087
13.34,-1.2725087963032549,2.0333909813981013
13.35,-1.2514621497112917,2.1813027077911609
13.359999999999999,-1.2287529290411587,2.368425033672978
13.370000000000001,-1.2038966475827055,2.6152001334119279
13.380000000000001,-1.1761258218909141,2.9602091603552121
13.390000000000001,-1.1441003227304054,3.4865486336635785
13.4,-1.1051080574572736,4.4126817369271629
13.41,-1.0521037293415714,6.5432289917930753
13.42,-0.95420116152044199,15.950276493338849
13.43,0.81020977929498239,1320.1150800186226
13.44,2.0006015746283126,-0.66620962038525577
13.450000000000001,1.9939208984867864,-0.66993683057637121
13.460000000000001,1.9872026100623486,-0.67373243010713424
13.470000000000001,1.9804460147558807,-0.67759857564796577
13.48,1.9736503959047211,-0.68153752340405371
13.49,1.9668150137846325,-0.68555163143498332
13.5,1.959939104551141,-0.68964336679357685
13.51,1.9530218791170262,-0.69381531211352565
13.52,1.9460625219615735,-0.69807017268277616
13.530000000000001,1.9390601898664468,-0.70241078405377289
13.540000000000001,1.9320140105725789,-0.70684012023945886
13.550000000000001,1.9249230813519369,-0.71136130254912611
13.56,1.9177864674874963,-0.71597760912396802
13.57,1.9106032006540805,-0.72069248523886342
13.58,1.903372277192048,-0.72550955444420984
13.59,1.8960926562650231,-0.73043263063003216
13.6,1.8887632578919948,-0.73546573110399882
13.609999999999999,1.8813829608431478,-0.74061309078562543
13.620000000000001,1.8739506003876945,-0.74587917763108424
13.630000000000001,1.8664649658807879,-0.75126870941672164
13.640000000000001,1.8589247981751991,-0.75678667202511962
13.65,1.8513287868419688,-0.76243833939528483
13.66,1.8436755671824829,-0.7682292953190093
13.67,1.8359637170125085,-0.77416545728881436
13.68,1.8281917531965368,-0.78025310262968206
13.69,1.8203581279083092,-0.78649889717766786
13.700000000000001,1.8124612245905927,-0.79290992680404915
13.710000000000001,1.8044993535840967,-0.79949373212489616
13.720000000000001,1.7964707473917603,-0.80625834678352937
13.73,1.7883735555405449,-0.81321233974887475
13.74,1.7802058389980722,-0.82036486213723336
13.75,1.7719655640960355,-0.82772569914045813
13.76,1.7636505959060398,-0.83530532773202626
13.77,1.7552586910063113,-0.84311498092633907
13.780000000000001,1.7467874895693623,-0.85116671948920331
13.790000000000001,1.7382345066910247,-0.85947351214245138
13.800000000000001,1.7295971228699734,-0.86804932547764291
13.81,1.7208725735337598,-0.87690922499883284
13.82,1.7120579374919465,-0.88606948895940163
13.83,1.7031501241788822,-0.89554773695195888
13.84,1.694145859527342,-0.90536307556468565
13.85,1.6850416702890536,-0.9155362638461243
13.859999999999999,1.6758338665881889,-0.92608990184129214
13.870000000000001,1.6665185224581975,-0.93704864609799665
13.880000000000001,1.6570914540696193,-0.94843945682214637
13.890000000000001,1.6475481953050444,-0.96029188232249785
13.9,1.6378839702753132,-0.9726383875769089
13.91,1.6280936622955093,-0.98551473523725397
13.92,1.6181717787457777,-0.99896041953435932
13.93,1.6081124111941947,-1.0130191998419793
13.94,1.5979091896633977,-1.027739737630561
13.950000000000001,1.5875552306176628,-1.043176249467695
13.960000000000001,1.5770430768273136,-1.0593893866677284
13.970000000000001,1.5663646280683394,-1.0764472822422488
13.98,1.5555110605505336,-1.0944267397346858
13.99,1.5444727329710253,-1.113414728137619
14,1.5332390762474266,-1.1335101644353405
14.01,1.5217984634014743,-1.1548261157764568
14.02,1.5101380550130012,-1.1774925054037515
14.030000000000001,1.4982436144225357,-1.2016594847823669
14.040000000000001,1.4860992851119865,-1.2275016484096601
14.050000000000001,1.4736873204352592,-1.2552234307032453
14.06,1.4609877524622183,-1.28506598121452
14.07,1.4479779825277035,-1.3173159729842563
14.08,1.4346322697169096,-1.3523174190028939
14.09,1.4209210840404123,-1.3904871066139186
14.1,1.4068102785552463,-1.4323356836517671
14.109999999999999,1.3922600142058352,-1.4784965895874074
14.120000000000001,1.3772233411075272,-1.5297665575643371
14.130000000000001,1.3616442928105976,-1.5871637651757697
14.140000000000001,1.3454552730573301,-1.652013201148588
14.15,1.3285733876281001,-1.7260759151064315
14.16,1.3108951528207398,-1.8117507237507302
14.17,1.2922886152581088,-1.9124022433200836
14.18,1.2725811617813181,-2.0329187221401419
14.19,1.2515397777234238,-2.1807156272200854
14.200000000000001,1.2288372142353876,-2.3676690600637276
14.210000000000001,1.2039897114469236,-2.6141788084507378
14.220000000000001,1.1762311574288842,-2.958730993533
14.23,1.1442243760865194,-3.4841706213170238
14.24,1.1052650352519167,-4.4081058974629945
14.25,1.0523363975678341,-6.5307120020806098
14.26,0.95476737907131171,-15.865933479539477
14.27,-0.76352918148155613,-1302.3739020764801
14.280000000000001,-2.0006252895296788,0.66619647208084598
14.290000000000001,-1.9939447460615938,0.66992344308749363
14.300000000000001,-1.9872265927449673,0.67371879506879118
14.31,-1.9804701350575529,0.67758468553993834
14.32,-1.9736746564168499,0.68152337002190444
14.33,-1.9668394171825534,0.68553720619519254
14.34,-1.9599636535980023,0.68962866071321283
14.35,-1.9530465766679026,0.69380031578597812
14.359999999999999,-1.9460873709678324,0.69805487625166007
14.370000000000001,-1.9390851933803848,0.70239517718482369
14.380000000000001,-1.9320391717523495,0.7068241920902596
14.390000000000001,-1.9249484034667934,0.71134504173644952
14.4,-1.9178119539233744,0.71596100368851756
14.41,-1.9106288549195467,0.72067552260715428
14.42,-1.903398102924645,0.72549222138732639
14.43,-1.8961186572380442,0.73041491321894103
14.44,-1.8887894380217249,0.73544761466107977
14.450000000000001,-1.881409324196607,0.74059455983203182
14.460000000000001,-1.873977151190938,0.7458602158295069
14.470000000000001,-1.8664917085277897,0.75124929950907027
14.48,-1.8589517372373991,0.75676679576458283
14.49,-1.851355927078526,0.76241797747214768
14.5,-1.8437029135513023,0.76820842727955818
14.51,-1.8359912746821185,0.77414406144654613
14.52,-1.8282195275588966,0.78023115596792225
14.530000000000001,-1.8203861245926358,0.7864763752426267
14.540000000000001,-1.8124894494783159,0.79288680358717978
14.550000000000001,-1.8045278128250362,0.79946997993323776
14.56,-1.7964994474216789,0.80623393609659588
14.57,-1.7884025031002004,0.81318723906038481
14.58,-1.7802350411539374,0.82033903777974471
14.59,-1.7719950282628651,0.82769911509071015
14.6,-1.7636803298714927,0.83527794539438804
14.609999999999999,-1.7552887029578592,0.84308675889141771
14.620000000000001,-1.7468177881237499,0.85113761326419057
14.630000000000001,-1.7382651009265853,0.85944347384916309
14.640000000000001,-1.7296280223621436,0.86801830351363451
14.65,-1.7209037883941916,0.8768771636560867
14.66,-1.7120894784116694,0.88603632799419751
14.67,-1.7031820024760418,0.89551341109835603
14.68,-1.6941780872001235,0.90532751398266798
14.69,-1.6850742600744937,0.91549938949377185
14.700000000000001,-1.6758668320276944,0.9260516307583585
14.710000000000001,-1.6665518779707438,0.93700888658565928
14.720000000000001,-1.6571252150337257,0.94839810850075001
14.73,-1.6475823781508914,0.96024883504521608
14.74,-1.6379185925885427,0.97259352017257461
14.75,-1.6281287429345859,0.9854679140497048
14.76,-1.6182073379751425,0.99891149677027735
14.77,-1.6081484708358127,1.0129680114898729
14.780000000000001,-1.5979457732699316,1.0276861009142546
14.790000000000001,-1.5875923636720901,1.0431199606890338
14.800000000000001,-1.5770807869712227,1.0593302172093999
14.81,-1.5664029453680712,1.0763849750546339
14.82,-1.5555500178058652,1.094361004313515
14.83,-1.5445123660768458,1.1133452349022845
14.84,-1.5332794246189763,1.1334365376022724
14.85,-1.5218395704778609,1.1547479247540069
14.859999999999999,-1.5101799688570581,1.177409254051395
14.870000000000001,-1.4982863884406337,1.2015705980369438
14.880000000000001,-1.4861429789243925,1.2274064554634523
14.890000000000001,-1.4737320009371189,1.2551211432390765
14.9,-1.4610334951293276,1.284955666116993
14.91,-1.4480248730387755,1.3171965161260872
14.92,-1.4346804059911107,1.3521874772070115
14.93,-1.4209705788291322,1.390345044260483
14.94,-1.4068612627809671,1.4321794853252441
14.950000000000001,-1.3923126413299134,1.4783237391168293
14.960000000000001,-1.3772777929409445,1.5295738672439647
14.970000000000001,-1.3617007873919307,1.5869471276335774
14.98,-1.3455140755686232,1.6517672198210962
14.99,-1.3286348259059275,1.7257933389708315
15,-1.3109596400447219,1.8114215470515453
15.01,-1.2923566843014125,1.9120122138043287
15.02,-1.2726535194039821,2.0324467456856281
15.030000000000001,-1.251617394446114,2.180128961826115
15.040000000000001,-1.2289214829555875,2.3669137303267362
15.050000000000001,-1.2040827504848188,2.6131585589293902
15.06,-1.1763364534129002,2.9572548222874495
15.07,-1.1443483602131506,3.4817969459748741
15.08,-1.1054218697936,4.4035422830942474
15.09,-1.0525686500060649,6.5182511767285982
15.1,-0.95533066925195009,15.782433715568505
15.109999999999999,0.71752935649260063,1281.6341051429827
15.120000000000001,2.0006490036788458,-0.66618332487394005
15.130000000000001,1.9939685928742346,-0.66991005631098366
15.140000000000001,1.9872505746551075,-0.67370516108524225
15.15,1.9804942545760209,-0.67757079652048446
15.16,1.9736989161347249,-0.68150921776136342
15.17,1.9668638197748329,-0.68552278211151596
15.18,1.9599882018274819,-0.68961395582503571
15.19,1.9530712733892885,-0.69378532068835841
15.200000000000001,1.9461122191321045,-0.6980395810899801
15.210000000000001,1.9391101960394375,-0.70237957162669518
15.220000000000001,1.9320643320639115,-0.70680826529526219
15.23,1.9249737246996739,-0.7113287823234774
15.24,1.9178374394630426,-0.71594439970053536
15.25,1.9106545082740796,-0.72065856147308205
15.26,1.9034239277310705,-0.72547488988081976
15.27,1.8961446572691152,-0.73039719741370956
15.280000000000001,1.8888156171931558,-0.73542949988243123
15.290000000000001,1.8814356865748219,-0.74057603060425803
15.300000000000001,1.8740037010013559,-0.74584125581865568
15.31,1.8665184501637189,-0.75122989146065755
15.32,1.8589786752695758,-0.7567469214356598
15.33,1.8513830662653643,-0.76239761755715274
15.34,1.8437302588499198,-0.76818756132925137
15.35,1.8360188312602101,-0.774122667779231
15.359999999999999,1.8282473008075382,-0.78020921157212375
15.370000000000001,1.8204141201401076,-0.78645385567016857
15.380000000000001,1.8125176732050488,-0.79286368283558095
15.390000000000001,1.8045562708797918,-0.79944623031610973
15.4,1.7965281462390923,-0.80620952810058255
15.41,1.7884314494198277,-0.81316214118694852
15.42,1.780264242040968,-0.82031321636987553
15.43,1.7720244911306833,-0.82767253413033548
15.44,1.7637100625062905,-0.83525056629790317
15.450000000000001,1.7553187135455348,-0.84305854026040683
15.460000000000001,1.7468480852793642,-0.85110851061786563
15.470000000000001,1.7382956937266574,-0.85941343932254644
15.48,1.7296589203801591,-0.86798728551879778
15.49,1.7209350017396983,-0.87684510650103242
15.5,1.7121210177734243,-0.8860031714528992
15.51,1.7032138791697327,-0.8954790899244659
15.52,1.6942103132212709,-0.90529195735791945
15.530000000000001,1.6851068481572375,-0.91546252040046872
15.540000000000001,1.6758997957102963,-0.92601336526326583
15.550000000000001,1.6665852316687377,-0.93696913302019746
15.56,1.6571589741218762,-0.94835676651919787
15.57,1.6476165590552621,-0.96020579453895383
15.58,1.6379532128902523,-0.97254866001358575
15.59,1.6281638214871164,-0.98542110063073751
15.6,1.6182428950374299,-0.99886258235369141
15.610000000000001,1.608184528223719,-1.0129168321284296
15.620000000000001,1.5979823545293468,-1.0276324739034399
15.630000000000001,1.5876294942784268,-1.0430636824144186
15.640000000000001,1.5771184945576062,-1.0592710591513526
15.65,1.5664412599913351,-1.0763226802760295
15.66,1.5555889722550551,-1.094295282442058
15.67,1.544551996234689,-1.1132757565121618
15.68,1.533319769886867,-1.1333629270930932
15.69,1.5218806742790671,-1.1546697517520237
15.700000000000001,1.5102218792361781,-1.1773260226772841
15.710000000000001,1.498329158782937,-1.2014817335429462
15.720000000000001,1.4861866688255589,-1.2273112874259262
15.73,1.4737766772634464,-1.2550188838136704
15.74,1.4610792333224991,-1.2848453827722588
15.75,1.4480717587368277,-1.3170770954693933
15.76,1.434728537064246,-1.3520575769941416
15.77,1.421020067969186,-1.3902030300710473
15.780000000000001,1.4069122408371324,-1.4320233433099652
15.790000000000001,1.3923652616721902,-1.4781509551839853
15.800000000000001,1.3773322372647083,-1.5293812565009905
15.81,1.3617572735870109,-1.5867305865965167
15.82,1.3455728686219031,-1.6515213574373222
15.83,1.328696253392075,-1.7255109122459524
15.84,1.311024114782442,-1.8110925623387282
15.85,1.2924247386505163,-1.9116224378607252
15.860000000000001,1.2727258593657009,-2.0319751157069663
15.870000000000001,1.2516949893649718,-2.1795427906046858
15.880000000000001,1.22900572379291,-2.3661591458703599
15.890000000000001,1.2041757521128431,-2.6121395211541154
15.9,1.1764416956288606,-2.9557808420951757
15.91,1.1444722584430418,-3.4794279162106232
15.92,1.105578540235759,-4.3989914602926357
15.93,1.0528004571254257,-6.505847826392718
15.94,0.95589099520588128,-15.699776321454163
15.950000000000001,-0.67231591079991748,-1258.2874683275866
15.960000000000001,-2.0006727159974922,0.66617017937479073
15.970000000000001,-1.9939924378401286,0.66989667118560881
15.98,-1.9872745547019348,0.67369152877877636
15.99,-1.9805183722141915,0.67755690922121647
16,-1.9737231739548768,0.68149506726599507
16.010000000000002,-1.9668882204515041,0.68550835983987324
16.02,-1.9600127481229914,0.68959925279773227
16.030000000000001,-1.953095968157841,0.69377032750254819
16.039999999999999,-1.9461370653241652,0.69802428789325477
16.050000000000001,-1.9391351967063513,0.70236396808901702
16.059999999999999,-1.9320894903628434,0.70679234057869678
16.07,-1.9249990438988376,0.7113125250495631
16.080000000000002,-1.9178629229472874,0.71592779791503225
16.09,-1.9106801595508358,0.72064160260789678
16.100000000000001,-1.9034497504366843,0.72545756071277334
16.109999999999999,-1.8961706551756294,0.73037948401988262
16.120000000000001,-1.8888417942155373,0.73541138759173441
16.129999999999999,-1.8814620467787093,0.74055750394482145
16.140000000000001,-1.8740302486113427,0.74582229846062997
16.149999999999999,-1.8665451895722494,0.75121048615393859
16.16,-1.8590056110464721,0.75672704994199591
16.170000000000002,-1.8514102031680797,0.76237726057601496
16.18,-1.8437576018345621,0.76816669841679275
16.190000000000001,-1.8360463854934026,0.77410127725956357
16.199999999999999,-1.8282750716792306,0.78018727044000113
16.210000000000001,-1.8204421132773856,0.78643133948414035
16.219999999999999,-1.8125458944870811,0.79284056560041283
16.23,-1.8045847264539989,0.7994224843532487
16.240000000000002,-1.7965568425386893,0.80618512390513908
16.25,-1.7884603931828649,0.81313704726955871
16.260000000000002,-1.7802934403310282,0.82028739908149029
16.27,-1.7720539513594458,0.82764595746769754
16.280000000000001,-1.7637397924581237,0.83522319168719694
16.289999999999999,-1.755348721404399,0.84303032631606478
16.300000000000001,-1.7468783796582348,0.85107941287314359
16.309999999999999,-1.738326283699833,0.85938340992783258
16.32,-1.7296898155187361,0.86795627290304223
16.330000000000002,-1.7209662121506617,0.87681305499076756
16.34,-1.7121525541427769,0.88597002084252308
16.350000000000001,-1.7032457528101865,0.89544477499019104
16.359999999999999,-1.6942425361251403,0.9052564073064423
16.370000000000001,-1.6851394330551901,0.91542565824179412
16.379999999999999,-1.6759327561368271,0.92597510709498754
16.390000000000001,-1.6666185820352881,0.93692938720812768
16.399999999999999,-1.6571927297987596,0.94831543275610153
16.41,-1.6476507364636763,0.96016276275940327
16.420000000000002,-1.6379878296059953,0.97250380913820744
16.43,-1.6281988963578353,0.98537429710723345
16.440000000000001,-1.6182784483156347,0.99881367850679503
16.449999999999999,-1.6082205817181876,1.0128656640825551
16.460000000000001,-1.5980189317781104,1.027578859034052
16.469999999999999,-1.5876666207481898,1.0430074171999841
16.48,-1.5771561978717736,1.0592119151802804
16.490000000000002,-1.5664795701958663,1.0762604007353025
16.5,-1.5556279221267866,1.0942295771044659
16.510000000000002,-1.5445916216425599,1.1132062961215716
16.52,-1.5333601102166452,1.1332893362492398
16.530000000000001,-1.521921772936206,1.1545916003184982
16.539999999999999,-1.5102637842448767,1.1772428150583043
16.550000000000001,-1.4983719235049342,1.2013928953320798
16.559999999999999,-1.4862303528292564,1.2272161486137945
16.57,-1.4738213473832638,1.254916657064201
16.580000000000002,-1.4611249649626059,1.2847351361798625
16.59,-1.4481186374907196,1.3169577164260324
16.600000000000001,-1.4347766607487522,1.3519277242486245
16.609999999999999,-1.4210695492115062,1.3900610704755674
16.620000000000001,-1.4069632104072871,1.4318672646714212
16.629999999999999,-1.3924178728419296,1.477978245601937
16.640000000000001,-1.3773866716056475,1.5291887340374746
16.649999999999999,-1.3618137488304662,1.586514151837378
16.66,-1.3456316495477509,1.6512756250784706
16.670000000000002,-1.3287576672984802,1.7252286476389298
16.68,-1.3110885741088849,1.8107637843803224
16.690000000000001,-1.2924927752199504,1.9112329329320241
16.699999999999999,-1.2727981783896554,2.0315038532179268
16.710000000000001,-1.2517725589697677,2.1789571395069145
16.719999999999999,-1.2290899329443015,2.365405339774509
16.73,-1.2042687121468678,2.6111217390752075
16.740000000000002,-1.1765468793721077,2.9543091146747149
16.75,-1.1445960653130307,3.4770636251909917
16.760000000000002,-1.1057350399208581,4.3944535803587108
16.77,-1.0530318104607956,6.4935021234678834
16.780000000000001,-0.95644836237538156,15.617953344726361
16.789999999999999,0.62797667970334436,1232.7204088002977
16.800000000000001,2.000696426925995,-0.66615703509730517
16.809999999999999,1.9940162814022968,-0.66988328693693067
16.82,1.9872985333325293,-0.67367789671543044
16.830000000000002,1.9805424884236076,-0.67754302213773443
16.84,1.9737474303330753,-0.68148091696480195
16.850000000000001,1.9669126196741809,-0.68549393781720902
16.859999999999999,1.9600372929493486,-0.6895845513434351
16.870000000000001,1.9531206614411982,-0.69375533594435146
16.879999999999999,1.9461619100145151,-0.69800899637166813
16.890000000000001,1.9391601958545579,-0.7023483662760881
16.899999999999999,1.9321146471255617,-0.70677641763877053
16.91,1.9250243615437532,-0.7112962696065952
16.920000000000002,1.9178884048586939,-0.71591119801736613
16.93,1.9107058092355784,-0.72062464569017726
16.940000000000001,1.903475571530501,-0.72544023355473752
16.949999999999999,1.8961966514499191,-0.73036177270172542
16.960000000000001,1.8888679695845956,-0.73539327744568672
16.969999999999999,1.8814884053074661,-0.74053897950255443
16.98,1.8740567945236501,-0.74580334339608767
16.990000000000002,1.8665719272597634,-0.7511910832210712
17,1.8590325450781973,-0.75670718090689659
17.010000000000002,1.8514373383005971,-0.76235690614282303
17.02,1.843784943023058,-0.76814583814667092
17.030000000000001,1.8360739379035327,-0.77407988948200757
17.039999999999999,1.8283028406999153,-0.78016533215557116
17.050000000000001,1.820470104534625,-0.78640882625763964
17.059999999999999,1.8125741138588913,-0.79281745144336124
17.07,1.8046131800865808,-0.79939874159439217
17.080000000000002,1.7965855368639601,-0.80616072304749964
17.09,1.7884893349374917,-0.81311195683235138
17.100000000000001,1.7803226365771274,-0.8202615854249784
17.109999999999999,1.7720834095071265,-0.8276193845987635
17.120000000000001,1.7637695202900849,-0.83519582104307022
17.129999999999999,1.7553787271028083,-0.84300211652324242
17.140000000000001,1.746908671834158,-0.85105031947807463
17.150000000000002,1.7383568714255098,-0.85935338509537362
17.16,1.7297207083630679,-0.86792526507801193
17.170000000000002,1.7209974202182599,-0.87678100851717922
17.18,1.7121840881170867,-0.8859368755340572
17.190000000000001,1.7032776240011662,-0.89541046564436599
17.199999999999999,1.6942747565221192,-0.90522086315357453
17.210000000000001,1.6851720153856069,-0.91538880231812236
17.219999999999999,1.6759657139316679,-0.92593685552732607
17.23,1.6666519297021813,-0.93688964839492861
17.240000000000002,1.6572264827038503,-0.94827410642670351
17.25,1.6476849110236227,-0.96011973888945779
17.260000000000002,1.638022443391606,-0.97245896669466625
17.27,1.6282339682112754,-0.98532750259020163
17.280000000000001,1.6183139984833792,-0.99876478430054383
17.289999999999999,1.6082566320023342,-1.0128145063800278
17.300000000000001,1.5980555057093033,-1.0275252552871723
17.309999999999999,1.5877037437848915,-1.0429511639762143
17.32,1.5771938976282103,-1.059152784171679
17.330000000000002,1.5665178767076964,-1.076198135248011
17.34,1.5556668681592505,-1.0941638870508039
17.350000000000001,1.5446312430515012,-1.1131368524087255
17.359999999999999,1.5334004463729569,-1.1332157636698352
17.370000000000001,1.5219628672283638,-1.1545134689651457
17.379999999999999,1.5103056846775904,-1.1771596296092006
17.390000000000001,1.498414683417455,-1.2013040817109464
17.400000000000002,1.4862740317638379,-1.2271210372125365
17.41,1.4738660121437597,-1.2548144610396363
17.420000000000002,1.4611706909171036,-1.2846249242341321
17.43,1.4481655101898283,-1.3168383767139462
17.440000000000001,1.4348247779578081,-1.3517979164856928
17.449999999999999,1.4211190234952664,-1.3899191627543674
17.460000000000001,1.4070141724591403,-1.4317112464151984
17.469999999999999,1.3924704758383439,-1.4778056070515766
17.48,1.3774410969980406,-1.52899629614594
17.490000000000002,1.3618702141959198,-1.5862978191775219
17.5,1.3456904194643804,-1.651030017984926
17.510000000000002,1.3288190687944772,-1.7249465396598951
17.52,1.3111530192527796,-1.8104352067472878
17.530000000000001,1.2925607953086518,-1.9108436913464295
17.539999999999999,1.2728704778594937,-2.0310329488435563
17.550000000000001,1.2518501047493396,-2.1783719967140218
17.559999999999999,1.2291741120339794,-2.3646522964965371
17.57,1.2043616323945598,-2.6101051909783646
17.580000000000002,1.1766520067185975,-2.9528396067629412
17.59,1.1447197833427016,-3.4747040134345895
17.600000000000001,1.1058913722853783,-4.3899285014834071
17.609999999999999,1.0532627164750425,-6.481213443568663
17.620000000000001,0.95700281088244255,-15.53695175097878
17.629999999999999,-0.58458314387640731,-1205.3056625899799
17.640000000000001,-2.0007201376076988,0.66614389135297825
17.650000000000002,-1.9940401247098092,0.66986990410398495
17.66,-1.9873225116997693,0.67366426731006079
17.670000000000002,-1.9805666043582328,0.67752913833488171
17.68,-1.9737716864251948,0.68146677009825929
17.690000000000001,-1.9669370185960748,0.68547951923188932
17.699999999999999,-1.9600618374653018,0.68956985079571487
17.710000000000001,-1.9531453544051065,0.69374034530609552
17.719999999999999,-1.9461867543760536,0.69799370580318043
17.73,-1.9391851946642489,0.70233276545120449
17.740000000000002,-1.9321398035396995,0.7067604957236151
17.75,-1.9250496788296518,0.71128001522700701
17.760000000000002,-1.9179138864002481,0.71589459922369714
17.77,-1.9107314585392168,0.72060768991921675
17.780000000000001,-1.9035013922315223,0.72542290758852046
17.789999999999999,-1.8962226473192603,0.73034406262289997
17.800000000000001,-1.8888941445360634,0.7353751685891049
17.809999999999999,-1.8815147634054754,0.74052045640270303
17.82,-1.8740833399915089,0.74578438972992633
17.830000000000002,-1.8665986644885544,0.75117168174579896
17.84,-1.8590594786363104,0.7566873133920915
17.850000000000001,-1.8514644729439704,0.76233655329637084
17.859999999999999,-1.8438122837061934,0.768124979533782
17.870000000000001,-1.8361014897913595,0.77405850343653892
17.879999999999999,-1.828330609180582,0.78014339568280122
17.890000000000001,-1.820498095233311,0.78638631492746491
17.900000000000002,-1.8126023326527358,0.79279433927283482
17.91,-1.8046416331208592,0.7993750009182472
17.920000000000002,-1.7966142305695925,0.80613632437527472
17.93,-1.7885182760500833,0.81308686869034896
17.940000000000001,-1.7803518321576581,0.82023577418118898
17.949999999999999,-1.7721128669644894,0.82759281426850384
17.960000000000001,-1.7637992474056736,0.83516845307279419
17.969999999999999,-1.755408732057389,0.84297390954954998
17.98,-1.7469389632372889,0.85102122905850397
17.990000000000002,-1.7383874583478101,0.85932336340698445
18,-1.7297516003716813,0.86789426057906183
18.010000000000002,-1.7210286274159072,0.87674896556653148
18.02,-1.7122156211851642,0.88590373396181676
18.030000000000001,-1.7033094942474098,0.8953761602662762
18.039999999999999,-1.6943069759334437,0.90518532322021639
18.050000000000001,-1.6852045966868225,0.91535195088832444
18.059999999999999,-1.6759986706508931,0.92589860875315932
18.07,-1.6666852762439097,0.9368499147031486
18.080000000000002,-1.657260234430795,0.94823278557845503
18.09,-1.647719084348662,0.96007672089628793
18.100000000000001,-1.6380570558813967,0.97241413056410764
18.109999999999999,-1.6282690387033949,0.98528071486843882
18.120000000000001,-1.618349547219224,0.9987158974243846
18.129999999999999,-1.6082926807783573,1.0127633566031844
18.140000000000001,-1.5980920780498635,1.0274716601293685
18.150000000000002,-1.5877408651414278,1.0428949200842537
18.16,-1.577231595607073,1.0590936633304389
18.170000000000002,-1.5665561813356641,1.0761358808706161
18.18,-1.555705812191527,1.094098209175314
18.190000000000001,-1.5446708623325311,1.1130674220900185
18.199999999999999,-1.5334407802606178,1.1331422058756135
18.210000000000001,-1.5220039590962093,1.1544353539965972
18.219999999999999,-1.510347582513123,1.1770764623949255
18.23,-1.498457440539958,1.2012152884775211
18.240000000000002,-1.4863177076922622,1.227025948721201
18.25,-1.4739106736545315,1.2547122909026605
18.260000000000002,-1.4612164133458336,1.2845147417169052
18.27,-1.4482123790482933,1.3167190706810106
18.280000000000001,-1.4348728909645154,1.3516681475551255
18.289999999999999,-1.421168493157879,1.3897773001809774
18.300000000000001,-1.4070651294006422,1.431555281142088
18.309999999999999,-1.3925230731472396,1.4776330313402402
18.32,-1.377495516014223,1.5288039336869128
18.330000000000002,-1.3619266723526431,1.5860815783326363
18.34,-1.3457491811506779,1.6507845244664148
18.350000000000001,-1.3288804607842832,1.7246645748600558
18.359999999999999,-1.3112174532635874,1.8101068137428198
18.370000000000001,-1.2926288021371095,1.9104546944564871
18.379999999999999,-1.2729427612011543,2.0305623799348465
18.390000000000001,-1.251927630382635,2.1777873339211289
18.400000000000002,-1.2292582650631538,2.3638999792905548
18.41,-1.2044545172865913,2.6090898265533076
18.420000000000002,-1.176757082710419,2.9513722438189021
18.43,-1.1448434185392782,3.4723489553446458
18.440000000000001,-1.1060475451650646,4.3854159557156747
18.449999999999999,-1.0534931880940628,6.4689808249090843
18.460000000000001,-0.95755439584521629,15.456756504465757
18.469999999999999,0.54219261996487467,1176.3965535826444
18.48,2.0007438461988065,-0.66613074963174068
18.490000000000002,1.9940639659105723,-0.66985652268447005
18.5,1.9873464879401093,-0.67365063948419934
18.510000000000002,1.9805907181490479,-0.67751525516573807
18.52,1.9737959403561487,-0.68145262384514405
18.530000000000001,1.9669614153405295,-0.68546510132279881
18.539999999999999,1.9600863797843446,-0.68955515225655561
18.550000000000001,1.9531700451516611,-0.69372535673960012
18.559999999999999,1.9462115964992401,-0.69797841736285149
18.57,1.9392101912140143,-0.70231716681327139
18.580000000000002,1.9321649576717403,-0.70674457605679641
18.59,1.9250749938106493,-0.71126376315990802
18.600000000000001,1.9179393656134434,-0.71587800280959801
18.609999999999999,1.9107571054903523,-0.72059073659801687
18.620000000000001,1.9035272105551786,-0.72540558414556455
18.629999999999999,1.8962486407856216,-0.73032635514435684
18.640000000000001,1.8889203170581481,-0.7353570624135749
18.650000000000002,1.881541119046868,-0.74050193606868286
18.66,1.8741098829746536,-0.74576543891864311
18.670000000000002,1.8666253992036186,-0.75115228321901761
18.68,1.8590864096507234,-0.75666744892427518
18.690000000000001,1.8514916050126595,-0.76231620360063923
18.699999999999999,1.8438396217825954,-0.76810412418095841
18.710000000000001,1.8361290390392804,-0.77403712076650877
18.719999999999999,1.8283583749869847,-0.78012146270731786
18.73,1.8205260832221222,-0.78636380722340804
18.740000000000002,1.8126305486997718,-0.79277123086476819
18.75,1.804670083369986,-0.7993512641490349
18.760000000000002,1.7966429214502453,-0.80611192976322776
18.77,1.7885472142962882,-0.81306178477127211
18.780000000000001,1.7803810248287169,-0.82020996733337848
18.789999999999999,1.7721423214675092,-0.82756624851847271
18.800000000000001,1.7638289715201454,-0.83514108987918234
18.809999999999999,1.7554387339620494,-0.84294570756223874
18.82,1.7469692515395272,-0.85099214384953914
18.830000000000002,1.7384180421159252,-0.85929334716928063
18.84,1.7297824891703304,-0.86786326178828943
18.850000000000001,1.7210598313451426,-0.87671692860066008
18.859999999999999,1.7122471509235122,-0.88587059867199736
18.870000000000001,1.7033413610995156,-0.89534186149148076
18.879999999999999,1.6943391918828872,-0.90514979023671838
18.890000000000001,1.6852371744548083,-0.91531510678344707
18.900000000000002,1.67603162376163,-0.92586036971066243
18.91,1.6667186190976571,-0.93681018918510484
18.920000000000002,1.6572939823856478,-0.94819147338552545
18.93,1.647753253812466,-0.96003371208432398
18.940000000000001,1.6380916644153054,-0.97236930419051226
18.949999999999999,1.6283041051389524,-0.98523393753570687
18.960000000000001,1.6183850917911928,-0.99866702163318455
18.969999999999999,1.608328725275876,-1.0127122186805313
18.98,1.5981286459891997,-1.0274180776767807
18.990000000000002,1.5877779819650502,-1.0428386898434339
19,1.5772692889113193,-1.0590345571966178
19.010000000000002,1.5665944811361414,-1.0760736423835198
19.02,1.5557447512308906,-1.0940325485209526
19.030000000000001,1.5447104764410731,-1.1129980104961508
19.039999999999999,1.5334811087801894,-1.1330686685137059
19.050000000000001,1.522045045382119,-1.1543572614092874
19.059999999999999,1.5103894745319826,-1.1769933197990934
19.07,1.4985001915870035,-1.2011265224464389
19.080000000000002,1.4863613772585647,-1.2269308904366327
19.09,1.4739553284839932,-1.2546101544923294
19.100000000000001,1.4612621287358081,-1.2844045970805336
19.109999999999999,1.4482592404651924,-1.3165998074775891
19.120000000000001,1.4349209960725351,-1.3515384274073883
19.129999999999999,1.4212179543989845,-1.3896354936301232
19.140000000000001,1.4071160773174423,-1.4313993808038401
19.150000000000002,1.3925756607285757,-1.4774605316871934
19.16,1.3775499244746374,-1.5286116613879726
19.170000000000002,1.3619831189650093,-1.5858654458481793
19.18,1.3458079300948387,-1.6505391632918853
19.190000000000001,1.3289418385551175,-1.724382774774825
19.199999999999999,1.3112818711963203,-1.8097786304150301
19.210000000000001,1.2926967904880389,-1.9100659718794408
19.219999999999999,1.2730150228721313,-2.0300921822291587
19.23,1.2520051299297537,-2.1772031953663471
19.240000000000002,1.2293423855918122,-2.3631484447575719
19.25,1.2045473597289293,-2.6080757214786856
19.260000000000002,1.1768620993449759,-2.9499071302792439
19.27,1.1449669616220268,-3.4699986324125134
19.280000000000001,1.1062035470283358,-4.3809162372014052
19.289999999999999,1.0537232096400015,-6.456804826898157
19.300000000000001,0.95810310312455116,-15.377362732563652
19.309999999999999,-0.50085535481855781,-1146.3269548312226
19.32,-2.0007675545996046,0.66611760836510214
19.330000000000002,-1.9940878069129324,0.66984314260198385
19.34,-1.9873704639764249,0.67363701193004744
19.350000000000001,-1.9806148317285359,0.67750137275205746
19.359999999999999,-1.9738201940680573,0.68143847837743654
19.370000000000001,-1.9669858118579453,0.68545068422716993
19.379999999999999,-1.9601109218680686,0.68954045456024404
19.390000000000001,-1.9531947356543158,0.69371036904677519
19.400000000000002,-1.9462364383696271,0.69796312982855324
19.41,-1.9392351875017542,0.70230156911535613
19.420000000000002,-1.932190111532178,0.70672865736572044
19.43,-1.9251003085100995,0.71124751210612303
19.440000000000001,-1.9179648445347621,0.71586140744835935
19.449999999999999,-1.9107827521388763,0.72057378437133157
19.460000000000001,-1.9035530285650606,0.72538826184102634
19.469999999999999,-1.8962746339265948,0.73030864885054447
19.48,-1.888946489242755,0.73533895747167533
19.490000000000002,-1.8815674743381934,0.74048341701994524
19.5,-1.8741364255946049,0.74574648944727251
19.510000000000002,-1.8666521335418036,0.75113288608995743
19.52,-1.859113340273977,0.75664758591542003
19.530000000000001,-1.8515187366752781,0.76229585542879896
19.539999999999999,-1.8438669594373469,0.76808327042093594
19.550000000000001,-1.8361565878492607,0.77401573976248117
19.559999999999999,-1.8283861403384019,0.78009953147568456
19.57,-1.8205540707380992,0.7863413013460625
19.580000000000002,-1.8126587642552696,0.79274812437172582
19.59,-1.8046985331079588,0.79932752938905871
19.600000000000001,-1.7966716117991541,0.80608753726104543
19.609999999999999,-1.7885761519891181,0.81303670306968456
19.620000000000001,-1.7804102169236562,0.8201841628182942
19.629999999999999,-1.7721717753704715,0.82753968522472698
19.640000000000001,-1.7638586950093416,0.83511372927450589
19.650000000000002,-1.755468735214837,0.84291750830648959
19.66,-1.7469995391618218,0.85096306152570311
19.670000000000002,-1.7384486251744278,0.85926333398232535
19.68,-1.7298133772279765,0.86783226622715348
19.690000000000001,-1.7210910345001238,0.87668489505797398
19.699999999999999,-1.7122786798523395,0.88583746701514665
19.710000000000001,-1.7033732271046478,0.89530756657744637
19.719999999999999,-1.6943714069455278,0.90511426136180451
19.73,-1.6852697512935739,0.91527826705731619
19.740000000000002,-1.6760645758979089,0.9258221353420365
19.75,-1.6667519609286132,0.93677046866406743
19.760000000000002,-1.6573277292659945,0.94815016654421069
19.77,-1.6477874221463285,0.95999070901409345
19.780000000000001,-1.6381262717597396,0.97232448398894988
19.789999999999999,-1.628339170320976,0.98518716685092078
19.800000000000001,-1.6184206350405561,0.99861815301788304
19.809999999999999,-1.6083647683761444,1.0126610885219269
19.82,-1.5981652124504335,1.0273645036435746
19.830000000000002,-1.5878150972227747,1.0427824687559319
19.84,-1.5773069805540898,1.0589754610420932
19.850000000000001,-1.5666327791707859,1.0760114148077475
19.859999999999999,-1.5557836883901328,1.0939668998346617
19.870000000000001,-1.5447500885439263,1.1129286120735908
19.879999999999999,-1.5335214351556359,1.1329951457000171
19.890000000000001,-1.5220861293706911,1.1542791849540948
19.900000000000002,-1.5104313640832434,1.1769101951678189
19.91,-1.4985429399764176,1.2010377765129863
19.920000000000002,-1.4864050439541039,1.2268358547494984
19.93,-1.473999980202386,1.2545080436315015
19.940000000000001,-1.46130784074219,1.2842944815052444
19.949999999999999,-1.4483060981874654,1.3164805775518793
19.960000000000001,-1.434969097128429,1.3514087456508004
19.969999999999999,-1.4212674111738086,1.3894937317388039
19.98,-1.4071670202839084,1.4312435329041007
19.990000000000002,-1.3926282427882051,1.4772880942600353
20,-1.3776043267311793,1.5284194638239128
