t,y1,y2
0,2,0
0.01,1.9933149275697817,-0.67040379387723281
0.02,1.9865919171638775,-0.67420992530864299
0.029999999999999999,1.9798304926285459,-0.67808699053576438
0.040000000000000001,1.9730299333359487,-0.68203726439657697
0.050000000000000003,1.9661894953941244,-0.68606312588070961
0.059999999999999998,1.9593084105746892,-0.69016706435914654
0.070000000000000007,1.9523858851759566,-0.69435168627521282
0.080000000000000002,1.9454210988166549,-0.69861972234685876
0.089999999999999997,1.9384132031549841,-0.70297403530361302
0.10000000000000001,1.9313613205272779,-0.70741762822890031
0.11,1.9242645425000078,-0.71195365356945794
0.12,1.9171219283282792,-0.71658542283796134
0.13,1.9099325033133248,-0.7213164171117552
0.14000000000000001,1.9026952570507716,-0.7261502984032413
0.14999999999999999,1.8954091415606633,-0.73109092195456016
0.16,1.888073069289316,-0.73614234958235303
0.17000000000000001,1.8806859109720944,-0.74130886417619613
0.17999999999999999,1.8732464933450723,-0.74659498544385616
0.19,1.8657535966922947,-0.75200548706662385
0.20000000000000001,1.8582059522139509,-0.7575454153868374
0.20999999999999999,1.8506022391991941,-0.76322010982003907
0.22,1.8429410819855638,-0.76903522516185363
0.23000000000000001,1.8352210466849654,-0.77499675600421825
0.23999999999999999,1.8274406376538899,-0.7811110635093178
0.25,1.819598293682998,-0.78738490481346068
0.26000000000000001,1.8116923838782715,-0.79382546537107557
0.27000000000000002,1.8037212032026237,-0.80044039457570548
0.28000000000000003,1.7956829676430788,-0.80723784509377261
0.28999999999999998,1.7875758089643099,-0.81422651635169463
0.29999999999999999,1.7793977690043781,-0.82141570269647723
0.31,1.7711467934628233,-0.82881534687248259
0.32000000000000001,1.7628207251247168,-0.83643609948302455
0.33000000000000002,1.7544172964567175,-0.84428938526645492
0.34000000000000002,1.745934121502424,-0.85238747713650553
0.35000000000000003,1.7373686869941416,-0.86074357905432541
0.35999999999999999,1.7287183425863346,-0.86937191904637179
0.37,1.7199802901021917,-0.87828785384003483
0.38,1.7111515716684922,-0.88750798688004462
0.39000000000000001,1.7022290565948581,-0.89705030180984213
0.40000000000000002,1.6932094268309124,-0.90693431385395229
0.41000000000000003,1.6840891608081185,-0.91718124202867779
0.41999999999999998,1.674864515441248,-0.92781420564022021
0.42999999999999999,1.665531506026368,-0.93885844923548734
0.44,1.656085883726595,-0.95034160101471377
0.45000000000000001,1.6465231102817808,-0.96229397074025114
0.46000000000000002,1.6368383295115887,-0.97474889449453894
0.47000000000000003,1.6270263351001666,-0.98774313525857493
0.47999999999999998,1.6170815340511424,-1.001317350295003
0.48999999999999999,1.6069979050791849,-1.0155166389664418
0.5,1.5967689510526564,-1.0303911878406753
0.51000000000000001,1.5863876444127638,-1.0459970342085549
0.52000000000000002,1.575846364257296,-1.0623969746173412
0.53000000000000003,1.5651368234770735,-1.0796616521265661
0.54000000000000004,1.5542499839512425,-1.0978708653913252
0.55000000000000004,1.5431759573170722,-1.1171151551794414
0.56000000000000005,1.5319038881947167,-1.1374977405922948
0.57000000000000006,1.520421815917028,-1.1591368999351803
0.57999999999999996,1.508716509718111,-1.1821689222606708
0.58999999999999997,1.4967732708709029,-1.2067517986011596
0.59999999999999998,1.4845756932878889,-1.2330698826329454
0.60999999999999999,1.4721053713963979,-1.2613398367864552
0.62,1.4593415403523453,-1.2918183051523493
0.63,1.4462606283808064,-1.324811939151608
0.64000000000000001,1.4328356934814557,-1.3606906792559272
0.65000000000000002,1.4190357057314191,-1.39990562155153
0.66000000000000003,1.4048246200478798,-1.4430134657207005
0.67000000000000004,1.3901601593657866,-1.4907106167183066
0.68000000000000005,1.3749921893155583,-1.5438817959933351
0.69000000000000006,1.35926050305413,-1.6036710740854876
0.70000000000000007,1.3428917312828283,-1.6715886729150138
0.70999999999999996,1.3257949138684353,-1.7496769855046446
0.71999999999999997,1.3078549476783747,-1.8407789979686664
0.72999999999999998,1.2889225143176648,-1.9489932605767537
0.73999999999999999,1.2687978561828821,-2.0804909723014924
0.75,1.2472030698034349,-2.2450939474409024
0.76000000000000001,1.2237310756623321,-2.4596233494743873
0.77000000000000002,1.1977415463781658,-2.7559776627111905
0.78000000000000003,1.1681151874379354,-3.2046098921251005
0.79000000000000004,1.1325208342987307,-4.0070508913505494
0.80000000000000004,1.0839233643881538,-6.1952339356399415
0.81000000000000005,-1.9981324716317423,0.66770586975650803
0.82000000000000006,-1.9914366877965672,0.6714622782231443
0.83000000000000007,-1.9847029948877395,0.67528804369925832
0.83999999999999997,-1.9779306883987686,0.67918536964748544
0.84999999999999998,-1.9711190412936705,0.68315655945714782
0.85999999999999999,-1.9642673029783999,0.6872040223725292
0.87,-1.9573746982109339,0.69133027984146123
0.88,-1.9504404259454671,0.69553797235270154
0.89000000000000001,-1.9434636581057783,0.69982986677018311
0.90000000000000002,-1.9364435382823801,0.70420886424968898
0.91000000000000003,-1.9293791803475786,0.70867800875257314
0.92000000000000004,-1.9222696669820145,0.71324049624223174
0.93000000000000005,-1.9151140481056721,0.717899684604142
0.94000000000000006,-1.9079113392056555,0.72265910438829717
0.95000000000000007,-1.9006605195522996,0.72752247041408713
0.95999999999999996,-1.8933605302943537,0.73249369436086131
0.96999999999999997,-1.8860102724230483,0.7375768984237967
0.97999999999999998,-1.8786086045938322,0.74277643014151673
0.98999999999999999,-1.8711543407934057,0.74809687852974271
1,-1.8636462478383933,0.75354309164039912
1.01,-1.8560830426905401,0.75912019573062528
1.02,-1.8484633895716931,0.7648336161696182
1.03,-1.8407858968599839,0.77068910031615301
1.04,-1.8330491137465641,0.77669274257634802
1.05,-1.8252515266298885,0.78285101188212669
1.0600000000000001,-1.8173915552218911,0.78917078188034095
1.0700000000000001,-1.8094675483373723,0.79565936415685956
1.0800000000000001,-1.8014777793344812,0.80232454486397087
1.0900000000000001,-1.7934204411702503,0.80917462515835281
1.1000000000000001,-1.7852936410306568,0.8162184659361279
1.1100000000000001,-1.7770953944895347,0.82346553743076922
1.1200000000000001,-1.7688236191447568,0.83092597427284343
1.1300000000000001,-1.7604761276732803,0.83861063678969949
1.1400000000000001,-1.7520506202387831,0.84653117933990507
1.1500000000000001,-1.7435446761764841,0.85470012671551288
1.1599999999999999,-1.7349557448691344,0.86313095971613008
1.1699999999999999,-1.7262811357157875,0.87183821125272853
1.1799999999999999,-1.7175180070804958,0.8808375745479724
1.1899999999999999,-1.7086633540910794,0.89014602525039421
1.2,-1.6997139951381151,0.89978195966631747
1.21,-1.6906665569006365,0.90976535165696304
1.22,-1.6815174576969643,0.92011793127097319
1.23,-1.6722628889256417,0.93086338875176344
1.24,-1.6628987943214284,0.94202760831495524
1.25,-1.6534208467032085,0.9536389369595748
1.26,-1.6438244218325953,0.96572849468254929
1.27,-1.6341045689315479,0.97833053388514379
1.28,-1.6242559773213785,0.99148285744062692
1.29,-1.6142729385401433,1.0052273071052407
1.3,-1.6041493031654444,1.0196103366942615
1.3100000000000001,-1.5938784314084049,1.0346836880089147
1.3200000000000001,-1.5834531363431892,1.0505051920008985
1.3300000000000001,-1.5728656183832246,1.0671397235696773
1.3400000000000001,-1.5621073892945705,1.0846603461161339
1.3500000000000001,-1.5511691836275383,1.1031496920528496
1.3600000000000001,-1.5400408549208549,1.122701639094986
1.3700000000000001,-1.5287112533486424,1.1434233602223531
1.3800000000000001,-1.5171680805838741,1.1654378500259237
1.3900000000000001,-1.5053977164645889,1.1888870640442342
1.4000000000000001,-1.4933850104593069,1.2139358551090103
1.4099999999999999,-1.4811130287737369,1.240776957447931
1.4199999999999999,-1.4685627449835013,1.2696373651200132
1.4299999999999999,-1.4557126579600494,1.3007865906176328
1.4399999999999999,-1.4425383150346041,1.3345474960613983
1.45,-1.4290117099708,1.3713107012974886
1.46,-1.4151005130435095,1.4115540548217891
1.47,-1.4007670721542373,1.4558694144177027
1.48,-1.3859670957773182,1.5050002199629531
1.49,-1.3706478842824976,1.5598954073198747
1.5,-1.3547459044858166,1.6217887886346656
1.51,-1.3381833820872062,1.6923194600836871
1.52,-1.320863377035802,1.7737209147318047
1.53,-1.3026624239845617,1.8691305938283609
1.54,-1.2834190810857535,1.9831224874419848
1.55,-1.2629152060478746,2.1226816036452507
1.5600000000000001,-1.2408433624827149,2.2991312514349702
1.5700000000000001,-1.2167452492109405,2.5323549338176892
1.5800000000000001,-1.1898816128368377,2.8614464248403526
1.5900000000000001,-1.1589081871830049,3.3778735675698366
1.6000000000000001,-1.1208132129524164,4.3737925182994593
1.6100000000000001,-1.0643803261313949,8.0013086964241342
1.6200000000000001,1.9962618042847136,-0.66875058910136831
1.6300000000000001,1.9895554777530404,-0.67252619715757456
1.6400000000000001,1.9828110471385016,-0.67637176932652998
1.6500000000000001,1.9760278017278869,-0.68028953646741352
1.6600000000000001,1.9692050079964862,-0.68428183099273088
1.6699999999999999,1.9623419085627833,-0.68835109289372043
1.6799999999999999,1.9554377210805682,-0.69249987623815334
1.6899999999999999,1.9484916370638214,-0.6967308561251272
1.7,1.9415028206393063,-0.70104683619199171
1.71,1.9344704072213532,-0.70545075668671009
1.72,1.9273935021028099,-0.70994570316323902
1.73,1.9202711789555764,-0.71453491588361373
1.74,1.9131024782335182,-0.7192217999486008
1.75,1.9058864054698672,-0.72400993628603993
1.76,1.8986219294604514,-0.72890309351005422
1.77,1.8913079803232422,-0.73390524080891661
1.78,1.883943447423754,-0.73902056191363064
1.79,1.8765271771547725,-0.74425347027751076
1.8,1.8690579705576924,-0.74960862559536134
1.8100000000000001,1.8615345807714165,-0.75509095180188368
1.8200000000000001,1.8539557102932656,-0.76070565669494916
1.8300000000000001,1.8463200080346647,-0.76645825339136076
1.8400000000000001,1.838626066152472,-0.77235458378069055
1.8500000000000001,1.8308724166346682,-0.77840084423136302
1.8600000000000001,1.8230575276166934,-0.7846036138061776
1.8700000000000001,1.8151797994019718,-0.79096988526660705
1.8800000000000001,1.8072375601570194,-0.7975070991998997
1.8900000000000001,1.7992290612479775,-0.80422318168330464
1.9000000000000001,1.7911524721813312,-0.81112658585861275
1.9100000000000001,1.7830058751069169,-0.81822633798377276
1.9199999999999999,1.7747872588359743,-0.82553208848339643
1.9299999999999999,1.7664945123208449,-0.83305416867886062
1.9399999999999999,1.758125417535827,-0.84080365396628487
1.95,1.7496776416904902,-0.8487924343063834
1.96,1.7411487286972345,-0.85703329306922682
1.97,1.732536089803806,-0.86553999541169513
1.98,1.7238369932885591,-0.87432738760055473
1.99,1.7150485531011228,-0.88341150890819153
2,1.7061677163133502,-0.89280971800615916
2.0100000000000002,1.697191249224475,-0.90254083614393366
2.02,1.6881157219395877,-0.91262530979344381
2.0300000000000002,1.6789374912110753,-0.92308539599464889
2.04,1.6696526812975228,-0.93394537421904034
2.0499999999999998,1.6602571625524423,-0.9452317893837785
2.0600000000000001,1.6507465274045385,-0.95697373154598941
2.0699999999999998,1.6411160633299267,-0.96920315904782062
2.0800000000000001,1.6313607223422699,-0.98195527330290566
2.0899999999999999,1.6214750864358807,-0.99526895527086068
2.1000000000000001,1.6114533283051122,-1.0091872760035363
2.1099999999999999,1.6012891665254307,-1.0237580966129494
2.1200000000000001,1.5909758142100197,-1.0390347767508372
2.1299999999999999,1.5805059199412339,-1.055077015633167
2.1400000000000001,1.5698714995058543,-1.0719518559410828
2.1499999999999999,1.5590638566200228,-1.0897348892458014
2.1600000000000001,1.5480734903907793,-1.1085117126251898
2.1699999999999999,1.5368899866949106,-1.1283797007744023
2.1800000000000002,1.5255018899186576,-1.1494501777336381
2.1899999999999999,1.5138965505329336,-1.1718510993035649
2.2000000000000002,1.502059942691677,-1.1957303945243329
2.21,1.489976444312155,-1.2212601665538549
2.2200000000000002,1.4776285697450435,-1.2486420271755874
2.23,1.4649966419024729,-1.2781139452031713
2.2400000000000002,1.452058386182655,-1.3099591444427965
2.25,1.4387884220953342,-1.3445178181187796
2.2600000000000002,1.4251576191906579,-1.382202778200385
2.27,1.4111322701848583,-1.4235207040063083
2.2800000000000002,1.3966730135308132,-1.4691015236700822
2.29,1.381733405832213,-1.519739884320068
2.3000000000000003,1.3662579940114876,-1.5764550676003179
2.3100000000000001,1.3501796545918479,-1.6405799053655454
2.3199999999999998,1.333415827604856,-1.7138968958920606
2.3300000000000001,1.315863025746524,-1.7988543182004726
2.3399999999999999,1.2973885418998536,-1.8989246061690561
2.3500000000000001,1.2778173797728991,-2.0192308178347846
2.3599999999999999,1.2569105392110311,-2.1677158631134184
2.3700000000000001,1.2343264295210323,-2.3575151664108769
2.3799999999999999,1.2095459356278255,-2.6123376901472493
2.3900000000000001,1.1817077466888433,-2.9807350301790079
2.3999999999999999,1.1491720813011692,-3.5842290332930675
2.4100000000000001,1.107913396316343,-4.8696256181967819
2.4199999999999999,1.0357947935838743,-14.139947945496548
2.4300000000000002,-1.9943882048751154,0.66980062360245285
2.4399999999999999,-1.9876712816650737,0.67359559853071582
2.4500000000000002,-1.9809160576529168,0.67746115218435665
2.46,-1.9741218158413889,0.68139954327289232
2.4700000000000002,-1.9672878161351592,0.68541313369417667
2.48,-1.9604132942784454,0.6895043947008821
2.4900000000000002,-1.9534974607287876,0.69367591351783131
2.5,-1.946539499462228,0.69793040044992072
2.5100000000000002,-1.9395385667046945,0.70227069653994578
2.52,-1.9324937895839489,0.70669978180315485
2.5300000000000002,-1.9254042646959135,0.71122078412799616
2.54,-1.9182690565786322,0.7158369888676297
2.5500000000000003,-1.9110871960864724,0.72055184919827364
2.5600000000000001,-1.9038576786564732,0.72536899735285354
2.5699999999999998,-1.8965794624579475,0.73029225675352383
2.5800000000000001,-1.8892514664155733,0.73532565518830861
2.5899999999999999,-1.8818725680952255,0.74047343911216101
2.6000000000000001,-1.8744416014406973,0.74574008918832058
2.6099999999999999,-1.8669573543482447,0.75113033720349676
2.6200000000000001,-1.8594185660644922,0.75664918450444818
2.6299999999999999,-1.8518239243917085,0.76230192211798364
2.6400000000000001,-1.8441720626826994,0.76809415274100612
2.6499999999999999,-1.8364615566056164,0.77403181480375949
2.6600000000000001,-1.8286909206567425,0.78012120885216785
2.6699999999999999,-1.8208586043968151,0.78636902650910401
2.6800000000000002,-1.8129629883835765,0.79278238231407872
2.6899999999999999,-1.8050023797700119,0.79936884881541226
2.7000000000000002,-1.796975007534015,0.80613649525922981
2.71,-1.7888790173010141,0.81309393038839661
2.7200000000000002,-1.7807124657162265,0.82025034981399259
2.73,-1.7724733143176719,0.82761558859332418
2.7400000000000002,-1.7641594228546522,0.83520017968690452
2.75,-1.7557685419890432,0.8430154190746969
2.7600000000000002,-1.747298305308163,0.85107343849288164
2.77,-1.7387462205680864,0.85938728680654908
2.7800000000000002,-1.730109660074687,0.8679710213052001
2.79,-1.7213858500962123,0.87683981036893477
2.8000000000000003,-1.7125718591853465,0.88601004921117066
2.8100000000000001,-1.7036645852701382,0.8954994907307916
2.8199999999999998,-1.694660741351171,0.90532739384656058
2.8300000000000001,-1.6855568396163649,0.91551469214286485
2.8399999999999999,-1.6763491737538319,0.92608418622949673
2.8500000000000001,-1.6670337992062447,0.93706076381840586
2.8599999999999999,-1.6576065110658635,0.94847165240279785
2.8700000000000001,-1.6480628192559148,0.9603467103751735
2.8799999999999999,-1.6383979205793733,0.97271876373791433
2.8900000000000001,-1.6286066671374715,0.98562399704451886
2.8999999999999999,-1.6186835305240175,0.9991024092606644
2.9100000000000001,-1.6086225610831519,1.0131983476426927
2.9199999999999999,-1.5984173413716596,1.0279611359740799
2.9300000000000002,-1.5880609327844428,1.0434458174875256
2.9399999999999999,-1.5775458140730538,1.059714038109673
2.9500000000000002,-1.5668638101983863,1.0768351024695515
2.96,-1.5560060095913584,1.0948872440859212
2.9700000000000002,-1.5449626674244399,1.1139591630707333
2.98,-1.5337230918878433,1.1341519006485148
2.9900000000000002,-1.5222755096692016,1.1555811412445631
3,-1.5106069057876519,1.17838006255641
3.0100000000000002,-1.4987028315370132,1.2027028947059228
3.02,-1.4865471724109836,1.2287294069985069
3.0300000000000002,-1.4741218653150689,1.2566706223029598
3.04,-1.4614065508170475,1.28677617699046
3.0500000000000003,-1.4483781411987779,1.3193439176367967
3.0600000000000001,-1.4350102779516221,1.3547325852211873
3.0700000000000003,-1.421272642010313,1.3933788342288753
3.0800000000000001,-1.4071300646809417,1.4358204543126938
3.0899999999999999,-1.392541363968854,1.4827286569922136
3.1000000000000001,-1.377457794882825,1.5349539311366451
3.1099999999999999,-1.3618209445440046,1.5935927678550292
3.1200000000000001,-1.3455598076140074,1.6600874990947634
3.1299999999999999,-1.3285866143130898,1.7363806107524691
3.1400000000000001,-1.3107906914097729,1.8251625531829359
3.1499999999999999,-1.2920290874100158,1.9302883489630605
3.1600000000000001,-1.2721115949028399,2.0575182423242544
3.1699999999999999,-1.2507754354860245,2.2159297642364693
3.1800000000000002,-1.2276392625988719,2.4208639750203851
3.1899999999999999,-1.2021110902587635,2.7008669776109544
3.2000000000000002,-1.1731768476946745,3.1171609486456027
3.21,-1.1387985160971581,3.8357834888164111
3.2200000000000002,-1.0933393845955328,5.5940040556716193
3.23,1.9992014345473745,-0.66711052120641767
3.2400000000000002,1.9925116584688722,-0.67085601934824313
3.25,1.9857840841274732,-0.67467053049132331
3.2600000000000002,1.9790180105334696,-0.67855624260996517
3.27,1.9722127143269865,-0.6825154427069211
3.2800000000000002,1.9653674487588422,-0.6865505226530072
3.29,1.9584814426107546,-0.69066398547959906
3.3000000000000003,1.9515538990504098,-0.69485845212832664
3.3100000000000001,1.9445839944165244,-0.6991366687064603
3.3200000000000003,1.9375708769285829,-0.70350151430468033
3.3300000000000001,1.930513665315464,-0.70795600940916625
3.3399999999999999,1.9234114473566144,-0.71250332499075297
3.3500000000000001,1.9162632783288582,-0.71714679230257627
3.3599999999999999,1.9090681793512549,-0.7218899134805189
3.3700000000000001,1.9018251356196949,-0.72673637301107097
3.3799999999999999,1.8945330945221128,-0.73169005015370181
3.3900000000000001,1.8871909636242796,-0.73675503242114981
3.3999999999999999,1.8797976085151378,-0.74193563020935871
3.4100000000000001,1.8723518504994952,-0.74723639271164788
3.4199999999999999,1.8648524641246413,-0.75266212525386422
3.4300000000000002,1.85729817452601,-0.75821790816809054
3.4399999999999999,1.8496876545754293,-0.76390911743407508
3.4500000000000002,1.8420195218136788,-0.7697414472139561
3.46,1.834292335147061,-0.77572093454436208
3.4700000000000002,1.8265045912853703,-0.78185398641444637
3.48,1.8186547208960624,-0.78814740949888262
3.4900000000000002,1.8107410844464424,-0.79460844287159815
3.5,1.8027619677023499,-0.80124479405857041
3.5100000000000002,1.7947155768479464,-0.8080646788374235
3.52,1.7866000331868563,-0.81507686525428813
3.5300000000000002,1.7784133673798443,-0.82229072239160195
3.54,1.7701535131684623,-0.82971627451784369
3.5500000000000003,1.7618183005274088,-0.83736426132256736
3.5600000000000001,1.7534054481806804,-0.84524620507653125
3.5700000000000003,1.7449125554076488,-0.8533744856493104
3.5800000000000001,1.7363370930548736,-0.86176242455214835
3.5899999999999999,1.7276763936573634,-0.87042437924266791
3.6000000000000001,1.7189276405589131,-0.87937584926881152
3.6099999999999999,1.7100878559045707,-0.88863359603082481
3.6200000000000001,1.7011538873588117,-0.89821577826094667
3.6299999999999999,1.6921223933799812,-0.90814210573968102
3.6400000000000001,1.6829898268542449,-0.91843401422260484
3.6499999999999999,1.6737524168597977,-0.92911486510230334
3.6600000000000001,1.6644061482931829,-0.94021017409872087
3.6699999999999999,1.6549467390429089,-0.9517478740526979
3.6800000000000002,1.6453696143391985,-0.96375861803115237
3.6899999999999999,1.6356698778404357,-0.97627613026479398
3.7000000000000002,1.6258422789336346,-0.98933761409987864
3.71,1.615881175624315,-1.002984228245033
3.7200000000000002,1.605780492265527,-1.0172616452755159
3.73,1.5955336712200674,-1.032220709718267
3.7400000000000002,1.585133617355641,-1.0479182174079185
3.75,1.574572634028772,-1.0644178434982219
3.7600000000000002,1.5638423489045949,-1.0817912537881309
3.77,1.5529336275662462,-1.1001194438334756
3.7800000000000002,1.5418364723618938,-1.1194943631593677
3.79,1.5305399032818789,-1.1400208991992897
3.8000000000000003,1.5190318168004076,-1.1618193191737651
3.8100000000000001,1.5072988174819388,-1.1850283003021962
3.8200000000000003,1.4953260156363317,-1.2098087236401429
3.8300000000000001,1.4830967822565708,-1.236348469989927
3.8399999999999999,1.4705924496643867,-1.2648685466063745
3.8500000000000001,1.457791942388065,-1.2956310044830102
3.8599999999999999,1.4446713172947352,-1.3289492996769603
3.8700000000000001,1.4312031841083974,-1.3652020437295993
3.8799999999999999,1.4173559659162289,-1.4048515367462657
3.8900000000000001,1.4030929420728915,-1.448469182742832
3.8999999999999999,1.3883709896784817,-1.4967710278967552
3.9100000000000001,1.3731388987306377,-1.5506685613121769
3.9199999999999999,1.3573350698343178,-1.6113431853491955
3.9300000000000002,1.3408842929821401,-1.6803586036160103
3.9399999999999999,1.3236931147243305,-1.7598362870647137
3.9500000000000002,1.3056429545806514,-1.8527406468737895
3.96,1.2865794692356332,-1.9633654537983103
3.9700000000000002,1.266295312533473,-2.0982142559945847
3.98,1.2445004566967572,-2.2677177062649996
3.9900000000000002,1.2207669488956554,-2.4899266109070335
4,1.1944145803079778,-2.7995873209331488
4.0099999999999998,1.1642349195527351,-3.2752763195070527
4.0200000000000005,1.1276360908771441,-4.1519192098525597
4.0300000000000002,1.0761564776667891,-6.8025536548243783
4.04,-1.9973324380197599,0.66815222010358966
4.0499999999999998,-1.990632149919763,0.67191682304246025
4.0600000000000005,-1.9838938695166159,0.67575104183669987
4.0700000000000003,-1.9771168896575826,0.67965709161747956
4.0800000000000001,-1.9703004805403235,0.68363728813415769
4.0899999999999999,-1.9634438886772108,0.68769405372571479
4.0999999999999996,-1.9565463357977646,0.6918299237296861
4.1100000000000003,-1.9496070176846341,0.69604755337250379
4.1200000000000001,-1.9426251029381298,0.70034972517787186
4.1299999999999999,-1.935599731663858,0.70473935694147372
4.1399999999999997,-1.9285300140775274,0.70921951033565267
4.1500000000000004,-1.9214150290204326,0.7137934001769668
4.1600000000000001,-1.9142538223785175,0.7184644044536681
4.1699999999999999,-1.9070454053972334,0.72323607515441835
4.1799999999999997,-1.8997887528836743,0.72811214999480678
4.1900000000000004,-1.8924828012866097,0.73309656512799137
4.2000000000000002,-1.8851264466441195,0.73819346893228355
4.21,-1.877718542387472,0.74340723699519085
4.2199999999999998,-1.8702578969887425,0.74874248840177116
4.2300000000000004,-1.8627432714383338,0.75420410348604583
4.2400000000000002,-1.8551733765371115,0.75979724319153386
4.25,-1.8475468699861908,0.76552737020781592
4.2599999999999998,-1.8398623532555751,0.77140027209955675
4.2700000000000005,-1.8321183682107145,0.77742208662773893
4.2800000000000002,-1.8243133934736915,0.78359932955762579
4.29,-1.8164458404930244,0.78993892517295883
4.2999999999999998,-1.8085140492930312,0.79644823990518576
4.3100000000000005,-1.8005162838701843,0.80313511937826032
4.3200000000000003,-1.7924507271999175,0.81000792934414811
4.3300000000000001,-1.7843154758127657,0.81707560096981724
4.3399999999999999,-1.7761085338935136,0.82434768105051859
4.3500000000000005,-1.7678278068509901,0.83183438778043994
4.3600000000000003,-1.759471094299234,0.83954667283879414
4.3700000000000001,-1.7510360823827162,0.84749629064972465
4.3799999999999999,-1.7425203353690444,0.85569587580813677
4.3899999999999997,-1.7339212864217364,0.86415902984415027
4.4000000000000004,-1.7252362274530688,0.87290041869054402
4.4100000000000001,-1.7164622979422461,0.88193588244394527
4.4199999999999999,-1.7075964725868087,0.89128255928541489
4.4299999999999997,-1.6986355476348127,0.9009590258147574
4.4400000000000004,-1.6895761257211457,0.91098545636178019
4.4500000000000002,-1.6804145990027073,0.92138380446899237
4.46,-1.6711471303529957,0.93217801020846591
4.4699999999999998,-1.6617696323357669,0.94339423786653964
4.4800000000000004,-1.6522777436282241,0.95506114933764263
4.4900000000000002,-1.6426668025047917,0.96721021981153599
4.5,-1.6329318169203719,0.97987610365367972
4.5099999999999998,-1.6230674306439674,0.99309706023735
4.5200000000000005,-1.6130678847854951,1.0069154516868806
4.5300000000000002,-1.6029269739253154,1.0213783273365706
4.54,-1.5926379958904142,1.0365381133672849
4.5499999999999998,-1.5821936940143031,1.0524534307433102
4.5600000000000005,-1.5715861904572745,1.0691900706652144
4.5700000000000003,-1.5608069088336016,1.0868221647113574
4.5800000000000001,-1.5498464839705266,1.1054335973222937
4.5899999999999999,-1.5386946560806301,1.1251197223193872
4.6000000000000005,-1.5273401459229439,1.1459894639472898
4.6100000000000003,-1.515770506601418,1.168167908650583
4.6200000000000001,-1.5039719464204442,1.1917995290791525
4.6299999999999999,-1.491929115569461,1.2170522311204044
4.6399999999999997,-1.4796248471725515,1.2441224845005108
4.6500000000000004,-1.4670398401643661,1.2732418974722626
4.6600000000000001,-1.4541522671653142,1.3046857420892679
4.6699999999999999,-1.4409372844532173,1.3387841532993909
4.6799999999999997,-1.4273664123711336,1.3759370533127138
4.6900000000000004,-1.4134067416454243,1.4166343606925051
4.7000000000000002,-1.3990199017831937,1.4614838489808715
4.71,-1.3841606980570249,1.5112503315067054
4.7199999999999998,-1.3687752767805028,1.5669120516774409
4.7300000000000004,-1.3527986024513119,1.6297439869130057
4.7400000000000002,-1.3361509021476738,1.7014446993172612
4.75,-1.3187325078443386,1.7843364810375257
4.7599999999999998,-1.3004161143462365,1.8816947623368447
4.7700000000000005,-1.28103466771906,1.9983186739883059
4.7800000000000002,-1.260361428025965,2.1415837183208453
4.79,-1.2380749629542778,2.3235462240608951
4.7999999999999998,-1.2136922531292971,2.5656204778837415
4.8100000000000005,-1.1864250334243425,2.9106236182471212
4.8200000000000003,-1.1548127668857406,3.4615289867980747
4.8300000000000001,-1.1154617533261557,4.5660905707977495
4.8399999999999999,-1.0539813495306711,9.491281877923047
4.8500000000000005,1.9954605179392633,-0.66919920802368693
4.8600000000000003,1.9887496641029929,-0.67298308187571354
4.8700000000000001,1.9820006222252675,-0.67683718188709074
4.8799999999999999,1.9752126789136957,-0.68076375077417239
4.8899999999999997,1.9683850978423352,-0.68476513350739943
4.9000000000000004,1.9615171186991229,-0.68884378339491947
4.9100000000000001,1.9546079560701908,-0.69300226861853953
4.9199999999999999,1.9476567982563613,-0.69724327927219709
4.9299999999999997,1.9406628060167246,-0.70156963491739632
4.9400000000000004,1.9336251112337066,-0.70598429273300622
4.9500000000000002,1.926542815493552,-0.7104903562963828
4.96,1.9194149885755534,-0.71509108506184949
4.9699999999999998,1.9122406668427605,-0.71978990459762515
4.9800000000000004,1.9050188515261774,-0.7245904176631689
4.9900000000000002,1.8977485068936986,-0.72949641620232586
5,1.890428558294156,-0.73451189433861486
5.0099999999999998,1.883057890065903,-0.7396410624945875
5.0200000000000005,1.8756353432982644,-0.74488836271896874
5.0300000000000002,1.8681597134329917,-0.7502584853779759
5.04,1.8606297476914917,-0.75575638733716866
5.0499999999999998,1.8530441423121011,-0.76138731179964991
5.0600000000000005,1.8454015395799481,-0.76715680997889368
5.0700000000000003,1.8377005246300278,-0.77307076482243575
5.0800000000000001,1.8299396220019248,-0.77913541700195221
5.0899999999999999,1.8221172919221771,-0.78535739343543709
5.1000000000000005,1.8142319262874438,-0.79174373865980929
5.1100000000000003,1.8062818443184929,-0.79830194935823418
5.1200000000000001,1.7982652878513676,-0.80504001246009782
5.1299999999999999,1.7901804162279868,-0.81196644723540967
5.1399999999999997,1.7820253007436688,-0.81909035190779589
5.1500000000000004,1.7737979186036443,-0.8264214553468312
5.1600000000000001,1.765496146334369,-0.83397017453547473
5.1699999999999999,1.7571177525882127,-0.84174767856265853
5.1799999999999997,1.7486603902717774,-0.8497659600711972
5.1900000000000004,1.7401215879183773,-0.85803791516433514
5.2000000000000002,1.7314987402139592,-0.86657743302756973
5.21,1.7227890975725511,-0.87539949665871397
5.2199999999999998,1.7139897546419329,-0.88452029639683283
5.2300000000000004,1.7050976376020666,-0.89395735818957089
5.2400000000000002,1.6961094900974594,-0.9037296889670644
5.25,1.6870218576193008,-0.91385794181271318
5.2599999999999998,1.6778310701231416,-0.92436460427568379
5.2700000000000005,1.6685332226319478,-0.93527421370301711
5.2800000000000002,1.6591241535313317,-0.9466136043281157
5.29,1.6495994202119062,-0.95841219180016468
5.2999999999999998,1.6399542716510407,-0.97070230204139463
5.3100000000000005,1.6301836174500208,-0.9835195528533317
5.3200000000000003,1.6202819927494694,-0.99690329855566528
5.3300000000000001,1.6102435183313422,-1.0108971503825974
5.3399999999999999,1.6000618550742762,-1.0255495883330632
5.3500000000000005,1.5897301517529316,-1.0409146841727634
5.3600000000000003,1.5792409849514897,-1.0570529602128977
5.3700000000000001,1.5685862895833862,-1.0740324151266047
5.3799999999999999,1.5577572781561722,-1.0919297565950392
5.3899999999999997,1.5467443464680415,-1.1108318919840467
5.4000000000000004,1.5355369628384521,-1.1308377434378332
5.4100000000000001,1.5241235372139983,-1.1520604742870184
5.4199999999999999,1.5124912654887954,-1.1746302417307291
5.4299999999999997,1.5006259430461877,-1.1986976294595229
5.4400000000000004,1.4885117397360601,-1.2244379681456614
5.4500000000000002,1.4761309260608328,-1.2520568286934894
5.46,1.4634635369734732,-1.2817970841979165
5.4699999999999998,1.450486954970942,-1.3139480992404409
5.4800000000000004,1.4371753874480886,-1.3488578481082709
5.4900000000000002,1.4234992035433944,-1.386949133591131
5.5,1.4094240813266599,-1.4287416544889797
5.5099999999999998,1.394909894461928,-1.4748825905574663
5.5200000000000005,1.3799092338729682,-1.5261898853429032
5.5300000000000002,1.3643654064791753,-1.5837149693364483
5.54,1.3482096653126401,-1.6488361664214384
5.5499999999999998,1.3313572759697672,-1.7234022661452491
5.5600000000000005,1.3137017592516573,-1.809961573217312
5.5700000000000003,1.295106155447864,-1.9121439312377531
5.5800000000000001,1.2753891773845074,-2.035333283628082
5.5899999999999999,1.2543020379200145,-2.1879341792475202
5.6000000000000005,1.2314868875936869,-2.383971885654673
5.6100000000000003,1.2063950779098562,-2.6490835314700725
5.6200000000000001,1.1781042375642115,-3.0367780613476829
5.6299999999999999,1.1448192308753289,-3.6854159667990802
5.6399999999999997,1.1019218402631239,-5.1424404846960252
5.6500000000000004,1.0099042827384497,-43.853974784672836
5.6600000000000001,-1.9935856594249317,0.67025153074920962
5.6699999999999999,-1.9868641856696627,0.67405484367698743
5.6799999999999997,-1.9801043264155664,0.67792900062706118
5.6900000000000004,-1.9733053619527392,0.68187627235714121
5.7000000000000002,-1.966466549349174,0.68589903353277459
5.71,-1.9595871213809668,0.68999976893837245
5.7199999999999998,-1.9526662853981394,0.69418108015579894
5.7300000000000004,-1.9457032221212567,0.69844569273725932
5.7400000000000002,-1.93869708436361,0.70279646391950501
5.75,-1.9316469956732396,0.70723639095345658
5.7599999999999998,-1.924552048888569,0.71176862006523067
5.7700000000000005,-1.9174113046008188,0.71639645614612979
5.7800000000000002,-1.9102237895157343,0.72112337321289299
5.79,-1.9029884947064313,0.72595302573689913
5.7999999999999998,-1.8957043737483803,0.73088926090595296
5.8100000000000005,-1.8883703407266432,0.73593613191976015
5.8200000000000003,-1.8809852681044945,0.7410979124441287
5.8300000000000001,-1.8735479844414289,0.74637911230088072
5.8399999999999999,-1.8660572719473414,0.75178449455665675
5.8500000000000005,-1.8585118638582352,0.75731909416360477
5.8600000000000003,-1.8509104416172713,0.76298823828219786
5.8700000000000001,-1.8432516318431804,0.76879756850828673
5.8799999999999999,-1.835534003066088,0.77475306520976128
5.8899999999999997,-1.8277560622085289,0.78086107419378403
5.9000000000000004,-1.8199162507868809,0.78712833599732412
5.9100000000000001,-1.812012940805557,0.7935620181077484
5.9199999999999999,-1.8040444303129719,0.80016975044709138
5.9299999999999997,-1.796008938584577,0.80695966454319579
5.9400000000000004,-1.7879046008939232,0.81394043683775341
5.9500000000000002,-1.7797294628278169,0.82112133665215714
5.96,-1.7714814740959559,0.82851227943234595
5.9699999999999998,-1.763158481778949,0.8361238859587411
5.9800000000000004,-1.754758222951081,0.84396754832657139
5.9900000000000002,-1.7462783166055003,0.85205550364759786
6,-1.7377162547993785,0.86040091655290918
6.0099999999999998,-1.7290693929248433,0.86901797176204054
6.0200000000000005,-1.7203349389977003,0.87792197822840945
6.0300000000000002,-1.7115099418398529,0.8871294865673921
6.04,-1.7025912780123227,0.89665842187292844
6.0499999999999998,-1.693575637333395,0.90652823432959706
6.0600000000000005,-1.6844595067898267,0.91676007050675301
6.0700000000000003,-1.675239152617463,0.92737696881002196
6.0800000000000001,-1.6659106002898263,0.93840408318507107
6.0899999999999999,-1.6564696121079419,0.94986894007843503
6.1000000000000005,-1.6469116620299942,0.96180173461095364
6.1100000000000003,-1.6372319073132329,0.9742356732825922
6.1200000000000001,-1.6274251564599271,0.98720737210060683
6.1299999999999999,-1.6174858328605404,1.0007573210220815
6.1400000000000006,-1.6074079334058216,1.0149304282174185
6.1500000000000004,-1.597184981189135,1.0297766608721124
6.1600000000000001,-1.5868099712329167,1.0453518034473308
6.1699999999999999,-1.5762753079380436,1.0617183597576385
6.1799999999999997,-1.5655727326577902,1.0789466322407411
6.1900000000000004,-1.5546932394198256,1.0971160211107849
6.2000000000000002,-1.5436269763342527,1.1163165983904428
6.21,-1.5323631295971694,1.1366510283439426
6.2199999999999998,-1.5208897861779982,1.1582369281980029
6.2300000000000004,-1.5091937701948439,1.1812097936824899
6.2400000000000002,-1.4972604465360542,1.205726656435655
6.25,-1.4850734833342474,1.2319707000654401
6.2599999999999998,-1.472614562231098,1.2601571467929658
6.2700000000000005,-1.4598630216737443,1.2905408499876743
6.2800000000000002,-1.4467954132822141,1.3234262095530771
6.29,-1.4333849438879571,1.3591802998960427
6.2999999999999998,-1.4196007650084523,1.398250518174563
6.3100000000000005,-1.4054070554198181,1.4411887159526999
6.3200000000000003,-1.3907618180125771,1.4886848320678199
6.3300000000000001,-1.3756152739580472,1.5416147908799764
6.3399999999999999,-1.3599076760018503,1.6011104183134885
6.3500000000000005,-1.343566261250571,1.6686644353109983
6.3600000000000003,-1.3265008892269956,1.746293429122767
6.3700000000000001,-1.3085975970240857,1.8368008920396519
6.3799999999999999,-1.2897087087559507,1.944222136722783
6.3900000000000006,-1.2696369375318244,2.0746212563999546
6.4000000000000004,-1.2481083071858521,2.2376251639374267
6.4100000000000001,-1.2247224527607119,2.4496649538523148
6.4199999999999999,-1.1988517488770358,2.7417475238555982
6.4299999999999997,-1.1694048487618325,3.1818356043571656
6.4400000000000004,-1.1341299748919531,3.9616290773042837
6.4500000000000002,-1.0863906423058087,6.0250723935722208
6.46,1.9984021136200696,-0.66755558303819906
6.4699999999999998,1.9917078463624625,-0.67130923524721775
6.4800000000000004,1.9849756980254694,-0.67513215749330358
6.4900000000000002,1.978204964991741,-0.67902654931909079
6.5,1.9713949211547461,-0.68299470996711875
6.5099999999999998,1.9645448168925939,-0.68703904428674523
6.5200000000000005,1.9576538779806796,-0.69116206906485056
6.5300000000000002,1.9507213044386367,-0.69536641984284664
6.54,1.9437462693066609,-0.69965485823300599
6.5499999999999998,1.9367279173458525,-0.70403027980568589
6.5600000000000005,1.9296653636567076,-0.7084957225803914
6.5700000000000003,1.9225576922093728,-0.7130543761946424
6.5800000000000001,1.9154039542786498,-0.71770959179399196
6.5899999999999999,1.9082031667761032,-0.72246489273306735
6.6000000000000005,1.9009543104708539,-0.72732398615257265
6.6100000000000003,1.8936563280898393,-0.73229077552775634
6.6200000000000001,1.8863081222873828,-0.73736937426701898
6.6299999999999999,1.8789085534729117,-0.74256412050679099
6.6400000000000006,1.8714564374844957,-0.74787959317874919
6.6500000000000004,1.8639505430946017,-0.75332062951463907
6.6600000000000001,1.8563895893330105,-0.75889234414192985
6.6699999999999999,1.8487722426102338,-0.76460014991984226
6.6799999999999997,1.8410971136229188,-0.77044978073136849
6.6900000000000004,1.8333627540206825,-0.77644731645346288
6.7000000000000002,1.8255676528114753,-0.78259921032271806
6.71,1.8177102324799237,-0.78891231901974457
6.7199999999999998,1.8097888447901123,-0.79539393575891382
6.7300000000000004,1.8018017662408263,-0.80205182676775144
6.7400000000000002,1.7937471931373898,-0.80889427156357341
6.75,1.7856232362397542,-0.81593010751576356
6.7599999999999998,1.7774279149414005,-0.82316877921329679
6.7700000000000005,1.7691591509277129,-0.83062039331570714
6.7800000000000002,1.7608147612557266,-0.83829577956359325
6.79,1.7523924507893021,-0.84620655882453533
6.7999999999999998,1.7438898039147324,-0.85436521914169616
6.8100000000000005,1.7353042754512151,-0.86278520091845112
6.8200000000000003,1.7266331806583506,-0.87148099256517708
6.8300000000000001,1.7178736842284239,-0.88046823817029241
6.8399999999999999,1.709022788134378,-0.88976385902909327
6.8500000000000005,1.7000773181844879,-0.89938619116695517
6.8600000000000003,1.6910339091112669,-0.9093551414226636
6.8700000000000001,1.681888987994248,-0.91969236514680086
6.8799999999999999,1.6726387557830942,-0.93042146910214296
6.8900000000000006,1.6632791666477453,-0.94156824394116612
6.9000000000000004,1.6538059048345861,-0.95316093148224945
6.9100000000000001,1.6442143586499711,-0.96523053312525697
6.9199999999999999,1.6344995911225635,-0.97781116708969729
6.9299999999999997,1.624656306810669,-0.99094048390053047
6.9400000000000004,1.6146788141162569,-1.0046601517071556
6.9500000000000002,1.6045609823385059,-1.0190164257155321
6.96,1.5942961925398416,-1.0340608195580827
6.9699999999999998,1.58387728109791,-1.0498509008927162
6.9800000000000004,1.5732964745660392,-1.0664512393648402
6.9900000000000002,1.5625453141471517,-1.0839345426637688
7,1.5516145676808031,-1.1023830264670624
7.0099999999999998,1.5404941265216692,-1.1218900773996237
7.0200000000000005,1.5291728840110501,-1.1425622861132434
7.0300000000000002,1.5176385913562893,-1.1645219520167716
7.04,1.5058776855592446,-1.1879101946508521
7.0499999999999998,1.4938750824641203,-1.2128908535190368
7.0600000000000005,1.4816139258673862,-1.2396554239218569
7.0700000000000003,1.4690752807135459,-1.2684293707783243
7.0800000000000001,1.4562377543387766,-1.2994802995510675
7.0899999999999999,1.4430770239849162,-1.3331286666081379
7.1000000000000005,1.4295652405569674,-1.3697620180501602
7.1100000000000003,1.4156702665168908,-1.4098542189404186
7.1200000000000001,1.4013546877438054,-1.453991881645317
7.1299999999999999,1.3865745115485877,-1.5029114128826209
7.1400000000000006,1.3712774196079216,-1.5575521217935961
7.1500000000000004,1.3554003743172565,-1.6191343268509923
7.1600000000000001,1.3388662594361449,-1.689277679097714
7.1699999999999999,1.3215790311113897,-1.7701867185938329
7.1799999999999997,1.3034164820606446,-1.8649540526616817
7.1900000000000004,1.2842190030156579,-1.9780808377087122
7.2000000000000002,1.2637712473134548,-2.1164264502664389
7.21,1.2417703043195338,-2.2910800735117527
7.2199999999999998,1.2177658051110232,-2.5214411513581245
7.2300000000000004,1.1910340496501324,-2.845443401518903
7.2400000000000002,1.1602670014452479,-3.3510572840388697
7.25,1.1225676154270596,-4.3143913021843323
7.2599999999999998,1.0675370374019901,-7.6391947664495357
7.2700000000000005,-1.9965318669428285,0.6685995399564556
7.2800000000000002,-1.9898270647318934,0.67237236780125009
7.29,-1.9830841866772217,0.67621507171030404
7.2999999999999998,-1.9763025229657938,0.68012987856502782
7.3100000000000005,-1.9694813410140541,0.6841191165582472
7.3200000000000003,-1.9626198844250438,0.68818522121850356
7.3300000000000001,-1.9557173718831231,0.6923307418705229
7.3399999999999999,-1.9487729959816693,0.69655834858576349
7.3500000000000005,-1.941785921978691,0.7008708396576232
7.3600000000000003,-1.9347552864748707,0.70527114965174398
7.3700000000000001,-1.9276801960080203,0.70976235807798416
7.3799999999999999,-1.9205597255574054,0.71434769875495108
7.3900000000000006,-1.9133929169507489,0.71903056992521142
7.4000000000000004,-1.9061787771660572,0.72381454518578037
7.4100000000000001,-1.8989162765196368,0.72870338533153856
7.4199999999999999,-1.8916043467308339,0.73370105118545503
7.4299999999999997,-1.8842418788530679,0.73881171752872343
7.4400000000000004,-1.8768277210596802,0.7440397882256482
7.4500000000000002,-1.8693606762719346,0.74938991268773569
7.46,-1.861839499615167,0.7548670038070534
7.4699999999999998,-1.8542628956876128,0.7604762575191315
7.4800000000000004,-1.8466295156247379,0.76622317416463004
7.4900000000000002,-1.8389379539400279,0.77211358187086421
7.5,-1.8311867451210362,0.77815366216662718
7.5099999999999998,-1.8233743599570971,0.7843499780743205
7.5200000000000005,-1.815499201572345,0.79070950500740833
7.5300000000000002,-1.8075596011345867,0.79723966476408614
7.54,-1.7995538132070044,0.80394836303172301
7.5499999999999998,-1.7914800107056412,0.81084403080887624
7.5600000000000005,-1.7833362794209635,0.81793567025230285
7.5700000000000003,-1.7751206120564915,0.82523290551603812
7.5800000000000001,-1.7668309017313577,0.8327460392468724
7.5899999999999999,-1.7584649348866235,0.84048611547467533
7.6000000000000005,-1.7500203835269987,0.84846498979354845
7.6100000000000003,-1.7414947967201735,0.85669540784474285
7.6200000000000001,-1.7328855912649421,0.86519109328900201
7.6299999999999999,-1.7241900414264857,0.87396684665349322
7.6400000000000006,-1.7154052676221192,0.88303865667817238
7.6500000000000004,-1.7065282239231665,0.89242382609801962
7.6600000000000001,-1.6975556842177888,0.90214111407840847
7.6699999999999999,-1.6884842268549851,0.91221089802565858
7.6799999999999997,-1.6793102175606869,0.92265535794018538
7.6900000000000004,-1.6700297903819916,0.93349868713323003
7.7000000000000002,-1.6606388263737688,0.9447673338683612
7.71,-1.65113292969156,0.95649027946570508
7.7199999999999998,-1.6415074006939241,0.96869935954178232
7.7300000000000004,-1.6317572055834846,0.98142963652049042
7.7400000000000002,-1.6218769420257639,0.99471983340414027
7.75,-1.6118608000741144,1.008612841049169
7.7599999999999998,-1.6017025175922992,1.0231563141775271
7.7700000000000005,-1.5913953291962688,1.03840337505209
7.7800000000000002,-1.5809319075240924,1.0544134486050964
7.79,-1.5703042953751933,1.0712532590697392
7.7999999999999998,-1.559503826920307,1.0889980263994097
7.8100000000000005,-1.5485210357490313,1.1077329115989929
7.8200000000000003,-1.5373455469615154,1.127554774618782
7.8300000000000001,-1.5259659497816174,1.1485743279942979
7.8399999999999999,-1.5143696462107976,1.1709187960685703
7.8500000000000005,-1.5025426699699296,1.1947352263543782
7.8600000000000003,-1.4904694682682695,1.220194651005684
7.8700000000000001,-1.4781326366174314,1.2474973689962614
7.8799999999999999,-1.4655125937111317,1.2768797242586694
7.8900000000000006,-1.4525871789241216,1.3086229078813136
7.9000000000000004,-1.4393311486420037,1.3430645399903045
7.9100000000000001,-1.4257155384727231,1.3806141324094523
7.9199999999999999,-1.4117068448998278,1.4217740692901151
7.9300000000000006,-1.3972659596399419,1.4671685954664615
7.9400000000000004,-1.3823467586861469,1.5175846958117891
7.9500000000000002,-1.3668941984895053,1.574031097793033
7.96,-1.3508416908570968,1.6378257309288973
7.9699999999999998,-1.3341073913454531,1.7107294330346727
7.9800000000000004,-1.3165887948560075,1.795157899545722
7.9900000000000002,-1.2981545863596686,1.894532477848299
8,-1.2786318215714052,2.0138919477240047
8.0099999999999998,-1.2577846782385489,2.1610309696228094
8.0199999999999996,-1.2352768132450684,2.3488014534633948
8.0299999999999994,-1.2105985636466416,2.600304797044001
8.0400000000000009,-1.18290791514743,2.9625566383898558
8.0500000000000007,-1.1506131336803977,3.5520126288713798
8.0600000000000005,-1.1098633430186786,4.7872335109613333
8.0700000000000003,-1.0411221355960372,12.360910985160013
8.0800000000000001,1.9946586914437892,-0.66964880481510536
8.0899999999999999,1.9879433003713163,-0.6734409752710756
8.0999999999999996,1.9811896369838644,-0.67730363531589677
8.1099999999999994,1.9743969851955998,-0.68123903960941246
8.120000000000001,1.9675646058642431,-0.6852495457667489
8.1300000000000008,1.9606917357311795,-0.68933762050163205
8.1400000000000006,1.9537775862978966,-0.69350584621900635
8.1500000000000004,1.9468213426340326,-0.697756928109032
8.1600000000000001,1.9398221621118494,-0.70209370177690966
8.1699999999999999,1.9327791730615027,-0.70651914145877603
8.1799999999999997,1.925691473340954,-0.71103636889058242
8.1899999999999995,1.9185581288138012,-0.71564866286702788
8.1999999999999993,1.911378171727661,-0.72035946957893104
8.2100000000000009,1.9041505989850385,-0.72517241379681741
8.2200000000000006,1.8968743702978328,-0.730091310973075
8.2300000000000004,1.8895484062157315,-0.73512018037101046
8.2400000000000002,1.8821715860178119,-0.74026325932646297
8.25,1.8747427454555301,-0.74552501872118115
8.2599999999999998,1.8672606743340832,-0.75091017985535158
8.2699999999999996,1.8597241139177507,-0.75642373280927833
8.2799999999999994,1.8521317541432794,-0.76207095649862422
8.2900000000000009,1.8444822306236408,-0.7678574405793861
8.3000000000000007,1.8367741214225466,-0.77378910942896439
8.3100000000000005,1.8290059435778612,-0.77987224842477065
8.3200000000000003,1.821176149349603,-0.78611353279644069
8.3300000000000001,1.8132831221653334,-0.79252005935159597
8.3399999999999999,1.8053251722325314,-0.79909938140810743
8.3499999999999996,1.7973005317838633,-0.80585954736009335
8.3599999999999994,1.7892073499170493,-0.81280914327061404
8.370000000000001,1.7810436869862167,-0.81995734006866827
8.3800000000000008,1.7728075084961046,-0.82731394589341478
8.3900000000000006,1.7644966784440956,-0.83488946430563638
8.4000000000000004,1.7561089520477551,-0.84269515911372361
8.4100000000000001,1.7476419677870063,-0.85074312678468911
8.4199999999999999,1.7390932386802354,-0.85904637744357348
8.4299999999999997,1.7304601427021207,-0.86761892574474209
8.4399999999999995,1.7217399122375698,-0.87647589304530182
8.4499999999999993,1.7129296224504194,-0.88563362258408873
8.4600000000000009,1.7040261784270709,-0.8951098096771678
8.4700000000000006,1.6950263009334272,-0.90492364929381308
8.4800000000000004,1.68592651059762,-0.91509600383224232
8.4900000000000002,1.6767231103003475,-0.92564959442984118
8.5,1.6674121655178875,-0.93660921984707424
8.5099999999999998,1.6579894823188817,-0.94800200771718701
8.5199999999999996,1.6484505826629576,-0.95985770398368797
8.5299999999999994,1.6387906765850893,-0.97220900761673557
8.5400000000000009,1.6290046307715225,-0.98509195916373549
8.5500000000000007,1.6190869329376267,-0.99854639376521293
8.5600000000000005,1.6090316513005745,-1.0126164715804902
8.5700000000000003,1.5988323882945377,-1.0273513018552314
8.5800000000000001,1.5884822274951875,-1.0428056807446835
8.5899999999999999,1.5779736724936821,-1.0590409683330511
8.5999999999999996,1.5672985761742968,-1.0761261369123343
8.6099999999999994,1.5564480584861669,-1.0941390315836561
8.620000000000001,1.5454124103334297,-1.1131678959483857
8.6300000000000008,1.5341809806054143,-1.1333132314096275
8.6400000000000006,1.5227420425821638,-1.1546900799084105
8.6500000000000004,1.5110826349145503,-1.1774308490504701
8.6600000000000001,1.4991883709983613,-1.2016888388477547
8.6699999999999999,1.4870432087029659,-1.2276426858378136
8.6799999999999997,1.4746291698796767,-1.2555020207334331
8.6899999999999995,1.461925995569237,-1.2855147518360284
8.7000000000000011,1.4489107179083285,-1.3179765570302544
8.7100000000000009,1.4355571227183881,-1.3532434223652969
8.7200000000000006,1.421835066571365,-1.3917484550212484
8.7300000000000004,1.4077095970361617,-1.434024807343744
8.7400000000000002,1.3931398019574037,-1.4807375240710043
8.75,1.3780772781448429,-1.5327287324063925
8.7599999999999998,1.3624640532209236,-1.5910833299909974
8.7699999999999996,1.3462297010330215,-1.6572271533557994
8.7799999999999994,1.3292872314285689,-1.7330784953112068
8.7900000000000009,1.3115270503368224,-1.8212910180438364
8.8000000000000007,1.2928077513790381,-1.9256613015003656
8.8100000000000005,1.2729414337107237,-2.0518515801524582
8.8200000000000003,1.2516689494305369,-2.2087633058555092
8.8300000000000001,1.2286150775946951,-2.4113911800284353
8.8399999999999999,1.20319920445221,-2.687508979080385
8.8499999999999996,1.174431563320919,-3.0962638664819293
8.8599999999999994,1.1403396389756759,-3.7960709954385572
8.870000000000001,1.0955730777511461,-5.4687009657705845
8.8800000000000008,-1.9994708350252846,0.66696066875597926
8.8900000000000006,-1.992782571114194,0.67070342423322449
8.9000000000000004,-1.9860565367955394,0.67451510634485012
8.9100000000000001,-1.9792920319625034,0.67839789918649918
8.9199999999999999,-1.9724883341780468,0.68235408564504341
8.9299999999999997,-1.9656446976581319,0.68638605324014346
8.9399999999999995,-1.9587603521944608,0.69049630038811183
8.9500000000000011,-1.9518345020122674,0.69468744312704345
8.9600000000000009,-1.9448663245583093,0.6989622223649965
8.9700000000000006,-1.9378549692137526,0.70332351166178375
8.9800000000000004,-1.930799555926193,0.70777432562274223
8.9900000000000002,-1.9236991737544948,0.71231782895251461
9,-1.9165528793195514,0.71695734623540075
9.0099999999999998,-1.9093596951534166,0.7216963724865485
9.0199999999999996,-1.9021186079385264,0.7265385845957506
9.0299999999999994,-1.8948285666279192,0.73148785369960478
9.0400000000000009,-1.8874884804364629,0.73654825862649043
9.0500000000000007,-1.8800972166920942,0.7417241004710583
9.0600000000000005,-1.872653598534922,0.74701991845874449
9.0700000000000003,-1.8651564024508338,0.75244050720913225
9.0800000000000001,-1.8576043556247737,0.7579909355672303
9.0899999999999999,-1.8499961330973056,0.76367656714475263
9.0999999999999996,-1.8423303547062626,0.76950308279028135
9.1099999999999994,-1.834605581793268,0.77547650518662181
9.120000000000001,-1.8268203136526207,0.78160322582240105
9.1300000000000008,-1.8189729836974535,0.78789003461766038
9.1400000000000006,-1.8110619553151037,0.79434415250770196
9.1500000000000004,-1.8030855173803313,0.80097326735494112
9.1600000000000001,-1.79504187939115,0.80778557358651948
9.1699999999999999,-1.7869291661877063,0.81478981603204759
9.1799999999999997,-1.7787454122096158,0.82199533848792827
9.1899999999999995,-1.7704885552414291,0.82941213763660215
9.2000000000000011,-1.7621564295892698,0.83705092302686557
9.2100000000000009,-1.7537467586240487,0.84492318391605736
9.2200000000000006,-1.7452571466177713,0.85304126398353053
9.2300000000000004,-1.7366850697892102,0.86141844495004449
9.2400000000000002,-1.7280278664631721,0.87006904046127798
9.25,-1.719282726233597,0.8790085017191388
9.2599999999999998,-1.7104466780042735,0.88825353664674001
9.2699999999999996,-1.7015165767615963,0.89782224469411953
9.2799999999999994,-1.6924890889109281,0.9077342697636257
9.2900000000000009,-1.6833606759810129,0.91801097421059563
9.3000000000000007,-1.6741275764686143,0.92867563743607362
9.3100000000000005,-1.664785785556929,0.93975368330655273
9.3200000000000003,-1.6553310323950454,0.95127294146053576
9.3300000000000001,-1.6457587545697547,0.96326394864896459
9.3399999999999999,-1.6360640693333071,0.97576029758014082
9.3499999999999996,-1.6262417410681369,0.98879904235316951
9.3599999999999994,-1.6162861443684755,1.0024211717181903
9.370000000000001,-1.6061912219942078,1.0166721639225129
9.3800000000000008,-1.5959504367979851,1.0316026404014329
9.3900000000000006,-1.5855567165340594,1.0472691397546898
9.4000000000000004,-1.5750023902156556,1.0637350391186597
9.4100000000000001,-1.5642791143819528,1.081071657319709
9.4199999999999999,-1.5533777872462426,1.0993595837680707
9.4299999999999997,-1.5422884481963459,1.1186902898398137
9.4399999999999995,-1.5310001594697393,1.1391680965734008
9.4500000000000011,-1.5195008659772615,1.1609125957766988
9.4600000000000009,-1.5077772281279169,1.1840616534294441
9.4700000000000006,-1.4958144210091877,1.2087751685602124
9.4800000000000004,-1.4835958912523899,1.2352398230339172
9.4900000000000002,-1.4711030601402653,1.2636751466563725
9.5,-1.4583149576655228,1.2943413510342385
9.5099999999999998,-1.4452077668246239,1.327549576256112
9.5199999999999996,-1.4317542496568731,1.3636754811292666
9.5299999999999994,-1.4179230151896567,1.4031775482649578
9.5400000000000009,-1.4036775725403854,1.4466221682773328
9.5500000000000007,-1.3889750866478603,1.494718685768188
9.5600000000000005,-1.3737647137895179,1.5483694489898359
9.5700000000000003,-1.3579853291288966,1.6087430994536427
9.5800000000000001,-1.3415623504976262,1.6773850386310014
9.5899999999999999,-1.3244031757724419,1.7563896393292082
9.5999999999999996,-1.3063904132893682,1.8486796353967165
9.6099999999999994,-1.2873714402848597,1.9584816569075976
9.620000000000001,-1.2671415140092337,2.0921846615810131
9.6300000000000008,-1.2454147766709127,2.2600086930754677
9.6400000000000006,-1.2217704790243078,2.4795773068877702
9.6500000000000004,-1.1955422431302454,2.7846409709273208
9.6600000000000001,-1.165552788635418,3.2509062813109151
9.6699999999999999,-1.1293026630797867,4.1012681594212186
9.6799999999999997,-1.0788577141007205,6.5778261812731067
9.6899999999999995,1.9976022586180626,-0.66800160859654711
9.7000000000000011,1.9909034903941565,-0.67176344507618924
9.7100000000000009,1.984166757965653,-0.67559480998116139
9.7200000000000006,1.9773913550736559,-0.67949791449591379
9.7300000000000004,1.9705765528502601,-0.68347507019605047
9.7400000000000002,1.9637215987852692,-0.68752869499288982
9.75,1.9568257156312188,-0.69166131953067556
9.7599999999999998,1.949888100242136,-0.69587559405442234
9.7699999999999996,1.9429079223410566,-0.70017429579543189
9.7799999999999994,1.9358843232108804,-0.70456033692265441
9.7900000000000009,1.9288164143026429,-0.70903677312399416
9.8000000000000007,1.9217032757547439,-0.71360681284147987
9.8100000000000005,1.9145439548160419,-0.71827382726972078
9.8200000000000003,1.9073374641650893,-0.72304136114661788
9.8300000000000001,1.9000827801169926,-0.72791314445051913
9.8399999999999999,1.8927788407085699,-0.73289310505893657
9.8499999999999996,1.8854245436515447,-0.73798538249707768
9.8599999999999994,1.8780187441424663,-0.74319434287051389
9.870000000000001,1.8705602525168945,-0.74852459509326486
9.8800000000000008,1.8630478317340835,-0.75398100858856187
9.8900000000000006,1.8554801946769095,-0.75956873256685464
9.9000000000000004,1.8478560012501914,-0.76529321709759834
9.9100000000000001,1.8401738552586464,-0.77116023614869433
9.9199999999999999,1.8324323010436618,-0.77717591281856191
9.9299999999999997,1.8246298198556816,-0.78334674702931228
9.9399999999999995,1.8167648259363214,-0.78967964594115725
9.9500000000000011,1.8088356622812771,-0.79618195743114073
9.9600000000000009,1.8008405960516241,-0.80286150700539638
9.9700000000000006,1.7927778135971086,-0.80972663856235261
9.9800000000000004,1.7846454150505522,-0.8167862594962646
9.9900000000000002,1.7764414084472313,-0.82404989069399404
10,1.7681637033171516,-0.83152772207949777
10.01,1.7598101036912308,-0.83923067441666455
10.02,1.7513783004544343,-0.84717046826522735
10.029999999999999,1.7428658629696767,-0.85535970105718473
10.040000000000001,1.7342702298855568,-0.86381193346070462
10.050000000000001,1.7255886990284823,-0.87254178638111335
10.06,1.7168184162650499,-0.88156505019140607
10.07,1.7079563632033925,-0.89089880804949062
10.08,1.6989993435818811,-0.90056157550422633
10.09,1.6899439681696264,-0.91057345900709996
10.1,1.6807866379747505,-0.92095633640808372
10.109999999999999,1.6715235255224865,-0.93173406316412433
10.120000000000001,1.6621505539245574,-0.94293270869095935
10.130000000000001,1.652663373412478,-0.95458082820348689
10.140000000000001,1.6430573349484376,-0.9667097765444117
10.15,1.6333274604558954,-0.97935407186634826
10.16,1.6234684091246476,-0.99255181882753385
10.17,1.6134744391380298,-1.0063452031643829
10.18,1.6033393640377156,-1.0207810723190671
10.19,1.5930565027774912,-1.0359116204101348
10.200000000000001,1.5826186223123411,-1.051795200477222
10.210000000000001,1.5720178713112567,-1.0684972929048389
10.220000000000001,1.5612457032552522,-1.0860916668625384
10.23,1.5502927867646372,-1.1046617819137721
10.24,1.5391489004618704,-1.1243024908310573
10.25,1.5278028089777216,-1.1451221232714563
10.26,1.5162421157919836,-1.1672450552513198
10.27,1.5044530873852635,-1.1908149043055718
10.279999999999999,1.4924204415504576,-1.2159985388003678
10.290000000000001,1.4801270905043662,-1.2429911585672988
10.300000000000001,1.4675538264054373,-1.2720228026267308
10.31,1.4546789326536793,-1.3033667834334657
10.32,1.4414776983599424,-1.337350760275781
10.33,1.4279218047456159,-1.3743714871652657
10.34,1.4139785395715496,-1.4149147693749584
10.35,1.3996097767121984,-1.4595829529455626
10.359999999999999,1.3847706288542994,-1.5091335569562145
10.370000000000001,1.3694076353749867,-1.5645348140416424
10.380000000000001,1.3534562728562924,-1.6270476261827245
10.390000000000001,1.3368374502642895,-1.6983501982564011
10.4,1.3194524313281892,-1.7807343801625759
10.41,1.3011752241231471,-1.8774282150388499
10.42,1.2818406972701222,-1.993153352910026
10.43,1.2612250623055674,-2.1351505466638487
10.44,1.239011704688918,-2.3152222801241149
10.450000000000001,1.2147261456134268,-2.5542501326673044
10.460000000000001,1.1875971474671907,-2.893746141579105
10.470000000000001,1.1562049303746176,-3.4326023165222814
10.48,1.1172921057749097,-4.4983523229265758
10.49,1.0576910652898783,-8.8986319971423917
10.5,-1.9957307607670407,0.66904783091729336
10.51,-1.9890214345824118,0.67282891422462932
10.52,-1.9822739487010976,0.67668013517787051
10.529999999999999,-1.9754875906356777,0.68060373248671258
10.540000000000001,-1.9686616250064275,0.68460204687789239
10.550000000000001,-1.9617952924912094,0.68867752715898223
10.56,-1.9548878087124164,0.69283273674092194
10.57,-1.947938363056311,0.69707036065010541
10.58,-1.9409461174196492,0.70139321306460667
10.59,-1.9339102048780346,0.70580424544138298
10.6,-1.9268297282699396,0.7103065552650033
10.609999999999999,-1.9197037586897614,0.71490339550108928
10.620000000000001,-1.9125313338826557,0.71959818480085214
10.630000000000001,-1.9053114565332057,0.7243945185435533
10.640000000000001,-1.8980430924391842,0.72929618078372194
10.65,-1.8907251685608517,0.73430715721579698
10.66,-1.8833565709352251,0.7394316492371471
10.67,-1.8759361424437133,0.74467408922763068
10.68,-1.8684626804202968,0.75003915718454939
10.69,-1.8609349340860917,0.75553179883417421
10.700000000000001,-1.8533516017946172,0.76115724541058705
10.710000000000001,-1.8457113280704034,0.76692103524312694
10.720000000000001,-1.8380127004216174,0.77282903739362019
10.73,-1.8302542459052737,0.77888747754709886
10.74,-1.8224344274210924,0.78510296644032507
10.75,-1.8145516397073129,0.7914825310914958
10.76,-1.8066042050085978,0.79803364921283027
10.77,-1.7985903683825584,0.80476428714674197
10.779999999999999,-1.7905082926073219,0.81168294179214517
10.790000000000001,-1.7823560526478377,0.81879868702384573
10.800000000000001,-1.7741316296332328,0.82612122516894493
10.81,-1.7658329042912706,0.83366094422366088
10.82,-1.7574576497788417,0.84142898157267321
10.83,-1.7490035238390642,0.84943729511047228
10.84,-1.7404680602059683,0.8576987427809204
10.85,-1.7318486591665223,0.86622717179330544
10.859999999999999,-1.7231425771766737,0.87503751885906778
10.870000000000001,-1.7143469154127526,0.88414592317277363
10.880000000000001,-1.7054586071215889,0.89356985405484768
10.890000000000001,-1.6964744036114203,0.90332825555654772
10.9,-1.6873908587005804,0.91344171079830183
10.91,-1.6782043114110212,0.92393262926378583
10.92,-1.6689108666580998,0.93482546095355501
10.93,-1.6595063736453195,0.94614694209728945
10.94,-1.6499864016212711,0.95792637803596692
10.950000000000001,-1.64034621259381,0.97019597014362702
10.960000000000001,-1.6305807305208764,0.98299119511729705
10.970000000000001,-1.620684506404924,0.99635124683986132
10.98,-1.6106516786044218,1.010319553432131
10.99,-1.6004759275354972,1.0249443850700941
11,-1.5901504237622819,1.040279572042963
11.01,-1.5796677682560265,1.056385357502907
11.02,-1.5690199233276338,1.0733294158237345
11.029999999999999,-1.5581981323884817,1.0911880759954053
11.040000000000001,-1.5471928262466523,1.1100478007027588
11.050000000000001,-1.5359935130676758,1.1300069867970741
11.06,-1.524588648375814,1.1511781730842956
11.07,-1.5129654804813584,1.1736907690713747
11.08,-1.501109865402404,1.1976944565311571
11.09,-1.4890060435788539,1.2233634692206523
11.1,-1.4766363682660477,1.2509020319894708
11.109999999999999,-1.463980972170186,1.2805513498578265
11.120000000000001,-1.4510173542329741,1.3125986978316742
11.130000000000001,-1.4377198618518596,1.3473894011613086
11.140000000000001,-1.4240590342367261,1.3853428594245425
11.15,-1.4100007584533969,1.4269743337899412
11.16,-1.3955051683556072,1.4729251197737971
11.17,-1.3805251836055228,1.5240052085560711
11.18,-1.3650045335467849,1.5812550463952157
11.19,-1.3488750247334522,1.6460373974229328
11.200000000000001,-1.3320526648467756,1.7201783489975424
11.210000000000001,-1.314431996938678,1.8061918995508996
11.220000000000001,-1.2958775163475964,1.9076538066603879
11.23,-1.2762100921358051,2.0298581699837328
11.24,-1.2551842992258724,2.181050096899912
11.25,-1.2324478900221789,2.3749463315910129
11.26,-1.2074624337325435,2.6365118526700932
11.27,-1.1793268156451704,3.0175132833001417
11.279999999999999,-1.1463005565668773,3.6503082560402267
11.290000000000001,-1.1039789273513001,5.0452434453057506
11.300000000000001,-1.0220020443839934,22.49136663332035
11.31,1.9938563270908625,-0.67009938115035594
11.32,1.9871363888332043,-0.67389987914396643
11.33,1.9803780936708066,-0.67777113155110347
11.34,1.9735807228100473,-0.68171540505287653
11.35,1.966743534277116,-0.68573507000366307
11.359999999999999,1.9598657618507307,-0.68983260661103019
11.370000000000001,1.9529466139306475,-0.6940106116087924
11.380000000000001,1.9459852723371771,-0.69827180539204159
11.390000000000001,1.9389808910364723,-0.70261903972647932
11.4,1.9319325947859136,-0.70705530603328004
11.41,1.9248394776933577,-0.71158374434486193
11.42,1.9177006016834566,-0.71620765294274547
11.43,1.9105149948636031,-0.72093049880375115
11.44,1.9032816497813465,-0.7257559288772768
11.450000000000001,1.8959995215643191,-0.73068778231680909
11.460000000000001,1.8886675259328409,-0.73573010373170011
11.470000000000001,1.8812845370743541,-0.74088715758764068
11.48,1.8738493853677702,-0.74616344384591704
11.49,1.8663608549445361,-0.75156371500040975
11.5,1.858817681071854,-0.75709299463406743
11.51,1.8512185473419265,-0.76275659769063087
11.52,1.843562082649332,-0.76856015261204691
11.529999999999999,1.8358468579366556,-0.7745096255804973
11.540000000000001,1.828071382686256,-0.78061134709555613
11.550000000000001,1.8202341011335126,-0.78687204115177212
11.56,1.8123333881739911,-0.79329885732613226
11.57,1.8043675449337269,-0.79989940613029686
11.58,1.7963347939680419,-0.80668179802423601
11.59,1.7882332740500646,-0.81365468654545714
11.6,1.780061034505217,-0.82082731607804715
11.609999999999999,1.7718160290423102,-0.82820957486744229
11.620000000000001,1.7634961090254224,-0.8358120539751781
11.630000000000001,1.7550990161232627,-0.84364611297365688
11.640000000000001,1.7466223742640443,-0.85172395330815165
11.65,1.7380636808138981,-0.86005870043031263
11.66,1.7294202968851016,-0.8686644959273736
11.67,1.7206894366667604,-0.87755660116301493
11.68,1.7118681556545399,-0.88675151414523157
11.69,1.7029533376371933,-0.89626710166607093
11.700000000000001,1.6939416802753751,-0.90612274914430524
11.710000000000001,1.6848296790818593,-0.91633953102568122
11.720000000000001,1.6756136095808669,-0.9269404051743948
11.73,1.6662895073867685,-0.93795043536307698
11.74,1.6568531458973879,-0.94939704676206571
11.75,1.647300011242933,-0.96131032040833297
11.76,1.6376252740658979,-0.97372333387028398
11.77,1.62782375762732,-0.98667255694153433
11.779999999999999,1.6178899016369428,-1.000198313157582
11.790000000000001,1.6078177210844056,-1.0143453205445077
11.800000000000001,1.5976007591995189,-1.029163328135519
11.81,1.5872320334839056,-1.0447078690333034
11.82,1.576703973523405,-1.0610411560797897
11.83,1.5660083489963197,-1.0782331532048026
11.84,1.5551361859181176,-1.0963628647455208
11.85,1.5440776686826818,-1.115519897097476
11.859999999999999,1.5328220248383311,-1.1358063635352738
11.870000000000001,1.5213573887245444,-1.1573392249550181
11.880000000000001,1.5096706390236829,-1.1802531897165145
11.890000000000001,1.4977472038528989,-1.2047043375569195
11.9,1.4855708250935724,-1.2308746915704274
11.91,1.473123271021674,-1.2589780460903901
11.92,1.4603839826545526,-1.28926747983151
11.93,1.4473296341009152,-1.3220451624477316
11.94,1.43393357987074,-1.3576753308384928
11.950000000000001,1.4201651514340192,-1.3966017222285227
11.960000000000001,1.4059887494765193,-1.4393713943566604
11.970000000000001,1.3913626542456343,-1.486667897121142
11.98,1.3762374389198486,-1.5393584702269616
11.99,1.3605538109176636,-1.598562863414789
12,1.3442396067294098,-1.6657565572760877
12.01,1.3272054951882111,-1.74293075227376
12.02,1.3093386377934073,-1.8328501518320628
12.030000000000001,1.2904929758657879,-1.939488084754442
12.040000000000001,1.2704736504296794,-2.0688039274370671
12.050000000000001,1.2490105348779108,-2.2302346632626215
12.06,1.2257098235704893,-2.4398329542467976
12.07,1.1999562394450636,-2.727746218689532
12.08,1.1706854006274841,-3.1595607066315634
12.09,1.1357210734293925,-3.9177710528193699
12.1,1.0887919799139194,-5.8685046569110133
12.109999999999999,-1.9986716939501705,0.66740540641204316
12.120000000000001,-1.9919789421521061,0.67115630580776642
12.130000000000001,-1.9852483372337275,0.67497638842050178
12.140000000000001,-1.9784791764652392,0.67886784988452642
12.15,-1.9716707346678868,0.68283298530488734
12.16,-1.9648222631901573,0.68687419514378345
12.17,-1.9579329888229819,0.69099399154008467
12.18,-1.9510021126494312,0.69519500510237664
12.19,-1.9440288088239963,0.69947999219927659
12.200000000000001,-1.9370122232761058,0.70385184283301827
12.210000000000001,-1.9299514723320499,0.70831358909401054
12.220000000000001,-1.9228456412489201,0.71286841431309012
12.23,-1.9156937826536129,0.71751966290864388
12.24,-1.9084949148792472,0.72227085106327038
12.25,-1.9012480201906279,0.72712567825866237
12.26,-1.8939520428895618,0.73208803978289183
12.27,-1.8866058872899183,0.73716204028955556
12.280000000000001,-1.879208415551304,0.74235200853545302
12.290000000000001,-1.8717584453590872,0.74766251339693524
12.300000000000001,-1.8642547474372018,0.75309838131838125
12.31,-1.8566960428787684,0.75866471532774127
12.32,-1.849081000277911,0.76436691581394101
12.33,-1.8414082326443499,0.77021070322753837
12.34,-1.8336762940802993,0.77620214295500445
12.35,-1.8258836761968655,0.78234767259195304
12.359999999999999,-1.818028804244517,0.78865413190413991
12.370000000000001,-1.8101100329292017,0.79512879579230877
12.380000000000001,-1.8021256418823004,0.80177941062697722
12.390000000000001,-1.7940738307486888,0.80861423436412583
12.4,-1.7859527138527929,0.81564208091630563
12.41,-1.7777603143973899,0.82287236932744667
12.42,-1.7694945581440831,0.83031517837723134
12.43,-1.7611532665176368,0.83798130733390941
12.44,-1.7527341490685773,0.84588234370007764
12.450000000000001,-1.7442347952194379,0.85403073890932935
12.460000000000001,-1.7356526652095641,0.86243989312076397
12.470000000000001,-1.7269850801411382,0.87112425041793118
12.48,-1.7182292110148543,0.88009940596220859
12.49,-1.7093820666268458,0.88938222691268953
12.5,-1.7004404801787645,0.89899098926652454
12.51,-1.6914010944295628,0.9089455331363806
12.52,-1.6822603451898526,0.91926743950290024
12.530000000000001,-1.6730144429267404,0.92998023202548141
12.540000000000001,-1.6636593522076133,0.94110960822675105
12.550000000000001,-1.6541907686639326,0.95268370525689106
12.56,-1.6446040930989676,0.964733406490765
12.57,-1.6348944022939782,0.97729269663922924
12.58,-1.6250564159828393,0.99039907467929356
12.59,-1.6150844593614462,1.0040940360786959
12.6,-1.6049724203704872,1.0184236385261551
12.609999999999999,-1.5947137008317258,1.0334391687755795
12.620000000000001,-1.5843011603201782,1.0491979327394276
12.630000000000001,-1.5737270514060697,1.0657641966526445
12.640000000000001,-1.5629829445858614,1.0832103147250896
12.65,-1.552059640820469,1.1016180886000955
12.66,-1.5409470690827083,1.1210804171155955
12.67,-1.5296341656465362,1.1417033126701994
12.68,-1.5181087309737344,1.1636083845374683
12.69,-1.5063572588934131,1.1869359225966132
12.700000000000001,-1.4943647312175765,1.2118487610291766
12.710000000000001,-1.4821143688348757,1.2385371664502165
12.720000000000001,-1.4695873274434494,1.2672250878835873
12.73,-1.4567623220771113,1.2981782410991971
12.74,-1.4436151589208766,1.3317146997646068
12.75,-1.4301181447854172,1.3682189673165879
12.76,-1.4162393327188938,1.4081609680575689
12.77,-1.4019415444707606,1.4521221286728008
12.780000000000001,-1.3871810833641156,1.5008319082120387
12.790000000000001,-1.3719060085185864,1.5552201145521218
12.800000000000001,-1.3560537724958199,1.6164937620817603
12.81,-1.3395479093191693,1.6862533530272374
12.82,-1.3222932597340582,1.7666749565398552
12.83,-1.3041688565776515,1.8608071689661265
12.84,-1.2850168940407503,1.9730798028767444
12.85,-1.2646247709280505,2.1102295065359162
12.859999999999999,-1.2426940090476633,2.2831175599865463
12.870000000000001,-1.2187819792854742,2.5106745097780845
12.880000000000001,-1.1921800754172316,2.8297183906703354
12.890000000000001,-1.1616151133232147,3.3248954270277715
12.9,-1.1242985176374076,4.2574226657240661
12.91,-1.0705570908715081,7.3229149078366662
12.92,1.996801869823253,-0.66844860062818778
12.93,1.9900985908176918,-0.67221865172408646
12.94,1.98335726417212,-0.67605849099308468
12.950000000000001,1.9765771809721053,-0.67997034134540146
12.960000000000001,1.9697576095735547,-0.68395652676625884
12.970000000000001,1.9628977945622643,-0.68801947832649135
12.98,1.9559969556512597,-0.69216174062715841
12.99,1.9490542865112903,-0.69638597871875352
13,1.9420689535294609,-0.7006949855662995
13.01,1.9350400944905164,-0.7050916900660138
13.02,1.9279668171748012,-0.70957916569807322
13.030000000000001,1.9208481978663545,-0.71416063985743605
13.040000000000001,1.9136832797639969,-0.71883950394062024
13.050000000000001,1.9064710712875583,-0.72361932423957154
13.06,1.8992105442706757,-0.72850385374549975
13.07,1.8919006320307039,-0.73349704494237111
13.08,1.8845402273053651,-0.7386030636851183
13.09,1.8771281800446984,-0.74382630427431917
13.1,1.8696632950456951,-0.74917140586921793
13.109999999999999,1.8621443294156816,-0.75464327035343104
13.120000000000001,1.8545699898490304,-0.76024708182687006
13.130000000000001,1.8469389297001113,-0.76598832789816529
13.140000000000001,1.8392497458334944,-0.7718728229768016
13.15,1.8315009752303324,-0.77790673379093067
13.16,1.823691091327398,-0.78409660737751818
13.17,1.8158185000625553,-0.79044940185247614
13.18,1.8078815355973352,-0.7969725202912129
13.19,1.7998784556837566,-0.80367384805831599
13.200000000000001,1.7918074366385051,-0.81056179407923445
13.210000000000001,1.7836665678829797,-0.81764533649470228
13.220000000000001,1.7754538460024043,-0.82493407328385593
13.23,1.7671671682711614,-0.83243827851323426
13.24,1.7588043255844499,-0.84016896496712423
13.25,1.7503629947282888,-0.8481379539980779
13.26,1.7418407299104701,-0.85635795366622225
13.27,1.7332349534641349,-0.86484264629017826
13.280000000000001,1.7245429456228789,-0.87360678683972737
13.290000000000001,1.7157618332513709,-0.88266631373382576
13.300000000000001,1.7068885773978852,-0.89203847399251079
13.31,1.6979199595145265,-0.90174196496869208
13.32,1.6888525661664047,-0.91179709529764186
13.33,1.6796827720219907,-0.92222596828806813
13.34,1.6704067208822204,-0.93305269147898606
13.35,1.6610203044644212,-0.94430361693558085
13.359999999999999,1.6515191386072139,-0.9560076177631357
13.370000000000001,1.641898536502213,-0.96819640745707725
13.380000000000001,1.6321534784850777,-0.98090491015627235
13.390000000000001,1.6222785778289774,-0.99417169173414677
13.4,1.61226804187376,-1.0080394638144317
13.41,1.6021156276884485,-1.0225556758802612
13.42,1.5918145912962547,-1.0377732141583351
13.43,1.581357629280616,-1.0537512309136521
13.44,1.5707368113254998,-1.0705561338809222
13.450000000000001,1.5599435019067549,-1.0882627737420127
13.460000000000001,1.5489682689211521,-1.106955878281964
13.470000000000001,1.5378007764851851,-1.1267317961989947
13.48,1.526429658414431,-1.1477006328458192
13.49,1.5148423679467915,-1.1699888864676782
13.5,1.5030249980156798,-1.1937427298147196
13.51,1.4909620646918205,-1.2191321325866946
13.52,1.4786362441201339,-1.2463560919295531
13.530000000000001,1.4660280501229772,-1.2756493411470289
13.540000000000001,1.4531154352349744,-1.3072910573468906
13.550000000000001,1.4398732916840289,-1.3416163125514435
13.56,1.426272819810622,-1.3790313523177675
13.57,1.4122807181412607,-1.420034312380849
13.58,1.3978581293754124,-1.4652438201240034
13.59,1.3829592458215521,-1.5154392930243517
13.6,1.3675294292270033,-1.5716190446808134
13.609999999999999,1.3515026207096932,-1.6350863162071607
13.620000000000001,1.3347976826745656,-1.7075806228787229
13.630000000000001,1.3173130791858689,-1.7914856333121372
13.640000000000001,1.2989188668714955,-1.8901725734115649
13.65,1.279444119785379,-2.0085977251445466
13.66,1.2586561344374838,-2.1544110538810965
13.67,1.2362237024043277,-2.34018882042793
13.68,1.2116463716056824,-2.5884448928853208
13.69,1.1841008168039868,-2.9447216307281168
13.700000000000001,1.1520413613319094,-3.5206825339173449
13.710000000000001,1.1117808747190456,-4.7090041621663659
13.720000000000001,1.0458508294619726,-11.121399564650856
13.73,-1.9949291179658541,0.66949709677696889
13.74,-1.9882152579060568,0.67328646626851252
13.75,-1.981463153982578,0.67714623636584781
13.76,-1.9746720910193796,0.68107865769505893
13.77,-1.9678413308255116,0.68508608359844747
13.780000000000001,-1.9609701111376938,0.68917097625956325
13.790000000000001,-1.954057644499426,0.69333591327261601
13.800000000000001,-1.947103117071884,0.69758359472843168
13.81,-1.9401056873714759,0.70191685080793975
13.82,-1.9330644849284251,0.70633864998169094
13.83,-1.9259786088602564,0.71085210784984521
13.84,-1.9188471263534834,0.71546049666530975
13.85,-1.9116690710461592,0.7201672556513149
13.859999999999999,-1.9044434413032554,0.72497600213392133
13.870000000000001,-1.8971691983760433,0.72989054361793149
13.880000000000001,-1.8898452644357946,0.7349148908726808
13.890000000000001,-1.882470520471117,0.74005327212632577
13.9,-1.8750438040371933,0.74531014851758448
13.91,-1.8675639068439414,0.75069023088310471
13.92,-1.860029572168761,0.75619849807319073
13.93,-1.8524394920780025,0.76184021692538195
13.94,-1.8447923044395584,0.7676209640992171
13.950000000000001,-1.8370865897070368,0.77354664995617117
13.960000000000001,-1.8293208674537837,0.77962354475376172
13.970000000000001,-1.8214935926325011,0.7858583073838018
13.98,-1.8136031515334294,0.79225801697037901
13.99,-1.8056478574108055,0.7988302076754733
14,-1.7976259457436705,0.80558290709809799
14.01,-1.789535569092912,0.81252467870677925
14.02,-1.7813747915116342,0.81966466882937017
14.030000000000001,-1.7731415824604557,0.8270126587861959
14.040000000000001,-1.7648338101730112,0.8345791228362005
14.050000000000001,-1.7564492344096065,0.84237529274188527
14.06,-1.7479854985285739,0.85041322982886758
14.07,-1.7394401207950192,0.85870590563102522
14.08,-1.7308104848352655,0.86726729233370137
14.09,-1.7220938291319556,0.87611246445879987
14.1,-1.7132872354391591,0.8852577134790568
14.109999999999999,-1.7043876159784599,0.89472067737097083
14.120000000000001,-1.6953916992553357,0.90452048743089963
14.130000000000001,-1.6862960143094852,0.91467793517266427
14.140000000000001,-1.6770968731822107,0.92521566262660637
14.15,-1.6677903513475967,0.93615838000660567
14.16,-1.6583722658104818,0.9475331155517932
14.17,-1.6488381505216438,0.95936950331061477
14.18,-1.6391832286969392,0.97170011584171367
14.19,-1.6294023815496861,0.9845608504360015
14.200000000000001,-1.6194901128508898,0.99799137926113668
14.210000000000001,-1.6094405086154833,1.0120356763973282
14.220000000000001,-1.5992471910687114,1.0267426377463664
14.23,-1.5889032658676165,1.0421668138234468
14.24,-1.5784012613279734,1.0583692805600968
14.25,-1.5677330581237592,1.0754186799654641
14.26,-1.5568898075661002,1.0933924712048571
14.27,-1.5458618361072018,1.112378444378946
14.280000000000001,-1.5346385331184176,1.1324765647772495
14.290000000000001,-1.523208218213862,1.1538012364413031
14.300000000000001,-1.5115579833665231,1.1764841026107253
14.31,-1.4996735037002471,1.2006775403844125
14.32,-1.4875388090047619,1.2265590627028944
14.33,-1.4751360055177005,1.2543369199216674
14.34,-1.4624449340584131,1.2842573076346768
14.35,-1.4494427457471759,1.3166137553176849
14.359999999999999,-1.4361033696289951,1.3517595212521045
14.370000000000001,-1.4223968364886561,1.3901242023282356
14.380000000000001,-1.4082884082963558,1.4322363649256604
14.390000000000001,-1.3937374402613336,1.4787549597522593
14.4,-1.3786958676401613,1.5305138578926836
14.41,-1.3631061539081215,1.5885865209075869
14.42,-1.3468984454879265,1.6543825321126671
14.43,-1.3299865221650753,1.7297963780835084
14.44,-1.3122618543074613,1.8174455786702026
14.450000000000001,-1.2935845572856473,1.9210694088167806
14.460000000000001,-1.273768997682623,2.0462342348911675
14.470000000000001,-1.2525595878906688,2.2016698175597318
14.48,-1.2295870947665197,2.4020345528042633
14.49,-1.2042819703890271,2.674356792611901
14.5,-1.1756779326773334,3.0757995767383348
14.51,-1.1418649849604392,3.7576108426047217
14.52,-1.0977578739051508,5.3516604739611049
14.530000000000001,1.9997401762203377,-0.66681092463802094
14.540000000000001,1.9930534233764741,-0.67055094084805189
14.550000000000001,1.9863289279456549,-0.67435979747827346
14.56,1.9795659907023897,-0.67823967475030134
14.57,1.9727638901308222,-0.68219285145119402
14.58,1.9659218814103057,-0.68622171075686567
14.59,1.9590391953406696,-0.69032874647605391
14.6,1.9521150372027258,-0.69451656976250931
14.609999999999999,1.9451485855491752,-0.69878791633154225
14.620000000000001,1.9381389909206397,-0.70314565422521103
14.630000000000001,1.9310853744810688,-0.707592792185746
14.640000000000001,1.9239868265662221,-0.7121324886707544
14.65,1.9168424051383768,-0.71676806160457429
14.66,1.9096511341397169,-0.72150299890649494
14.67,1.902412001736165,-0.72634096988601726
14.68,1.8951239584425958,-0.73128583758538657
14.69,1.8877859151194807,-0.73634167216488322
14.700000000000001,1.8803967408300006,-0.74151276544660227
14.710000000000001,1.8729552605455579,-0.7468036467118383
14.720000000000001,1.8654602526863302,-0.75221909991657532
14.73,1.8579104464821454,-0.75776418243930876
14.74,1.8503045191373275,-0.76344424556559143
14.75,1.8426410927814036,-0.76926495687207996
14.76,1.8349187311855406,-0.77523232472914372
14.77,1.8271359362223059,-0.78135272517341525
14.780000000000001,1.8192911440437591,-0.78763293142326418
14.790000000000001,1.8113827209499738,-0.79408014633378521
14.800000000000001,1.8034089589167142,-0.80070203816807106
14.81,1.795368070747253,-0.80750678007628307
14.82,1.7872581848089144,-0.81450309374720165
14.83,1.7790773393099868,-0.82170029778121101
14.84,1.7708234760669175,-0.82910836137655786
14.85,1.7624944337051227,-0.83673796403709477
14.859999999999999,1.7540879402291385,-0.8446005621461935
14.870000000000001,1.7456016048890346,-0.85270846331306349
14.880000000000001,1.7370329092597876,-0.86107490962649447
14.890000000000001,1.7283791974383662,-0.86971417109621407
14.9,1.7196376652493959,-0.87864165076619816
14.91,1.7108053483338834,-0.88787400330406552
14.92,1.7018791089762826,-0.89742926912823451
14.93,1.6928556215024606,-0.90732702654396269
14.94,1.6837313560542027,-0.91758856482657913
14.950000000000001,1.6745025605138348,-0.92823708176042619
14.960000000000001,1.6651652403142485,-0.93929790978007677
14.970000000000001,1.6557151358235798,-0.95079877581292715
14.98,1.6461476969383815,-0.96277010086497761
14.99,1.6364580544518441,-0.9752453467746669
15,1.6266409876817698,-0.98826141917103461
15.01,1.6166908877427137,-1.0018591377371968
15.02,1.6066017157232135,-1.0160837874648494
15.030000000000001,1.5963669548760118,-1.0309857679528491
15.040000000000001,1.5859795557384262,-1.0466213620581342
15.050000000000001,1.5754318728604995,-1.0630536506980364
15.06,1.5647155915158857,-1.0803536078811333
15.07,1.5538216423846742,-1.0986014194918372
15.08,1.5427401017020386,-1.1178880819514367
15.09,1.5314600737248212,-1.138317353830175
15.1,1.5199695515289153,-1.1600081563965452
15.109999999999999,1.5082552510417071,-1.1830975504866212
15.120000000000001,1.4963024117335326,-1.2077444608024932
15.130000000000001,1.4840945553921494,-1.2341343801054123
15.140000000000001,1.4716131916675645,-1.2624853734279931
15.15,1.4588374552778509,-1.2930558295748595
15.16,1.4457436544184497,-1.3261545946466067
15.17,1.4323047022580921,-1.3621544042821918
15.18,1.418489392231604,-1.4015099640900761
15.19,1.4042614612068101,-1.4447827077562243
15.200000000000001,1.3895783592721813,-1.4926753588375379
15.210000000000001,1.3743896053186513,-1.5460812424440256
15.220000000000001,1.3586345439524792,-1.6061564161919004
15.23,1.3422392135110039,-1.6744282544475513
15.24,1.3251118523469898,-1.7529644762626628
15.25,1.3071362409379799,-1.8446468904639461
15.26,1.2881614502367824,-1.953636334554407
15.27,1.2679852951570481,-2.0862097689893901
15.280000000000001,1.2463260039606237,-2.2523820924352953
15.290000000000001,1.2227698611040543,-2.4693626148681407
15.300000000000001,1.1966639248606306,-2.7699426923954178
15.31,1.1668609346061793,-3.2270945915268041
15.32,1.130949167657529,-4.0524878986637409
15.33,1.08147262372533,-6.3744147873889441
15.34,-1.997872020576247,0.66785110582915042
15.35,-1.9911747711240158,0.67161017927840549
15.359999999999999,-1.984439585530682,0.67543869387695055
15.370000000000001,-1.9776657584296082,0.67933885687419837
15.380000000000001,-1.9708525618856476,0.6833129756754438
15.390000000000001,-1.9639992443642564,0.68736346377957236
15.4,-1.9571050296391008,0.69149284714745762
15.41,-1.9501691156335834,0.69570377105408965
15.42,-1.9431906731913415,0.69999900745001631
15.43,-1.9361688447703085,0.70438146289695158
15.44,-1.9291027430544434,0.7088541871073476
15.450000000000001,-1.9219914494766843,0.71342038216897574
15.460000000000001,-1.914834012646081,0.71808341249446428
15.470000000000001,-1.9076294466713728,0.72284681559862962
15.48,-1.9003767293725684,0.72771431373647577
15.49,-1.8930748003712106,0.73268982653487258
15.5,-1.8857225590491089,0.73777748468988291
15.51,-1.8783188623642832,0.74298164484971341
15.52,-1.8708625225116953,0.74830690578964143
15.530000000000001,-1.8633523044150566,0.75375812605009374
15.540000000000001,-1.8557869230345472,0.75934044314482563
15.550000000000001,-1.8481650404736145,0.76505929456021471
15.56,-1.840485262866226,0.77092044070653865
15.57,-1.8327461370238123,0.77692999006649133
15.58,-1.8249461468188131,0.7830944267716734
15.59,-1.8170837092790568,0.78942064090478681
15.6,-1.809157170364164,0.79591596185704494
15.610000000000001,-1.8011648003917178,0.80258819507749557
15.620000000000001,-1.7931047890770002,0.80944566268616402
15.630000000000001,-1.7849752401455605,0.81649724838465298
15.640000000000001,-1.7767741654727536,0.82375244724801389
15.65,-1.7684994786983956,0.83122142102112428
15.66,-1.7601489882578571,0.83891505966774471
15.67,-1.7517203897629836,0.84684505001298926
15.68,-1.7432112576570569,0.85502395246464524
15.69,-1.734619036057331,0.86346528698203173
15.700000000000001,-1.7259410286862351,0.87218362962410689
15.710000000000001,-1.7171743877777756,0.88119472124166742
15.720000000000001,-1.7083161018285522,0.89051559019012405
15.73,-1.6993629820427094,0.90016469123468967
15.74,-1.6903116472962867,0.91016206323444504
15.75,-1.6811585074181996,0.92052950868522854
15.76,-1.6718997445513968,0.93129079881115995
15.77,-1.6625312923174285,0.94247190860319563
15.780000000000001,-1.6530488124592226,0.95410128710197351
15.790000000000001,-1.643447668578357,0.96621016939609283
15.800000000000001,-1.6337228965120829,0.97883293811400263
15.81,-1.6238691708087907,0.99200754400113156
15.82,-1.6138807666543207,1.0057759973488383
15.83,-1.603751516470499,1.0201849448178419
15.84,-1.5934747602446229,1.0352863497898703
15.85,-1.5830432884454513,1.0511382989454334
15.860000000000001,-1.5724492761257272,1.0678059637446036
15.870000000000001,-1.561684206487544,1.0853627532200671
15.880000000000001,-1.5507387817735065,1.1038917048186072
15.890000000000001,-1.5396028188145825,1.1234871736534771
15.9,-1.5282651258743305,1.1442568989539346
15.91,-1.5167133565229112,1.1663245514901992
15.92,-1.5049338350735675,1.1898329001851811
15.93,-1.4929113465058252,1.2149477841104808
15.94,-1.480628881619088,1.241863143741768
15.950000000000001,-1.4680673251653209,1.2708074625237711
15.960000000000001,-1.4552050705372106,1.3020521112161094
15.970000000000001,-1.4420175386846534,1.3359222972827556
15.98,-1.4284765704356106,1.3728116387555718
15.99,-1.4145496489346987,1.4132018719505237
16,-1.4001988902462241,1.4576899776243601
16.010000000000002,-1.3853797115456208,1.5070262699070205
16.02,-1.3700390412602206,1.5621691021559463
16.030000000000001,-1.3541128624161007,1.6243655003655548
16.039999999999999,-1.3375227577142497,1.6952736253554548
16.050000000000001,-1.3201709104546022,1.7771553970165659
16.059999999999999,-1.3019326230327992,1.8731923514422026
16.07,-1.2826446556733002,1.9880302639730398
16.080000000000002,-1.2620861176285825,2.1287782998167546
16.09,-1.2399451110407782,2.3069919658478861
16.100000000000001,-1.2157554860553801,2.543037180704057
16.109999999999999,-1.1887625160499236,2.8771721633425567
16.120000000000001,-1.1575855729732705,3.4044171795992497
16.129999999999999,-1.1190957320004091,4.433632152503999
16.140000000000001,-1.0611826746529753,8.4059546268668477
16.149999999999999,1.9960009456164312,-0.66889656295341615
16.16,1.9892931459748329,-0.67267485917683267
16.170000000000002,1.9825472149459311,-0.67652320468926008
16.18,1.9757624409456727,-0.68044383420344456
16.190000000000001,1.9689380895388469,-0.68443908421126465
16.199999999999999,1.9620734023914375,-0.68851139902968006
16.210000000000001,1.955167596160184,-0.69266333730971297
16.219999999999999,1.948219861314763,-0.69689757902420446
16.23,1.9412293608874325,-0.70121693298158472
16.240000000000002,1.9341952291446807,-0.70562434492776449
16.25,1.9271165701747692,-0.71012290627313035
16.260000000000002,1.9199924563845923,-0.7147158635107741
16.27,1.9128219268986446,-0.71940662839135727
16.280000000000001,1.905603985852117,-0.72419878893206069
16.289999999999999,1.898337600569507,-0.72909612132175483
16.300000000000001,1.8910216996191151,-0.7341026028478107
16.309999999999999,1.8836551707330078,-0.73922242590815013
16.32,1.8762368585807929,-0.74446001323997268
16.330000000000002,1.8687655623845238,-0.74982003449988632
16.34,1.8612400333605594,-0.75530742431186559
16.350000000000001,1.8536589719727958,-0.76092740196940511
16.359999999999999,1.8460210249799942,-0.76668549295914323
16.370000000000001,1.8383247822579201,-0.77258755249676936
16.379999999999999,1.8305687733750096,-0.77863979133315375
16.390000000000001,1.8227514638976636,-0.78484880406622315
16.399999999999999,1.8148712513986776,-0.79122160025987898
16.41,1.8069264611389879,-0.79776563871314676
16.420000000000002,1.7989153413895143,-0.80448886524555063
16.43,1.790836058355614,-0.81139975446474333
16.440000000000001,1.7826866906620904,-0.81850735597781543
16.449999999999999,1.7744652233513105,-0.82582134566438548
16.460000000000001,1.7661695413407072,-0.83335208264018401
16.469999999999999,1.7577974222789667,-0.84111067269711526
16.48,1.7493465287317651,-0.849109039107519
16.490000000000002,1.7408143996185304,-0.85736000181002603
16.5,1.7321984408104001,-0.86587736619004718
16.510000000000002,1.7234959147866478,-0.87467602286240365
16.52,1.7147039292316257,-0.88377206008676823
16.530000000000001,1.7058194244362745,-0.89318289077998425
16.539999999999999,1.6968391593473233,-0.90292739639387753
16.550000000000001,1.687759696082143,-0.91302609038596039
16.559999999999999,1.6785773826977395,-0.92350130452042267
16.57,1.669288333966773,-0.93437740185304674
16.580000000000002,1.6598884098712776,-0.94568102106477825
16.59,1.6503731914735194,-0.95744135772357308
16.600000000000001,1.6407379537618092,-0.9696904892700049
16.609999999999999,1.6309776349940637,-0.98246375201064118
16.620000000000001,1.6210868019701208,-0.99580018023355843
16.629999999999999,1.6110596105514186,-1.0097430199368265
16.640000000000001,1.6008897606072856,-1.0243403326335483
16.649999999999999,1.5905704443943369,-1.0396457085229462
16.66,1.5800942871587569,-1.0557191132481467
16.670000000000002,1.5694532784786603,-1.0726278988749516
16.68,1.5586386925171525,-1.0904480180936993
16.690000000000001,1.5476409949136003,-1.1092654918335771
16.699999999999999,1.5364497334686358,-1.1291781952327828
16.710000000000001,1.5250534090333752,-1.1502980469913116
16.719999999999999,1.5134393220340399,-1.1727537144383986
16.73,1.5015933887613062,-1.1966939843654039
16.740000000000002,1.4894999198046786,-1.2222920024217094
16.75,1.4771413506320239,-1.2497506587107419
16.760000000000002,1.4644979110331731,-1.2793095048771206
16.77,1.451547215555921,-1.311253745723473
16.780000000000001,1.4382637505372635,-1.3459260833434199
16.789999999999999,1.4246182238930978,-1.3837425492466568
16.800000000000001,1.4105767299052558,-1.42521401561022
16.809999999999999,1.3960996602575624,-1.4709759623516561
16.82,1.3811402601626683,-1.5218305275131392
16.830000000000002,1.3656426769868721,-1.578807320367297
16.84,1.3495392645740087,-1.6432537707097445
16.850000000000001,1.3327467636022892,-1.7169736214506932
16.859999999999999,1.3151607256508098,-1.8024471574663219
16.870000000000001,1.2966470794892038,-1.9031970847165405
16.879999999999999,1.2770288145452027,-2.0244295838280668
16.890000000000001,1.2560638042376508,-2.1742342052938892
16.899999999999999,1.2334052800661752,-2.3660278919367674
16.91,1.2085247622041047,-2.6241261489928429
16.920000000000002,1.1805417040032076,-2.9986264803080465
16.93,1.1477679280938931,-3.6162219453941424
16.940000000000001,1.105997901832557,-4.9535024927829676
16.949999999999999,1.0297930498802255,-16.877033062456945
16.960000000000001,-1.9941269365185736,0.66994734162249248
16.969999999999999,-1.9874085326404343,0.67374502818656012
16.98,-1.9806518004158176,0.67761337971200875
16.990000000000002,-1.9738560219657526,0.68155465881590727
17,-1.9670204562729006,0.68557123154946598
17.010000000000002,-1.9601443381167625,0.68966557355888569
17.02,-1.9532268769448908,0.69384027673127191
17.030000000000001,-1.946267255675266,0.69809805632841504
17.039999999999999,-1.9392646294247164,0.70244175864842795
17.050000000000001,-1.9322181241576222,0.70687436930832348
17.059999999999999,-1.9251268352487918,0.71139902215342232
17.07,-1.9179898259536541,0.71601900887590375
17.080000000000002,-1.9108061257784295,0.72073778942984867
17.09,-1.9035747287420872,0.72555900326261868
17.100000000000001,-1.8962945915211957,0.7304864815162081
17.109999999999999,-1.8889646314678867,0.73552426023353457
17.120000000000001,-1.881583724490079,0.74067659470385949
17.129999999999999,-1.8741507027821507,0.74594797505721477
17.140000000000001,-1.8666643523928512,0.75134314323832474
17.150000000000002,-1.8591234106160257,0.75686711150227814
17.16,-1.8515265631880198,0.76252518261009494
17.170000000000002,-1.8438724412739744,0.76832297188686183
17.18,-1.8361596182232496,0.7742664313733959
17.190000000000001,-1.8283866060718821,0.78036187631137932
17.199999999999999,-1.820551851767612,0.7866160141999915
17.210000000000001,-1.8126537330899697,0.79303597676486814
17.219999999999999,-1.8046905542348253,0.79962935517268618
17.23,-1.79666054102891,0.806404238885576
17.240000000000002,-1.7885618357357385,0.81336925861483644
17.25,-1.7803924914093407,0.82053363389040046
17.260000000000002,-1.7721504657467164,0.82790722585093401
17.27,-1.7638336143834921,0.83550059595243775
17.280000000000001,-1.7554396835697303,0.84332507135821333
17.289999999999999,-1.7469663021544004,0.85139281798631672
17.300000000000001,-1.7384109727968537,0.85971692225412411
17.309999999999999,-1.7297710623122051,0.86831148278253079
17.32,-1.7210437910437453,0.87719171354223502
17.330000000000002,-1.7122262211397792,0.88637406014291431
17.34,-1.7033152435933818,0.89587633131962374
17.350000000000001,-1.694307563881565,0.905717848003047
17.359999999999999,-1.6851996860141536,0.91591961282826206
17.370000000000001,-1.6759878947713975,0.92650450348483149
17.379999999999999,-1.6666682358723033,0.93749749398139592
17.390000000000001,-1.6572364937708108,0.94892590869091931
17.400000000000002,-1.6476881667233345,0.96081971512259012
17.41,-1.6380184387058319,0.97321186255670955
17.420000000000002,-1.6282221476793732,0.98613867531792099
17.43,-1.6182937496061445,0.99964031140174969
17.440000000000001,-1.6082272774982969,1.0137612997188998
17.449999999999999,-1.5980162946344676,1.0285511723769372
17.460000000000001,-1.5876538408945007,1.044065212575372
17.469999999999999,-1.5771323709323344,1.0603653439133178
17.48,-1.5664436826153338,1.0775211939134022
17.490000000000002,-1.555578833787769,1.0956113735626984
17.5,-1.5445280449403054,1.1147250267275384
17.510000000000002,-1.5332805847521924,1.1349637194782791
17.52,-1.5218246346694095,1.1564437610852876
17.530000000000001,-1.5101471276223821,1.1792990784085622
17.539999999999999,-1.4982335545748713,1.203684806691049
17.550000000000001,-1.4860677306910772,1.229781817950063
17.559999999999999,-1.4736315103080602,1.2578024907856968
17.57,-1.4609044363010384,1.2879981451204716
17.580000000000002,-1.4478633043723355,1.32066874132334
17.59,-1.4344816155718838,1.3561757069396756
17.600000000000001,-1.4207288798539066,1.3949591576795382
17.609999999999999,-1.4065697178911132,1.4375614108941244
17.620000000000001,-1.3919626847260353,1.4846597034639213
17.629999999999999,-1.3768587020632908,1.5371127009334267
17.640000000000001,-1.3611989271557545,1.5960282422051384
17.650000000000002,-1.3449117889732849,1.662864823042155
17.66,-1.3279087554987576,1.7395886672466374
17.670000000000002,-1.3100780971246593,1.8289263781640728
17.68,-1.2912753476112544,1.9347905228176214
17.690000000000001,-1.2713080341044372,2.0630380824235126
17.699999999999999,-1.2499098038693377,2.2229209238981955
17.710000000000001,-1.2266932600955891,2.4301244809668603
17.719999999999999,-1.2010551332970905,2.7139673664500048
17.73,-1.1719570688887171,3.137766708915529
17.740000000000002,-1.1372947780240064,3.8753880983746445
17.75,-1.0911325610969258,5.7238088738327333
17.760000000000002,1.9989412157440334,-0.66725533803096992
17.77,1.9922499783061745,-0.67100348801830623
17.780000000000001,1.9855209156722509,-0.67482073455595226
17.789999999999999,1.9787533259984591,-0.67870926937887421
17.800000000000001,1.9719464850321546,-0.68267138346103462
17.809999999999999,1.9650996450904459,-0.6867094728917803
17.82,1.9582120339779268,-0.6908260451739382
17.830000000000002,1.9512828538391258,-0.69502372598823292
17.84,1.9443112799407261,-0.69930526647780467
17.850000000000001,1.937296459378244,-0.70367355108774865
17.859999999999999,1.9302375097013829,-0.70813160599979674
17.870000000000001,1.9231335174516422,-0.71268260824564922
17.879999999999999,1.9159835366053155,-0.71732989554128157
17.890000000000001,1.9087865869141889,-0.72207697691284978
17.900000000000002,1.9015416521356756,-0.72692754420329264
17.91,1.8942476781431665,-0.73188548453657687
17.920000000000002,1.8869035709065523,-0.73695489383444235
17.93,1.8795081943318568,-0.74214009149823756
17.940000000000001,1.8720603679476957,-0.74744563638351813
17.949999999999999,1.8645588644251423,-0.75287634416939142
17.960000000000001,1.8570024069159914,-0.75843730632643325
17.969999999999999,1.8493896661929705,-0.76413391080535209
17.98,1.8417192575734687,-0.76997186466358258
17.990000000000002,1.8339897376064764,-0.77595721884596791
18,1.8261996004999725,-0.78209639535317077
18.010000000000002,1.8183472742634614,-0.78839621709041996
18.02,1.8104311165374016,-0.79486394070537925
18.030000000000001,1.802449410077775,-0.80150729277497035
18.039999999999999,1.79440035786035,-0.80833450976304411
18.050000000000001,1.7862820777645927,-0.81535438220963796
18.059999999999999,1.7780925967923116,-0.82257630370072443
18.07,1.7698298447701142,-0.83001032523498863
18.080000000000002,1.7614916474782487,-0.8376672157232663
18.09,1.7530757191404931,-0.84555852941585863
18.100000000000001,1.7445796542009,-0.85369668128085174
18.109999999999999,1.7360009183027816,-0.86209503138988219
18.120000000000001,1.7273368383730794,-0.87076797967240327
18.129999999999999,1.7185845917012283,-0.87973107255521132
18.140000000000001,1.7097411938847806,-0.88900112328985492
18.150000000000002,1.7008034854946312,-0.89859634809425248
18.16,1.6917681172893464,-0.90853652064032231
18.170000000000002,1.6826315337807087,-0.91884314787171684
18.18,1.6733899549198639,-0.92953967071575949
18.190000000000001,1.6640393556341866,-0.94065169400204107
18.199999999999999,1.654575442898141,-0.95220725070174306
18.210000000000001,1.644993629964451,-0.9642371067501958
18.219999999999999,1.6352890073133022,-0.97677511402351003
18.23,1.6254563097931982,-0.989858620724968
18.240000000000002,1.6154898793245371,-1.0035289505646499
18.25,1.6053836224101128,-1.0178319647922807
18.260000000000002,1.595130961539809,-1.0328187245760436
18.27,1.5847247793807966,-1.0485462756027764
18.280000000000001,1.5741573543982137,-1.0650785825316191
18.289999999999999,1.5634202862399844,-1.0824876483006167
18.300000000000001,1.5525044088219531,-1.1008548631926816
18.309999999999999,1.5413996885390309,-1.1202726415350344
18.32,1.5300951043654247,-1.1408464215004332
18.330000000000002,1.5185785057400232,-1.1626971272272622
18.34,1.506836442985815,-1.1859642251949281
18.350000000000001,1.4948539634786866,-1.2108095521871745
18.359999999999999,1.4826143647058727,-1.2374221562539172
18.370000000000001,1.4700988925102567,-1.2660244836042367
18.379999999999999,1.4572863688643911,-1.296880377459402
18.390000000000001,1.444152727939735,-1.3303055515231841
18.400000000000002,1.4306704312311778,-1.3666814972357442
18.41,1.4168077207914878,-1.4064742402085229
18.420000000000002,1.4025276521597909,-1.4502600802989862
18.43,1.3877868218847287,-1.4987616130269354
18.440000000000001,1.3725336627193871,-1.5528992683737928
18.449999999999999,1.3567061120598798,-1.6138669428095271
18.460000000000001,1.3402283465234355,-1.6832462803567534
18.469999999999999,1.3230060800577739,-1.763185351225472
18.48,1.3049195680169932,-1.8566895448071559
18.490000000000002,1.2858127795449958,-1.9681187816760517
18.5,1.2654758099401158,-2.1040898018406442
18.510000000000002,1.2436145226638253,-2.2752420003209002
18.52,1.2197938420549927,-2.5000516022714248
18.530000000000001,1.1933198138241075,-2.8142632416675446
18.539999999999999,1.1629527970691231,-3.2993614741824597
18.550000000000001,1.126006888406669,-4.2027242390600525
18.559999999999999,1.073457140786201,-7.0435536101600604
18.57,-1.9970718127850109,0.66829777108489163
18.580000000000002,-1.9903700558698041,0.67206504889288787
18.59,-1.983630279482955,0.67590202713514991
18.600000000000001,-1.9768517756070183,0.67981092476117821
18.609999999999999,-1.970033813535669,0.68379406156330524
18.620000000000001,-1.9631756388356632,0.68785386416460237
18.629999999999999,-1.9562764722467925,0.6919928724451988
18.640000000000001,-1.9493355085151538,0.69621374645629841
18.650000000000002,-1.9423519151548037,0.70051927384161061
18.66,-1.9353248311322719,0.7049123778452544
18.670000000000002,-1.9282533654680019,0.7093961259324133
18.68,-1.9211365957482274,0.71397373909031536
18.690000000000001,-1.9139735665401003,0.71864860188725588
18.699999999999999,-1.906763287702341,0.72342427332917225
18.710000000000001,-1.8995047325827705,0.72830449862520763
18.719999999999999,-1.8921968360933994,0.73329322194151714
18.73,-1.8848384926526534,0.73839460022996872
18.740000000000002,-1.8774285539834217,0.74361301826060988
18.75,-1.8699658267542982,0.74895310496223755
18.760000000000002,-1.8624490700501624,0.75441975124292804
18.77,-1.8548769926567668,0.76001812940509716
18.780000000000001,-1.8472482501422469,0.76575371436265549
18.789999999999999,-1.8395614417167441,0.77163230684872841
18.800000000000001,-1.8318151068490451,0.77766005883134925
18.809999999999999,-1.8240077216169299,0.78384350141567172
18.82,-1.8161376947650236,0.7901895754818784
18.830000000000002,-1.8082033634410439,0.79670566542992072
18.84,-1.8002029885776687,0.80339963637942724
18.850000000000001,-1.7921347498833355,0.81027987525450484
18.859999999999999,-1.7839967404007067,0.817355336259732
18.870000000000001,-1.7757869605861689,0.82463559128988784
18.879999999999999,-1.7675033118578543,0.83213088594281215
18.890000000000001,-1.7591435895525125,0.8398522018583362
18.900000000000002,-1.7507054752236888,0.84781132628177835
18.91,-1.7421865282041504,0.85602092983052824
18.920000000000002,-1.7335841763447364,0.86449465364803135
18.93,-1.7248957058291248,0.8732472073204679
18.940000000000001,-1.7161182499490655,0.88229447914919967
18.949999999999999,-1.7072487767073672,0.89165366067695451
18.960000000000001,-1.6982840750951853,0.90134338769753375
18.969999999999999,-1.6892207398660657,0.9113839003815456
18.98,-1.6800551546001388,0.92179722568003708
18.990000000000002,-1.6707834728176556,0.93260738575147362
19,-1.6614015968596854,0.94384063691755471
19.010000000000002,-1.6519051542043646,0.95552574458543305
19.02,-1.6422894708272193,0.96769430072821461
19.030000000000001,-1.6325495411412774,0.98038109190945466
19.039999999999999,-1.6226799939641285,0.99362452768063281
19.050000000000001,-1.6126750538499812,1.0074671414085474
19.059999999999999,-1.6025284969905336,1.0219561784626312
19.07,-1.5922336007212745,1.0371442903866455
19.080000000000002,-1.5817830854613062,1.0530903583887297
19.09,-1.5711690476518065,1.0698604756302368
19.100000000000001,-1.5603828819251779,1.0875291258494997
19.109999999999999,-1.5494151903110964,1.1061806064460111
19.120000000000001,-1.5382556757367631,1.1259107583352548
19.129999999999999,-1.5268930163652834,1.1468290839611652
19.140000000000001,-1.5153147163790086,1.1690613608033982
19.150000000000002,-1.503506927572168,1.1927528935225893
19.16,-1.4914542344498332,1.2180725978518183
19.170000000000002,-1.4791393932669423,1.2452181799770183
19.18,-1.466543012327215,1.2744227766680603
19.190000000000001,-1.4536431565158985,1.3059635695834446
19.199999999999999,-1.4404148528795937,1.3401731073404557
19.210000000000001,-1.4268294651795195,1.3774544026839084
19.219999999999999,-1.4128538922794009,1.4183013890740186
19.23,-1.3984495256068445,1.463327141352794
19.240000000000002,-1.3835708707495145,1.5133036030376268
19.25,-1.3681636905745251,1.5692188119030419
19.260000000000002,-1.3521624496228484,1.6323615308398691
19.27,-1.3354867086059292,1.7044502841009321
19.280000000000001,-1.3180358879299352,1.7878372586429965
19.289999999999999,-1.2996813958329863,1.8858445017045451
19.300000000000001,-1.2802542917481308,2.0033475320108645
19.309999999999999,-1.2595249332204574,2.1478550702718588
19.32,-1.2371671367524482,2.3316753271826522
19.330000000000002,-1.2126894277802969,2.5767538683909299
19.34,-1.1852865872938687,2.9272193193679694
19.350000000000001,-1.1534571129818911,3.4901988027107547
19.359999999999999,-1.1136676012219433,4.6345982969273498
19.370000000000001,-1.050147243349848,10.194948182731506
19.379999999999999,1.9951994842352818,-0.66934549949223521
19.390000000000001,1.9884871540632547,-0.67313207151863774
19.400000000000002,1.9817366084430428,-0.67698895532936254
19.41,1.9749471331067809,-0.68091839752217675
19.420000000000002,1.9681179908131221,-0.68492274717564017
19.43,1.9612484202923064,-0.68900446195198617
19.440000000000001,1.9543376351278998,-0.69316611465404743
19.449999999999999,1.9473848225705686,-0.69741040027754131
19.460000000000001,1.9403891422786783,-0.70174014359753611
19.469999999999999,1.9333497249802041,-0.70615830733261253
19.48,1.9262656710497581,-0.71066800095660876
19.490000000000002,1.9191360489941394,-0.7152724902071006
19.5,1.9119598938390336,-0.71997520734971487
19.510000000000002,1.9047362054088766,-0.72477976229215424
19.52,1.8974639464911216,-0.72968995461089481
19.530000000000001,1.890142040875191,-0.73470978659649444
19.539999999999999,1.8827693712555664,-0.73984347740757239
19.550000000000001,1.8753447769872273,-0.74509547845695867
19.559999999999999,1.8678670516806062,-0.75047049015354617
19.57,1.8603349406216958,-0.75597348014980581
19.580000000000002,1.8527471380015899,-0.76160970324083976
19.59,1.8451022839378681,-0.76738472312059824
19.600000000000001,1.8373989612683941,-0.7733044361869591
19.609999999999999,1.8296356920959063,-0.7793750976222179
19.620000000000001,1.8218109340592075,-0.7856033500292362
19.629999999999999,1.8139230763041041,-0.79199625490704573
19.640000000000001,1.8059704351238715,-0.79856132732286778
19.650000000000002,1.7979512492355574,-0.80530657415105178
19.66,1.7898636746541203,-0.81224053634048865
19.670000000000002,1.7817057791217303,-0.81937233570606527
19.68,1.7734755360440979,-0.82671172683667515
19.690000000000001,1.7651708178793015,-0.83426915480638897
19.699999999999999,1.756789388917491,-0.84205581943650831
19.710000000000001,1.748328897381255,-0.85008374704807554
19.719999999999999,1.7397868667668879,-0.85836587073236981
19.73,1.7311606863352527,-0.8669161203696949
19.740000000000002,1.7224476006478751,-0.87574952383231075
19.75,1.7136446980282205,-0.88488232104089903
19.760000000000002,1.7047488978099632,-0.89433209286749937
19.77,1.695756936212536,-0.90411790720625307
19.780000000000001,1.6866653506586551,-0.91426048500327262
19.789999999999999,1.6774704623183909,-0.9247823895259113
19.800000000000001,1.6681683566279857,-0.93570824285358056
19.809999999999999,1.6587548614884748,-0.94706497430453107
19.82,1.6492255227967381,-0.95888210656284756
19.830000000000002,1.6395755768986413,-0.97119208641330446
19.84,1.6297999194769162,-0.98403066861137756
19.850000000000001,1.6198930702926173,-0.99743736321826126
19.859999999999999,1.6098491330835509,-1.0114559592410344
19.870000000000001,1.5996617497801806,-1.0261351404280854
19.879999999999999,1.5893240480220827,-1.0415292130649654
19.890000000000001,1.5788285807353144,-1.0576989706312514
19.900000000000002,1.5681672562506741,-1.0747127268781578
19.91,1.557331257086024,-1.0926475574929124
19.920000000000002,1.5463109450592052,-1.1115908020734873
19.93,1.5350957498079782,-1.1316418934752361
19.940000000000001,1.5236740370239659,-1.1529146023777548
19.949999999999999,1.5120329516949127,-1.1755398133227368
19.960000000000001,1.5001582303016416,-1.1996689876404858
19.969999999999999,1.4880339741025508,-1.2254785237511749
19.98,1.4756423731667569,-1.2531753033234794
19.990000000000002,1.462963367403936,-1.2830038244497575
20,1.4499742260547537,-1.315255488241204
