t,y1,y2
0,2,0
0.01,1.9935393320653931,-0.67015112008551392
0.02,1.9868188810576708,-0.6739506770837258
0.029999999999999999,1.9800600829585921,-0.67782090688096619
0.040000000000000001,1.9732622198192944,-0.6817640703608191
0.050000000000000003,1.9664245505710032,-0.68578253161398117
0.059999999999999998,1.9595463099625359,-0.6898787640936076
0.070000000000000007,1.9526267074340342,-0.69405535722291423
0.080000000000000002,1.9456649259221805,-0.69831502349785179
0.089999999999999997,1.9386601205917291,-0.70266060612934522
0.10000000000000001,1.9316114174877135,-0.70709508727422232
0.11,1.9245179121021776,-0.71162159690923366
0.12,1.917378667848703,-0.71624342240838623
0.13,1.9101927144373705,-0.72096401889050066
0.14000000000000001,1.9029590461420873,-0.72578702041126042
0.14999999999999999,1.895676619951433,-0.73071625208250179
0.16,1.8883443535932942,-0.73575574321092407
0.17000000000000001,1.8809611234225925,-0.74090974155916478
0.17999999999999999,1.8735257621603139,-0.74618272884439307
0.19,1.8660370564708357,-0.75157943760336132
0.20000000000000001,1.8584937443631733,-0.75710486956869005
0.20999999999999999,1.8508945124002376,-0.76276431571906744
0.22,1.8432379926984686,-0.76856337818667708
0.23000000000000001,1.8355227596982548,-0.77450799422866023
0.23999999999999999,1.8277473266833586,-0.78060446249646442
0.25,1.8199101420250654,-0.78685947186809069
0.26000000000000001,1.8120095851239624,-0.79328013314404977
0.27000000000000002,1.8040439620190285,-0.79987401394945512
0.28000000000000003,1.7960115006300694,-0.80664917723265628
0.28999999999999998,1.7879103455953487,-0.81361422380682669
0.29999999999999999,1.7797385526614868,-0.82077833944601841
0.31,1.7714940825772147,-0.8281513471233487
0.32000000000000001,1.7631747944362537,-0.8357437650682441
0.33000000000000002,1.7547784384073202,-0.84356687142455655
0.34000000000000002,1.7463026477808268,-0.85163277641512125
0.35000000000000003,1.7377449302520933,-0.85995450306465715
0.35999999999999999,1.7291026583495079,-0.86854607770678027
0.37,1.7203730589028254,-0.87742263170782231
0.38,1.7115532014312573,-0.88660051608781099
0.39000000000000001,1.7026399853127665,-0.89609743101605677
0.40000000000000002,1.693630125574467,-0.90593257251693804
0.41000000000000003,1.6845201371185838,-0.91612679915486217
0.41999999999999998,1.6753063171681821,-0.92670282199416842
0.42999999999999999,1.6659847256808127,-0.93768542177302394
0.44,1.6565511634350241,-0.94910169801953659
0.45000000000000001,1.6470011474427069,-0.96098135581164901
0.46000000000000002,1.637329883277413,-0.97335703708878618
0.47000000000000003,1.6275322338324707,-0.98626470492731555
0.47999999999999998,1.6176026839295223,-0.99974409107770856
0.48999999999999999,1.6075353000837087,-1.0138392194406587
0.5,1.5973236845904495,-1.0285990211809288
0.51000000000000001,1.5869609229232657,-1.0440780610413611
0.52000000000000002,1.5764395232126467,-1.0603373993960563
0.53000000000000003,1.5657513462996988,-1.0774456210416947
0.54000000000000004,1.5548875245079723,-1.0954800701809144
0.55000000000000004,1.5438383668291278,-1.1145283422149546
0.56000000000000005,1.532593247641159,-1.1346900978406931
0.57000000000000006,1.5211404753278359,-1.1560792849753962
0.57999999999999996,1.5094671361836423,-1.178826881284436
0.58999999999999997,1.4975589076833253,-1.2030843075989472
0.59999999999999998,1.4853998334456215,-1.2290277147900821
0.60999999999999999,1.4729720498474381,-1.2568634205139462
0.62,1.4602554509837535,-1.2868348780849335
0.63,1.4472272741244652,-1.3192317138620442
0.64000000000000001,1.4338615813900772,-1.3544015978872213
0.65000000000000002,1.4201286041175001,-1.3927660573289558
0.66000000000000003,1.4059939028292816,-1.4348418739528495
0.67000000000000004,1.3914172754384955,-1.4812705458164739
0.68000000000000005,1.376351315285401,-1.5328596518469961
0.69000000000000006,1.3607394718823469,-1.5906422219678995
0.70000000000000007,1.3445133885289957,-1.6559641076306237
0.70999999999999996,1.3275891596163572,-1.7306163355427278
0.71999999999999997,1.3098619227925516,-1.8170423961888571
0.72999999999999998,1.2911977891011805,-1.9186757435485247
0.73999999999999999,1.2714213302242445,-2.0405157818855915
0.75,1.2502952549611672,-2.1901675122305395
0.76000000000000001,1.2274854534694595,-2.3798534170868058
0.77000000000000002,1.2024963533061481,-2.6306650991090947
0.78000000000000003,1.1745394865806966,-2.9826455964971244
0.79000000000000004,1.142229332572392,-3.5227827267485616
0.80000000000000004,1.1027336484851022,-4.4828891248858698
0.81000000000000005,1.0485590644919809,-6.7381750579783306
0.82000000000000006,0.94532801463657035,-17.326399461109908
0.83000000000000007,-1.4931833655686466,-1070.0205562163849
0.83999999999999997,-2.0002459474075223,0.66640685901178798
0.84999999999999998,-1.993563280991179,0.67013766573680422
0.85999999999999999,-1.9868429657636439,0.67393697410730113
0.87,-1.9800843059702429,0.67780694737570435
0.88,-1.9732865837429034,0.68174984606679734
0.89000000000000001,-1.9664490580973299,0.68576803389173613
0.90000000000000002,-1.9595709638707264,0.68986398390136361
0.91000000000000003,-1.9526515105957649,0.69404028509212012
0.92000000000000004,-1.9456898813060561,0.69829964950685675
0.93000000000000005,-1.938685231267953,0.70264491987507571
0.94000000000000006,-1.9316366866330537,0.70707907784165747
0.95000000000000007,-1.9245433430052483,0.71160525283846798
0.95999999999999996,-1.9174042639155888,0.7162267316590869
0.96999999999999997,-1.91021847919762,0.72094696880346176
0.97999999999999998,-1.9029849832551078,0.72576959766681115
0.98999999999999999,-1.8957027332133167,0.7306984426554417
1,-1.8883706469441155,0.73573753232162442
1.01,-1.8809876009542128,0.74089111362048998
1.02,-1.8735524281247429,0.74616366740394724
1.03,-1.8660639152891925,0.75155992528062432
1.04,-1.8585208006353058,0.75708488798646667
1.05,-1.8509217709150587,0.76274384542864426
1.0600000000000001,-1.8432654584450734,0.76854239858598916
1.0700000000000001,-1.8355504378778957,0.77448648347267768
1.0800000000000001,-1.8277752227223587,0.78058239739892332
1.0900000000000001,-1.8199382615887623,0.78683682779353981
1.1000000000000001,-1.8120379341317838,0.79325688388909865
1.1100000000000001,-1.8040725466608156,0.79985013161188057
1.1200000000000001,-1.7960403273837759,0.80662463206690549
1.1300000000000001,-1.7879394212462596,0.81358898406421065
1.1400000000000001,-1.7797678843231199,0.82075237119761579
1.1500000000000001,-1.7715236777140884,0.82812461406340199
1.1599999999999999,-1.76320466088873,0.83571622829541892
1.1699999999999999,-1.7548085844187562,0.84353848919810026
1.1799999999999999,-1.7463330820273071,0.85160350388239392
1.1899999999999999,-1.7377756618750446,0.85992429195602704
1.2,-1.7291336969915481,0.8685148759931236
1.21,-1.7204044147472477,0.87739038321511986
1.22,-1.711584885245609,0.88656716006231429
1.23,-1.7026720084970544,0.89606290163238433
1.24,-1.6936625002146048,0.90589679832000514
1.25,-1.6845528760457955,0.9160897024249044
1.26,-1.6753394340251906,0.92666431802199434
1.27,-1.6660182349957902,0.93764541803010004
1.28,-1.6565850807044402,0.9490600932044333
1.29,-1.6470354892244243,0.96093803875043904
1.3,-1.6373646672956192,0.973311885462257
1.3100000000000001,-1.6275674790963388,0.98621758379183033
1.3200000000000001,-1.6176384108678608,0.99969485113899526
1.3300000000000001,-1.6075715306983138,1.0137876950302935
1.3400000000000001,-1.5973604426314341,1.028545027873097
1.3500000000000001,-1.5869982340903346,1.0440213928318902
1.3600000000000001,-1.5764774153871719,1.0602778253455225
1.3700000000000001,-1.5657898498135472,1.0773828812581687
1.3800000000000001,-1.5549266724564537,1.0954138709833248
1.3900000000000001,-1.5438781954372369,1.1144583502722627
1.4000000000000001,-1.5326337966946253,1.1346159330207701
1.4099999999999999,-1.5211817886835477,1.1560005115544987
1.4199999999999999,-1.5095092623780428,1.1787429970547187
1.4299999999999999,-1.4976019006627479,1.2029947302543116
1.4399999999999999,-1.4854437534497575,1.2289317647503897
1.45,-1.4730169644870157,1.2567602990343565
1.46,-1.4603014365671483,1.2867236390448993
1.47,-1.447274417307127,1.31911122696477
1.48,-1.4339099812479659,1.3542705000087454
1.49,-1.4201783747853458,1.3926226872443295
1.5,-1.4060451769031048,1.4346841833121351
1.51,-1.3914702084303749,1.4810959754849315
1.52,-1.376406091555564,1.532664956560821
1.53,-1.360796312691549,1.5904232158395326
1.54,-1.3445725632112728,1.6557152848465144
1.55,-1.3276510014776666,1.7303302872442248
1.5600000000000001,-1.3099268524105594,1.8167088819671642
1.5700000000000001,-1.2912663496769439,1.9182801486647076
1.5800000000000001,-1.2714942434959418,2.0400364220752372
1.5900000000000001,-1.2503735142307619,2.1895706274281848
1.6000000000000001,-1.2275704884380734,2.3790831357390925
1.6100000000000001,-1.2025903466348762,2.6296212628013702
1.6200000000000001,-1.174646050154095,2.9811280144743724
1.6300000000000001,-1.1423551821745608,3.5203236055633931
1.6400000000000001,-1.102893767631332,4.4780953624965285
1.6500000000000001,-1.0487996252416036,6.7246891731574072
1.6600000000000001,-0.94594543359359518,17.22730014951685
1.6699999999999999,1.4541175032617433,1115.849538997232
1.6799999999999999,2.0002697625440389,-0.66639364654258249
1.6899999999999999,1.9935872294511781,-0.67012421225437291
1.7,1.9868670499950307,-0.67392327202466462
1.71,1.9801085284982269,-0.6777929887929357
1.72,1.973310947173472,-0.6817356227252821
1.73,1.9664735651209353,-0.6857535371534017
1.74,1.9595956172661932,-0.68984920472591338
1.75,1.9526763132344329,-0.69402521401256212
1.76,1.9457148361561774,-0.69828427660320869
1.77,1.9387103413993618,-0.70262923474602601
1.78,1.9316619552221297,-0.70706306957406229
1.79,1.9245687733401979,-0.71158890997443036
1.8,1.9174298594020684,-0.71621004216040474
1.8100000000000001,1.9102442433647284,-0.72092992001320477
1.8200000000000001,1.9030109197617784,-0.72575217626774191
1.8300000000000001,1.8957288458551431,-0.73068063462494959
1.8400000000000001,1.8883969396606459,-0.7357193228828699
1.8500000000000001,1.881014077836755,-0.74087248718930465
1.8600000000000001,1.8735790934247207,-0.74614460753112688
1.8700000000000001,1.8660907734271071,-0.75154041458907439
1.8800000000000001,1.8585478562103515,-0.75706490810267124
1.8900000000000001,1.8509490287154557,-0.76272337690784986
1.9000000000000001,1.8432929234591839,-0.76852142083039232
1.9100000000000001,1.8355781153061952,-0.77446497464184949
1.9199999999999999,1.8278031179903449,-0.78056033431156224
1.9299999999999999,1.8199663803608959,-0.78681418581956519
1.9399999999999999,1.8120662823265601,-0.79323363683092996
1.95,1.8041011304670829,-0.79982625157359488
1.96,1.7960691532784292,-0.80660008930979876
1.97,1.7879684960134534,-0.81356374684703281
1.98,1.7797972150751642,-0.82072640559955656
1.99,1.7715532719142089,-0.82809788378754545
2,1.7632345263759028,-0.83568869445010951
2.0100000000000002,1.7548387294348524,-0.84351011005316678
2.02,1.7463635152468144,-0.85157423459681303
2.0300000000000002,1.7378063924376703,-0.85989408427293124
2.04,1.7291647345380579,-0.86848367789745518
2.0499999999999998,1.7204357694589338,-0.87735813854837608
2.0600000000000001,1.7116165678878541,-0.88653380808791782
2.0699999999999998,1.7027040304675207,-0.89602837654398204
2.0800000000000001,1.6936948735966602,-0.90586102868367357
2.0899999999999999,1.6845856136678949,-0.91605261054445064
2.1000000000000001,1.6753725495270388,-0.92662581921455855
2.1099999999999999,1.6660517429022621,-0.93760541979665724
2.1200000000000001,1.6566189965083957,-0.94901849427670093
2.1299999999999999,1.6470698294797645,-0.96089472799185527
2.1400000000000001,1.6373994497221718,-0.9732667405958666
2.1499999999999999,1.6276027226984671,-0.98617046992193635
2.1600000000000001,1.6176741360690514,-0.99964561902592797
2.1699999999999999,1.6076077594944582,-1.0137361790680488
2.1800000000000002,1.5973971987660696,-1.0284910437075154
2.1899999999999999,1.5870355432558227,-1.0439647345414027
2.2000000000000002,1.5765153054566499,-1.0602182620863936
2.21,1.5658283511096156,-1.0773201532498446
2.2200000000000002,1.5549658180639498,-1.0953476846750529
2.23,1.5439180215692694,-1.114388372486361
2.2400000000000002,1.5326743431233658,-1.1345417838066811
2.25,1.5212230992503446,-1.1559217554048555
2.2600000000000002,1.5095513856014275,-1.1786591320213535
2.27,1.4976448904682838,-1.2029051743451642
2.2800000000000002,1.4854876700528938,-1.228835838768281
2.29,1.4730618754699867,-1.2566572047056941
2.3000000000000003,1.4603474182045764,-1.2866124308347893
2.3100000000000001,1.4473215562141371,-1.3189907753122652
2.3199999999999998,1.4339583764518817,-1.3541394427256324
2.3300000000000001,1.4202281403616239,-1.3924793643116162
2.3399999999999999,1.4060964453746752,-1.4345265479574698
2.3500000000000001,1.3915231352179953,-1.4809214706721903
2.3599999999999999,1.3764608609036528,-1.5324703398713853
2.3700000000000001,1.3608531457114792,-1.5902043053275243
2.3799999999999999,1.3446317290405887,-1.655466580296667
2.3900000000000001,1.3277128331579116,-1.7300443879823264
2.3999999999999999,1.3099917701539225,-1.8163755599632851
2.4100000000000001,1.291334896162883,-1.9178848086777338
2.4199999999999999,1.2715671396887356,-2.0395574120976572
2.4300000000000002,1.2504517522275265,-2.188974244099533
2.4399999999999999,1.227655495946069,-2.3783136151495854
2.4500000000000002,1.2026843027414287,-2.628578672510101
2.46,1.1747525596011648,-2.979612706551225
2.4700000000000002,1.1424809440614443,-3.517869372172497
2.48,1.103053715809305,-4.4733153550128684
2.4900000000000002,1.0490397053506679,-6.7112677664088816
2.5,0.94655933051450958,-17.12926638516598
2.5100000000000002,-1.4134631667775226,-1158.8273911668425
2.52,-2.0002935772850647,0.66638043487504206
2.5300000000000002,-1.9936111775075025,0.67011075960217281
2.54,-1.9868911338142967,0.67390957080019642
2.5500000000000003,-1.9801327506053692,0.6777790310963725
2.5600000000000001,-1.9733353101741915,0.6817214002992964
2.5699999999999998,-1.9664980717053844,0.68573904136128827
2.5800000000000001,-1.9596202702128818,0.68983442652882687
2.5899999999999999,-1.9527011154143723,0.69401014394505367
2.6000000000000001,-1.9457397905372744,0.69826890474692405
2.6099999999999999,-1.9387354510510888,0.70261355070140219
2.6200000000000001,-1.9316872233204863,0.70704706242980508
2.6299999999999999,-1.9245942031729923,0.71157256827461035
2.6400000000000001,-1.9174554543745372,0.7161933538689208
2.6499999999999999,-1.9102700070055298,0.72091287247537361
2.6600000000000001,-1.9030368557293815,0.72573475616871652
2.6699999999999999,-1.8957549579446531,0.73066282794468596
2.6800000000000002,-1.8884232318110956,0.73570111484726053
2.6899999999999999,-1.8810405541389084,0.74085386221711924
2.7000000000000002,-1.8736057581294272,0.74612554917631169
2.71,-1.8661176309542613,0.75152090547791073
2.7200000000000002,-1.8585749111585059,0.75704492986527339
2.73,-1.8509762858721519,0.76270291010337121
2.7400000000000002,-1.8433203878120634,0.76850044486524138
2.75,-1.8356057920549695,0.77444346768013317
2.7600000000000002,-1.827831012559701,0.78053827317688296
2.77,-1.8199944984144332,0.78679154588714795
2.7800000000000002,-1.8120946297818561,0.79321039190893405
2.79,-1.8041297135120096,0.79980237377232799
2.8000000000000003,-1.7960979783888393,0.80657554889731775
2.8100000000000001,-1.7879975699723898,0.8135385120894485
2.8199999999999998,-1.7798265449937472,0.82070044258407615
2.8300000000000001,-1.7715828652543908,0.82807115622600735
2.8399999999999999,-1.7632643909752961,0.83566116346041586
2.8500000000000001,-1.7548688735338638,0.84348173391562697
2.8599999999999999,-1.7463939475183565,0.85154496848189587
2.8700000000000001,-1.7378371220197559,0.85986387993641344
2.8799999999999999,-1.7291957710696244,0.8684524833381978
2.8900000000000001,-1.7204671231192996,0.87732589762324653
2.8999999999999999,-1.7116482494402674,0.88650046007733885
2.9100000000000001,-1.7027360513073277,0.89599385566046141
2.9199999999999999,-1.6937272458047166,0.9058252635142453
2.9300000000000002,-1.6846183500699197,0.916015523416288
2.9399999999999999,-1.6754056637597556,0.92658732547090594
2.9500000000000002,-1.6660852494872866,0.93756542696773726
2.96,-1.6566529109350201,0.94897690112711131
2.9700000000000002,-1.647104168297971,0.96085142342209584
2.98,-1.637434230647477,0.97322160237089461
2.9900000000000002,-1.6276379647304748,0.9861233631936327
3,-1.6177098596259829,0.99959639460880734
3.0100000000000002,-1.6076439865663572,1.0136846714180701
3.02,-1.5974339530899639,1.0284370685416548
3.0300000000000002,-1.5870728505167977,1.0439080860201306
3.04,-1.5765531935196859,1.0601587094610048
3.0500000000000003,-1.5658668502881277,1.0772574368504246
3.0600000000000001,-1.5550049614323949,1.0952815110803349
3.0700000000000003,-1.5439578453289668,1.114318408671076
3.0800000000000001,-1.5327148870330425,1.1344676500007345
3.0899999999999999,-1.5212644071359291,1.1558430163159921
3.1000000000000001,-1.509593505963674,1.1785752859596097
3.1099999999999999,-1.4976878772121349,1.2028156396308014
3.1200000000000001,-1.485531583369728,1.2287399365850393
3.1299999999999999,-1.4731067829137361,1.2565541372487956
3.1400000000000001,-1.4603933960163287,1.2865012531520936
3.1499999999999999,-1.4473686909689409,1.318870358575134
3.1600000000000001,-1.4340067671287158,1.3540084256772391
3.1699999999999999,-1.4202779009770106,1.3923360881335085
3.1800000000000002,-1.4061477083788516,1.4343689674480298
3.1899999999999999,-1.3915760559408781,1.4807470308850765
3.2000000000000002,-1.3765156234744276,1.5322758012215869
3.21,-1.3609099710928527,1.589985489795259
3.2200000000000002,-1.3446908861745051,1.6552179932434461
3.23,-1.3277746548226572,1.7297586368876572
3.2400000000000002,-1.3100566761977372,1.8160424291305477
3.25,-1.2914034287457301,1.9174897222926499
3.2600000000000002,-1.2716400190040076,2.0390787502924654
3.27,-1.2505299691720841,2.1883783600103648
3.2800000000000002,-1.227740476240843,2.3775448521025884
3.29,-1.2027782219136838,2.627537323141
3.3000000000000003,-1.1748590152789131,2.9780996633636674
3.3100000000000001,-1.1426066187330164,3.5154200049777864
3.3200000000000003,-1.1032134939232703,4.468549029829731
3.3300000000000001,-1.049279307735296,6.6979103535922446
3.3399999999999999,-0.9471697447731745,17.032282342110058
3.3500000000000001,1.371331532305389,1198.4353190551574
3.3599999999999999,2.0003173916048689,-0.66636722403395121
3.3700000000000001,1.9936351251342759,-0.67009730779711363
3.3799999999999999,1.9869152171954185,-0.67389587044863142
3.3900000000000001,1.9801569722654979,-0.67776507430101329
3.3999999999999999,1.9733596727187381,-0.68170717880412246
3.4100000000000001,1.9665225778241981,-0.68572454653097137
3.4199999999999999,1.9596449226841568,-0.68981964932597672
3.4300000000000002,1.9527259171087865,-0.69399507490577361
3.4399999999999999,1.9457647444223873,-0.6982535339545104
3.4500000000000002,1.938760560196007,-0.70259786775803734
3.46,1.9317124909008276,-0.70703105642605835
3.4700000000000002,1.9246196324761615,-0.71155622775653871
3.48,1.9174810488053493,-0.716176666802537
3.4900000000000002,1.910295770092197,-0.72089582620824666
3.5,1.9030627911299058,-0.72571733738841049
3.5100000000000002,1.8957810694536459,-0.73064502263373088
3.52,1.8884495233670708,-0.73568290823430527
3.5300000000000002,1.8810670298320811,-0.74083523872388701
3.54,1.8736324222100698,-0.74610649235990545
3.5500000000000003,1.8661444878416555,-0.7515013979680113
3.5600000000000001,1.8586019654505586,-0.75702495329564767
3.5700000000000003,1.8510035423557192,-0.76268244503709881
3.5800000000000001,1.8433478514740629,-0.76847947071295797
3.5899999999999999,1.8356334680943429,-0.77442196261051233
3.6000000000000001,1.827858906400319,-0.78051621401845284
3.6099999999999999,1.8200226157190267,-0.78676890802045929
3.6200000000000001,1.8121229764670803,-0.79318714914791666
3.6299999999999999,1.8041582957647524,-0.7997784982335453
3.6400000000000001,1.7961268026839052,-0.80655101085562519
3.6499999999999999,1.7880266430917018,-0.81351327981834631
3.6600000000000001,1.7798558740472288,-0.82067448217882111
3.6699999999999999,1.771612457702715,-0.82804443140722239
3.6800000000000002,1.7632942546547015,-0.83563363535561153
3.6899999999999999,1.7548990166832843,-0.84345336081562905
3.7000000000000002,1.7464243788091212,-0.85151570556871992
3.71,1.7378678505881739,-0.85983367897851315
3.7200000000000002,1.7292268065527947,-0.86842129234840681
3.73,1.7204984756945572,-0.87729366047386059
3.7400000000000002,1.7116799298687122,-0.88646711606584561
3.75,1.7027680709819815,-0.8959593390182885
3.7600000000000002,1.6937596168039071,-0.90578950284945869
3.77,1.6846510852166194,-0.91597844107949511
3.7800000000000002,1.6754387766876913,-0.92654883683153766
3.79,1.6661187547148022,-0.93752543958536105
3.8000000000000003,1.6566868239478221,-0.94893531379929141
3.8100000000000001,1.6471385056421091,-0.96080812508649749
3.8200000000000003,1.6374690100341365,-0.97317647083451053
3.8300000000000001,1.6276732051544833,-0.98607626365603562
3.8399999999999999,1.6177455815002735,-0.99954717793883774
3.8500000000000001,1.6076802118751066,-1.0136331721337954
3.8599999999999999,1.5974707055636657,-1.0283831024313592
3.8700000000000001,1.5871101558332377,-1.043851447326495
3.8799999999999999,1.5765910795356592,-1.0600991675305587
3.8900000000000001,1.565905347307837,-1.0771947321241113
3.8999999999999999,1.5550441025198829,-1.0952153502666238
3.9100000000000001,1.5439976666737329,-1.1142484588973682
3.9199999999999999,1.5327554283803284,-1.1343935316777152
3.9300000000000002,1.5213057122962053,-1.1557642943668431
3.9399999999999999,1.5096356234198749,-1.1784914589529476
3.9500000000000002,1.4977308608485356,-1.2027261261996178
3.96,1.4855754933535841,-1.228644058294456
3.9700000000000002,1.47315168677062,-1.2564510967633622
3.98,1.4604393699537332,-1.2863901061029785
3.9900000000000002,1.4474158215217705,-1.3187499768666191
4,1.4340551532275314,-1.3538774489845424
4.0099999999999998,1.4203276565793164,-1.3921928588394061
4.0200000000000005,1.4061989658621072,-1.4342114419222911
4.0300000000000002,1.3916289705440616,-1.4805726562717341
4.04,1.3765703792113975,-1.532081340769555
4.0499999999999998,1.3609667887775456,-1.589766769410667
4.0600000000000005,1.3447500345531773,-1.654969523863272
4.0700000000000003,1.3278364664102638,-1.7294730341416671
4.0800000000000001,1.3101215704785576,-1.8157094896474446
4.0899999999999999,1.2914719473603338,-1.9170948896677755
4.0999999999999996,1.2717128813752696,-2.0386004367603539
4.1100000000000003,1.2506081649975451,-2.1877829751195996
4.1200000000000001,1.227825429257384,-2.3767768462133487
4.1299999999999999,1.2028721040941772,-2.6264972134385118
4.1399999999999997,1.1749654171527546,-2.9765888811354864
4.1500000000000004,1.1427322062265328,-3.5129754914678601
4.1600000000000001,1.1033731022874536,-4.4637963322677194
4.1699999999999999,1.0495184344129842,-6.684616503976768
4.1799999999999997,0.94777671293266996,-16.936332838933616
4.1900000000000004,-1.3278516156487252,-1234.2046947193789
4.2000000000000002,-2.0003412052976213,0.66635401412242778
4.21,-1.9936590721245202,0.67008385695306139
4.2199999999999998,-1.9869392999302464,0.67388217108828397
4.2300000000000004,-1.9801811932692688,0.67775111852739645
4.2400000000000002,-1.9733840345965512,0.68169295836257682
4.25,-1.9665470832655771,0.68571005278762298
4.2599999999999998,-1.9596695744669537,0.6898048732449753
4.2700000000000005,-1.952750718103323,0.69398000702485385
4.2800000000000002,-1.9457896975958491,0.69823816435869768
4.29,-1.9387856686171101,0.70258218605135536
4.2999999999999998,-1.9317377577447781,0.70701505170103185
4.3100000000000005,-1.9246450610299337,0.71153988856130612
4.3200000000000003,-1.9175066424733056,0.7161599811053313
4.3300000000000001,-1.9103215324020757,0.72087878135900108
4.3399999999999999,-1.9030887257392086,0.72569992007721207
4.3500000000000005,-1.8958071801564587,0.73062721884580306
4.3600000000000003,-1.8884758141013542,0.73566470320117971
4.3700000000000001,-1.8810935046874677,0.74081661687037093
4.3799999999999999,-1.8736590854362154,0.74608743724641058
4.3899999999999997,-1.8661713438571941,0.75148189222776152
4.4000000000000004,-1.8586290188527086,0.75700497856621973
4.4100000000000001,-1.8510307979306129,0.7626619818856637
4.4199999999999999,-1.8433753142078484,0.76845849855456161
4.4299999999999997,-1.8356611431851488,0.77440045961857296
4.4400000000000004,-1.8278867992711523,0.78049415702662961
4.4500000000000002,-1.8200507320317019,0.78674627241483797
4.46,-1.8121513221372785,0.79316390874842613
4.4699999999999998,-1.8041868769783247,0.79975462516324403
4.4800000000000004,-1.7961556259145517,0.80652647539641509
4.4900000000000002,-1.7880557151201675,0.81348805025139093
4.5,-1.7798852019821805,0.8206485246077202
4.5099999999999998,-1.7716420490034794,0.82801770956169862
4.5200000000000005,-1.7633241171560778,0.83560611037310939
4.5300000000000002,-1.7549291586226623,0.84342499099785273
4.54,-1.7464548088561729,0.85148644610960122
4.5499999999999998,-1.7378985778774245,0.85980348165961051
4.5600000000000005,-1.7292578407194239,0.86839010519697335
4.5700000000000003,-1.7205298269138272,0.87726142737808976
4.5800000000000001,-1.7117116088994855,0.88643377634080844
4.5899999999999999,-1.7028000892148543,0.89592482691489539
4.6000000000000005,-1.6937919863145783,0.90575374699741862
4.6100000000000003,-1.6846838188252031,0.91594136385351133
4.6200000000000001,-1.6754718880248025,0.92651035362794931
4.6299999999999999,-1.6661522582953863,0.93748545799386207
4.6399999999999997,-1.65672073525387,0.9488937326512783
4.6500000000000004,-1.6471728412155922,0.96076483335774687
4.6600000000000001,-1.6375037875817611,0.97313134637507703
4.6699999999999999,-1.6277084436661358,0.98602917171433657
4.6799999999999997,-1.6177813013834259,0.99949796943929969
4.6900000000000004,-1.6077164351078794,1.0135816816579974
4.7000000000000002,-1.5975074558698168,1.0283291458404413
4.71,-1.587147458883035,1.0437948189470887
4.7199999999999998,-1.5766289631774746,1.0600396368063696
4.7300000000000004,-1.5659438418364016,1.0771320396091253
4.7400000000000002,-1.5550832409885458,1.0951492028014969
4.75,-1.5440374852598655,1.1141785237649691
4.7599999999999998,-1.5327959668153512,1.1343194294726691
4.7700000000000005,-1.5213470143747589,1.1556855902313952
4.7800000000000002,-1.509677737606663,1.1784076517184532
4.79,-1.4977738410067138,1.2026366348166075
4.7999999999999998,-1.4856193996257767,1.2285482047150134
4.8100000000000005,-1.4731965866534751,1.2563480841279
4.8200000000000003,-1.4604853396205082,1.286278990633672
4.8300000000000001,-1.4474629474665075,1.3186296312097916
4.8399999999999999,-1.4341035343315489,1.3537465137583984
4.8500000000000005,-1.42037740674016,1.3920496776411388
4.8600000000000003,-1.4062502173833733,1.4340539727091579
4.8700000000000001,-1.3916818785725236,1.4803983482979886
4.8799999999999999,-1.3766251276440948,1.5318869601428182
4.8899999999999997,-1.3610235982778802,1.5895481459942855
4.9000000000000004,-1.344809173669594,1.6547211742098415
4.9100000000000001,-1.3278982673918094,1.729187582083427
4.9199999999999999,-1.3101864524423641,1.8153767442075039
4.9299999999999997,-1.2915404514235911,1.9167003139437193
4.9400000000000004,-1.271785726185265,2.0381224752144864
4.9500000000000002,-1.2506863390459764,2.1871880938821926
4.96,-1.2279103542886058,2.3760096028960018
4.9699999999999998,-1.2029659485145225,2.6254583493592958
4.9800000000000004,-1.1750717643832778,2.9750803671372172
4.9900000000000002,-1.1428577056287832,3.51053583707467
5,-1.1035325400195597,4.4590572458251856
5.0099999999999998,-1.0497570855838261,6.6713858901170013
5.0200000000000005,-0.94838026649660434,16.841403679090782
5.0300000000000002,1.2831684046292058,1265.7316926042799
5.04,2.0003650187714195,-0.66634080490252379
5.0499999999999998,1.9936830188886214,-0.67007040684084984
5.0600000000000005,1.9869633824314927,-0.67386847248431447
5.0700000000000003,1.9802054140317655,-0.67773716353627289
5.0800000000000001,1.9734083962251294,-0.68167873873087725
5.0899999999999999,1.9665715884494803,-0.68569555988276942
5.1000000000000005,1.9596942259837404,-0.68979009803250457
5.1100000000000003,1.9527755188230087,-0.69396494004396736
5.1200000000000001,1.9458146504852956,-0.69822279569598422
5.1299999999999999,1.9388107767446943,-0.7025665053124982
5.1399999999999997,1.9317630242853503,-0.70699904798032986
5.1500000000000004,1.9246704892700945,-0.71152355040877857
5.1600000000000001,1.9175322358170233,-0.71614329649122122
5.1699999999999999,1.9103472943766737,-0.72086173763539241
5.1799999999999997,1.9031146600017521,-0.72568250393648281
5.1900000000000004,1.8958332905005735,-0.7306094162756348
5.2000000000000002,1.8885021044645147,-0.7356464994357319
5.21,1.8811199791587929,-0.74079799633726673
5.2199999999999998,1.8736857482648195,-0.74606838350908589
5.2300000000000004,1.8661981994611361,-0.75146238792268705
5.2400000000000002,1.8586560718286025,-0.75698500533446311
5.25,1.8510580530639451,-0.76264152029815724
5.2599999999999998,1.8434027764840852,-0.76843752803040233
5.2700000000000005,1.8356888178016932,-0.77437895833555914
5.2800000000000002,1.8279146916502427,-0.78047210182313997
5.29,1.8200788478343328,-0.78672363868208184
5.2999999999999998,1.812179667278258,-0.79314067031187185
5.3100000000000005,1.8042154576425729,-0.79973075415196804
5.3200000000000003,1.7961844485747773,-0.8065019420988554
5.3300000000000001,1.7880847865560539,-0.81346282295582983
5.3399999999999999,1.7799145293012577,-0.82062256942551592
5.3500000000000005,1.7716716396638574,-0.82799099023104605
5.3600000000000003,1.763353978991252,-0.83557858804072438
5.3700000000000001,1.754959299868619,-0.84339662397559256
5.3799999999999999,1.7464852381810747,-0.85145718960255501
5.3899999999999997,1.7379293044141713,-0.85977328746159798
5.4000000000000004,1.7292888741014405,-0.86835892134877235
5.4100000000000001,1.7205611773144791,-0.87722919778283426
5.4199999999999999,1.7117432870755804,-0.88640044033010357
5.4299999999999997,1.7028321065547607,-0.89589031875799918
5.4400000000000004,1.6938243548915735,-0.90571799534444719
5.4500000000000002,1.6847165514567635,-0.91590429110193017
5.46,1.6755049983386645,-0.92647187519954399
5.4699999999999998,1.6661857608033481,-0.93744548150685703
5.4800000000000004,1.6567546454344708,-0.94885215696915559
5.4900000000000002,1.6472071756070152,-0.96072154749246907
5.5,1.6375385638865341,-0.97308622821766144
5.5099999999999998,1.6277436808695325,-0.98598208655970765
5.5200000000000005,1.6178170198878079,-0.99944876826489082
5.5300000000000002,1.6077526568856924,-1.0135301991060306
5.54,1.59754420463849,-1.0282751978417284
5.5499999999999998,1.5871847603057601,-1.0437381999086466
5.5600000000000005,1.5766668450946808,-1.0599801162650762
5.5700000000000003,1.5659823345338746,-1.0770693582274977
5.5800000000000001,1.5551223775095104,-1.0950830675472905
5.5899999999999999,1.5440773017701894,-1.1141086020707192
5.6000000000000005,1.5328365030333211,-1.1342453421103313
5.6100000000000003,1.5213883140799465,-1.1556069025546916
5.6200000000000001,1.5097198492463797,-1.1783238628127171
5.6299999999999999,1.4978168184239276,-1.2025471639397352
5.6399999999999997,1.4856633029395268,-1.2284523741941602
5.6500000000000004,1.4732414833326575,-1.2562450975653303
5.6600000000000001,1.4605313058054723,-1.286167904825928
5.6699999999999999,1.4475100696119383,-1.3185093195253281
5.6799999999999997,1.4341519112712522,-1.3536156177342769
5.6900000000000004,1.4204271523137193,-1.3919065420594796
5.7000000000000002,1.4063014638228395,-1.4338965570781759
5.71,1.3917347809352001,-1.4802241039362574
5.7199999999999998,1.3766798697134557,-1.5316926559580801
5.7300000000000004,1.3610804005707111,-1.5893296157309333
5.7400000000000002,1.3448683045413303,-1.6544729399348943
5.75,1.3279600588315681,-1.7289022756937622
5.7599999999999998,1.3102513232077515,-1.8150441869270453
5.7700000000000005,1.2916089421183825,-1.9163059880902615
5.7800000000000002,1.2718585546946235,-2.0376448570480843
5.79,1.2507644926746904,-2.1865937054201723
5.7999999999999998,1.2279952528166769,-2.375243107790538
5.8100000000000005,1.2030597568259656,-2.6244207103176143
5.8200000000000003,1.1751780588726422,-2.9735740900347829
5.8300000000000001,1.1429831192674509,-3.5081009865330488
5.8399999999999999,1.1036918103046864,-4.4543316236924104
5.8500000000000005,1.0499952675856494,-6.6582178486089578
5.8600000000000003,0.94898045191042546,-16.74747850074893
5.8700000000000001,-1.2374388124745097,-1292.6904059241085
5.8799999999999999,-2.0003888317498117,0.66632759654624862
5.8899999999999997,-1.9937069651485753,0.67005695761608919
5.9000000000000004,-1.9869874644195791,0.67385477479567435
5.9100000000000001,-1.9802296342718042,0.67772320948957532
5.9199999999999999,-1.9734327573216548,0.68166452007401679
5.9299999999999997,-1.9665960930914246,0.68568106798457829
5.9400000000000004,-1.9597188769483369,0.68977532386000429
5.9500000000000002,-1.9528003189799308,0.69394987413793385
5.96,-1.9458396028010487,0.69820742814468739
5.9699999999999998,-1.9388358842872806,0.70255082572340399
5.9800000000000004,-1.9317882902292269,0.70698304544962709
5.9900000000000002,-1.9246959169014508,0.71150721348850843
6,-1.9175578285393937,0.71612661315377946
6.0099999999999998,-1.9103730557169265,0.72084469523514916
6.0200000000000005,-1.9031405936164725,0.72566508916827355
6.0300000000000002,-1.8958594001828841,0.73059161512974991
6.04,-1.8885283941513578,0.73562829714913336
6.0499999999999998,-1.8811464529387274,0.74077937734057442
6.0600000000000005,-1.8737124103863667,0.74604933136895069
6.0700000000000003,-1.8662250543417325,0.75144288527902814
6.0800000000000001,-1.8586831240641994,0.7569650338320475
6.0899999999999999,-1.8510853074393312,0.76262106051190615
6.1000000000000005,-1.8434302379839855,0.76841655938370346
6.1100000000000003,-1.8357164916227278,0.77435745901083308
6.1200000000000001,-1.827942583213815,0.78045004866376666
6.1299999999999999,-1.8201069628005528,0.7867010070846685
6.1400000000000006,-1.812208011560992,0.79311743410773339
6.1500000000000004,-1.8042440374257418,0.79970688547651336
6.1600000000000001,-1.7962132703300191,0.80647741124741157
6.1699999999999999,-1.7881138570619124,0.81343759822416062
6.1799999999999997,-1.7799438556640459,0.82059661693312924
6.1900000000000004,-1.7717012293403824,0.82796427372502746
6.2000000000000002,-1.7633838398136119,0.83555106867750395
6.21,-1.7549894400713031,0.84336826007766974
6.2199999999999998,-1.7465156664306365,0.85142793638668579
6.2300000000000004,-1.7379600298417783,0.85974309673442828
6.2400000000000002,-1.7293199063386533,0.8683277411651934
6.25,-1.7205925265326478,0.87719697206156577
6.2599999999999998,-1.7117749640293345,0.88636710841998612
6.2700000000000005,-1.7028641226301078,0.89585581494739641
6.2800000000000002,-1.6938567221592313,0.90568224830470423
6.29,-1.6847492827314221,0.91586722325416414
6.2999999999999998,-1.6755381072450246,0.92643340199195878
6.3100000000000005,-1.6662192618498923,0.93740551058726862
6.3200000000000003,-1.6567885540961118,0.94881058723429157
6.3300000000000001,-1.6472415084179515,0.9606782679917576
6.3399999999999999,-1.6375733385449138,0.97304111688447537
6.3500000000000005,-1.627778916355797,0.985935008737022
6.3600000000000003,-1.6178527365989765,0.9993995749848501
6.3700000000000001,-1.6077888767882782,1.0134787250733954
6.3799999999999999,-1.5975809514433232,1.0282212590590816
6.3900000000000006,-1.5872220596686599,1.04368159086573
6.4000000000000004,-1.5767047248478181,1.0599206065945705
6.4100000000000001,-1.5660208249537366,1.0770066887034064
6.4199999999999999,-1.5551615116288204,1.0950169452677954
6.4299999999999997,-1.5441171157428972,1.1140386946217946
6.4400000000000004,-1.5328770365641258,1.1341712704455593
6.4500000000000002,-1.521429610932846,1.1555282322441773
6.46,-1.5097619578507422,1.1782400932014236
6.4699999999999998,-1.4978597926019197,1.2024577145994537
6.4800000000000004,-1.4857072027859162,1.2283565678347177
6.4900000000000002,-1.4732863762878241,1.2561421382597353
6.5,-1.4605772679759923,1.2860568499555884
6.5099999999999998,-1.4475571874121622,1.318389043193297
6.5200000000000005,-1.4342002834863568,1.3534847624114552
6.5300000000000002,-1.420476892724047,1.3917634537310131
6.54,-1.4063527045874169,1.4337391968254041
6.5499999999999998,-1.3917876770201327,1.4800499251694965
6.5600000000000005,-1.3767346047866162,1.5314984304195693
6.5700000000000003,-1.3611371949998525,1.5891111810897944
6.5800000000000001,-1.344927426485953,1.6542248238290258
6.5899999999999999,-1.3280218400172965,1.7286171181588255
6.6000000000000005,-1.3103161820282365,1.8147118214871558
6.6100000000000003,-1.2916774186583972,1.9159119164192771
6.6200000000000001,-1.2719313660699916,2.03716758739357
6.6299999999999999,-1.2508426249938247,2.1859998159558875
6.6400000000000006,-1.2280801238825125,2.3744773685926956
6.6500000000000004,-1.2031535279851404,2.6233843069538452
6.6600000000000001,-1.1752842994720893,2.9720700640944422
6.6699999999999999,-1.1431084458507672,3.5056709510565689
6.6799999999999997,-1.1038509118142115,4.4496194708215171
6.6900000000000004,-1.0502329798775196,6.6451120986089069
6.7000000000000002,-0.94957729788154399,16.654543921547909
6.71,1.1908311836254704,1314.8400216285404
6.7199999999999998,2.0004126438116554,-0.66631438929083153
6.7300000000000004,1.9937309104808811,-0.67004350951694536
6.7400000000000002,1.9870115454686053,-0.67384107826451478
6.75,1.9802538535610408,-0.67770925663397785
6.7599999999999998,1.9734571174552926,-0.68165030264334958
6.7700000000000005,1.9666205967580368,-0.68566657734922642
6.7800000000000002,1.9597435269247836,-0.68976055098863398
6.79,1.952825118135493,-0.69393480957307652
6.7999999999999998,1.9458645541018225,-0.69819206197645345
6.8100000000000005,1.938860990800839,-0.7025351475612307
6.8200000000000003,1.9318135551295799,-0.70696704439178792
6.8300000000000001,1.9247213434743153,-0.71149087808926603
6.8399999999999999,1.9175834201878117,-0.71610993138788748
6.8500000000000005,1.9103988159672474,-0.72082765445949992
6.8600000000000003,1.9031665261247399,-0.72564767608038117
6.8700000000000001,1.8958855087416475,-0.73057381572277469
6.8799999999999999,1.8885546826969586,-0.73561009666309274
6.8900000000000006,1.881172925559091,-0.74076076020936465
6.9000000000000004,1.8737390713293505,-0.74603028116271508
6.9100000000000001,1.866251908024068,-0.75142338464144787
6.9199999999999999,1.858710175081097,-0.756945064411921
6.9299999999999997,1.851112560574796,-0.76260060288847664
6.9400000000000004,1.8434576982219149,-0.76839559298501259
6.9500000000000002,1.8357441641588639,-0.77433596202431354
6.96,1.8279704734686333,-0.78042799793820106
6.9699999999999998,1.820135076433179,-0.78667837802249652
6.9800000000000004,1.8122363544842472,-0.79309420054657498
6.9900000000000002,1.804272615822434,-0.79968301955861598
7,1.7962420906706054,-0.80645288327549913
7.0099999999999998,1.7881429261236772,-0.81341237650203679
7.0200000000000005,1.7799731805519579,-0.82057066758905184
7.0300000000000002,1.7717308175098159,-0.82793756051561063
7.04,1.7634136990951299,-0.8355235527695819
7.0499999999999998,1.7550195786977518,-0.84333989980510693
7.0600000000000005,1.7465460930668069,-0.85139868697869692
7.0700000000000003,1.7379907536169477,-0.85971291001132988
7.0800000000000001,1.7293509368823434,-0.86829656519691412
7.0899999999999999,1.7206238740140163,-0.87716475078339073
7.1000000000000005,1.7118066392006419,-0.88633378119905737
7.1100000000000003,1.7028961368748039,-0.89582131609233662
7.1200000000000001,1.6938890875452575,-0.90564650650934186
7.1299999999999999,1.6847820120704577,-0.91583016096462955
7.1400000000000006,1.6755712141584946,-0.92639493468435763
7.1500000000000004,1.6662527608427107,-0.93736554594063271
7.1600000000000001,1.6568224606392874,-0.94876902418036335
7.1699999999999999,1.6472758390414111,-0.96063499561937649
7.1799999999999997,1.6376081109421134,-0.97299601317150819
7.1900000000000004,1.6278141495020129,-0.98588793907685368
7.2000000000000002,1.6178884508855234,-0.99935039046694552
7.21,1.6078250941753542,-1.0134272604679397
7.2199999999999998,1.5976176956347414,-1.0281673304436498
7.2300000000000004,1.5872593563124193,-1.0436249928163837
7.2400000000000002,1.5767426017673369,-1.059861108843807
7.25,1.5660593124156761,-1.0769440321412374
7.2599999999999998,1.5552006426548222,-1.0949508371279251
7.2700000000000005,1.5441569264743586,-1.1139688026494363
7.2800000000000002,1.5329175666914647,-1.1340972157824947
7.29,1.5214709042037209,-1.1554495806844463
7.2999999999999998,1.5098040626757303,-1.1781563443582888
7.3100000000000005,1.4979027627814447,-1.2023682883686455
7.3200000000000003,1.4857510983894302,-1.2282607873204128
7.3300000000000001,1.4733312647260097,-1.2560392080194043
7.3399999999999999,1.4606232253203306,-1.2859458279717004
7.3500000000000005,1.4476043000351673,-1.3182688043227868
7.3600000000000003,1.4342486501228682,-1.3533539500822027
7.3700000000000001,1.4205266270931927,-1.3916204151593181
7.3799999999999999,1.4064039387729221,-1.4335818947001866
7.3900000000000006,1.3918405658942408,-1.4798758150356088
7.4000000000000004,1.3767893318984592,-1.5313042869075633
7.4100000000000001,1.3611939805643896,-1.5888928458623357
7.4199999999999999,1.3449865384622171,-1.6539768301842661
7.4299999999999997,1.3280836098618467,-1.7283321143896873
7.4400000000000004,1.3103810277638208,-1.8143796535784282
7.4500000000000002,1.291745879841933,-1.9155181056239017
7.46,1.2720041590364521,-2.0366906742652384
7.4699999999999998,1.2509207346398443,-2.1854064352945084
7.4800000000000004,1.2281649660127416,-2.3737123976123815
7.4900000000000002,1.2032472603786437,-2.6223491551876665
7.5,1.1753904843819167,-2.9705683095743627
7.5099999999999998,1.1432336833399619,-3.5032457596505293
7.5200000000000005,1.1040098421840721,-4.4449208040011365
7.5300000000000002,1.0504702205032237,-6.6320684423990173
7.54,0.95017082904214611,-16.5625873398583
7.5499999999999998,-1.143521167556651,-1332.0309885465767
7.5600000000000005,-2.0004364554964598,0.66630118282294015
7.5700000000000003,-1.9937548554280744,0.67003006223739181
7.5800000000000001,-1.9870356261241822,0.67382738258041042
7.5899999999999999,-1.9802780724482194,0.67769530465324568
7.6000000000000005,-1.9734814771779787,0.68163608611664073
7.6100000000000003,-1.9666451000045078,0.685652087648286
7.6200000000000001,-1.959768176471586,0.68974577908357004
7.6299999999999999,-1.952849916851582,0.6939197460079447
7.6400000000000006,-1.9458895049529512,0.69817669684300165
7.6500000000000004,-1.9388860968542232,0.70251947047061325
7.6600000000000001,-1.931838819558851,0.70695104444412737
7.6699999999999999,-1.9247467695647946,0.71147454384078179
7.6799999999999997,-1.9176090113421249,0.71609325081542607
7.6900000000000004,-1.9104245757113072,0.72081061492218323
7.7000000000000002,-1.9031924581141282,0.7256302642781014
7.71,-1.8959116167684285,0.73055601765123757
7.7199999999999998,-1.8885809706969625,0.73559189756504051
7.7300000000000004,-1.8811993976197041,0.74074214452160958
7.7400000000000002,-1.8737657316978586,0.74601123245854073
7.75,-1.8662787611166005,0.75140388556788462
7.7599999999999998,-1.8587372254922268,0.75692509662137919
7.7700000000000005,-1.8511398130878522,0.76258014696408771
7.7800000000000002,-1.8434851578200815,0.76837462835900261
7.79,-1.8357718360371236,0.77431446688863514
7.7999999999999998,-1.8279983630466561,0.78040594914651129
7.8100000000000005,-1.8201631893692329,0.78665575098251062
7.8200000000000003,-1.812264696690244,0.79307096910163055
7.8300000000000001,-1.80430119348021,0.79965915585714753
7.8399999999999999,-1.7962709102495822,0.80642835762696286
7.8500000000000005,-1.7881719944000332,0.81338715721756194
7.8600000000000003,-1.7800025046294816,0.82054472080486662
7.8700000000000001,-1.7717604048426141,0.82791084999703701
7.8799999999999999,-1.7634435575124101,0.83549603969297104
7.8900000000000006,-1.7550497164309036,0.84331154251475149
7.9000000000000004,-1.7465765187790581,0.8513694407152419
7.9100000000000001,-1.7380214764358881,0.85968272660766731
7.9199999999999999,-1.7293819664356793,0.86826539273682912
7.9300000000000006,-1.7206552204689411,0.87713253321745954
7.9400000000000004,-1.711838313307295,0.88630045791133949
7.9500000000000002,-1.7029281500143305,0.89578682141022059
7.96,-1.6939214517830998,0.9056107691475167
7.9699999999999998,-1.6848147402155758,0.91579310339246878
7.9800000000000004,-1.675604319829348,0.9263564724039498
7.9900000000000002,-1.6662862585409706,0.93732558666011101
8,-1.6568563658324142,0.94872746686418863
8.0099999999999998,-1.6473101682554341,0.96059172939326831
8.0199999999999996,-1.6376428818661997,0.97295091605503925
8.0299999999999994,-1.6278493811067059,0.98584087651074992
8.0400000000000009,-1.6179241635568955,0.99930121359459212
8.0500000000000007,-1.607861309867789,1.0133758041211778
8.0600000000000005,-1.5976544380455751,1.0281134107708294
8.0700000000000003,-1.587296651082414,1.0435684044751878
8.0800000000000001,-1.5767804767117941,1.059801621661288
8.0899999999999999,-1.5660977977921196,1.0768813871174774
8.0999999999999996,-1.5552397714745652,1.0948847416254484
8.1099999999999994,-1.5441967348670733,1.113898924565053
8.120000000000001,-1.5329580943341863,1.1340231764375142
8.1300000000000008,-1.5215121948287722,1.1553709460868453
8.1400000000000006,-1.5098461646760035,1.1780726143781215
8.1500000000000004,-1.497945729936855,1.2022788832122031
8.1600000000000001,-1.4857949907454828,1.2281650304706246
8.1699999999999999,-1.4733761496652387,1.2559363044998058
8.1799999999999997,-1.4606691788808659,1.2858348363439989
8.1899999999999995,-1.4476514085496739,1.3181486001716689
8.1999999999999993,-1.4342970122781127,1.3532231777609813
8.2100000000000009,-1.4205763565497112,1.3914774230768472
8.2200000000000006,-1.4064551675421899,1.4334246471052237
8.2300000000000004,-1.3918934487582275,1.4797017695476455
8.2400000000000002,-1.3768440522918115,1.5311102209691922
8.25,-1.3612507585544096,1.5886746050307274
8.2599999999999998,-1.3450456418137418,1.6537289532866335
8.2699999999999996,-1.3281453697701744,1.7280472577980457
8.2799999999999994,-1.3104458618907142,1.8140476754889872
8.2900000000000009,-1.2918143272293752,1.9151245465074287
8.3000000000000007,-1.2720769352559529,2.0362141064343042
8.3100000000000005,-1.2509988234005964,2.1848135492985707
8.3200000000000003,-1.2282497811570228,2.3729481762931819
8.3300000000000001,-1.2033409561748281,2.6213152291711359
8.3399999999999999,-1.1754966160886657,2.9690687869273495
8.3499999999999996,-1.1433588347296504,3.5008253374913942
8.3599999999999994,-1.1041686054910038,4.4402354570321352
8.370000000000001,-1.0507069970064085,6.6190861515985011
8.3800000000000008,-0.95076109356600924,16.471592682274675
8.3900000000000006,1.0956861904491828,1344.2068819240815
8.4000000000000004,2.0004602666314333,-0.666287977231659
8.4100000000000001,1.9937787998163987,-0.67001661587630457
8.4199999999999999,1.9870597062115691,-0.67381368784266349
8.4299999999999997,1.9803022907575976,-0.67768135364853799
8.4399999999999995,1.9735058363129516,-0.68162187059696067
8.4499999999999993,1.9666696026530339,-0.68563759898680132
8.4600000000000009,1.9597928254098793,-0.68973100825190181
8.4700000000000006,1.9528747149482517,-0.69390468355174673
8.4800000000000004,1.9459144551733878,-0.69816133285571058
8.4900000000000002,1.9389112022652593,-0.70250379456519829
8.5,1.9318640833337184,-0.70693504572262633
8.5099999999999998,1.9247721949883958,-0.71145821086145522
8.5199999999999996,1.9176346018166448,-0.71607657155729809
8.5299999999999994,1.9104503347621957,-0.72079357674669275
8.5400000000000009,1.9032183893964776,-0.72561285388762176
8.5500000000000007,1.895937724073792,-0.7305382210441228
8.5600000000000005,1.8886072579606299,-0.73557369998686362
8.5700000000000003,1.8812258689284929,-0.74072353041221128
8.5800000000000001,1.8737923912984524,-0.74599218539444923
8.5899999999999999,1.8663056134244949,-0.75138438819962117
8.5999999999999996,1.8587642751013238,-0.75690513060509645
8.6099999999999994,1.8511670647807734,-0.76255969288694159
8.620000000000001,1.8435126165792557,-0.76835366565755825
8.6300000000000008,1.8357995070567392,-0.77429297375951234
8.6400000000000006,1.8280262517455383,-0.78038390244841194
8.6500000000000004,1.8201913014047542,-0.78663312612860226
8.6600000000000001,1.8122930379733599,-0.79304773994114752
8.6699999999999999,1.8043297701917422,-0.79963529454492732
8.6799999999999997,1.7962997288578699,-0.80640383447940378
8.6899999999999995,1.7882010616801016,-0.81336194055333644
8.7000000000000011,1.7800318276838829,-0.82051877676843143
8.7100000000000009,1.7717899911241382,-0.82788414236267405
8.7200000000000006,1.7634734148488513,-0.83546852964682483
8.7300000000000004,1.7550798530521377,-0.84328318841183969
8.7400000000000002,1.7466069433466831,-0.85134019780797054
8.75,1.7380521980757435,-0.85965254674184732
8.7599999999999998,1.7294129947735843,-0.86823422401046579
8.7699999999999996,1.7206865656700552,-0.87710031959682722
8.7799999999999994,1.7118699861195541,-0.88626713879785202
8.7900000000000009,1.7029601618164953,-0.89575233115050223
8.8000000000000007,1.6939538146380277,-0.90557503647761994
8.8100000000000005,1.6848474669294142,-0.91575605080557121
8.8200000000000003,1.6756374240174936,-0.92631801542871162
8.8300000000000001,1.666319754701749,-0.93728563303444112
8.8399999999999999,1.6568902694296248,-0.94868591558597659
8.8499999999999996,1.647344495811091,-0.96054846962589968
8.8599999999999994,1.6376776510650535,-0.97290582586066787
8.870000000000001,1.6278846109144272,-0.985793821378394
8.8800000000000008,1.6179598743541777,-0.99925204472260654
8.8900000000000006,1.6078975236030391,-1.0133243564042236
8.9000000000000004,1.5976911784094827,-1.0280595004293456
8.9100000000000001,1.58733394370832,-1.0435118262499232
8.9199999999999999,1.5768183494066856,-1.0597421454754647
8.9299999999999997,1.5661362808041677,-1.076818754083072
8.9399999999999995,1.5552788978045196,-1.0948186592358462
8.9500000000000011,1.5442365406326199,-1.1138290608710006
8.9600000000000009,1.5329986191987075,-1.1339491529424581
8.9700000000000006,1.5215534825089383,-1.1552923290157302
8.9800000000000004,1.5098882635466806,-1.1779889038612441
8.9900000000000002,1.4979886937570668,-1.2021894997704217
9,1.4858388795363695,-1.2280692979702368
9.0099999999999998,1.4734210307807123,-1.2558334284358343
9.0199999999999996,1.4607151283251747,-1.2857238758637568
9.0299999999999994,1.447698512615029,-1.3180284315951634
9.0400000000000009,1.4343453696025275,-1.3530924463759613
9.0500000000000007,1.4206260807343567,-1.3913344784955752
9.0600000000000005,1.4065063905253818,-1.4332674551495439
9.0700000000000003,1.3919463252306092,-1.4795277899279669
9.0800000000000001,1.3768987655723175,-1.5309162339603515
9.0899999999999999,1.3613075285612268,-1.5884564601098556
9.0999999999999996,1.3451047361157626,-1.6534811948424557
9.1099999999999994,1.328207119299329,-1.7277625503234886
9.120000000000001,1.3105106839451792,-1.8137158894464702
9.1300000000000008,1.2918827603329885,-1.9147312416576878
9.1400000000000006,1.2721496942126957,-2.0357378869441081
9.1500000000000004,1.2510768907270722,-2.184221161589611
9.1600000000000001,1.2283345687266365,-2.3721847089760666
9.1699999999999999,1.203434614737547,-2.6202825340467704
9.1799999999999997,1.1756026938939799,-2.9675714987041779
9.1899999999999995,1.1434838993413097,-3.4984097056139367
9.2000000000000011,1.1043272011071847,-4.4355634168242188
9.2100000000000009,1.0509433098913181,-6.6061649024448581
9.2200000000000006,0.95134812131505164,-16.381546892446845
9.2300000000000004,-1.0475054952092988,-1351.4005459038153
9.2400000000000002,-2.0004840773438448,0.66627477246382627
9.25,-1.9938027437738299,0.67000317036117507
9.2599999999999998,-1.9870837858594688,0.67379999397799639
9.2699999999999996,-1.980326508618617,0.67766740354519817
9.2799999999999994,-1.9735301949904047,0.68160765600824158
9.2900000000000009,-1.9666941048345754,0.68562311128724218
9.3000000000000007,-1.9598174738714105,0.68971623841457763
9.3100000000000005,-1.9528995125580473,0.69388962212386407
9.3200000000000003,-1.9459394048964895,0.69814596993235589
9.3300000000000001,-1.938936307168136,0.70248811976108239
9.3399999999999999,-1.9318893465892193,0.70691904814164663
9.3499999999999996,-1.9247976198810208,0.7114418790638577
9.3599999999999994,-1.9176601917481562,0.71605989352421506
9.370000000000001,-1.9104760932575975,0.72077653984182144
9.3800000000000008,-1.903244320110399,0.72559544481573712
9.3900000000000006,-1.8959638307972908,0.73052042580614818
9.4000000000000004,-1.888633544628477,0.73555550383112389
9.4100000000000001,-1.8812523396269571,0.74070491778149561
9.4199999999999999,-1.8738190502736409,0.74597313986844649
9.4299999999999997,-1.8663324650912918,0.75136489243224192
9.4399999999999995,-1.8587913240529854,0.75688516625613922
9.4500000000000011,-1.8511943157992354,0.76253924054748379
9.4600000000000009,-1.8435400746462272,0.76833270476838489
9.4700000000000006,-1.8358271773656378,0.77427148252180034
9.4800000000000004,-1.8280541397143732,0.78036185772578348
9.4900000000000002,-1.8202194126900304,0.78661050333954141
9.5,-1.8123213784851115,0.79302451294065113
9.5099999999999998,-1.8043583461098087,0.79961143549407476
9.5199999999999996,-1.7963285466495436,0.80637931370137794
9.5299999999999994,-1.7882301281192889,0.81333672637418786
9.5400000000000009,-1.7800611498719427,0.8204928353406471
9.5500000000000007,-1.7718195765125799,0.82785743746930995
9.5600000000000005,-1.7635032712640988,0.83544102248361418
9.5700000000000003,-1.7551099887225947,0.84325483734429174
9.5800000000000001,-1.7466373669323678,0.85131095810000812
9.5899999999999999,-1.7380829187007938,0.8596223702519401
9.5999999999999996,-1.7294440220619847,0.8682030588505647
9.6099999999999994,-1.7207179097849832,0.87706810974858873
9.620000000000001,-1.7119016578068018,0.88623382367972092
9.6300000000000008,-1.7029921724525059,0.89571784512796793
9.6400000000000006,-1.6939861762831336,0.90553930830772056
9.6500000000000004,-1.6848801923870205,0.9157190030048612
9.6600000000000001,-1.6756705269000061,0.92627956355197161
9.6699999999999999,-1.6663532495042273,0.93724568484883419
9.6799999999999997,-1.6569241716122916,0.9486443701222762
9.6899999999999995,-1.647378821892034,0.96050521608455097
9.7000000000000011,-1.6377124187247012,0.97286074234573283
9.7100000000000009,-1.6279198391136889,0.98574677342643724
9.7200000000000006,-1.6179955834684669,0.99920288358614151
9.7300000000000004,-1.607933735574911,1.0132729170398207
9.7400000000000002,-1.59772791692311,1.0280055991285026
9.75,-1.5873712343897624,1.0434552578353233
9.7599999999999998,-1.5768562200547673,1.059682679965219
9.7699999999999996,-1.5661747616578727,1.0767561326995994
9.7799999999999994,-1.5553180218542153,1.0947525896017658
9.7900000000000009,-1.5442763439842089,1.1137592111891181
9.8000000000000007,-1.5330391415021274,1.1338751448962414
9.8100000000000005,-1.521594767465454,1.1552137290446214
9.8200000000000003,-1.509930359513399,1.1779052123529508
9.8300000000000001,-1.4980316544724201,1.2021001375570441
9.8399999999999999,-1.4858827649974664,1.2279735892975585
9.8499999999999996,-1.4734659083132198,1.2557305792657614
9.8599999999999994,-1.460761073899886,1.2856129459237227
9.870000000000001,-1.4477456124841883,1.3179082979338741
9.8800000000000008,-1.4343937223559629,1.3529617552075293
9.8900000000000006,-1.4206757999145094,1.391191580625774
9.9000000000000004,-1.4065576079981765,1.4331103179608635
9.9100000000000001,-1.3919991955962652,1.4793538752059696
9.9199999999999999,-1.3769534720351373,1.5307223247917461
9.9299999999999997,-1.3613642908915964,1.5882384098648505
9.9399999999999995,-1.3451638216882622,1.6532335534349034
9.9500000000000011,-1.3282688587845677,1.7274779903166644
9.9600000000000009,-1.3105754942804289,1.8133842934959239
9.9700000000000006,-1.2919511795274923,1.9143381887043214
9.9800000000000004,-1.272222436307866,2.0352620128343961
9.9900000000000002,-1.2511549370541668,2.1836292683208334
10,-1.2284193292015222,2.3714219903764246
10.01,-1.2035282366111419,2.6192510619378604
10.02,-1.1757087184409329,2.966076430258743
10.029999999999999,-1.1436088779412723,3.4959988139760543
10.040000000000001,-1.104485630314384,4.4309045918600409
10.050000000000001,-1.0511791625913178,6.5933042064663052
10.06,-0.95193194909140533,16.292436012578168
10.07,0.99915502874854023,1353.7289127024908
10.08,2.0005078874672861,-0.66626156858737573
10.09,1.9938266871330386,-0.66998972578545823
10.1,1.987107864899603,-0.6737863010795474
10.109999999999999,1.9803507258620352,-0.67765345443817182
10.120000000000001,1.9735545530401124,-0.68159344244971332
10.130000000000001,1.966718606377909,-0.68560862465075256
10.140000000000001,1.959842121683931,-0.68970146967471413
10.15,1.9529243095076791,-0.69387456182944451
10.16,1.9459643539479061,-0.69813060818017969
10.17,1.9389614113874194,-0.70247244616768356
10.18,1.931914609148814,-0.70690305181285873
10.19,1.9248230440650016,-0.71142554856198581
10.200000000000001,1.917685780957838,-0.71604321683259031
10.210000000000001,1.9105018510175191,-0.72075950432647229
10.220000000000001,1.9032702500746927,-0.72557803718394276
10.23,1.8959899367564974,-0.73050263206150035
10.24,1.8886598305168205,-0.73553730922480209
10.25,1.8812788095301309,-0.74068630675934366
10.26,1.8738457084371443,-0.7459540960134271
10.27,1.8663593159293672,-0.75134539840177483
10.279999999999999,1.8588183721582112,-0.75686520371379495
10.290000000000001,1.8512215659528315,-0.76251879008839585
10.300000000000001,1.8435675318291409,-0.76831174583770523
10.31,1.8358548467704836,-0.77424999332540878
10.32,1.8280820267583071,-0.78033981513238615
10.33,1.820247523028651,-0.78658788277311253
10.34,1.8123497180274897,-0.79300128826212624
10.35,1.8043869210347587,-0.79958757887096887
10.359999999999999,1.7963573634232655,-0.80635479546386357
10.370000000000001,1.7882591935145227,-0.81331151485591158
10.380000000000001,1.7800904709888059,-0.82046689670236739
10.390000000000001,1.7718491608012494,-0.82783073550310127
10.4,1.7635331265495737,-0.83541351839506117
10.41,1.7551401232317509,-0.84322648950968981
10.42,1.7466677893235818,-0.85128172179510553
10.43,1.7381136380964386,-0.85959219734819459
10.44,1.7294750480841437,-0.8681718974742243
10.450000000000001,1.7207492525947803,-0.87703590389709374
10.460000000000001,1.7119333281478164,-0.88620051278894441
10.470000000000001,1.7030241816987755,-0.89568336358273715
10.48,1.6940185364923876,-0.90550358488654059
10.49,1.6849129163598318,-0.91568196024819348
10.5,1.6757036282456961,-0.92624111704129408
10.51,1.6663867427144894,-0.93720574238120791
10.52,1.6569580721436648,-0.94860283076204233
10.529999999999999,1.6474131462585657,-0.96046196906997028
10.540000000000001,1.6377471846023794,-0.97281566582361001
10.550000000000001,1.6279550654585222,-0.98569973298180669
10.56,1.6180312906504555,-0.99915373052668011
10.57,1.6079699455306049,-1.0132214863851325
10.58,1.5977646533300012,-1.0279517072424009
10.59,1.5874085228664541,-1.0433986996238063
10.6,1.5768940883917302,-1.0596232255428482
10.609999999999999,1.5662132400846962,-1.0766935234009865
10.620000000000001,1.5553571433506559,-1.0946865331807325
10.630000000000001,1.5443161446441411,-1.1136893760027502
10.640000000000001,1.5330796609617758,-1.1338011528105638
10.65,1.5216360494103784,-1.1551351467164732
10.66,1.5099724522826192,-1.1778215404307582
10.67,1.4980746117834121,-1.202010797187987
10.68,1.4859266468229011,-1.2278779051113522
10.69,1.4735107819500657,-1.2556277576963872
10.700000000000001,1.4608070152849686,-1.2855020472848455
10.710000000000001,1.4477927078292174,-1.3177882000101158
10.720000000000001,1.4344420702019123,-1.3528311051480402
10.73,1.4207255137443491,-1.3910487304402184
10.74,1.4066088196045718,-1.4329532366050526
10.75,1.3920520594880057,-1.4791800265561663
10.76,1.3770081713007141,-1.5305284947658397
10.77,1.3614210451521986,-1.588020455750399
10.779999999999999,1.3452228981224883,-1.6529860307017692
10.790000000000001,1.3283305877996927,-1.7271935796382138
10.800000000000001,1.3106402924503262,-1.8130528897727698
10.81,1.2920195843437461,-1.9139453901255943
10.82,1.2722951610454647,-2.0347864870154999
10.83,1.2512329618541587,-2.1830378729478772
10.84,1.2285040620161369,-2.3706600246211553
10.85,1.2036218211851124,-2.6182208176988779
10.859999999999999,1.1758146890867589,-2.9645835938361094
10.870000000000001,1.1437337698565024,-3.4935926742024157
10.880000000000001,1.1046438924967381,-4.4262589617984087
10.890000000000001,1.0514145556097174,-6.580503737719182
10.9,0.95251260600005661,-16.204247426505358
10.91,-0.95080576093412916,-1351.3840800482681
10.92,-2.0005316972384266,0.6662483655037299
10.93,-1.9938506301320071,0.66997628201693815
10.94,-1.9871319435713064,0.67377260901855429
10.950000000000001,-1.9803749427285593,0.67763950619609636
10.960000000000001,-1.9735789107041832,0.68157922978004115
10.970000000000001,-1.9667431075265667,0.68559413893324705
10.98,-1.9598667690924294,0.68968670188541625
10.99,-1.952949106043619,0.69385950251869011
11,-1.9459893025756219,0.69811524744638476
11.01,-1.9389865151726378,0.70245677362909764
11.02,-1.9319398712636056,0.70688705657714257
11.029999999999999,-1.9248484677930493,0.71140921919339295
11.040000000000001,-1.9177113697000461,0.71602654131651944
11.050000000000001,-1.9105276082979898,0.72074247003117731
11.06,-1.9032961795471033,0.72556063081906341
11.07,-1.8960160422109067,0.73048483963315702
11.08,-1.8886861158869457,0.73551911598688113
11.09,-1.8813052789011298,0.74066769716058678
11.1,-1.8738723660539505,0.74593505363990542
11.109999999999999,-1.866386166205626,0.75132590591425152
11.120000000000001,-1.8588454196858677,0.75684524277942944
11.130000000000001,-1.8512488155124385,0.76249834130618011
11.140000000000001,-1.8435949884009353,0.76829078865694989
11.15,-1.835882515546327,0.77422850595649051
11.16,-1.828109913154556,0.78031777444885009
11.17,-1.8202756327000544,0.78656526420417605
11.18,-1.8123780568822139,0.79297806567440554
11.19,-1.8044154952506546,0.7995637244381435
11.200000000000001,-1.7963861794655041,0.80633027952279235
11.210000000000001,-1.7882882581547506,0.81328630574752114
11.220000000000001,-1.7801197913259628,0.82044096059534688
11.23,-1.7718787442842576,0.8278040361981831
11.24,-1.763562981002085,0.83538601710729588
11.25,-1.7551702568791954,0.84319814462574105
11.26,-1.7466982108227813,0.85125248860209357
11.27,-1.7381443565680919,0.85956202773008672
11.279999999999999,-1.7295060731485288,0.86814073957104954
11.290000000000001,-1.7207805944110732,0.87700370172150088
11.300000000000001,-1.7119649974574833,0.88616720579364638
11.31,-1.7030561898735674,0.89564888617122529
11.32,-1.69405089558755,0.90546786585807237
11.33,-1.684945639173234,0.91564492216636095
11.34,-1.6757367283837121,0.92620267551342295
11.35,-1.6664202346655903,0.93716580523332316
11.359999999999999,-1.6569919713608605,0.94856129709103953
11.370000000000001,-1.6474474692520276,0.96041872815081641
11.380000000000001,-1.6377819490438337,0.97277059584461101
11.390000000000001,-1.6279902902992676,0.98565269957511292
11.4,-1.6180669962552821,0.9991045850536362
11.41,-1.6080061538302779,1.0131700639266989
11.42,-1.5978013879955704,1.0278978242328467
11.43,-1.5874458095093233,1.0433421510503658
11.44,-1.5769319547942957,1.0595637816141963
11.450000000000001,-1.5662517164674559,1.0766309255613
11.460000000000001,-1.5553962626830962,1.0946204893120417
11.470000000000001,-1.5443559430084624,1.1136195546130598
11.48,-1.5331201779808934,1.1337271759445688
11.49,-1.5216773287545893,1.1550565812439717
11.5,-1.5100145422733446,1.1777378872557609
11.51,-1.4981175661177171,1.2019214777667799
11.52,-1.4859705254496294,1.2277822444506021
11.529999999999999,-1.4735556521381723,1.2555249626939096
11.540000000000001,-1.4608529529380918,1.2853911788307246
11.550000000000001,-1.4478397991194036,1.3176681366131546
11.56,-1.434490413622302,1.3527004948781429
11.57,-1.4207752227196095,1.3909059264934669
11.58,-1.4066600258554753,1.4327962094888378
11.59,-1.3921049174335218,1.4790062422100665
11.6,-1.3770628639154419,1.5303347419038416
11.609999999999999,-1.3614777919104522,1.5878025955315436
11.620000000000001,-1.3452819660097313,1.6527386240906745
11.630000000000001,-1.3283923069634405,1.7269093153342088
11.640000000000001,-1.3107050791056338,1.8127216748023172
11.65,-1.2920879754705645,1.9135528417503809
11.66,-1.2723678691605773,2.0343113043480328
11.67,-1.2513109659201267,2.182446968915503
11.68,-1.228588768039292,2.3698988029395802
11.69,-1.2037153694331564,2.6171917887473444
11.700000000000001,-1.1759206069560677,2.9630929663413244
11.710000000000001,-1.143858576496076,3.491191247339652
11.720000000000001,-1.1048019896843357,4.4216264207725393
11.73,-1.0516494934318124,6.5677629579432812
11.74,-0.95309013052579716,16.11696725493724
11.75,0.90261981501588329,1344.6225006662382
11.76,2.0005555065769438,-0.6662351632283805
11.77,1.993874572689974,-0.66996283909939436
11.779999999999999,1.9871560217933579,-0.67375891783370567
11.790000000000001,1.9803991591365058,-0.6776255588585649
11.800000000000001,1.9736032679004591,-0.68156501804704916
11.81,1.9667676081979082,-0.68557965418349942
11.82,1.9598914160137724,-0.68967193509640212
11.83,1.9529739020822314,-0.69384444424229985
11.84,1.9460142506954892,-0.69809988778267862
11.85,1.9390116184391208,-0.70244110219807787
11.859999999999999,1.9319651328483911,-0.70687106248833509
11.870000000000001,1.9248738909794161,-0.71139289101303393
11.880000000000001,1.9177369578884762,-0.71600986703212799
11.890000000000001,1.9105533650121391,-0.72072543701325986
11.9,1.9033221084401799,-0.72554322577966746
11.91,1.8960421470724762,-0.73046704858098144
11.92,1.8887124006502043,-0.73550092417856494
11.93,1.8813317476506868,-0.74064908904782556
11.94,1.8738990230341601,-0.7459160128119362
11.950000000000001,1.8664130158295198,-0.75130641503522988
11.960000000000001,1.8588724665447467,-0.75682528352016187
11.970000000000001,1.8512760643861668,-0.76247789426958934
11.98,1.8436224442690246,-0.76826983329657639
11.99,1.8359101835998688,-0.77420702048726708
12,1.8281377988090897,-0.78029573574924804
12.01,1.8203037416094603,-0.78654264770874061
12.02,1.8124063949537341,-0.79295484525551685
12.030000000000001,1.8044440686611545,-0.7995398722757322
12.040000000000001,1.7964149946791093,-0.80630576596050474
12.050000000000001,1.7883173219419837,-0.81326109913366884
12.06,1.7801491107845677,-0.8204150271066647
12.07,1.7719083268618752,-0.82777733964418021
12.08,1.7635928345209939,-0.8353585187126138
12.09,1.7552003895633521,-0.84316980278754361
12.1,1.7467286313274246,-0.85122325861902959
12.109999999999999,1.7381750740122164,-0.85953186149878724
12.120000000000001,1.7295370971505739,-0.86810958524549631
12.130000000000001,1.7208119351282338,-0.87697150332973506
12.140000000000001,1.7119966656290782,-0.88613390280541215
12.15,1.703088196869023,-0.8956144130088961
12.16,1.6940832534595871,-0.90543215134189303
12.17,1.6849783607169766,-0.91560788888330669
12.18,1.6757698272025405,-0.92616423909694012
12.19,1.666453725244706,-0.93712587353870225
12.200000000000001,1.657025869149692,-0.94851976924805914
12.210000000000001,1.6474817907568222,-0.96037549347149442
12.220000000000001,1.6378167119319893,-0.97272553255916161
12.23,1.6280255135173149,-0.98560567336323224
12.24,1.6181027001627335,-0.99905544733080487
12.25,1.6080423603520424,-1.0131186498357707
12.26,1.597838120796178,-1.027843950279123
12.27,1.587483094192895,-1.0432856123029721
12.280000000000001,1.5769698191350614,-1.0595043483766486
12.290000000000001,1.5662901906767301,-1.0765683393881409
12.300000000000001,1.5554353797199771,-1.0945544582144411
12.31,1.5443957389433685,-1.1135497472509537
12.32,1.5331606924233017,-1.1336532145425038
12.33,1.5217186053593934,-1.1549780328860151
12.34,1.5100566293442144,-1.1776542531030321
12.35,1.4981605173311359,-1.2018321795864204
12.359999999999999,1.4860144007304241,-1.2276866076282196
12.370000000000001,1.4736005187270722,-1.2554221945934907
12.380000000000001,1.4608988867053136,-1.2852803409214841
12.390000000000001,1.4478868861970686,-1.3175481081312488
12.4,1.4345387524554156,-1.3525699248179972
12.41,1.4208249266741959,-1.3907631692420193
12.42,1.4067112265800235,-1.4326392371104049
12.43,1.3921577692567331,-1.4788325227139363
12.44,1.3771175496975059,-1.5301410668077948
12.450000000000001,1.3615345309782023,-1.5875848298754494
12.460000000000001,1.345341025154801,-1.6524913343450993
12.470000000000001,1.3284540160727456,-1.7266251982379022
12.48,1.310769854034445,-1.8123906495229669
12.49,1.292156352686064,-1.9131605446384796
12.5,1.2724405604200582,-2.0338364660256971
12.51,1.251388949006323,-2.1818565575456019
12.52,1.228673447011623,-2.3691383267117194
12.530000000000001,1.2038088810828287,-2.6161639762299087
12.540000000000001,1.1760264717690228,-2.9616045471805896
12.550000000000001,1.1439832976060056,-3.4887945267741096
12.56,1.1049599218134478,-4.4170069287839446
12.57,1.0518839773874729,-6.555081502926277
12.58,0.9536645529387463,-16.030583027259397
12.59,-0.8547498194452896,-1333.7528477323169
12.6,-2.000579315118487,0.66622196196555006
12.609999999999999,-1.9938985144405503,0.66994939723841462
12.620000000000001,-1.9871800991972925,0.67374522773476442
12.630000000000001,-1.9804233747152964,0.67761161264136627
12.640000000000001,-1.9736276242562081,0.68155080746812635
12.65,-1.9667921080170074,0.68556517062305711
12.66,-1.9599160620707974,0.68965716953353107
12.67,-1.9529986972440732,0.69382938723058563
12.68,-1.946039197925739,0.69808452942398158
12.69,-1.9390367208027268,0.70242543211431108
12.700000000000001,-1.9319903935166065,0.70685506979105217
12.710000000000001,-1.9248993132350691,0.71137656427063045
12.720000000000001,-1.9177625451315705,0.71599319423441987
12.73,-1.910579120765832,0.7207084055332027
12.74,-1.9033480363571549,0.72552582233192719
12.75,-1.896068250941747,0.7304492591770394
12.76,-1.888738684404387,0.73548273407804421
12.77,-1.8813582153737787,0.74063048270560805
12.780000000000001,-1.8739256789698699,0.74589697382067288
12.790000000000001,-1.8664398643902034,0.75128692606274095
12.800000000000001,-1.8588995123209837,0.7568053262411808
12.81,-1.8513033121570639,0.76245744929125758
12.82,-1.8436498990132912,0.76824888007698078
12.83,-1.8359378505077475,0.77418553724623052
12.84,-1.8281656832952191,0.7802736993705226
12.85,-1.8203318493267657,0.78652003363256617
12.859999999999999,-1.8124347318084437,0.79293162736043976
12.870000000000001,-1.8044726408290568,0.79951602274835709
12.880000000000001,-1.7964438086231793,0.80628125515172278
12.890000000000001,-1.7883463844315215,0.81323589539965568
12.9,-1.7801784289160116,0.82038909663271031
12.91,-1.7719379080814714,0.8277506462491212
12.92,-1.7636226866495293,0.83533102363127809
12.93,-1.7552305208231842,0.8431414644282319
12.94,-1.7467590503720765,0.85119403229259105
12.950000000000001,-1.7382057899588377,0.85950169911525542
12.960000000000001,-1.7295681196156245,0.86807843497358061
12.970000000000001,-1.7208432742667656,0.87693930921373342
12.98,-1.712028332178102,0.88610060433301618
12.99,-1.7031202021954668,0.89557994462235957
13,-1.6941156096134635,0.90539644188352608
13.01,-1.6850110804904685,0.91557086096464169
13.02,-1.6758029241958285,0.92612580837882763
13.030000000000001,-1.6664872139394997,0.93708594790709543
13.040000000000001,-1.6570597649916097,0.94847824786714252
13.050000000000001,-1.6475161102479257,0.96033226569202546
13.06,-1.6378514727350861,0.97268047665510471
13.07,-1.6280607345738778,0.98555865506385565
13.08,-1.618138401826688,0.99900631810797724
13.09,-1.6080785645421081,1.0130672448967253
13.1,-1.5978748511700052,1.0277900862029703
13.109999999999999,-1.587520376346933,1.0432290842438234
13.120000000000001,-1.577007680834956,1.0594449267363106
13.130000000000001,-1.5663286621241463,1.0765057658354271
13.140000000000001,-1.5554744938631322,1.0944884408940518
13.15,-1.54443553184035,1.113479954979733
13.16,-1.5332012036695484,1.133579269730514
13.17,-1.5217598785937361,1.1548995028380893
13.18,-1.5100987128518411,1.1775706392448502
13.19,-1.4982034647671389,1.2017429040045975
13.200000000000001,-1.4860582719947086,1.2275909960973663
13.210000000000001,-1.4736453810311378,1.2553194549555085
13.220000000000001,-1.4609448158848057,1.2851695352386323
13.23,-1.4479339683428951,1.3174281163835684
13.24,-1.4345870859629744,1.352439396944269
13.25,-1.4208746248491761,1.3906204608441122
13.26,-1.4067624209966738,1.4324823218390119
13.27,-1.392210614151201,1.4786588706845945
13.280000000000001,-1.3771722278128724,1.5299474723880087
13.290000000000001,-1.3615912614906156,1.5873671620444036
13.300000000000001,-1.3454000746581685,1.6522441651552691
13.31,-1.3285157141886326,1.726341232567713
13.32,-1.3108346162524078,1.8120598188167385
13.33,-1.2922247149529997,1.9127685045225669
13.34,-1.2725132337240204,2.0333619788972035
13.35,-1.2514669099372477,2.1812666471898483
13.359999999999999,-1.2287580976642962,2.3683786063698036
13.370000000000001,-1.203902354747123,2.6151373935236002
13.380000000000001,-1.1761322819852693,2.9601183538523421
13.390000000000001,-1.144107931447077,3.4864025345826146
13.4,-1.1051176869355519,4.4124005000208104
13.41,-1.0521180060097468,6.5424591615537029
13.42,-0.95423589630258676,15.945083498994725
13.43,0.80733717910478342,1319.1235348656915
13.44,2.0006031231306993,-0.66620876156872233
13.450000000000001,1.993922455652877,-0.66993595628434222
13.460000000000001,1.9872041760537824,-0.67373153857412293
13.470000000000001,1.9804475897371532,-0.67759766738764315
13.48,1.9736519800452361,-0.68153659788341348
13.49,1.9668166072592836,-0.68555068808898978
13.5,1.9599407075405686,-0.68964240503069807
13.51,1.9530234918078861,-0.69381433131416004
13.52,1.9460641445468241,-0.69806917219750952
13.530000000000001,1.9390618225456522,-0.70240976320150128
13.540000000000001,1.9320156535522324,-0.70683907830536508
13.550000000000001,1.9249247348458043,-0.71136023878248789
13.56,1.9177881317169818,-0.71597652273580747
13.57,1.9106048758486172,-0.720691375399378
13.58,1.9033739635895137,-0.72550842028001805
13.59,1.8960943541121844,-0.73043147122116348
13.6,1.8887649674449827,-0.73546454548063334
13.609999999999999,1.8813846823679647,-0.74061187792456151
13.620000000000001,1.8739523341607598,-0.74587793645186784
13.630000000000001,1.8664667121895202,-0.75126743877745972
13.640000000000001,1.8589265573186424,-0.75678537071788354
13.65,1.8513305591314668,-0.76243700614109122
13.66,1.843677352942402,-0.76822792876233514
13.67,1.8359655165810174,-0.77416405599157689
13.68,1.8281935669264484,-0.78025166506462817
13.69,1.8203599561679884,-0.78649742172109538
13.700000000000001,1.8124630677649385,-0.79290841172780646
13.710000000000001,1.8045012120756061,-0.7994921755875255
13.720000000000001,1.7964726216216815,-0.80625674682048731
13.73,1.78837544595013,-0.81321069426170156
13.74,1.7802077460499397,-0.82036316888150829
13.75,1.7719674882756542,-0.8277239557124213
13.76,1.7636525377233494,-0.83530353155364967
13.77,1.7552606509974928,-0.84311312922864501
13.780000000000001,1.7467894682987777,-0.85116480929359273
13.790000000000001,1.7382365047533455,-0.85947154023972239
13.800000000000001,1.7295991408925191,-0.86804728840438494
13.81,1.7208746121790761,-0.876907119010778
13.82,1.712059997460651,-0.88606731000126204
13.83,1.7031522062128124,-0.89554548062318973
13.84,1.6941479644130473,-0.90536073708051112
13.85,1.6850437988616773,-0.91553383799299071
13.859999999999999,1.675836019735796,-0.92608738292583559
13.870000000000001,1.6665207011266108,-0.93704602788832669
13.880000000000001,1.6570936592678396,-0.94843673248004723
13.890000000000001,1.6475504281113444,-0.96028904432483531
13.9,1.637886231844109,-0.97263542762414146
13.91,1.6280959538651341,-0.98551164414643155
13.92,1.6181741016487472,-0.99895719683065609
13.93,1.6081147668077485,-1.0130158485292406
13.94,1.5979115795302667,-1.0277362313961342
13.950000000000001,1.5875576563908824,-1.0431725662343871
13.960000000000001,1.5770455403199723,-1.0593855160217438
13.970000000000001,1.5663671312425897,-1.0764432041958467
13.98,1.555513605552713,-1.0944224366043207
13.99,1.5444753221472358,-1.1134101770097964
14,1.5332417121755924,-1.1335053406715865
14.01,1.5218011489222039,-1.154820990210762
14.02,1.5101407932699917,-1.1774870447335861
14.030000000000001,1.4982464089092857,-1.2016536500087731
14.040000000000001,1.4861021397365306,-1.2274954087727117
14.050000000000001,1.4736902395556657,-1.255216742612604
14.06,1.4609907409939953,-1.2850587605217485
14.07,1.4479810460874338,-1.3173081600034116
14.08,1.4346354146897933,-1.3523089097679695
14.09,1.4209243178049469,-1.3904777996688442
14.1,1.4068136096829409,-1.432325461877505
14.109999999999999,1.3922634527133673,-1.478485284127979
14.120000000000001,1.377226898879073,-1.5297539564142431
14.130000000000001,1.3616479840889057,-1.5871495895208541
14.140000000000001,1.3454591151879347,-1.6519971136480001
14.15,1.3285774020100904,-1.7260574150013159
14.16,1.310899366494513,-1.8117291787800192
14.17,1.2922930630490808,-1.9123767167237102
14.18,1.2725858899020237,-2.0328878372094117
14.19,1.2515448496072881,-2.1806772305315971
14.200000000000001,1.2288427209760491,-2.3676196321661549
14.210000000000001,1.2039957915180239,-2.6141120254089016
14.220000000000001,1.1762380388739526,-2.9586343643073265
14.23,1.1442324795895071,-3.4840152292129476
14.24,1.1052752872924811,-4.4078070266600351
14.25,1.0523515840388571,-6.5298953899145538
14.26,0.95480419846933262,-15.860455356486549
14.27,-0.76050907432513049,-1301.1095306089996
14.280000000000001,-2.0006269307300237,0.66619556199718744
14.290000000000001,-1.9939463964440427,0.66992251617017495
14.300000000000001,-1.9872282524805749,0.67371785027836428
14.31,-1.9804718043205036,0.67758372302908509
14.32,-1.97367633538666,0.6815223892233272
14.33,-1.9668411060445568,0.68553620651037428
14.34,-1.959965352543622,0.68962764151559452
14.35,-1.9530482858949361,0.69379927641928241
14.359999999999999,-1.9460890906807544,0.69805381602804528
14.370000000000001,-1.9390869237906696,0.70239409538289832
14.380000000000001,-1.9320409130788132,0.70682308795293891
14.390000000000001,-1.9249501559359581,0.71134391446863843
14.4,-1.9178137177698553,0.71595985245461624
14.41,-1.9106306303864655,0.7206743465283556
14.42,-1.9033998902640712,0.72549101953868145
14.43,-1.8961204567114653,0.73041368462619216
14.44,-1.8887912499005499,0.73544635829720473
14.450000000000001,-1.8814111487627041,0.74059327461350821
14.460000000000001,-1.8739789887372111,0.74585890061221838
14.470000000000001,-1.8664935593587972,0.75124795308387415
14.48,-1.858953601670017,0.7567654168524538
14.49,-1.85135780544266,0.76241656471886832
14.5,-1.8437048061906558,0.76820697924991987
14.51,-1.8359931819550181,0.77414257661798103
14.52,-1.8282214498391836,0.78022963272351842
14.530000000000001,-1.820388062270627,0.78647481186343793
14.540000000000001,-1.8124914029618453,0.79288519824375048
14.550000000000001,-1.8045297825405808,0.79946833067625822
14.56,-1.7965014338155809,0.80623224084656875
14.57,-1.7884045066399936,0.81318549559616327
14.58,-1.7802370623297898,0.82033724372582417
14.59,-1.7719970675891521,0.82769726790308318
14.6,-1.7636823878885122,0.83527604234477981
14.609999999999999,-1.7552907802337065,0.84308479704967065
14.620000000000001,-1.7468198852563728,0.85113558947853674
14.630000000000001,-1.7382672185460373,0.85944138472407627
14.640000000000001,-1.7296301611330616,0.86801614538490779
14.65,-1.720905949018525,0.87687493256270987
14.66,-1.7120916616316941,0.88603401964652206
14.67,-1.7031842090776939,0.89551102084197198
14.68,-1.6941803180166963,0.90532503675728526
14.69,-1.6850765159907481,0.91549681978625874
14.700000000000001,-1.6758691139844417,0.92604896254891433
14.710000000000001,-1.6665541869699656,0.93700611328592864
14.720000000000001,-1.6571275521443127,0.94839522288237854
14.73,-1.6475847445150944,0.96024582915704937
14.74,-1.6379209894292472,0.97259038524430419
14.75,-1.6281311715635414,0.98546464037922266
14.76,-1.6182097998037384,0.99890808325657621
14.77,-1.6081509673262702,1.0129644604796806
14.780000000000001,-1.5979483060568647,1.0276823855926949
14.790000000000001,-1.5875949345073759,1.0431160579953962
14.800000000000001,-1.5770833977756034,1.0593261159391765
14.81,-1.5664055982205689,1.0763806541597931
14.82,-1.5555527149804091,1.0943564450183128
14.83,-1.5445151100590786,1.1133404129951663
14.84,-1.5332822181400485,1.1334314269987469
14.85,-1.5218424165471962,1.1547424946138112
14.859999999999999,-1.5101828708050944,1.1774034691531643
14.870000000000001,-1.4982893499683112,1.2015644171539668
14.880000000000001,-1.486146004171228,1.2273998451768251
14.890000000000001,-1.4737350945209495,1.25511405705065
14.9,-1.461036662258522,1.2849480162149731
14.91,-1.4480281196621172,1.3171882383871081
14.92,-1.4346837388736102,1.3521784626302138
14.93,-1.4209740057861484,1.3903351849929682
14.94,-1.4068647928910654,1.4321686564268448
14.950000000000001,-1.3923162852038984,1.4783117621547353
14.960000000000001,-1.377281563166195,1.5295605178880289
14.970000000000001,-1.3617046990537931,1.5869321111723609
14.98,-1.345518147036953,1.6517501785232438
14.99,-1.3286390798439986,1.725773744024137
15,-1.3109641050841336,1.811398727615873
15.01,-1.2923613973174679,1.9119851790603122
15.02,-1.2726585293216106,2.0324140382331062
15.030000000000001,-1.2516227684150962,2.1800883040160697
15.040000000000001,-1.2289273173872202,2.3668613992019121
15.050000000000001,-1.2040891919000083,2.6130878664979478
15.06,-1.1763437430310637,2.9571525662374958
15.07,-1.1443569428095275,3.481632584684847
15.08,-1.1054327241154533,4.4032264304119586
15.09,-1.0525847147019289,6.517389729533674
15.1,-0.95536949417219152,15.776685998460504
15.109999999999999,0.71437924570987366,1280.1007361679251
15.120000000000001,2.0006507380257155,-0.66618236316176305
15.130000000000001,1.9939703369239212,-0.66990907683355672
15.140000000000001,1.9872523285881694,-0.67370416278671685
15.15,1.9804960185764811,-0.67756977950162278
15.16,1.9737006903922596,-0.68150818142257452
15.17,1.9668656044852655,-0.68552172582065962
15.18,1.9599899971930681,-0.68961287892036949
15.19,1.9530730796190185,-0.69378422247676552
15.200000000000001,1.9461140364420237,-0.69803846084501275
15.210000000000001,1.9391120246529858,-0.70237842858649147
15.220000000000001,1.9320661722122847,-0.70680709866027613
15.23,1.9249755766222092,-0.71132759125403988
15.24,1.9178393034076273,-0.71594318331421225
15.25,1.9106563844975875,-0.72065731884184259
15.26,1.9034258164998286,-0.7254736200279156
15.27,1.8961465588593998,-0.73039589931034843
15.280000000000001,1.8888175318917242,-0.73542817244413472
15.290000000000001,1.8814376146794813,-0.74057467268690402
15.300000000000001,1.8740056428215719,-0.74583986621418186
15.31,1.8665204060212679,-0.75122846889236727
15.32,1.8589806454992472,-0.75674546455311131
15.33,1.851385051215712,-0.76239612493056086
15.34,1.843732258884073,-0.76818603144336295
15.35,1.8360208467567454,-0.77412109902662096
15.359999999999999,1.8282493321614208,-0.7802076022458162
15.370000000000001,1.8204161677637076,-0.78645220395554483
15.380000000000001,1.8125197375292399,-0.79286198680143705
15.390000000000001,1.8045583523551407,-0.79944448790480671
15.4,1.7965302453371494,-0.80620773711715366
15.41,1.7884335666345279,-0.81316029928702116
15.42,1.7802663778901551,-0.82031132104628279
15.43,1.7720266461577696,-0.82767058269820315
15.44,1.7637122372820695,-0.83524855587805324
15.450000000000001,1.7553209086701611,-0.84305646776078969
15.460000000000001,1.7468503013845229,-0.85110637271278522
15.470000000000001,1.7382979314779441,-0.8594112324293397
15.48,1.729661180479696,-0.86798500577159343
15.49,1.7209372849290159,-0.87684274972112897
15.5,1.7121233248366439,-0.88600073311527261
15.51,1.7032162109370856,-0.8954765651197476
15.52,1.6942126705730034,-0.90528934074912493
15.530000000000001,1.6851092320279499,-0.91545980617359102
15.540000000000001,1.6759022070937808,-0.92601054707067365
15.550000000000001,1.6665876716233838,-0.93696620391555385
15.56,1.6571614437767297,-0.94835371888235276
15.57,1.6476190596168345,-0.96020261998891965
15.58,1.6379557456501999,-0.97254534930730363
15.59,1.6281663878309265,-0.98541764354476391
15.6,1.6182454964557114,-0.99885897715839411
15.610000000000001,1.6081871662640472,-1.0129130805100481
15.620000000000001,1.5979850309186148,-1.0276285485431012
15.630000000000001,1.5876322108677803,-1.043059559264794
15.640000000000001,1.5771212533759058,-1.0592667262129269
15.65,1.5664440632349708,-1.0763181154367158
15.66,1.5555918223260934,-1.0942904658292003
15.67,1.5445548957589077,-1.1132706626111317
15.68,1.5333227217492904,-1.133357528367569
15.69,1.5218836816586374,-1.1546640156809755
15.700000000000001,1.5102249456508539,-1.1773199121130318
15.710000000000001,1.498332288141959,-1.2014752050224824
15.720000000000001,1.4861898655008727,-1.227304304861494
15.73,1.4737799461337129,-1.2550113977869555
15.74,1.4610825798901275,-1.2848373017963792
15.75,1.4480751892841253,-1.3170683509677725
15.76,1.4347320587375274,-1.3520480549121663
15.77,1.4210236890223658,-1.3901926161370863
15.780000000000001,1.406915970857771,-1.4320119047362772
15.790000000000001,1.3923691118674459,-1.4781383039289966
15.800000000000001,1.3773362209277411,-1.5293671558706485
15.81,1.3617614066487769,-1.5867147259338243
15.82,1.3455771704801343,-1.6515033585576193
15.83,1.3287007479784736,-1.7254902182099503
15.84,1.3110288323249117,-1.8110684636307592
15.85,1.2924297180804618,-1.9115938894738962
15.860000000000001,1.2727311523280962,-2.0319405793890799
15.870000000000001,1.2517006667354411,-2.1794998642764432
15.880000000000001,1.2290118873120948,-2.3661039028234945
15.890000000000001,1.204182556364694,-2.6120649099616058
15.9,1.1764493950191859,-2.9556729476874786
15.91,1.1444813218435084,-3.479254575797778
15.92,1.1055899985839857,-4.3986586351077914
15.93,1.0528174011329519,-6.5049417302434414
15.94,0.95593181423837303,-15.693763297700157
15.950000000000001,-0.66904756699142776,-1256.4912688864517
15.960000000000001,-2.0006745448210346,0.66616916516955538
15.970000000000001,-1.9939942768946761,0.66989563838666533
15.98,-1.987276404177609,0.67369047621222045
15.99,-1.9805202323049877,0.67755583692040211
16,-1.9737250448607753,0.68149397459847982
16.010000000000002,-1.9668901023789649,0.68550724613942382
16.02,-1.9600146412852564,0.68959811736692633
16.030000000000001,-1.9530978727752515,0.69376916961090784
16.039999999999999,-1.9461389816244992,0.69802310677519364
16.050000000000001,-1.9391371249251832,0.70236276294163202
16.059999999999999,-1.9320914307439239,0.70679111055938648
16.07,-1.9250009966944994,0.711311269273457
16.080000000000002,-1.9178648884188769,0.71592651545221708
16.09,-1.9106821379691732,0.72064029248041206
16.100000000000001,-1.9034517420825543,0.72545622189135506
16.109999999999999,-1.8961726603403051,0.73037811542044451
16.120000000000001,-1.888843813201341,0.73540998807153246
16.129999999999999,-1.8814640798996112,0.7405560722982909
16.140000000000001,-1.8740322961936027,0.74582083341486605
16.149999999999999,-1.8665472519551052,0.75120898636374944
16.16,-1.8590076885828779,0.75672551398452692
16.170000000000002,-1.8514122962254997,0.76237568694485391
16.18,-1.8437597107958246,0.76816508551552753
16.190000000000001,-1.836048510757619,0.77409962339472549
16.199999999999999,-1.8282772136627872,0.78018557381330156
16.210000000000001,-1.8204442724150147,0.78642959818395231
16.219999999999999,-1.8125480712330195,0.7928387775923631
16.23,-1.8045869212832411,0.79942064746986197
16.240000000000002,-1.7965590559483473,0.8061832358343749
16.25,-1.7884626256936451,0.81313510554210844
16.260000000000002,-1.7802956924888378,0.82028540105668835
16.27,-1.7720562237371413,0.82764390031785273
16.280000000000001,-1.7637420856574215,0.83522107238012844
16.289999999999999,-1.7553510360579616,0.84302814159558737
16.300000000000001,-1.7468807164319571,0.85107715923722282
16.309999999999999,-1.7383286432953493,0.85938108360408005
16.32,-1.7296921986761777,0.86795386982111944
16.330000000000002,-1.7209686196516931,0.87681057075127955
16.34,-1.712154986813949,0.88596745068181515
16.350000000000001,-1.7032482115266445,0.89544211374041327
16.359999999999999,-1.6942450218147378,0.90525364935009556
16.370000000000001,-1.6851419467030611,0.91542279745985755
16.379999999999999,-1.6759352987904823,0.92597213680747958
16.390000000000001,-1.6666211548103105,0.93692630010580391
16.399999999999999,-1.6571953338851864,0.9483122208216247
16.41,-1.6476533731331724,0.96015941717605913
16.420000000000002,-1.6379905002199422,0.97250032018370303
16.43,-1.6282016023764816,0.98537065402964674
16.440000000000001,-1.6182811913099056,0.99880987893993323
16.449999999999999,-1.6082233633221958,1.0128617090427132
16.460000000000001,-1.598021753812304,1.0275747206897803
16.469999999999999,-1.5876694851643558,1.0430030705066837
16.48,-1.5771591068083806,1.0592073473306363
16.490000000000002,-1.5664825259682917,1.0762555885398721
16.5,-1.5556309272669939,1.0942244995781816
16.510000000000002,-1.5445946789183864,1.1132009264294871
16.52,-1.5333632226691003,1.1332836453834352
16.530000000000001,-1.5219249439160722,1.1545855540546703
16.539999999999999,-1.5102670174601971,1.1772363742965712
16.550000000000001,-1.4983752230760921,1.2013860143432427
16.559999999999999,-1.4862337233637912,1.2272087886064711
16.57,-1.473824794024202,1.2549087656582871
16.580000000000002,-1.4611284935103734,1.2847266181670383
16.59,-1.4481222545656545,1.3169484987194102
16.600000000000001,-1.4347803738835923,1.3519176876711068
16.609999999999999,-1.4210733671046092,1.3900500942542031
16.620000000000001,-1.4069671431620019,1.4318552080697211
16.629999999999999,-1.3924219322696787,1.4779649108443398
16.640000000000001,-1.377390871714701,1.5291738719086432
16.649999999999999,-1.3618181064085002,1.5864974355341674
16.66,-1.3456361850337621,1.6512566557001249
16.670000000000002,-1.328762405909008,1.7252068397767331
16.68,-1.311093547688561,1.8107383893760405
16.690000000000001,-1.2924980247822446,1.9112028509353551
16.699999999999999,-1.2728037583334133,2.0314674641835877
16.710000000000001,-1.2517785439418678,2.1789119155098415
16.719999999999999,-1.229096430078003,2.3653471481149566
16.73,-1.2042758841840133,2.6110431622790675
16.740000000000002,-1.176554994042855,2.9541955157309836
16.75,-1.144605615828779,3.4768812079641802
16.760000000000002,-1.1057471098544871,4.3941036235973669
16.77,-1.0530496434617622,6.4925511052280847
16.780000000000001,-0.95649118522896082,15.611676164921896
16.789999999999999,0.62460031927569226,1230.6703443082092
16.800000000000001,2.0006983512687229,-0.66615596793415
16.809999999999999,1.9940182165099032,-0.66988220074277682
16.82,1.9873004794033591,-0.67367679046697981
16.830000000000002,1.9805444456613748,-0.67754189519588637
16.84,1.9737493989484629,-0.68147976865980886
16.850000000000001,1.9669145998828337,-0.6854927673736706
16.859999999999999,1.9600392849783017,-0.68958335676045857
16.870000000000001,1.953122665522709,-0.6937541177250327
16.879999999999999,1.9461639263882253,-0.69800775371997414
16.890000000000001,1.9391622247683062,-0.70234709834770115
16.899999999999999,1.9321166888357886,-0.70677512354757721
16.91,1.925026416315927,-0.71129494842204599
16.920000000000002,1.9178904729677644,-0.71590984876155372
16.93,1.9107078909664619,-0.72062326733468696
16.940000000000001,1.9034776671785956,-0.72543882501723
16.949999999999999,1.8961987613216567,-0.73036033284222845
16.960000000000001,1.8888700939980296,-0.73539180506256752
16.969999999999999,1.8814905445929035,-0.74053747332815689
16.98,1.8740589490243253,-0.74580180209197133
16.990000000000002,1.8665740973325624,-0.75118950537282936
17,1.8590347310944342,-0.75670556501848762
17.010000000000002,1.8514395406468491,-0.762355250630394
17.02,1.8437871621020632,-0.76814414133179187
17.030000000000001,1.8360761741351568,-0.77407814958425358
17.039999999999999,1.8283050945221955,-0.78016354728437398
17.050000000000001,1.8204723764048956,-0.78640699440333328
17.059999999999999,1.8125764042550017,-0.79281557046731843
17.07,1.8046154895082143,-0.79939680921813783
17.080000000000002,1.7965878658340637,-0.80615873684068096
17.09,1.7884916840038294,-0.81310991419940215
17.100000000000001,1.7803250063139686,-0.82025948359033052
17.109999999999999,1.7720858005170868,-0.82761722059040221
17.120000000000001,1.7637719332061326,-0.83519359167420204
17.129999999999999,1.7553811625904601,-0.84299981837181481
17.140000000000001,1.7469111305938823,-0.85104794886386648
17.150000000000002,1.7383593541953635,-0.85935093805427121
17.16,1.7297232159215958,-0.86792273733307113
17.170000000000002,1.720999953387687,-0.87677839544599834
17.18,1.7121866477668433,-0.88593417213184944
17.190000000000001,1.7032802110517882,-0.89540766648209547
17.199999999999999,1.6942773719495718,-0.90521796233029994
17.210000000000001,1.6851746602260933,-0.9153857934066193
17.219999999999999,1.6759683892869861,-0.92593373151180736
17.23,1.6666546367457118,-0.93688640159946168
17.240000000000002,1.6572292226872656,-0.94827072843264093
17.25,1.6476876852844284,-0.96011622043983125
17.260000000000002,1.638025253361644,-0.9724552975829851
17.27,1.6282368154263416,-0.98532367153060263
17.280000000000001,1.61831688459556,-0.99876078828419257
17.289999999999999,1.6082595587331896,-1.0128103457458757
17.300000000000001,1.598058474973808,-1.0275209016848892
17.309999999999999,1.587706757636538,-1.04294659135586
17.32,1.577196958316212,-1.0591479789081937
17.330000000000002,1.5665209866676628,-1.0761930730645279
17.34,1.5556700300543962,-1.0941585458379757
17.350000000000001,1.5446344597931989,-1.1131312039981764
17.359999999999999,1.5334037211598135,-1.1332097775670067
17.370000000000001,1.5219662035847816,-1.1545071092253563
17.379999999999999,1.510309086503655,-1.1771528551607044
17.390000000000001,1.4984181550468625,-1.20129684453569
17.400000000000002,1.4862775780421387,-1.2271132957891597
17.41,1.4738696384810401,-1.2548061599945575
17.420000000000002,1.4611744034148524,-1.2846159646029218
17.43,1.4481693158098341,-1.3168286808563014
17.440000000000001,1.4348286846231428,-1.3517873600501704
17.449999999999999,1.4211230403531829,-1.389907618404717
17.460000000000001,1.4070183101339284,-1.4316985653903496
17.469999999999999,1.3924747467516934,-1.477791581748398
17.48,1.3774455158803738,-1.5289806647104709
17.490000000000002,1.3618747986999873,-1.5862802385117274
17.5,1.3456951910805044,-1.6510100682771651
17.510000000000002,1.3288240540362946,-1.7249236067811999
17.52,1.3111582515968856,-1.8104085025560128
17.530000000000001,1.2925663178698379,-1.9108120606730292
17.539999999999999,1.2728763478154141,-2.0309946891751371
17.550000000000001,1.2518564005512816,-2.1783244532787904
17.559999999999999,1.2291809462534884,-2.3645911290467523
17.57,1.2043691760007142,-2.6100226151851511
17.580000000000002,1.1766605408570607,-2.9527202557515686
17.59,1.1447298257275385,-3.4745124517665142
17.600000000000001,1.1059040593893201,-4.3895613120400769
17.609999999999999,1.0532814452181873,-6.4802173885484189
17.620000000000001,0.95704764036418377,-15.530412578891752
17.629999999999999,-0.58110948294318332,-1203.0139545862201
17.640000000000001,-2.0007221570648541,0.66614277161806679
17.650000000000002,-1.9940421554639771,0.66986876407364337
17.66,-1.9873245539580688,0.6736631057256286
17.670000000000002,-1.9805686583365314,0.67752795450597014
17.68,-1.9737737523444134,0.68146556378782275
17.690000000000001,-1.9669390966841322,0.68547828970814384
17.699999999999999,-1.9600639279576002,0.68956859728930164
17.710000000000001,-1.9531474575448846,0.69373906701118626
17.719999999999999,-1.9461888704147585,0.69799240187523792
17.73,-1.9391873238619317,0.7023314350045553
17.740000000000002,-1.9321419461654359,0.70675913782881705
17.75,-1.9250518351619892,0.71127862890802795
17.760000000000002,-1.9179160567276818,0.7158931834548532
17.77,-1.9107336431606983,0.72060624362186354
17.780000000000001,-1.9035035914570004,0.72542142962747203
17.789999999999999,-1.8962248614702595,0.73034255180254581
17.800000000000001,-1.8888963739463016,0.73537362364918957
17.809999999999999,-1.8815170084215256,0.74051887601375155
17.82,-1.8740856009735065,0.74578277248825708
17.830000000000002,-1.866600941810957,0.75117002616808637
17.84,-1.8590617726887129,0.75668561790943889
17.850000000000001,-1.8514667841319798,0.76233481624783361
17.859999999999999,-1.8438146124523711,0.76812319915927685
17.870000000000001,-1.8361038365362359,0.77405667786907295
17.879999999999999,-1.8283329743837504,0.78014152293993555
17.890000000000001,-1.8205004793746091,0.78638439290194373
17.900000000000002,-1.8126047362335229,0.79279236572223744
17.91,-1.8046440566653996,0.79937297345360381
17.920000000000002,-1.7966166746265551,0.80613424044845183
17.93,-1.788520741194171,0.81308472558009326
17.940000000000001,-1.7803543189913789,0.82023356897764421
17.949999999999999,-1.7721153761200859,0.8275905438559833
17.960000000000001,-1.7638017795472289,0.83516611411059305
17.969999999999999,-1.7554112878831294,0.84297149845051422
17.98,-1.7469415434821036,0.85101874196503335
17.990000000000002,-1.7383900637860175,0.85932079616411949
18,-1.7297542318200689,0.86789160870420912
18.010000000000002,-1.7210312857370804,0.87674622421530357
18.02,-1.7122183072912422,0.88590089788941284
18.030000000000001,-1.7033122091041162,0.89537322378368323
18.039999999999999,-1.6943097205646407,0.90518228014437108
18.050000000000001,-1.6852073721795533,0.91534879448523776
18.059999999999999,-1.6760014781609984,0.92589533167280569
18.07,-1.6666881170023073,0.93684650890463195
18.080000000000002,-1.6572631097505142,0.94822924224371496
18.09,-1.6477219956327509,0.96007303033017988
18.100000000000001,-1.6380600046318372,0.97241028207824842
18.109999999999999,-1.6282720265311861,0.98527669664556927
18.120000000000001,-1.6183525758572415,0.99871170581581581
18.129999999999999,-1.6082957520352104,1.0127589912729498
18.140000000000001,-1.5980951939346195,1.0274670922129319
18.150000000000002,-1.5877440278088066,1.0428901225304676
18.16,-1.5772348074165206,1.0590886217002669
18.170000000000002,-1.5665594448424598,1.0761305698051036
18.18,-1.5557091301895198,1.0940926054463935
18.190000000000001,-1.5446742378759508,1.1130614962025398
18.199999999999999,-1.5334442167049267,1.1331359258558422
18.210000000000001,-1.5220074601386018,1.1544286821881893
18.219999999999999,-1.5103511522448034,1.1770693557643555
18.23,-1.4984610835069063,1.2012076967296723
18.240000000000002,-1.4863214289768749,1.2270178276186086
18.25,-1.4739144789326493,1.2547035820937933
18.260000000000002,-1.4612203090185119,1.2845053425024997
18.27,-1.448216372417072,1.3167088988909934
18.280000000000001,-1.4348769903408221,1.3516570736923499
18.289999999999999,-1.4211727081355698,1.389765190381874
18.300000000000001,-1.4070694711222513,1.431541978665918
18.309999999999999,-1.392527554641521,1.4776183188134158
18.32,-1.3775001527298902,1.5287875366905126
18.330000000000002,-1.3619314828028342,1.5860631375708008
18.34,-1.3457541878712058,1.6507635993448748
18.350000000000001,-1.3288856915785412,1.7246405227126445
18.359999999999999,-1.3112229432305889,1.8100788072024154
18.370000000000001,-1.2926345964803088,1.910421523410951
18.379999999999999,-1.2729489198596451,2.0305222599901813
18.390000000000001,-1.2519342355872398,2.1777374844138242
18.400000000000002,-1.2292654347860439,2.3638358540907105
18.41,-1.2044624306624154,2.609003277405765
18.420000000000002,-1.1767660341897761,2.9512471804188785
18.43,-1.1448539501189707,3.4721483230947525
18.440000000000001,-1.1060608456414678,4.3850317044565319
18.449999999999999,-1.0535128054735803,6.4679403539582809
18.460000000000001,-0.95760120179480579,15.449962271632172
18.469999999999999,0.53863475706412711,1173.8796103791262
18.48,2.0007459625859219,-0.66612957605511125
18.490000000000002,1.9940660941354875,-0.66985532816571514
18.5,1.9873486282224666,-0.67364942176943277
18.510000000000002,1.9805928707133706,-0.67751401463009375
18.52,1.9737981054337679,-0.68145135975778781
18.530000000000001,1.96696359317027,-0.68546381291379155
18.539999999999999,1.9600885706128746,-0.68955383871993803
18.550000000000001,1.9531722492338586,-0.69372401723124388
18.559999999999999,1.9462138140985836,-0.69797705099809471
18.57,1.9392124226029979,-0.70231577266436729
18.580000000000002,1.9321672031323127,-0.70674315315016811
18.59,1.9250772536346834,-0.71126231047318778
18.600000000000001,1.9179416401032356,-0.71587651926842422
18.609999999999999,1.9107593949591541,-0.72058922107257439
18.620000000000001,1.9035295153277634,-0.72540403544682897
18.629999999999999,1.8962509611988909,-0.7303247720200351
18.640000000000001,1.8889226534617791,-0.7353554435436942
18.650000000000002,1.8815434718040061,-0.74050028006078639
18.66,1.8741122524626537,-0.74576374430258474
18.670000000000002,1.866627785814841,-0.75115054844126372
18.68,1.8590888137933874,-0.75666567234171134
18.690000000000001,1.8514940271117606,-0.76231438347378333
18.699999999999999,1.8438420622808915,-0.76810225866654369
18.710000000000001,1.836131498398355,-0.77403520790935532
18.719999999999999,1.8283608536883926,-0.78011950043140377
18.73,1.8205285817686274,-0.78636179332204914
18.740000000000002,1.8126330676166855,-0.79276916298982369
18.75,1.8046726232066157,-0.79934913979896394
18.760000000000002,1.7966454827814651,-0.80610974626992071
18.77,1.7885497977242457,-0.81305953928544528
18.780000000000001,1.7803836309846883,-0.82020765680837537
18.789999999999999,1.7721449510139209,-0.82756386969225937
18.800000000000001,1.7638316251527797,-0.83513863925426879
18.809999999999999,1.7554414124124553,-0.8429431813832845
18.82,1.7469719555776608,-0.85098953807826516
18.830000000000002,1.7384207725530458,-0.85929065745633182
18.84,1.7297852468621853,-0.86786048344158317
18.850000000000001,1.7210626171954735,-0.87671405654969747
18.859999999999999,1.7122499658879273,-0.88586762742749925
18.870000000000001,1.7033442061897721,-0.89533878509962717
18.879999999999999,1.6943420681716406,-0.90514660222707721
18.890000000000001,1.6852400830808922,-0.91531180010957458
18.900000000000002,1.676034565935939,-0.92585693668208813
18.91,1.666721596109721,-0.93680662138920534
18.920000000000002,1.6572969956109991,-0.94818776159742191
18.93,1.6477563047209183,-0.96002984616259079
18.940000000000001,1.6380947545802889,-0.97236527295595487
18.949999999999999,1.6283072362480715,-0.98522972862984382
18.960000000000001,1.6183882656596185,-0.99866263075656891
18.969999999999999,1.6083319438008872,-1.0127076448095369
18.98,1.5981319112757044,-1.0274132914204146
18.990000000000002,1.5877812962708793,-1.0428336631346409
19,1.5772726547082021,-1.0590292747649543
19.010000000000002,1.5665979011012445,-1.0760680777695302
19.02,1.5557482282911179,-1.0940266773565135
19.030000000000001,1.5447140137961604,-1.1129918019354934
19.039999999999999,1.5334847099453548,-1.133062089076633
19.050000000000001,1.5220487142305401,-1.1543502716966749
19.059999999999999,1.510393215349513,-1.1769858747798143
19.07,1.4985040091358157,-1.2011185695069417
19.080000000000002,1.4863652768622679,-1.2269223825751443
19.09,1.4739593160890583,-1.2546010303220489
19.100000000000001,1.4612662110483539,-1.284394750102323
19.109999999999999,1.4482634251327262,-1.3165891509122898
19.120000000000001,1.4349252918019286,-1.3515268265166389
19.129999999999999,1.4212223712388379,-1.3896228079078627
19.140000000000001,1.4071206269379364,-1.4313854453883843
19.150000000000002,1.3925803567765243,-1.4774451192591844
19.16,1.3775547831299984,-1.5285944847428168
19.170000000000002,1.3619881596167531,-1.5858461292101467
19.18,1.3458131763429506,-1.6505172449142933
19.190000000000001,1.3289473195156523,-1.7243575829686608
19.199999999999999,1.311287623619378,-1.8097492979228342
19.210000000000001,1.2927028617022658,-1.9100312327097402
19.219999999999999,1.273021475625884,-2.0300501687510089
19.23,1.2520120502979721,-2.1771509989671594
19.240000000000002,1.229349897038019,-2.3630813101294637
19.25,1.2045556496773955,-2.6079851263699281
19.260000000000002,1.1768714757910665,-2.9497762630563842
19.27,1.1449779911343168,-3.4697887718357143
19.280000000000001,1.1062174715242545,-4.3805146713066172
19.289999999999999,1.05374372991124,-6.4557194284102817
19.300000000000001,0.95815190710363518,-15.370312863333153
19.309999999999999,-0.4972222605237297,-1143.6004373612091
19.32,-2.0007697676151119,0.66611638132046858
19.330000000000002,-1.994090032306423,0.66984189314248455
19.34,-1.9873727019773109,0.67363573872963367
19.350000000000001,-1.9806170825713916,0.67750007569515425
19.359999999999999,-1.9738224579947445,0.68143715669897531
19.370000000000001,-1.9669880891181606,0.68544933712236256
19.379999999999999,-1.9601132127197076,0.68953908118668428
19.390000000000001,-1.9531970403638579,0.69370896852216402
19.400000000000002,-1.9462387572125426,0.69796170122824008
19.41,-1.9392375207629378,0.70230011146966609
19.420000000000002,-1.9321924595064093,0.70672716965709081
19.43,-1.9251026715025332,0.71124599326601323
19.440000000000001,-1.9179672228614491,0.71585985635389682
19.449999999999999,-1.91078514612732,0.72057219984170617
19.460000000000001,-1.9035554385548095,0.72538664263356278
19.469999999999999,-1.8962770602698762,0.73030699365646434
19.48,-1.8889489323051516,0.73533726491148699
19.490000000000002,-1.8815699344993673,0.7404816856384373
19.5,-1.874138903249073,0.74574471770805795
19.510000000000002,-1.8666546290997683,0.75113107236954879
19.52,-1.8591158541622195,0.75664572849673961
19.530000000000001,-1.8515212693381164,0.76229395249410314
19.539999999999999,-1.8438695113376673,0.76808132004406249
19.550000000000001,-1.8361591594696283,0.77401373990037525
19.559999999999999,-1.8283887321822587,0.78009747995906387
19.57,-1.820556683331058,0.78633919586918011
19.580000000000002,-1.8126613981465123,0.79274596248107931
19.59,-1.8047011888717499,0.79932530847094474
19.600000000000001,-1.7966742900364838,0.806085254527804
19.609999999999999,-1.7885788533294851,0.81303435554444992
19.620000000000001,-1.7804129420270065,0.82018174731810511
19.629999999999999,-1.7721745249293115,0.82753719834171757
19.640000000000001,-1.7638614697510433,0.83511116735497315
19.650000000000002,-1.7554715359041577,0.84291486742751331
19.66,-1.7470023666036629,0.8509603374689747
19.670000000000002,-1.7384514802168618,0.85926052220479365
19.68,-1.7298162607655749,0.8678293618280094
19.690000000000001,-1.7210939474776219,0.87668189274143493
19.699999999999999,-1.7122816232686822,0.88583436104835223
19.710000000000001,-1.703376202017465,0.89530435074273584
19.719999999999999,-1.6943744144760966,0.90511092890244271
19.73,-1.6852727926323365,0.91527481061555482
19.740000000000002,-1.6760676523106188,0.92581854688823551
19.75,-1.6667550737632049,0.93676673941525856
19.760000000000002,-1.6573308799602806,0.94814628687022506
19.77,-1.6477906122366499,0.95998666832890633
19.780000000000001,-1.638129502890719,0.97232027062441351
19.789999999999999,-1.6283424442565479,0.98518276790940018
19.800000000000001,-1.6184239536778882,0.99861356355141573
19.809999999999999,-1.6083681337008673,1.0126563068210612
19.82,-1.5981686266629469,1.0273594997948505
19.830000000000002,-1.587818562683643,1.0427772136798008
19.84,-1.5773104998469047,1.0589699386396243
19.850000000000001,-1.5666363550941524,1.0760055975233993
19.859999999999999,-1.5557873240035174,1.0939607621647429
19.870000000000001,-1.5447537871920247,1.1129221218271688
19.879999999999999,-1.5335252005128115,1.132988267896559
19.890000000000001,-1.5220899654854376,1.1542718784588393
19.900000000000002,-1.5104352754353185,1.1769024129603149
19.91,-1.4985469315433506,1.2010294636709524
19.920000000000002,-1.4864091212997672,1.2268269615183014
19.93,-1.4740041495428127,1.254498505601777
19.940000000000001,-1.4613121090873518,1.2842841883958145
19.949999999999999,-1.4483104735294421,1.3164694379941515
19.960000000000001,-1.4349735885679185,1.3513966196889713
19.969999999999999,-1.4212720292122669,1.3894804722544061
19.98,-1.4071717771169487,1.4312289669521161
19.990000000000002,-1.3926331526780369,1.4772719846234619
20,-1.3776094065858207,1.5284015105745337
