t,y1,y2
0,2,0
0.01,1.9933149247913096,-0.67040373663548491
0.02,1.9865919115037158,-0.67420990182075569
0.029999999999999999,1.9798304840136336,-0.67808695541679642
0.040000000000000001,1.9730299216654739,-0.6820372614443222
0.050000000000000003,1.9661894805412272,-0.68606311967317546
0.059999999999999998,1.9593083924433685,-0.69016701547972026
0.070000000000000007,1.9523858636409026,-0.69435168725665508
0.080000000000000002,1.9454210737695539,-0.6986195995282426
0.089999999999999997,1.9384131744615363,-0.70297299372942645
0.10000000000000001,1.9313612880643427,-0.70741756280683521
0.11,1.9242645061129966,-0.71195333859070253
0.12,1.9171218878989214,-0.71658537667992384
0.13,1.9099324586682427,-0.7213164340964443
0.14000000000000001,1.9026952080263166,-0.72615008500181588
0.14999999999999999,1.8954090879899279,-0.73109093156345517
0.16,1.8880730110133219,-0.73614217706977481
0.17000000000000001,1.8806858477842474,-0.74130890060378807
0.17999999999999999,1.8732464250486243,-0.74659500391670286
0.19,1.8657535230877444,-0.75200552774100826
0.20000000000000001,1.8582058730780715,-0.75754541041749746
0.20999999999999999,1.850602154309162,-0.76322014566917518
0.22,1.842940991094012,-0.76903528121760645
0.23000000000000001,1.8352209494869642,-0.77499642620049081
0.23999999999999999,1.8274405339295203,-0.78111071635835461
0.25,1.8195981831316184,-0.78738471564459134
0.26000000000000001,1.8116922662043886,-0.79382553173177406
0.27000000000000002,1.8037210781104145,-0.8004404767619886
0.28000000000000003,1.7956828347372844,-0.80723790360179593
0.28999999999999998,1.78757566790345,-0.81422662309647054
0.29999999999999999,1.7793976194060948,-0.82141582693004433
0.31,1.7711466349001403,-0.82881548280803408
0.32000000000000001,1.7628205571193727,-0.83643623499566933
0.33000000000000002,1.7544171185280359,-0.84428912355710406
0.34000000000000002,1.745933933158766,-0.85238760080697207
0.35000000000000003,1.7373684876964361,-0.86074374792646424
0.35999999999999999,1.7287181317317686,-0.86937069249532628
0.37,1.7199800670037648,-0.87828798455379475
0.38,1.7111513356814285,-0.88750795752112854
0.39000000000000001,1.7022288069791183,-0.89705023574613674
0.40000000000000002,1.6932091627734174,-0.90693459690926359
0.41000000000000003,1.6840888814447375,-0.91718153216496112
0.41999999999999998,1.674864219788986,-0.92781446176182336
0.42999999999999999,1.6655311930208181,-0.93885843817993775
0.44,1.6560855523681683,-0.95034199916830109
0.45000000000000001,1.6465227593103569,-0.96229438019283231
0.46000000000000002,1.6368379576497336,-0.97474935571172416
0.47000000000000003,1.6270259409554682,-0.98774362994751386
0.47999999999999998,1.6170811159706637,-1.0013179012111511
0.48999999999999999,1.6069974612627509,-1.0155171955559488
0.5,1.5967684795268133,-1.030391810426676
0.51000000000000001,1.5863871430138257,-1.0459977885763041
0.52000000000000002,1.5758458304588125,-1.0623966497983859
0.53000000000000003,1.5651362547668612,-1.0796625291082249
0.54000000000000004,1.5542493771433465,-1.0978717867122108
0.55000000000000004,1.5431753089722593,-1.1171162546812528
0.56000000000000005,1.5319031944196648,-1.1374990105957359
0.57000000000000006,1.5204210726721066,-1.1591382827007579
0.57999999999999996,1.5087157115209557,-1.1821705028766138
0.58999999999999997,1.4967724120025969,-1.2067535347419782
0.59999999999999998,1.4845747670561231,-1.2330715782321806
0.60999999999999999,1.4721043691861011,-1.2613420665429109
0.62,1.4593404530930048,-1.291819210986505
0.63,1.4462594454200337,-1.3248149769737068
0.64000000000000001,1.4328344019275254,-1.3606942153313157
0.65000000000000002,1.4190342894725885,-1.3999094004866879
0.66000000000000003,1.4048230605765761,-1.4430183414776809
0.67000000000000004,1.3901584319284364,-1.4907163656756386
0.68000000000000005,1.3749902657972968,-1.5438887028939012
0.69000000000000006,1.3592583478287379,-1.6036794919759789
0.70000000000000007,1.3428892891687418,-1.6715991829635475
0.70999999999999996,1.3257921020902872,-1.7496890446802849
0.71999999999999997,1.3078516065029444,-1.8407967660484934
0.72999999999999998,1.2889185177472176,-1.9490174225142955
0.73999999999999999,1.2687930688459488,-2.0805271910545429
0.75,1.2471973235629599,-2.245142031308601
0.76000000000000001,1.2237240302676311,-2.4596944826038003
0.77000000000000002,1.1977326861909781,-2.7560920463039653
0.78000000000000003,1.1681036871517243,-3.204814663392392
0.79000000000000004,1.1325045219239023,-4.0075171163587635
0.80000000000000004,1.0838944356483107,-6.1972886271134593
0.81000000000000005,-1.9980045997763456,0.66777715000596616
0.82000000000000006,-1.9913080936600169,0.6715348718505294
0.83000000000000007,-1.9845736651006336,0.67536187886466992
0.83999999999999997,-1.9778006091558935,0.67926063332812681
0.84999999999999998,-1.970988198343709,0.68323334210943854
0.85999999999999999,-1.9641356816020945,0.6872821948563882
0.87,-1.9572422831987932,0.69141008471697929
0.88,-1.9503072015929332,0.69561935486277693
0.89000000000000001,-1.9433296081614684,0.69991287647315636
0.90000000000000002,-1.9363086459306642,0.70429359782531176
0.91000000000000003,-1.9292434281839355,0.7087638492482472
0.92000000000000004,-1.9221330370147087,0.71332880561260692
0.93000000000000005,-1.9149765216241488,0.71798966809348852
0.94000000000000006,-1.9077728968526786,0.72275120276495475
0.95000000000000007,-1.9005211412586167,0.72761659256556765
0.95999999999999996,-1.8932201952257732,0.73258993371171399
0.96999999999999997,-1.8858689589666002,0.73767532565728677
0.97999999999999998,-1.8784662902721145,0.74287718175068962
0.98999999999999999,-1.8710110022359119,0.74820001013146409
1,-1.8635018607317049,0.75364835860781743
1.01,-1.8559375817289909,0.75922835429125335
1.02,-1.8483168284053055,0.76494442238682192
1.03,-1.8406382080417774,0.77080270992030442
1.04,-1.8329002686243401,0.77680926314336396
1.05,-1.8251014953127158,0.78297030596161243
1.0600000000000001,-1.8172403065081952,0.78929346642255338
1.0700000000000001,-1.8093150495680355,0.79578540105200779
1.0800000000000001,-1.8013239963170566,0.80245398061386763
1.0900000000000001,-1.7932653381128321,0.80930774306267395
1.1000000000000001,-1.7851371804335028,0.81635532364067798
1.1100000000000001,-1.776937537038201,0.82360466072708705
1.1200000000000001,-1.7686643235313082,0.83107104711310553
1.1300000000000001,-1.7603153504571045,0.83875839719909417
1.1400000000000001,-1.7518883157698073,0.84668540010603466
1.1500000000000001,-1.7433807963204166,0.85485924767073762
1.1599999999999999,-1.7347902389146779,0.86329503379569039
1.1699999999999999,-1.7261139500373821,0.87200789270021872
1.1799999999999999,-1.7173490851285138,0.88101305630067306
1.1899999999999999,-1.7084926358998633,0.89032753469326897
1.2,-1.699541417234985,0.89996958743799038
1.21,-1.6904920518565385,0.90996020638526376
1.22,-1.6813409538223629,0.92031876589942085
1.23,-1.6720843100704155,0.93107277149014422
1.24,-1.6627180591221586,0.94224604449867178
1.25,-1.6532378684111622,0.953866191013089
1.26,-1.6436391074703987,0.96596531985847323
1.27,-1.6339168190045403,0.9785774348130466
1.28,-1.6240656847599697,0.99174086105246217
1.29,-1.6140799883415564,1.0054971715117171
1.3,-1.6039535709229957,1.019892902855988
1.3100000000000001,-1.5936797829451943,1.0349800966381377
1.3200000000000001,-1.5832514259112844,1.0508166392647187
1.3300000000000001,-1.5726606879179845,1.0674675172446697
1.3400000000000001,-1.5618990660138157,1.0850057235187067
1.3500000000000001,-1.5509572789877193,1.1035148042257334
1.3600000000000001,-1.5398251615878271,1.1230882106431919
1.3700000000000001,-1.5284915432785533,1.1438336731292527
1.3800000000000001,-1.516944101048892,1.1658743605422834
1.3900000000000001,-1.5051691873405957,1.1893525622902061
1.4000000000000001,-1.4931516190473313,1.214434213854545
1.4099999999999999,-1.4808744248370509,1.2413118727238017
1.4199999999999999,-1.4683185320442367,1.2702135795326535
1.4299999999999999,-1.4554623875849788,1.3014101989269069
1.4399999999999999,-1.442281474959703,1.3352243356138727
1.45,-1.428747710986815,1.3720504513670568
1.46,-1.4148286708849511,1.4123665875186795
1.47,-1.4004865855568773,1.4567674651248366
1.48,-1.3856770159354259,1.5059999287543837
1.49,-1.3703470749672297,1.5610161278697614
1.5,-1.3544329823661232,1.6230613497676156
1.51,-1.3378566232084075,1.6937792228473787
1.52,-1.3205205998699445,1.7754191707939513
1.53,-1.3023007705119345,1.8711408301709822
1.54,-1.2830348542220611,1.985554080619985
1.55,-1.2625033087879287,2.1257066905334487
1.5600000000000001,-1.2403965464934346,2.303034412975224
1.5700000000000001,-1.2162521852046593,2.5376648674788127
1.5800000000000001,-1.1893232942078424,2.8692690335203284
1.5900000000000001,-1.158247343906565,3.3910809964875614
1.6000000000000001,-1.1199540484451276,4.4035138426814546
1.6100000000000001,-1.0627897174904724,8.1974770942576676
1.6200000000000001,1.9960056205254133,-0.66889384046362421
1.6300000000000001,1.9892978444837677,-0.6726721848327637
1.6400000000000001,1.9825519374312033,-0.67652048095938766
1.6500000000000001,1.9757671878149661,-0.68044106584800057
1.6600000000000001,1.9689428612076467,-0.68443617712912064
1.6699999999999999,1.9620781992976273,-0.68850845587572806
1.6799999999999999,1.9551724187669437,-0.69265931961408778
1.6899999999999999,1.9482247100558316,-0.69689434491611957
1.7,1.9412342362308412,-0.7012135494588182
1.71,1.9342001315914206,-0.70562123362418727
1.72,1.9271215002160504,-0.71011908365693877
1.73,1.9199974145288172,-0.71471261528719188
1.74,1.912826913685109,-0.71940332784993466
1.75,1.9056090018118599,-0.72419542536566084
1.76,1.8983426462915651,-0.72909263385567724
1.77,1.8910267756947474,-0.73409908445244798
1.78,1.8836602777794933,-0.73921884039015229
1.79,1.8762419972270361,-0.74445614548359262
1.8,1.8687707332761629,-0.74981606627854158
1.8100000000000001,1.8612452371799575,-0.75530358471618064
1.8200000000000001,1.8536642094190316,-0.76092343753583458
1.8300000000000001,1.8460262967892067,-0.76668143947284961
1.8400000000000001,1.8383300891926289,-0.77258331068478714
1.8500000000000001,1.8305741162294311,-0.77863554923611666
1.8600000000000001,1.8227568434652768,-0.78484336733056814
1.8700000000000001,1.81487666849353,-0.79121716438337564
1.8800000000000001,1.8069319166789528,-0.79776109470576684
1.8900000000000001,1.7989208362413387,-0.80448420140438559
1.9000000000000001,1.7908415935213704,-0.81139493234357607
1.9100000000000001,1.7826922671140484,-0.81850236732711545
1.9199999999999999,1.7744708421408057,-0.82581612494465773
1.9299999999999999,1.7661752035506082,-0.83334591840161221
1.9399999999999999,1.7578031290139198,-0.8411052892324522
1.95,1.7493522811420807,-0.84910304740785614
1.96,1.7408201989115109,-0.85735410371809273
1.97,1.7322042883486066,-0.86587151067885437
1.98,1.7235018118833596,-0.87466993077248156
1.99,1.7147098773111469,-0.8837655908860349
2,1.7058254249615148,-0.89317643095816324
2.0100000000000002,1.6968452139052017,-0.90292059784614054
2.02,1.6877658062733072,-0.91301900629963351
2.0300000000000002,1.6785835502217203,-0.92349407075736101
2.04,1.6692945606423069,-0.93436999807538956
2.0499999999999998,1.6598946975336524,-0.94567333922358521
2.0600000000000001,1.6503795421911629,-0.95743327111093834
2.0699999999999998,1.6407443696119606,-0.96968218428550246
2.0800000000000001,1.630984118457504,-0.98245512718527583
2.0899999999999999,1.6210933553316131,-0.99579095412430751
2.1000000000000001,1.6110662364026307,-1.0097336256237441
2.1099999999999999,1.600896461708986,-1.0243305236696647
2.1200000000000001,1.5905772234625275,-1.0396354557517262
2.1299999999999999,1.5801011473131776,-1.0557083691522224
2.1400000000000001,1.5694602229977332,-1.0726166135712669
2.1499999999999999,1.5586457248762127,-1.090434977569513
2.1600000000000001,1.5476481188692488,-1.1092530547874377
2.1699999999999999,1.536456952553511,-1.1291649240422281
2.1800000000000002,1.5250607279376198,-1.1502824471798445
2.1899999999999999,1.5134467451754037,-1.1727390093049883
2.2000000000000002,1.5016009210853052,-1.1966783984107934
2.21,1.4895075666410427,-1.2222753895098952
2.2200000000000002,1.4771491174328619,-1.24973294629608
2.23,1.4645058034276204,-1.2792905449373289
2.2400000000000002,1.4515552399708809,-1.3112327863160291
2.25,1.438271914165753,-1.3459039610473598
2.2600000000000002,1.4246265345177285,-1.3837187805059541
2.27,1.4105851948152748,-1.4251878072682305
2.2800000000000002,1.3961082876622901,-1.4709476402178798
2.29,1.3811490590802749,-1.52179939684703
2.3000000000000003,1.3656516577431534,-1.5787728134389341
2.3100000000000001,1.349548431422549,-1.6432153047203719
2.3199999999999998,1.3327561114171398,-1.716929698257684
2.3300000000000001,1.3151702168591286,-1.802398406265636
2.3399999999999999,1.2966566634160239,-1.9031414508044207
2.3500000000000001,1.2770385090443015,-2.0243656644794528
2.3599999999999999,1.2560736860812303,-2.1741579745857122
2.3700000000000001,1.2334153570727084,-2.3659354712518375
2.3799999999999999,1.2085350413146856,-2.6240071336951871
2.3900000000000001,1.1805524071247586,-2.9984612687088825
2.3999999999999999,1.1477792479625915,-3.6159617102700601
2.4100000000000001,1.1060106968444194,-4.9529324015914851
2.4199999999999999,1.0298248516604449,-16.859783228296479
2.4300000000000002,-1.9940033198590534,0.67001672972686643
2.4399999999999999,-1.987284212326347,0.67381571501661586
2.4500000000000002,-1.9805267632961372,0.67768540629433638
2.46,-1.9737302544846773,0.68162705649324573
2.4700000000000002,-1.9668939444299189,0.68564604649160399
2.48,-1.9600170674629458,0.68974186188158471
2.4900000000000002,-1.9530988325099221,0.69391806455517124
2.5,-1.9461384220273548,0.69817721678885014
2.5100000000000002,-1.9391349905780679,0.70252270051443189
2.52,-1.9320876635657975,0.70695701995236249
2.5300000000000002,-1.9249955357777546,0.71148312506717526
2.54,-1.9178576698911269,0.71610496908200061
2.5500000000000003,-1.9106730947320345,0.72082582475402357
2.5600000000000001,-1.9034408036203423,0.7256488589442901
2.5699999999999998,-1.8961597525495759,0.73057843964381697
2.5800000000000001,-1.888828858129991,0.73561828281840191
2.5899999999999999,-1.8814469954438604,0.74077268849242472
2.6000000000000001,-1.8740129958903655,0.74604639501458914
2.6099999999999999,-1.8665256445808347,0.75144392513565528
2.6200000000000001,-1.8589836778724129,0.75697005397920258
2.6299999999999999,-1.8513857805642233,0.76263083248166297
2.6400000000000001,-1.8437305827226838,0.76843124311378941
2.6499999999999999,-1.8360166566065543,0.77437753995937508
2.6600000000000001,-1.8282425130797237,0.78047582042928831
2.6699999999999999,-1.8204065978244117,0.78673302100304532
2.6800000000000002,-1.8125072872078911,0.79315483646673368
2.6899999999999999,-1.8045428840991906,0.79975260832592721
2.7000000000000002,-1.7965116128633449,0.80653109176646476
2.71,-1.7884116140400317,0.81349972038951723
2.7200000000000002,-1.7802409390114591,0.82066779985636173
2.73,-1.7719975435899999,0.82804505061158629
2.7400000000000002,-1.7636792814556914,0.83564296550277317
2.75,-1.7552838967432367,0.84347172079801513
2.7600000000000002,-1.746809016029667,0.85154306073823549
2.77,-1.738252139526077,0.85987293847185209
2.7800000000000002,-1.7296106313216557,0.86847288286213298
2.79,-1.7208817089589108,0.87735853115807017
2.8000000000000003,-1.7120624315032213,0.88654621188147875
2.8100000000000001,-1.7031496866420026,0.896055031243713
2.8199999999999998,-1.6941401761152539,0.90590198797348276
2.8300000000000001,-1.6850304001277554,0.91611165786925208
2.8399999999999999,-1.6758166391095797,0.92670382197166079
2.8500000000000001,-1.6664949340442052,0.93770467681137148
2.8599999999999999,-1.6570610643222989,0.94914116973871121
2.8700000000000001,-1.6475105225040965,0.96104416077230836
2.8799999999999999,-1.6378384863410804,0.97344584216121788
2.8900000000000001,-1.6280397870077985,0.98638295469987758
2.8999999999999999,-1.6181088728537971,0.9998956290434563
2.9100000000000001,-1.6080397685737491,1.0140284307657679
2.9199999999999999,-1.5978260283780041,1.0288313102899609
2.9300000000000002,-1.5874606813721293,1.0443591603282079
2.9399999999999999,-1.5769361704812825,1.0606747112557513
2.9500000000000002,-1.5662442803283887,1.0778471329838732
2.96,-1.5553760545957012,1.0959554775636628
2.9700000000000002,-1.5443216963448554,1.1150890000693414
2.98,-1.5330704551714316,1.1353494917226163
2.9900000000000002,-1.52161049063872,1.1568539123972506
3,-1.509928710122354,1.1797362097297606
3.0100000000000002,-1.4980105749320602,1.204151806751528
3.02,-1.4858398666337369,1.2302826569016385
3.0300000000000002,-1.4733983980107748,1.2583411296386637
3.04,-1.460665664932326,1.2885801190979167
3.0500000000000003,-1.4476184060958848,1.3212999611178964
3.0600000000000001,-1.4342300535576082,1.3568635702892411
3.0700000000000003,-1.4204700335071345,1.3957123048814808
3.0800000000000001,-1.4063028632469301,1.4383921429690099
3.0899999999999999,-1.3916869656589348,1.4855812622981261
3.1000000000000001,-1.3765731025765648,1.5381441674353582
3.1099999999999999,-1.3609022180052979,1.5971928389252308
3.1200000000000001,-1.3446024506703682,1.6641941950921642
3.1299999999999999,-1.3275848833230668,1.7411247491692203
3.1400000000000001,-1.3097372834599295,1.8307325143972319
3.1499999999999999,-1.2909143295569674,1.9369550204740875
3.1600000000000001,-1.2709225392480545,2.0656976330817196
3.1699999999999999,-1.2494938141059755,2.2262977041154843
3.1800000000000002,-1.2262376926816159,2.434613865481543
3.1899999999999999,-1.2005452847771694,2.7203419283665102
3.2000000000000002,-1.1713662016996691,3.1478532319120505
3.21,-1.136562511758948,3.8949885917493345
3.2200000000000002,-1.0900441726188457,5.7901617741369122
3.23,1.9986903278004104,-0.66739499645363654
3.2400000000000002,1.9919976779379507,-0.6711457076454983
3.25,1.9852671767880721,-0.67496553532811498
3.2600000000000002,1.9784981216845305,-0.67885684963903115
3.27,1.9716897875128354,-0.6828218098574963
3.2800000000000002,1.9648414256810467,-0.68686261339997401
3.29,1.9579522630476474,-0.69098237930904938
3.3000000000000003,1.9510215007385225,-0.69518304263773223
3.3100000000000001,1.9440483130259258,-0.69946779226700939
3.3200000000000003,1.9370318458691007,-0.70383870363231271
3.3300000000000001,1.9299712156910835,-0.70830012313497714
3.3399999999999999,1.9228655078355421,-0.71285545500385417
3.3500000000000001,1.9157137750272988,-0.71750654961231619
3.3599999999999999,1.9085150356560625,-0.7222573678063422
3.3700000000000001,1.9012682721054226,-0.72711180688664157
3.3799999999999999,1.8939724287936124,-0.73207393459047576
3.3900000000000001,1.8866264101294328,-0.73714740084117891
3.3999999999999999,1.8792290783486421,-0.74233738658311965
3.4100000000000001,1.8717792512997804,-0.74764685720171087
3.4199999999999999,1.8642756998273946,-0.75308303920089747
3.4300000000000002,1.8567171451037856,-0.75864869616469877
3.4399999999999999,1.8491022559057257,-0.76435084244948237
3.4500000000000002,1.8414296453953591,-0.77019419137773071
3.46,1.8336978677895106,-0.77618512919946314
3.4700000000000002,1.825905414943263,-0.78233036715481441
3.48,1.8180507121757774,-0.78863634656209969
3.4900000000000002,1.8101321144489646,-0.79511051093124274
3.5,1.8021479015804946,-0.80176030447824953
3.5100000000000002,1.7940962734445105,-0.8085949925951369
3.52,1.7859753445068911,-0.81562218924746832
3.5300000000000002,1.7777831382621105,-0.82285084970992761
3.54,1.7695175807312709,-0.83029397495149626
3.5500000000000003,1.7611764936591623,-0.83795970026556998
3.5600000000000001,1.752757586801587,-0.84586004855990893
3.5700000000000003,1.7442584499311784,-0.85400780680947475
3.5800000000000001,1.7356765436082204,-0.86241621096996246
3.5899999999999999,1.7270091893117829,-0.8710998083920154
3.6000000000000001,1.718253558420143,-0.88007415112186926
3.6099999999999999,1.7094066601687834,-0.88935609955997197
3.6200000000000001,1.7004653282140052,-0.89896395478453028
3.6299999999999999,1.6914262058105249,-0.9089172891828553
3.6400000000000001,1.6822857292312987,-0.9192383423402809
3.6499999999999999,1.6730401095293572,-0.92995007396493257
3.6600000000000001,1.6636853120287087,-0.94107825448939653
3.6699999999999999,1.6542170330447197,-0.95265113502682164
3.6800000000000002,1.6446306740886905,-0.96469948368090475
3.6899999999999999,1.6349213127704882,-0.9772573657242507
3.7000000000000002,1.6250836695321942,-0.99036219156540128
3.71,1.6151120709215954,-1.0040554106623514
3.7200000000000002,1.6050004059529044,-1.018383321781603
3.73,1.594742077362945,-1.0333969397976619
3.7400000000000002,1.5843299463955951,-1.0491532960792962
3.75,1.5737562669487115,-1.0657175513375037
3.7600000000000002,1.5630126116847076,-1.0831612019358514
3.77,1.5520897831481804,-1.1015662497872198
3.7800000000000002,1.5409777124953867,-1.1210256671837799
3.79,1.5296653388678161,-1.1416453071606016
3.8000000000000003,1.5181404650916981,-1.1635467167442974
3.8100000000000001,1.5063895886750944,-1.1868702559387405
3.8200000000000003,1.4943976948542175,-1.2117786555063037
3.8300000000000001,1.482148008911562,-1.2384620145230596
3.8399999999999999,1.4696216911632018,-1.2671443299695284
3.8500000000000001,1.4567974628539486,-1.2980894196074801
3.8599999999999999,1.4436511379065613,-1.331619997925868
3.8700000000000001,1.4301550314544158,-1.3681161171612943
3.8799999999999999,1.4162772065780009,-1.4080482591565002
3.8900000000000001,1.4019804979335995,-1.4519981813375245
3.8999999999999999,1.3872212241444042,-1.5006944715744794
3.9100000000000001,1.3719474654783341,-1.5550665405024882
3.9199999999999999,1.3560966994598858,-1.6163205581484381
3.9300000000000002,1.3395924786593287,-1.6860559192075557
3.9399999999999999,1.3223396789917243,-1.7664462841219584
3.9500000000000002,1.304217342276133,-1.8605406085347773
3.96,1.2850679407929038,-1.9727610468565886
3.9700000000000002,1.2646788820083612,-2.1098380068886451
3.98,1.2427519419649773,-2.2826238605139433
3.9900000000000002,1.2188448879768989,-2.5100116660921556
4,1.1922499845071881,-2.8287653750416353
4.0099999999999998,1.1616959378985023,-3.3233408220273462
4.0200000000000005,1.124399854557949,-4.2541364564014268
4.0300000000000002,1.070726672670705,-7.305952674323124
4.04,-1.9966925661398278,0.66850858580041239
4.0499999999999998,-1.9899886677797194,0.67228083216125289
4.0600000000000005,-1.9832467102865186,0.67612186299519439
4.0700000000000003,-1.9764659843642904,0.68003491388719606
4.0800000000000001,-1.9696457579675009,0.68402121729070431
4.0899999999999999,-1.9627852753106405,0.6880856850916619
4.0999999999999996,-1.9558837556545794,0.69223002593309679
4.1100000000000003,-1.9489403922451045,0.69645562747264167
4.1200000000000001,-1.9419543510309785,0.7007661073560626
4.1299999999999999,-1.9349247692717417,0.70516424312970727
4.1399999999999997,-1.9278507542473029,0.70965326880907109
4.1500000000000004,-1.920731381738805,0.71423600747600025
4.1600000000000001,-1.913565694336125,0.71891678501162659
4.1699999999999999,-1.9063526999022529,0.7236983535564423
4.1799999999999997,-1.8990913696153069,0.72858451139317826
4.1900000000000004,-1.8917806361957945,0.73357940524446674
4.2000000000000002,-1.8844193916315035,0.73868741854175501
4.21,-1.8770064851544841,0.74391273087950416
4.2199999999999998,-1.8695407208030848,0.74925987870005928
4.2300000000000004,-1.8620208549102459,0.75473386405109455
4.2400000000000002,-1.8544455932714721,0.76033978994589069
4.25,-1.8468135883534882,0.7660832388400689
4.2599999999999998,-1.8391234360106326,0.77197032764967188
4.2700000000000005,-1.8313736721987166,0.77800661720125996
4.2800000000000002,-1.823562769309639,0.78419921562678296
4.29,-1.8156891321426176,0.79055457964711795
4.2999999999999998,-1.8077510936020891,0.79708064308707938
4.3100000000000005,-1.7997469101088153,0.80378504713938437
4.3200000000000003,-1.7916747565672189,0.81067495045277493
4.3300000000000001,-1.7835327209796461,0.81776295077813332
4.3399999999999999,-1.7753187983018226,0.82505511892424943
4.3500000000000005,-1.7670308840949351,0.83256226758058971
4.3600000000000003,-1.7586667674116925,0.84029746063128008
4.3700000000000001,-1.7502241230689348,0.84827041126724667
4.3799999999999999,-1.7417005031915995,0.85649467536746671
4.3899999999999997,-1.7330933278340857,0.86498347051705127
4.4000000000000004,-1.724399874743489,0.87375258818858359
4.4100000000000001,-1.715617268085595,0.88281721797306567
4.4199999999999999,-1.7067424660742911,0.89219465864315028
4.4299999999999997,-1.6977722471069971,0.90190375689232538
4.4400000000000004,-1.6887031943067361,0.91196484239713427
4.4500000000000002,-1.6795316786872732,0.92240003947276727
4.46,-1.670253839928449,0.93323332746904375
4.4699999999999998,-1.6608655654524571,0.94449158512432929
4.4800000000000004,-1.6513624663049804,0.95620154068205443
4.4900000000000002,-1.64173985027144,0.96840031273700078
4.5,-1.6319926919967407,0.98111769780363633
4.5099999999999998,-1.6221155981327295,0.99439362349790417
4.5200000000000005,-1.6121027689587086,1.0082715383270282
4.5300000000000002,-1.6019479537360188,1.0227993495061964
4.54,-1.5916443993779019,1.038028861779569
4.5499999999999998,-1.5811847925754854,1.0540197424256574
4.5600000000000005,-1.5705611921666136,1.0708390582860701
4.5700000000000003,-1.5597649497690982,1.0885612013362733
4.5800000000000001,-1.5487866191631405,1.1072713148671238
4.5899999999999999,-1.537615848593137,1.1270659177007112
4.6000000000000005,-1.5262412524311366,1.148055314073934
4.6100000000000003,-1.5146502637122792,1.1703665643774495
4.6200000000000001,-1.5028289500560461,1.1941458162923648
4.6299999999999999,-1.4907617992533273,1.2195636687844529
4.6399999999999997,-1.4784314534371492,1.2468195209144772
4.6500000000000004,-1.4658183867522432,1.2761494137362661
4.6600000000000001,-1.4529005046909604,1.3078324182174843
4.6699999999999999,-1.4396526429302627,1.3422050830156529
4.6799999999999997,-1.426045933141181,1.3796752326484709
4.6900000000000004,-1.4120469885131199,1.4207422869443171
4.7000000000000002,-1.3976168467513681,1.4660273001298931
4.71,-1.3827095677110894,1.5163123592955086
4.7199999999999998,-1.3672703439589093,1.57260172959241
4.7300000000000004,-1.3512328866436645,1.6362030567479
4.7400000000000002,-1.3345157553423785,1.7088650770584703
4.75,-1.3170169930366831,1.7929848109995616
4.7599999999999998,-1.2986060247295965,1.8919545303230394
4.7700000000000005,-1.2791111498574492,2.0107670664505819
4.7800000000000002,-1.2582984403538693,2.1571229136493724
4.79,-1.2358344611709273,2.3437209918901551
4.7999999999999998,-1.2112148808381893,2.5933147326759349
4.8100000000000005,-1.1836087613964481,2.9520505994595676
4.8200000000000003,-1.1514512132993069,3.5335571157209409
4.8300000000000001,-1.1109877738205149,4.7410338733682682
4.8399999999999999,-1.0439377531882503,11.591306617318235
4.8500000000000005,1.9946914194413896,-0.66963003673136912
4.8600000000000003,1.9879762108804808,-0.67342201751152519
4.8700000000000001,1.9812227333292656,-0.67728457489564042
4.8799999999999999,1.9744302708366437,-0.68121946889335927
4.8899999999999997,1.9675980843744492,-0.68522914477410435
4.9000000000000004,1.9607254107851964,-0.68931744053758748
4.9100000000000001,1.9538114616954385,-0.69348438288882641
4.9199999999999999,1.9468554223178571,-0.69773575890607287
4.9299999999999997,1.9398564501484055,-0.7020722706195478
4.9400000000000004,1.9328136736417125,-0.70649730076928319
4.9500000000000002,1.9257261908017052,-0.71101344912115449
4.96,1.9185930676669316,-0.71562588863506194
4.9699999999999998,1.9114133366428083,-0.72033042627328681
4.9800000000000004,1.9041859948091464,-0.72514865131849215
4.9900000000000002,1.8969100020164746,-0.73006689765580879
5,1.8895842790536665,-0.73509528714575501
5.0099999999999998,1.8822077053522122,-0.74023759582543625
5.0200000000000005,1.8747791168925558,-0.74549898877286691
5.0300000000000002,1.8672973037065788,-0.75088359544521166
5.04,1.8597610072977815,-0.75639649247388341
5.0499999999999998,1.85216891784281,-0.76204303824960851
5.0600000000000005,1.8445196712011167,-0.76782885787683142
5.0700000000000003,1.8368118457005884,-0.77375976120151924
5.0800000000000001,1.8290439587095306,-0.77984111588124616
5.0899999999999999,1.8212144627585334,-0.78608258240676443
5.1000000000000005,1.8133217416577097,-0.79248840569444545
5.1100000000000003,1.8053641059052767,-0.79906636061665859
5.1200000000000001,1.7973397881349893,-0.80582614849932444
5.1299999999999999,1.7892469378442626,-0.81277439442431543
5.1399999999999997,1.7810836157976,-0.81992172718479905
5.1500000000000004,1.7728477879682631,-0.8272775175399627
5.1600000000000001,1.7645373188502489,-0.83485199163919099
5.1699999999999999,1.7561499641589342,-0.8426562802018297
5.1799999999999997,1.7476833629339346,-0.85070334207109655
5.1900000000000004,1.7391350287552216,-0.85900533408532143
5.2000000000000002,1.7305023403410438,-0.86757634129288186
5.21,1.7217825306840455,-0.87643208803994832
5.2199999999999998,1.7129726757486656,-0.88558829891022062
5.2300000000000004,1.7040696813629361,-0.89506289101846592
5.2400000000000002,1.6950702692019726,-0.9048751038391093
5.25,1.6859709607743352,-0.91504562262566225
5.2599999999999998,1.6767680601459247,-0.92559731816836011
5.2700000000000005,1.6674576339770446,-0.9365549472259066
5.2800000000000002,1.6580354893468687,-0.94794549872947553
5.29,1.6484971497406287,-0.95979877306210326
5.2999999999999998,1.6388378266830648,-0.972147815637882
5.3100000000000005,1.6290523884721757,-0.98502801129699691
5.3200000000000003,1.6191353246960876,-0.9984797302906121
5.3300000000000001,1.6090807051491678,-1.0125465441796766
5.3399999999999999,1.5988821348844195,-1.0272782401083329
5.3500000000000005,1.5885327000628151,-1.0427290285858104
5.3600000000000003,1.5780249065993284,-1.0589603631247493
5.3700000000000001,1.5673506108533282,-1.0760413461830505
5.3799999999999999,1.5565009361504147,-1.0940495923064497
5.3899999999999997,1.5454661774409122,-1.1130733671808191
5.4000000000000004,1.5342356876642034,-1.1332118912039917
5.4100000000000001,1.5227977456013735,-1.1545837717091676
5.4199999999999999,1.511139395885966,-1.1773175648467524
5.4299999999999997,1.4992462582498316,-1.2015677286975102
5.4400000000000004,1.4871022985038469,-1.2275132837318115
5.4500000000000002,1.474689547414807,-1.2553627198790871
5.46,1.4619877568263049,-1.2853645118332293
5.4699999999999998,1.448973972120513,-1.3178140462907226
5.4800000000000004,1.4356219946791258,-1.3530666133216567
5.4900000000000002,1.4219016990691737,-1.3915551572906326
5.5,1.407778156447711,-1.4338126777499003
5.5099999999999998,1.3932104819499416,-1.4805026912696333
5.5200000000000005,1.3781503089922895,-1.5324667734104169
5.5300000000000002,1.3625397116410767,-1.5907886174912578
5.54,1.3463083171412276,-1.65689210249038
5.5499999999999998,1.3293692026417305,-1.7326928110823541
5.5600000000000005,1.3116128351102578,-1.8208408950610779
5.5700000000000003,1.2928980066493483,-1.9251265033909915
5.5800000000000001,1.273037091566303,-2.0512006957902451
5.5899999999999999,1.2517713614712491,-2.207945191852247
5.6000000000000005,1.2287261740745496,-2.4103178982730911
5.6100000000000003,1.203322078000824,-2.6860094829541357
5.6200000000000001,1.1745719997767272,-3.0939436353528156
5.6299999999999999,1.1405100369055081,-3.7917334131663849
5.6399999999999997,1.0958152808346555,-5.4554643050310876
5.6500000000000004,-1.9993757079494552,0.6670134858064094
5.6600000000000001,-1.9926869073895421,0.67075721602120009
5.6699999999999999,-1.9859603264960124,0.67456964887568072
5.6799999999999997,-1.9791952648476885,0.67845379250978022
5.6900000000000004,-1.9723909996631783,0.68241092995131092
5.7000000000000002,-1.9655467848333001,0.68644410976275438
5.71,-1.9586618497933856,0.69055542657963298
5.7199999999999998,-1.9517353983803076,0.69474767377265745
5.7300000000000004,-1.9447666076306862,0.69902366651625703
5.7400000000000002,-1.9377546265263155,0.70338607223641947
5.75,-1.9306985745776097,0.70783844452036693
5.7599999999999998,-1.923597540393539,0.71238332936655668
5.7700000000000005,-1.9164505800918175,0.71702421888103574
5.7800000000000002,-1.9092567157207989,0.72176465478239649
5.79,-1.9020149334066578,0.7266084360150139
5.7999999999999998,-1.8947241815562916,0.73155926262109927
5.8100000000000005,-1.8873833687879111,0.73662128330913434
5.8200000000000003,-1.8799913618229673,0.74179880603001236
5.8300000000000001,-1.8725469831329122,0.74709632992303854
5.8399999999999999,-1.8650490085282891,0.75251872219744365
5.8500000000000005,-1.8574961644097561,0.75807104721453911
5.8600000000000003,-1.8498871250883537,0.76375869292527776
5.8700000000000001,-1.8422205095603119,0.76958726290799773
5.8799999999999999,-1.8344948782690274,0.77556280633240016
5.8899999999999997,-1.8267087295918121,0.78169157589291904
5.9000000000000004,-1.8188604959943093,0.78798095044618166
5.9100000000000001,-1.8109485397516789,0.79443727540918896
5.9199999999999999,-1.8029711487129019,0.80106914028026399
5.9299999999999997,-1.7949265311231937,0.80788416290909904
5.9400000000000004,-1.7868128105564478,0.81489123087883319
5.9500000000000002,-1.7786280201337332,0.82209973438341311
5.96,-1.7703700961261171,0.82951858447637827
5.9699999999999998,-1.7620368713337766,0.83716164555162786
5.9800000000000004,-1.7536260674224364,0.84503736817598751
5.9900000000000002,-1.7451352868440686,0.85315790158303562
6,-1.7365620039490761,0.86154000864440239
6.0099999999999998,-1.7279035549064272,0.87019424953363633
6.0200000000000005,-1.7191571271186052,0.8791383104918522
6.0300000000000002,-1.7103197470378781,0.88838792780339815
6.04,-1.7013882670511753,0.89796137405603949
6.0499999999999998,-1.6923593506417078,0.90787836669797295
6.0600000000000005,-1.6832294562256407,0.9181605138528609
6.0700000000000003,-1.6739948190496847,0.9288309464833141
6.0800000000000001,-1.6646514303180018,0.93991513004244698
6.0899999999999999,-1.6551950154128543,0.95144094221821141
6.1000000000000005,-1.6456210071630522,0.96343896775996263
6.1100000000000003,-1.6359245180535891,0.97594276437849758
6.1200000000000001,-1.6261003072111773,0.98898952836502774
6.1299999999999999,-1.6161427428563186,1.0026201528582683
6.1400000000000006,-1.6060457612812105,1.0168807516911054
6.1500000000000004,-1.5958028182386963,1.0318214499447558
6.1600000000000001,-1.5854068327661219,1.0474989643972985
6.1699999999999999,-1.5748501245554152,1.0639768190198671
6.1799999999999997,-1.5641243398898355,1.0813263860386206
6.1900000000000004,-1.5532203650883816,1.0996287075323379
6.2000000000000002,-1.5421282262781402,1.1189750128174465
6.21,-1.5308369700452937,1.1394702857030325
6.2199999999999998,-1.5193345234915074,1.1612339636032856
6.2300000000000004,-1.5076075270292464,1.1844043099608903
6.2400000000000002,-1.4956411326599319,1.2091416264232664
6.25,-1.4834187587845149,1.2356330079521292
6.2599999999999998,-1.4709217936013734,1.2640967052275991
6.2700000000000005,-1.4581292291280927,1.2947989068459071
6.2800000000000002,-1.4450172024147436,1.3280463792053741
6.29,-1.4315584199295499,1.3642175194764903
6.2999999999999998,-1.4177214217960783,1.4037720947910062
6.3100000000000005,-1.4034696330429743,1.4472784081255916
6.3200000000000003,-1.3887601128515281,1.4954482734098229
6.3300000000000001,-1.3735418830971553,1.5491872032625311
6.3399999999999999,-1.3577536438894726,1.6096683137106367
6.3500000000000005,-1.3413205681294738,1.6784439986199591
6.3600000000000003,-1.3241497386512426,1.7576180867218349
6.3700000000000001,-1.3061232541421031,1.8501288318797504
6.3799999999999999,-1.2870879475879669,1.9602267643030724
6.3900000000000006,-1.2668380639786905,2.0943425610941127
6.4000000000000004,-1.2450863564841144,2.2627713814931214
6.4100000000000001,-1.2214093328190765,2.4832912699325247
6.4199999999999999,-1.1951356059565514,2.7900109248363294
6.4299999999999997,-1.1650766323274575,3.2596668772768234
6.4400000000000004,-1.1286994137185258,4.1194515652875419
6.4500000000000002,-1.0778824942651728,6.6571695841217347
6.46,1.9973790304350914,-0.66812619403428719
6.4699999999999998,1.9906790020361231,-0.67188948538367821
6.4800000000000004,1.9839409860968971,-0.67572376186748651
6.4900000000000002,1.9771642756250212,-0.67962904376442856
6.5,1.970348140961212,-0.68360877536622744
6.5099999999999998,1.9634918287717193,-0.68766546792608008
6.5200000000000005,1.9565945609852029,-0.69180079753633361
6.5300000000000002,1.9496555335422858,-0.69601785337417665
6.54,1.9426739152193879,-0.70031943229728599
6.5499999999999998,1.9356488463439083,-0.70470757988152
6.5600000000000005,1.9285794373382448,-0.70918793596848451
6.5700000000000003,1.9214647672543006,-0.71376081717149076
6.5800000000000001,1.9143038822062943,-0.7184314532650935
6.5899999999999999,1.9070957936896813,-0.72320227459897846
6.6000000000000005,1.8998394767440763,-0.7280777927305887
6.6100000000000003,1.8925338681150359,-0.73306143321049122
6.6200000000000001,1.8851778640882146,-0.73815753254332206
6.6299999999999999,1.8777703184182768,-0.7433701895541478
6.6400000000000006,1.8703100398792074,-0.7487048729488458
6.6500000000000004,1.8627957898046108,-0.75416545820450687
6.6600000000000001,1.855226279304774,-0.75975779760002071
6.6699999999999999,1.8476001664875896,-0.76548688693351186
6.6799999999999997,1.8399160531901888,-0.77135884715598368
6.6900000000000004,1.8321724816952671,-0.77737959844564308
6.7000000000000002,1.8243679310526768,-0.78355575616877371
6.71,1.8165008131886102,-0.78989396843062665
6.7199999999999998,1.8085694686339657,-0.796402020362177
6.7300000000000004,1.8005721619227946,-0.80308657403263806
6.7400000000000002,1.7925070765616831,-0.80995938515300536
6.75,1.7843723097250155,-0.81702568371355033
6.7599999999999998,1.7761658661531883,-0.82429632942057118
6.7700000000000005,1.7678856520280624,-0.83178152028289143
6.7800000000000002,1.7595294676595592,-0.83949184543785571
6.79,1.7510950000109462,-0.84743947316475821
6.7999999999999998,1.7425798141012498,-0.85563787449421369
6.8100000000000005,1.7339813440646676,-0.8640992582024799
6.8200000000000003,1.7252968827722339,-0.87283866741553451
6.8300000000000001,1.7165235708192823,-0.88187203745539622
6.8399999999999999,1.7076583840115329,-0.89121645556907059
6.8500000000000005,1.6986981197525517,-0.90089062713626999
6.8600000000000003,1.6896393821969458,-0.91091454057976906
6.8700000000000001,1.680478564845286,-0.92131025459924221
6.8799999999999999,1.6712118321789535,-0.93210165279823831
6.8900000000000006,1.6618350985176997,-0.94331486949644605
6.9000000000000004,1.652344004465121,-0.95497856533992365
6.9100000000000001,1.6427338903446465,-0.96712418843738479
6.9199999999999999,1.6329997662724942,-0.9797862693931203
6.9299999999999997,1.6231362790049224,-0.99300286868889853
6.9400000000000004,1.6131376719433768,-1.0068174761707649
6.9500000000000002,1.6029977429847915,-1.0212754645861823
6.96,1.5927097933770633,-1.0364304767163002
6.9699999999999998,1.5822665704447241,-1.0523404047951119
6.9800000000000004,1.5716602005506204,-1.0690711789831142
6.9900000000000002,1.5608821120068268,-1.0866968778087389
7,1.5499229456665775,-1.1053012667784921
7.0099999999999998,1.5387724476012083,-1.1249796512627295
7.0200000000000005,1.5274193455795155,-1.1458404248344016
7.0300000000000002,1.5158512013299681,-1.1680098387712465
7.04,1.5040542319806585,-1.1916308935093987
7.0499999999999998,1.4920130990662412,-1.2168719418482832
7.0600000000000005,1.4797106474105379,-1.243929011567863
7.0700000000000003,1.4671275912352066,-1.2730333610249389
7.0800000000000001,1.4542421213626884,-1.3044604843725847
7.0899999999999999,1.4410294149932694,-1.3385390439566258
7.1000000000000005,1.4274610187943992,-1.3756699004502682
7.1100000000000003,1.4135040537694841,-1.4163413616247253
7.1200000000000001,1.3991201876280075,-1.461159957622409
7.1299999999999999,1.3842642753803553,-1.5108903130860483
7.1400000000000006,1.3688825253153472,-1.5665080565919143
7.1500000000000004,1.3529099767280419,-1.6292862144105222
7.1600000000000001,1.3362669565866747,-1.7009206351751618
7.1699999999999999,1.3188539551084986,-1.783727637649011
7.1799999999999997,1.3005437993475517,-1.8809756008285545
7.1900000000000004,1.2811698824737365,-1.9974507556939671
7.2000000000000002,1.2605058273072633,-2.1405052152589081
7.21,1.238230987032042,-2.3221557534591084
7.2199999999999998,1.2138636693627707,-2.5637278568005653
7.2300000000000004,1.18661846245693,-2.9078239691046965
7.2400000000000002,1.1550413177279866,-3.4567447662103148
7.25,1.1157606812928016,-4.5548821115582472
7.2599999999999998,1.0545938468194946,-9.3879355133422102
7.2700000000000005,-1.9953790975410759,0.66924447940319043
7.2800000000000002,-1.9886677804729298,0.67302953118247622
7.29,-1.981918266721187,0.67688447558710585
7.2999999999999998,-1.9751298426142561,0.68081195296553776
7.3100000000000005,-1.9683017715338236,0.68481428673826683
7.3200000000000003,-1.9614332928631415,0.68889384989365177
7.3300000000000001,-1.9545236208941801,0.69305327481846724
7.3399999999999999,-1.9475719435658918,0.69729465000601409
7.3500000000000005,-1.9405774213014293,0.70161747690119269
7.3600000000000003,-1.9335391856283803,0.70603856828345701
7.3700000000000001,-1.9264563377383288,0.71054576206982922
7.3799999999999999,-1.9193279470161138,0.71514767331400975
7.3900000000000006,-1.9121530493986734,0.71984770104834372
7.4000000000000004,-1.9049306456539805,0.72464942133266852
7.4100000000000001,-1.8976596995954644,0.72955667977128935
7.4199999999999999,-1.8903391360438269,0.73457363609758164
7.4299999999999997,-1.8829678388549171,0.73970419703022527
7.4400000000000004,-1.8755446485609202,0.74495298434607549
7.4500000000000002,-1.8680683600309322,0.75032454205979304
7.46,-1.8605377198666293,0.7558240659910288
7.4699999999999998,-1.8529514236278022,0.76145670668091459
7.4800000000000004,-1.8453081129557058,0.76722793603930473
7.4900000000000002,-1.8376063722032772,0.77314327795542925
7.5,-1.8298447251876859,0.77921016576370772
7.5099999999999998,-1.8220216312717432,0.78543416010436318
7.5200000000000005,-1.81413548151022,0.79182220888328314
7.5300000000000002,-1.8061845941759236,0.7983823909106974
7.54,-1.7981672101414083,0.80512323214520132
7.5499999999999998,-1.7900814876326103,0.81205178099606468
7.5600000000000005,-1.7819254968627334,0.81917839513528801
7.5700000000000003,-1.7736972138330267,0.82651209360194888
7.5800000000000001,-1.7653945136952367,0.8340634795968126
7.5899999999999999,-1.7570151638275455,0.84184376905460989
7.6000000000000005,-1.7485568155993225,0.84986521049759878
7.6100000000000003,-1.740016995857252,0.85814024986690673
7.6200000000000001,-1.731393097595092,0.86668268714129426
7.6299999999999999,-1.7226823694945312,0.8755088376614234
7.6400000000000006,-1.7138819040395779,0.88463320901899456
7.6500000000000004,-1.7049886252402429,0.89407281973186736
7.6600000000000001,-1.6959992744236616,0.90385100332385204
7.6699999999999999,-1.6869103943374859,0.91398372072668921
7.6799999999999997,-1.6777183123271697,0.92449488382342393
7.6900000000000004,-1.6684191202928591,0.93540809825738902
7.7000000000000002,-1.6590086532841801,0.94675465384842183
7.71,-1.6494824649658102,0.95855910929470667
7.7199999999999998,-1.6398358002246454,0.9708550436122706
7.7300000000000004,-1.6300635643948518,0.98367939605966148
7.7400000000000002,-1.6201602874612893,0.99707018814302117
7.75,-1.6101200848803419,1.0110717766583552
7.7599999999999998,-1.5999366114275253,1.0257327836607799
7.7700000000000005,-1.5896030089515127,1.0411069452136634
7.7800000000000002,-1.5791118466484613,1.0572551432249992
7.79,-1.5684550508384529,1.074244343477881
7.7999999999999998,-1.5576238242244596,1.0921539809556939
7.8100000000000005,-1.5466085518206418,1.1110694309217424
7.8200000000000003,-1.5353986894788993,1.1310891383891675
7.8300000000000001,-1.5239826329371142,1.1523280526829827
7.8399999999999999,-1.5123475611249981,1.1749151944480682
7.8500000000000005,-1.500479250569895,1.1990020086845898
7.8600000000000003,-1.488361849148073,1.2247640769972239
7.8700000000000001,-1.4759776011835617,1.252407582985372
7.8799999999999999,-1.463306510152987,1.28217563923096
7.8900000000000006,-1.4503259226646554,1.3143579331268724
7.9000000000000004,-1.4370100014718237,1.3493029682338871
7.9100000000000001,-1.4233290619142376,1.3874381143247907
7.9199999999999999,-1.4092487149518951,1.4292800057793904
7.9300000000000006,-1.3947287513561077,1.4754789631878402
7.9400000000000004,-1.3797216578661302,1.5268550014388733
7.9500000000000002,-1.364170606961163,1.5844663656710738
7.96,-1.3480066669224275,1.6496921034630736
7.9699999999999998,-1.3311448560915895,1.7243896995821171
7.9800000000000004,-1.3134783216057224,1.8111181738604722
7.9900000000000002,-1.2948696508813005,1.9135250566127067
8,-1.2751369519359346,2.0370224501124179
8.0099999999999998,-1.2540303415007499,2.1900638372987986
8.0199999999999996,-1.2311901279158757,2.386774121223739
8.0299999999999994,-1.2060643465828385,2.6530052284530385
8.0400000000000009,-1.1777239338196979,3.0428245029893124
8.0500000000000007,-1.1443558024281035,3.6965466606253123
8.0600000000000005,-1.1012713143608328,5.1739967812791701
8.0700000000000003,-1.0026020741037758,79.891768551969804
8.0800000000000001,1.9933757523426225,-0.67036951972356396
8.0899999999999999,1.9866530843870205,-0.67417489360868177
8.0999999999999996,1.979892008647943,-0.67805148143640237
8.1099999999999994,1.9730918046877244,-0.68200081126214229
8.120000000000001,1.9662517288286918,-0.68602623416622865
8.1300000000000008,1.9593710130776154,-0.69012930494849123
8.1400000000000006,1.9524488639434621,-0.69431332920126676
8.1500000000000004,1.9454844613127333,-0.69858055183195689
8.1600000000000001,1.9384769570538694,-0.70293398700338094
8.1699999999999999,1.9314254738022831,-0.7073768758223854
8.1799999999999997,1.9243291034119894,-0.7119120195140185
8.1899999999999995,1.9171869054188315,-0.71654266703243408
8.1999999999999993,1.9099979054202691,-0.72127305576109502
8.2100000000000009,1.9027610933417061,-0.72610593876656437
8.2200000000000006,1.8954754215651828,-0.73104562948735785
8.2300000000000004,1.8881398028705236,-0.73609591037763866
8.2400000000000002,1.8807531083762603,-0.74126109157791775
8.25,1.8733141652747867,-0.74654648082080832
8.2599999999999998,1.8658217541718389,-0.75195578281553277
8.2699999999999996,1.8582746068097371,-0.75749441659884709
8.2799999999999994,1.8506714028860323,-0.76316778170140132
8.2900000000000009,1.8430107672691824,-0.76898186723829653
8.3000000000000007,1.8352912665681775,-0.77494204582834836
8.3100000000000005,1.8275114057141355,-0.78105485587813173
8.3200000000000003,1.8196696241184103,-0.78732731389410249
8.3300000000000001,1.8117642914710983,-0.79376585280170386
8.3399999999999999,1.8037937034537019,-0.80037963241192855
8.3499999999999996,1.7957560768282037,-0.80717539215820022
8.3599999999999994,1.7876495440266229,-0.81416232305994818
8.370000000000001,1.779472147720554,-0.82134944279476996
8.3800000000000008,1.7712218345049791,-0.8287470925800835
8.3900000000000006,1.7628964481066127,-0.83636606523650769
8.4000000000000004,1.7544937220023717,-0.84421679912565661
8.4100000000000001,1.7460112713224079,-0.85231299303493735
8.4199999999999999,1.7374465838640418,-0.86066574654597028
8.4299999999999997,1.728797010639799,-0.8692916299850284
8.4399999999999995,1.7200597548443763,-0.87820582120412294
8.4499999999999993,1.711231859975537,-0.88742310241115452
8.4600000000000009,1.7023101969813279,-0.89696246656520839
8.4700000000000006,1.6932914494420985,-0.9068424037870827
8.4800000000000004,1.6841720976893351,-0.91708686852865473
8.4900000000000002,1.6749484006623672,-0.92771616445066951
8.5,1.6656163758393683,-0.93875651677279592
8.5099999999999998,1.6561717768950581,-0.95023553934736904
8.5199999999999996,1.646610068146773,-0.96218375079713458
8.5299999999999994,1.6369263964301175,-0.974633982639175
8.5400000000000009,1.6271155584447703,-0.98762317267168431
8.5500000000000007,1.6171719646611518,-1.0011920156003187
8.5600000000000005,1.6070895980041993,-1.0153854314257977
8.5700000000000003,1.5968619656149377,-1.0302532714670545
8.5800000000000001,1.5864820447390213,-1.045852711159631
8.5899999999999999,1.5759422199356214,-1.0622451986334558
8.5999999999999996,1.5652342103678618,-1.0795017081782092
8.6099999999999994,1.5543489848606156,-1.0977021610875679
8.620000000000001,1.5432766624861691,-1.1169367204659992
8.6300000000000008,1.5320063970147892,-1.137308611209003
8.6400000000000006,1.5205262378342899,-1.1589358356411565
8.6500000000000004,1.5088229665613189,-1.1819548079359214
8.6600000000000001,1.49688189702854,-1.2065230422695949
8.6699999999999999,1.4846866397901919,-1.2328246604112805
8.6799999999999997,1.472218806365011,-1.2610760945659241
8.6899999999999995,1.4594576548886851,-1.2915334423514628
8.7000000000000011,1.44637963980688,-1.3245031390880089
8.7100000000000009,1.4329578507440419,-1.3603543768662525
8.7200000000000006,1.4191612954650361,-1.3995369716766248
8.7300000000000004,1.4049539761722663,-1.4426077187461472
8.7400000000000002,1.390293674255898,-1.4902604897360654
8.75,1.375130330568247,-1.5433782704071055
8.7599999999999998,1.3594038346924562,-1.6031031121831132
8.7699999999999996,1.3430409345588095,-1.6709408159318324
8.7799999999999994,1.3259508334419234,-1.7489284337769138
8.7900000000000009,1.3080185969490499,-1.8398999359868058
8.8000000000000007,1.2890953186642169,-1.9479423462120631
8.8100000000000005,1.2689818079327537,-2.0792010818589297
8.8200000000000003,1.2474009799078762,-2.2434564841906504
8.8300000000000001,1.2239471277164802,-2.4574474138989499
8.8399999999999999,1.1979826308199555,-2.7528741242491312
8.8499999999999996,1.1683942585603595,-3.199652435402613
8.8599999999999994,1.1328676991606197,-3.9971672782398961
8.870000000000001,1.0844549932351235,-6.1577324502637989
8.8800000000000008,-1.9980651900859556,0.66774337091361002
8.8900000000000006,-1.9913690249050677,0.67150037219738334
8.9000000000000004,-1.9846349435723367,0.67532691211372031
8.9100000000000001,-1.9778622413547704,0.67922491369043314
8.9199999999999999,-1.9710501909815994,0.68319146689775634
8.9299999999999997,-1.9641980415933822,0.68724454730185203
8.9399999999999995,-1.9573050177028279,0.6913722699112631
8.9500000000000011,-1.9503703179967935,0.69558079327587174
8.9600000000000009,-1.9433931140936425,0.69987327624883344
8.9700000000000006,-1.936372549310146,0.7042532856140673
8.9800000000000004,-1.9293077372004055,0.7087227601768844
8.9900000000000002,-1.9221977601085039,0.71328589879889148
9,-1.9150416675938455,0.71794711665273458
9.0099999999999998,-1.9078384748200623,0.72270757222219928
9.0199999999999996,-1.9005871606546128,0.72757194425657101
9.0299999999999994,-1.8932866658428464,0.73254434770196442
9.0400000000000009,-1.8859358909446517,0.73762873092369907
9.0500000000000007,-1.8785336941790329,0.74282944517065763
9.0600000000000005,-1.8710788890725121,0.74815112386521732
9.0700000000000003,-1.8635702419071121,0.75359849937299017
9.0800000000000001,-1.856006469163356,0.75917691205912086
9.0899999999999999,-1.848386234437162,0.76489195201803917
9.0999999999999996,-1.8407081455547978,0.77074862890283014
9.1099999999999994,-1.8329707511024294,0.77675399854140104
9.120000000000001,-1.825172536787901,0.78291392569278273
9.1300000000000008,-1.81731192159584,0.78923537655313258
9.1400000000000006,-1.8093872536253603,0.7957256619962686
9.1500000000000004,-1.801396805348648,0.80239264346057237
9.1600000000000001,-1.7933387689715494,0.80924460951158328
9.1699999999999999,-1.7852112507113433,0.81629056412951295
9.1799999999999997,-1.7770122651734375,0.82353975549488134
9.1899999999999995,-1.7687397288873057,0.83100237566527224
9.2000000000000011,-1.7603914534077809,0.83868822708354862
9.2100000000000009,-1.7519651376778156,0.84661238970407282
9.2200000000000006,-1.7434583597908653,0.8547839135875489
9.2300000000000004,-1.7348685677348259,0.86321745244284753
9.2400000000000002,-1.7261930693956566,0.87192759211178006
9.25,-1.7174290213926953,0.88092975817240926
9.2599999999999998,-1.7085734172152929,0.8902415713098345
9.2699999999999996,-1.699623073321473,0.8998810280810946
9.2799999999999994,-1.6905746142031588,0.9098680615190875
9.2900000000000009,-1.6814244560482778,0.92022449235394355
9.3000000000000007,-1.6721687876963927,0.93097403280129065
9.3100000000000005,-1.6628035502933201,0.94214270089721552
9.3200000000000003,-1.6533244138072414,0.95375858233123989
9.3300000000000001,-1.6437267505144737,0.96585314029582359
9.3399999999999999,-1.6340056062174508,0.97846073534458378
9.3499999999999996,-1.6241556663671237,0.991618852137368
9.3599999999999994,-1.6141712178369017,1.0053690029045321
9.370000000000001,-1.6040461064870974,1.0197592991287829
9.3800000000000008,-1.5937736872297901,1.0348399277680511
9.3900000000000006,-1.5833467669469676,1.0506671333973938
9.4000000000000004,-1.5727575394411648,1.0673125107773678
9.4100000000000001,-1.5619975085990958,1.0848425443234684
9.4199999999999999,-1.5510574006816398,1.103342243278062
9.4299999999999997,-1.5399270588210807,1.122905572020088
9.4399999999999995,-1.5285953220225625,1.1436393163101808
9.4500000000000011,-1.5170498794970098,1.165668173672241
9.4600000000000009,-1.5052770957420312,1.1891327684920678
9.4700000000000006,-1.4932618022272954,1.2141987777961787
9.4800000000000004,-1.4809870453303402,1.2410593521127775
9.4900000000000002,-1.4684337742688047,1.2699416503805905
9.5,-1.455580459484227,1.3011159039123408
9.5099999999999998,-1.4424026139945558,1.3349054164451475
9.5199999999999996,-1.4288721900877148,1.3717016188363449
9.5299999999999994,-1.4149568067929588,1.411983498139854
9.5400000000000009,-1.4006187482526924,1.4563438397516866
9.5500000000000007,-1.3858136437114335,1.5055289051783372
9.5600000000000005,-1.3704886922185244,1.5604891719356566
9.5700000000000003,-1.3545802222493357,1.6224619939321834
9.5800000000000001,-1.3380102749001497,1.6930921731672877
9.5899999999999999,-1.3206816594829158,1.7746203463984613
9.5999999999999996,-1.3024705106960306,1.8701966949206494
9.6099999999999994,-1.2832149707013192,1.9844133668723527
9.620000000000001,-1.2626961900204037,2.1242891495549365
9.6300000000000008,-1.2406055027640979,2.3012071518692903
9.6400000000000006,-1.2164824106366354,2.5351822467712206
9.6500000000000004,-1.1895835622017661,2.8656167562538899
9.6600000000000001,-1.1585548642491403,3.3849214734471489
9.6699999999999999,-1.1203531188033042,4.3896561614056591
9.6799999999999997,-1.063529582537607,8.1050169649862891
9.6899999999999995,1.9960663301309867,-0.66885993996863125
9.7000000000000011,1.9893588969770168,-0.67263730671293587
9.7100000000000009,1.9826133391804721,-0.67648521804111095
9.7200000000000006,1.9758289453917308,-0.68040514966974741
9.7300000000000004,1.9690049813872075,-0.68439797047928153
9.7400000000000002,1.9621406890534281,-0.68847119617882946
9.75,1.9552352853056365,-0.69262226774489966
9.7599999999999998,1.9482879608919528,-0.69685577779898322
9.7699999999999996,1.9412978790635105,-0.70117420804372099
9.7799999999999994,1.9342641744055944,-0.70558078965821014
9.7900000000000009,1.9271859512935616,-0.710078471651862
9.8000000000000007,1.9200622824645119,-0.71467045303320409
9.8100000000000005,1.9128922073286161,-0.71936029640530363
9.8200000000000003,1.9056747303858321,-0.72415134020974115
9.8300000000000001,1.8984088193329143,-0.72904773423179481
9.8399999999999999,1.8910934031042055,-0.73405314317240289
9.8499999999999996,1.883727369817694,-0.7391718338719675
9.8599999999999994,1.8763095645953511,-0.74440822740711166
9.870000000000001,1.8688387870941394,-0.74976701559525083
9.8800000000000008,1.8613137889686173,-0.75525313461705645
9.8900000000000006,1.8537332712600998,-0.76087185090986909
9.9000000000000004,1.8460958812034189,-0.76662857130333573
9.9100000000000001,1.8384002092385312,-0.77252911556062476
9.9199999999999999,1.8306447855269148,-0.77857994232163186
9.9299999999999997,1.8228280762336044,-0.78478737878863913
9.9399999999999995,1.8149484796098696,-0.79115850067488325
9.9500000000000011,1.807004321680364,-0.7977008781171655
9.9600000000000009,1.798993851439056,-0.80442222432924293
9.9700000000000006,1.7909152358788536,-0.81133136503384207
9.9800000000000004,1.7827665545141107,-0.81843701376066369
9.9900000000000002,1.7745457932554329,-0.825748946235354
10,1.7662508380772368,-0.83327664586044925
10.01,1.7578794676526825,-0.84103384057200936
10.02,1.7494293456775192,-0.84902978158957132
10.029999999999999,1.7408980122701994,-0.85727823515051793
10.040000000000001,1.7322828746226833,-0.86579295207719353
10.050000000000001,1.7235811966579255,-0.87458879314112103
10.06,1.7147900875009603,-0.88368170494314069
10.07,1.7059064892231319,-0.8930894782839095
10.08,1.6969271624590989,-0.90283066254960864
10.09,1.6878486712395306,-0.91292575177863822
10.1,1.6786673658287696,-0.92339725656210647
10.109999999999999,1.6693793632517404,-0.93426938071384524
10.120000000000001,1.6599805260436655,-0.94556868767148261
10.130000000000001,1.6504664379210685,-0.95732447520094666
10.140000000000001,1.640832377011576,-0.96956872051562104
10.15,1.6310732849599943,-0.98233659579952826
10.16,1.6211837321409508,-0.99566741363034839
10.17,1.6111578784701033,-1.0096042351080696
10.18,1.6009894280940142,-1.0241946645913627
10.19,1.5906715788584558,-1.0394931585052383
10.200000000000001,1.5801969610708855,-1.0555588301641654
10.210000000000001,1.5695575710047789,-1.0724591437575042
10.220000000000001,1.5587446900201227,-1.0902701086511053
10.23,1.5477487914185544,-1.1090774141561486
10.24,1.536559432626418,-1.128979100219953
10.25,1.5251651241001696,-1.150086692028687
10.26,1.5135531791854764,-1.1725287662037547
10.27,1.5017095273154366,-1.196453941518629
10.279999999999999,1.4896184954904159,-1.2220348900796449
10.290000000000001,1.4772625376645585,-1.2494741684260966
10.300000000000001,1.464621905588547,-1.2790119745771109
10.31,1.4516742404540444,-1.3109317472783872
10.32,1.4383940603411605,-1.345575686671562
10.33,1.4247521115497617,-1.383359403462926
10.34,1.4107145345999257,-1.424793096732065
10.35,1.39624177935407,-1.4705106829086849
10.359999999999999,1.3812871646374985,-1.5213120905028021
10.370000000000001,1.3657949314404121,-1.5782245087733069
10.380000000000001,1.3496975524768255,-1.6425917350525547
10.390000000000001,1.3329119190017686,-1.7162129885602195
10.4,1.315333825053723,-1.8015600199469424
10.41,1.2968294117123207,-1.9021442559891761
10.42,1.2772222542167495,-2.0231517760000313
10.43,1.2562710174224134,-2.172635135786797
10.44,1.2336300851881639,-2.3639443009463204
10.450000000000001,1.2087731666791119,-2.6212481084897101
10.460000000000001,1.1808244678415938,-2.9942668892281863
10.470000000000001,1.1481072281248188,-3.6084359648910427
10.48,1.1064595118828193,-4.93301442190893
10.49,1.0313197603202162,-16.085544456153052
10.5,-1.9940641515058328,0.66998260146908173
10.51,-1.9873453888809613,0.67378087622265126
10.52,-1.980588291170833,0.67764995077081702
10.529999999999999,-1.9737921402984939,0.68159194150677072
10.540000000000001,-1.9669561950315164,0.68560922302674931
10.550000000000001,-1.9600796899031414,0.68970413975023503
10.56,-1.9531618340976185,0.69387977898222253
10.57,-1.9462018102938665,0.6981383602698461
10.58,-1.9391987733369496,0.70248272355992314
10.59,-1.9321518488888154,0.70691628490559533
10.6,-1.9250601320496603,0.71144185491360235
10.609999999999999,-1.9179226857399201,0.71606277330965162
10.620000000000001,-1.9107385391232941,0.72078250970431079
10.630000000000001,-1.903506685884206,0.72560360082172026
10.640000000000001,-1.8962260823465706,0.73053319763424918
10.65,-1.8888956454497996,0.7355720234025579
10.66,-1.8815142507218126,0.74072544445869914
10.67,-1.8740807299142821,0.74599779426262169
10.68,-1.8665938685912198,0.75139434186767839
10.69,-1.8590524036076912,0.75691948867175529
10.700000000000001,-1.8514550201742597,0.76257874439358242
10.710000000000001,-1.8438003489243338,0.76837804225800865
10.720000000000001,-1.8360869626043788,0.77432286760836078
10.73,-1.8283133726435814,0.78041945150623326
10.74,-1.8204780254119302,0.78667543023743469
10.75,-1.8125792979418869,0.79309519221568237
10.76,-1.8046154937334218,0.79969201099110399
10.77,-1.7965848378327898,0.80646868623653511
10.779999999999999,-1.7884854716436918,0.81343556388278315
10.790000000000001,-1.7803154473472056,0.82060186714040173
10.800000000000001,-1.7720727216595715,0.82797743845996685
10.81,-1.7637551492234191,0.83557296958692784
10.82,-1.7553604752004195,0.84339965227103086
10.83,-1.7468863272913857,0.85146861978338428
10.84,-1.7383302068432658,0.85979636780405744
10.85,-1.729689479302013,0.86839354316963369
10.859999999999999,-1.7209613635455081,0.87727531156454808
10.870000000000001,-1.7121429201566827,0.88646181094318932
10.880000000000001,-1.7032310384194176,0.89596680195579814
10.890000000000001,-1.6942224219200461,0.90581201501850628
10.9,-1.6851135726821675,0.91601725285321389
10.91,-1.6759007732034414,0.92660560153220872
10.92,-1.66658006680569,0.93760281503924015
10.93,-1.6571472353028773,0.94903553604390933
10.94,-1.6475977739750651,0.96093384466294807
10.950000000000001,-1.637926863813403,0.97333090394388944
10.960000000000001,-1.6281293388553832,0.98626296326792307
10.970000000000001,-1.6181996516748731,0.99977025437678946
10.98,-1.6081318304922192,1.0138972595177917
10.99,-1.5979194337423326,1.0286937634122562
11,-1.5875554960192317,1.0442145965878471
11.01,-1.5770324662273543,1.0605228385327348
11.02,-1.5663421350265996,1.0776871241944361
11.029999999999999,-1.5554755529303357,1.0957863821759661
11.040000000000001,-1.5444229315449081,1.11491041207076
11.050000000000001,-1.5331735295643389,1.1351599756419093
11.06,-1.521715516793698,1.1566526739581258
11.07,-1.510035813310366,1.1795213730257554
11.08,-1.4981198945877185,1.203922325188177
11.09,-1.4859515578925984,1.2300368415145939
11.1,-1.473512636193552,1.2580768583379665
11.109999999999999,-1.4607826475690311,1.2882948311230022
11.120000000000001,-1.447738358490481,1.3209906272641068
11.130000000000001,-1.4343532339804668,1.3565263615963392
11.140000000000001,-1.4205967399202515,1.3953432133267691
11.15,-1.4064334430550487,1.4379851873304412
11.16,-1.3918218299270371,1.4851305625243167
11.17,-1.376712736755755,1.5376396406183688
11.18,-1.3610472096967257,1.5966234803029766
11.19,-1.3447535189210709,1.6635446147418576
11.200000000000001,-1.3277429315197453,1.7403751762457615
11.210000000000001,-1.3099034394326432,1.8298514042367691
11.220000000000001,-1.2910901416392098,1.9359001473189004
11.23,-1.2711100788016243,2.0644028934529075
11.24,-1.249695928659678,2.2246556726784363
11.25,-1.2264587017275077,2.4324330400830134
11.26,-1.2007921917045534,2.7172510858812853
11.27,-1.1716518516668004,3.1429684341451707
11.279999999999999,-1.1369158073388606,3.8855059703333987
11.290000000000001,-1.0905685526996391,5.7579951122597324
11.300000000000001,1.9987509331118252,-0.66736126192575163
11.31,1.9920586238215621,-0.67111131756157016
11.32,1.9853284695444562,-0.6749305497160587
11.33,1.9785597677868338,-0.67882118191708596
11.34,1.9717517936484239,-0.68278543366793543
11.35,1.964903798745278,-0.68682509040820983
11.359999999999999,1.9580150101765708,-0.69094460783493816
11.370000000000001,1.9510846293239994,-0.69514464066093506
11.380000000000001,1.9441118306578562,-0.69942862097649139
11.390000000000001,1.9370957604660495,-0.70379940077223679
11.4,1.9300355354033141,-0.70826008095053095
11.41,1.9229302411133795,-0.71281345593802969
11.42,1.9157789306118229,-0.71746380840760648
11.43,1.9085806226459481,-0.72221371288997194
11.44,1.9013342999059946,-0.72706727476912947
11.450000000000001,1.894038907144787,-0.73202829263187752
11.460000000000001,1.886693349148437,-0.73710115758487149
11.470000000000001,1.8792964886099828,-0.74228972613915112
11.48,1.8718471437152131,-0.74759859645268134
11.49,1.8643440857637328,-0.75303308697738369
11.5,1.8567860364720659,-0.75859776035665027
11.51,1.8491716649958729,-0.76429838186805621
11.52,1.8414995850814015,-0.77014049413213059
11.529999999999999,1.8337683515079239,-0.77613016415505764
11.540000000000001,1.8259764566040046,-0.78227384785703036
11.550000000000001,1.8181223264553392,-0.78857834152998263
11.56,1.8102043165924591,-0.79505098721219947
11.57,1.8022207075280634,-0.80169839751151362
11.58,1.7941696999221397,-0.80853177351979066
11.59,1.7860494090719963,-0.81555745544905633
11.6,1.7778578592796059,-0.82278539008179674
11.609999999999999,1.769592977507132,-0.83022536266042879
11.620000000000001,1.7612525864244855,-0.83788880037998603
11.630000000000001,1.7528343968986848,-0.84578713634602298
11.640000000000001,1.7443359998468553,-0.8539323684964879
11.65,1.7357548570278394,-0.86233694295818264
11.66,1.7270882911577659,-0.87101966111104612
11.67,1.718333475136067,-0.87999127134078403
11.68,1.7094874196408545,-0.88927037893170213
11.69,1.700546960047091,-0.89887509899644058
11.700000000000001,1.6915087414146384,-0.9088255060474496
11.710000000000001,1.682369201921897,-0.91914295513235633
11.720000000000001,1.6731245547962408,-0.92985032200461482
11.73,1.6637707677327298,-0.94097528296132493
11.74,1.6543035394555645,-0.95254395211798726
11.75,1.6447182743785735,-0.96458785928331792
11.76,1.6350100532173837,-0.97714090379191232
11.77,1.6251736000692758,-0.99024036526145276
11.779999999999999,1.6152032449347307,-1.0039283067247355
11.790000000000001,1.6050928808309264,-1.0182502132838347
11.800000000000001,1.5948359155776826,-1.03325722124109
11.81,1.5844252151341318,-1.0490068743778493
11.82,1.5738530397209081,-1.0655631763945588
11.83,1.5631109681491042,-1.0829986443420239
11.84,1.5521898108180017,-1.1013945771865947
11.85,1.5410795070134666,-1.120843845784921
11.859999999999999,1.5297690050083801,-1.1414523719152283
11.870000000000001,1.5182461194990831,-1.1633416851928835
11.880000000000001,1.5064973604362832,-1.1866515937495778
11.890000000000001,1.4945077277955052,-1.2115447661017442
11.9,1.482260464007632,-1.238211121562748
11.91,1.4697367499708742,-1.2668741271083814
11.92,1.4569153309957492,-1.2977988246706218
11.93,1.4437720498255118,-1.3313030796375509
11.94,1.4302792563806137,-1.3677700389425023
11.950000000000001,1.4164050562655379,-1.4076680846241088
11.960000000000001,1.4021123370074311,-1.4515785569541879
11.970000000000001,1.3873574836196005,-1.500228212508639
11.98,1.3720886601884503,-1.554543919343091
11.99,1.3562434527636604,-1.6157286763017982
12,1.339745562366268,-1.6853786269121482
12.01,1.3225000570430403,-1.765660914203091
12.02,1.3043863205337864,-1.8596121622610569
12.030000000000001,1.2852470018547437,-1.9716425120615659
12.040000000000001,1.2648703574536262,-2.1084538188198181
12.050000000000001,1.2429590877952172,-2.2808440939266297
12.06,1.2190726529907059,-2.5076129701688599
12.07,1.1925066374488429,-2.8252716953790613
12.08,1.161997390497566,-3.317555759963668
12.09,1.1247855120191803,-4.2416782397282224
12.1,1.0713869971895835,-7.2406648490003889
12.109999999999999,-1.9967532538251493,0.66847575665619652
12.120000000000001,-1.9900496978109903,0.67224597410921016
12.130000000000001,-1.9833080889846897,0.67608667481357698
12.140000000000001,-1.9765277182666929,0.67999884527806587
12.15,-1.9697078538304384,0.68398563143962543
12.16,-1.9628477401011748,0.68804829568960102
12.17,-1.9559465965851854,0.69219186581996939
12.18,-1.9490036167520006,0.69641667164964793
12.19,-1.9420179667963686,0.7007266403628194
12.200000000000001,-1.9349887842747717,0.70512400566860811
12.210000000000001,-1.9279151767328568,0.70961215581497528
12.220000000000001,-1.920796220220073,0.71419432313590647
12.23,-1.9136309576805324,0.71887391494090935
12.24,-1.9064183972575726,0.7236544761951379
12.25,-1.8991575105457301,0.72853951293900554
12.26,-1.8918472305073797,0.73353306833477172
12.27,-1.8844864495920843,0.73864063889210019
12.280000000000001,-1.8770740174444316,0.7438644815251122
12.290000000000001,-1.86960873849492,0.74921077929415558
12.300000000000001,-1.8620893694796903,0.75468358227648868
12.31,-1.854514616713693,0.76028837700989216
12.32,-1.84688313311272,0.76603065766124523
12.33,-1.8391935151307761,0.7719161879393045
12.34,-1.8314442992967885,0.7779509906442964
12.35,-1.8236339585323378,0.78414184955086619
12.359999999999999,-1.815760898239168,0.79049628808439076
12.370000000000001,-1.8078234520488452,0.7970206900578255
12.380000000000001,-1.7998198771347915,0.80372301495526277
12.390000000000001,-1.7917483491512198,0.81061269032758854
12.4,-1.7836069568018338,0.81769760047343665
12.41,-1.7753936960221897,0.82498798352805569
12.42,-1.7671064632967688,0.83249219156572873
12.43,-1.7587430486587432,0.84022596707063302
12.44,-1.7503011280582781,0.84819686526988947
12.450000000000001,-1.7417782546917602,0.85641884885990316
12.460000000000001,-1.7331718498655033,0.86490550551487944
12.470000000000001,-1.7244791926792113,0.87367179786081228
12.48,-1.7156974087691972,0.88273354533837378
12.49,-1.7068234579293906,0.89210800088835451
12.5,-1.69785412024157,0.90181402946607636
12.51,-1.6887859806551988,0.91187184096785479
12.52,-1.6796154122338187,0.92230354334952858
12.530000000000001,-1.6703385568170235,0.93313328490109504
12.540000000000001,-1.6609513042803088,0.94438744295450172
12.550000000000001,-1.6514492680996684,0.95609346121750338
12.56,-1.6418277592165265,0.9682873308132024
12.57,-1.6320817552637108,0.98099974099390597
12.58,-1.6222058664521584,0.99427086439108947
12.59,-1.6121942969874348,1.0081431405749324
12.6,-1.6020408002537414,1.0226639766154886
12.609999999999999,-1.5917386283620494,1.0378872071198031
12.620000000000001,-1.5812804729519809,1.0538710925698962
12.630000000000001,-1.5706583990834888,1.0706824033401612
12.640000000000001,-1.5598637651234941,1.0883959550455768
12.65,-1.5488871329703333,1.1070967363501243
12.66,-1.5377181590425346,1.1268810387783197
12.67,-1.5263454684655078,1.1478590400014441
12.68,-1.5147565044742215,1.1701575378541382
12.69,-1.5029373495272407,1.1939229341312925
12.700000000000001,-1.4908725052232221,1.2193250736438028
12.710000000000001,-1.4785446330028242,1.2465634338577967
12.720000000000001,-1.4659342280852494,1.2758730709585493
12.73,-1.4530192213549207,1.3075333120675361
12.74,-1.4397744790641747,1.3418798403772496
12.75,-1.4261711696370294,1.3793197078892407
12.76,-1.4121759516809447,1.4203514803831525
12.77,-1.3977499194107443,1.4655947796843871
12.780000000000001,-1.3828472035327488,1.5158310068699647
12.790000000000001,-1.3674130870880818,1.5720601206869496
12.800000000000001,-1.3513814038308412,1.6355879111766694
12.81,-1.3346708649908894,1.708157432662551
12.82,-1.3171797207664131,1.7921594330118151
12.83,-1.2987777262163074,1.8909760096700128
12.84,-1.2792936282775851,2.0095791076844773
12.85,-1.2584941947938302,2.1556383162812982
12.859999999999999,-1.2360471345579345,2.3417896553573505
12.870000000000001,-1.2114501802499995,2.5906571448269982
12.880000000000001,-1.1838765663847914,2.9480569138844865
12.890000000000001,-1.1517716738190507,3.5265537117382189
12.9,-1.1114173809498356,4.7236276924257039
12.91,-1.0449780927974404,11.330894633477051
12.92,1.9947522044063837,-0.66959631509492956
12.93,1.9880373400201687,-0.67338750338929698
12.94,1.9812842130684778,-0.67724913268215825
12.950000000000001,1.9744921077564808,-0.68118353220449224
12.960000000000001,1.9676602852926164,-0.68519300684991358
12.970000000000001,1.9607879827318579,-0.68927994465550046
12.98,1.9538744119798286,-0.6934470613173398
12.99,1.9469187584374508,-0.6976967409006799
13,1.9399201798624011,-0.70203254268811277
13.01,1.9328778049958506,-0.70645671215449501
13.02,1.9257907321790937,-0.71097264360990431
13.030000000000001,1.9186580276588832,-0.71558357949363138
13.040000000000001,1.9114787241788951,-0.72029276037345935
13.050000000000001,1.9042518191503357,-0.72510447604085926
13.06,1.8969762727908561,-0.7300218977373758
13.07,1.8896510062203842,-0.73504916756580185
13.08,1.8822748993006093,-0.74019065756452374
13.09,1.8748467883813873,-0.74545071741207536
13.1,1.8673654639474575,-0.7508329759189859
13.109999999999999,1.8598296679336499,-0.75634584083860046
13.120000000000001,1.8522380910014073,-0.76199117143682626
13.130000000000001,1.8445893695101965,-0.76777550622296165
13.140000000000001,1.8368820823411158,-0.77370523276432934
13.15,1.8291147474051608,-0.77978612387502921
13.16,1.8212858179139841,-0.78602530183645491
13.17,1.8133936782120443,-0.79242942556048945
13.18,1.8054366395650314,-0.79900634877775045
13.19,1.7974129353177037,-0.80576393274811331
13.200000000000001,1.7893207157221782,-0.81271048904652465
13.210000000000001,1.7811580423770081,-0.819850325260712
13.220000000000001,1.7729228821998289,-0.82720974209105969
13.23,1.7646131005576369,-0.8347822234179435
13.24,1.7562264542816421,-0.84258458937761294
13.25,1.7477605833916467,-0.85062912089390363
13.26,1.7392130028298753,-0.85892877055257888
13.27,1.7305810923239093,-0.86749710267799618
13.280000000000001,1.7218620864286474,-0.87635009769336369
13.290000000000001,1.7130530625270011,-0.8855037187567405
13.300000000000001,1.7041509280681322,-0.8949754227333423
13.31,1.6951524064739485,-0.90478440147818096
13.32,1.6860540213159025,-0.91495167729315419
13.33,1.6768520784521068,-0.92549934076904272
13.34,1.6675426467883867,-0.93645318661886257
13.35,1.6581215360148738,-0.94783994262618165
13.359999999999999,1.6485842723073294,-0.95968914105868275
13.370000000000001,1.6389260700804482,-0.97203332843850621
13.380000000000001,1.6291418008679872,-0.98490828361087523
13.390000000000001,1.6192259578529591,-0.99835475078074432
13.4,1.6091726151956411,-1.0124161111541137
13.41,1.598975381975219,-1.0271408800620931
13.42,1.5886273492643568,-1.0425851519779064
13.43,1.5781210288841925,-1.0588093713716589
13.44,1.5674482832839369,-1.0758820745941617
13.450000000000001,1.5566002429297812,-1.0938816218973266
13.460000000000001,1.5455672107412297,-1.1128956212039509
13.470000000000001,1.5343385489945356,-1.1330248881788905
13.48,1.5229025462597658,-1.1543837607191496
13.49,1.5112462596344036,-1.1771045071157602
13.5,1.4993553227711189,-1.2013404350735959
13.51,1.4872137175804163,-1.2272696102646579
13.52,1.4748034937336629,-1.2551009699275149
13.530000000000001,1.462104425626922,-1.2850820436395891
13.540000000000001,1.4490935855350826,-1.3175073567522073
13.550000000000001,1.4357448069865781,-1.3527331103427986
13.56,1.4220280041920375,-1.391189914452956
13.57,1.4079082957369877,-1.4334102780764981
13.58,1.3933448575587895,-1.480056582162018
13.59,1.37828939961039,-1.5319683778820883
13.6,1.3626840939551605,-1.5902266245567505
13.609999999999999,1.3464586913401582,-1.6562518722011454
13.620000000000001,1.3295264570216239,-1.73195413408496
13.630000000000001,1.3117781578558427,-1.8199748744411262
13.640000000000001,1.2930729075003631,-1.9240921011768366
13.65,1.2732235196979207,-2.0499330854572002
13.66,1.2519720229428091,-2.2063449049403832
13.67,1.2289452089303556,-2.4082045518858237
13.68,1.2035661424237258,-2.6830365316184959
13.69,1.1748530789751688,-3.0893106522002998
13.700000000000001,1.140854373322115,-3.7829998602727648
13.710000000000001,1.0963100597229283,-5.4286294862848132
13.720000000000001,-1.9994363462422435,0.66697982907685305
13.73,-1.9927478860044947,0.6707229242527839
13.74,-1.9860216517272993,0.67453497199599077
13.75,-1.9792569431488263,0.67841813551391583
13.76,-1.9724530377247893,0.68237462056692
13.77,-1.9656091895292773,0.68640709727659688
13.780000000000001,-1.9587246282357436,0.69051764246319114
13.790000000000001,-1.9517985579191526,0.69470924924666688
13.800000000000001,-1.9448301558940388,0.69898454894914586
13.81,-1.9378185713632188,0.70334609083197508
13.82,-1.9307629241278412,0.70779748928333319
13.83,-1.9236623030775017,0.71234158185690255
13.84,-1.9165157646559894,0.7169815849244553
13.85,-1.9093223312163043,0.72172114261107556
13.859999999999999,-1.9020809892183854,0.72656306557210792
13.870000000000001,-1.8947906874161162,0.73151367570892056
13.880000000000001,-1.8874503348219795,0.73657475488780388
13.890000000000001,-1.8800587984889225,0.74175119961752844
13.9,-1.8726149013571622,0.74704764200407037
13.91,-1.8651174196602287,0.75246880423433771
13.92,-1.8575650802830637,0.758019441015371
13.93,-1.849956557956058,0.76370635397670872
13.94,-1.8422904722334366,0.76953309104680434
13.950000000000001,-1.8345653841689913,0.77550785028776403
13.960000000000001,-1.8267797926370555,0.78163539213005906
13.970000000000001,-1.8189321307018869,0.78792155047093337
13.98,-1.8110207614097409,0.79437802615710118
13.99,-1.8030439732074224,0.80100810398597333
14,-1.7949999750783372,0.80782137830727985
14.01,-1.7868868914641889,0.81482663805063182
14.02,-1.7787027562767488,0.82203317951682908
14.030000000000001,-1.7704455067408513,0.82945118724272116
14.040000000000001,-1.7621129766269104,0.83709110257399211
14.050000000000001,-1.7537028885457819,0.8449645184786253
14.06,-1.7452128462276952,0.85308403941818578
14.07,-1.7366403251368085,0.86146261442123462
14.08,-1.7279826628482862,0.87011467116046837
14.09,-1.7192370480597385,0.87905572983578717
14.1,-1.7104005087303042,0.88830237975492099
14.109999999999999,-1.7014698989827295,0.89787270299791944
14.120000000000001,-1.6924418840208777,0.90778646476157421
14.130000000000001,-1.6833129242454092,0.91806539732368309
14.140000000000001,-1.6740792569423582,0.92873195482258342
14.15,-1.6647368757797005,0.93981240225568574
14.16,-1.6552815083589001,0.95133399494145865
14.17,-1.6457085906899618,0.96332733061462616
14.18,-1.6360132382895649,0.97582673361801331
14.19,-1.6261902132322414,0.98886843414233616
14.200000000000001,-1.6162338879411402,1.0024925243762888
14.210000000000001,-1.6061382026890429,1.0167480561946625
14.220000000000001,-1.5958966175434648,1.0316819043623018
14.23,-1.5855020569906257,1.0473528505024645
14.24,-1.5749468467232015,1.0638232213292491
14.25,-1.5642226391239711,1.0811646041437264
14.26,-1.5533203277639944,1.099457777943788
14.27,-1.542229947484691,1.1187942095958812
14.280000000000001,-1.5309405540715157,1.1392784082187895
14.290000000000001,-1.5194400858127475,1.1610291059436744
14.300000000000001,-1.5077151957541901,1.1841868617782052
14.31,-1.495751049444938,1.2089090272385892
14.32,-1.483531083201546,1.2353831642583255
14.33,-1.4710367053298581,1.2638300245280465
14.34,-1.4582469309144341,1.2945089176567279
14.35,-1.4451379255947587,1.327731605734177
14.359999999999999,-1.4316824300144835,1.3638736525601354
14.370000000000001,-1.4178490266803565,1.4033957001715869
14.380000000000001,-1.4036011915871389,1.4468630799023812
14.390000000000001,-1.3888960485164974,1.4949867295900856
14.4,-1.3736827020273326,1.5486702905089871
14.41,-1.3578999576553554,1.609082053622336
14.42,-1.3414731327803791,1.6777755647166248
14.43,-1.3243094933980362,1.7568434854550681
14.44,-1.3062914819915643,1.8492159753926423
14.450000000000001,-1.287266164889818,1.9591287853500325
14.460000000000001,-1.2670285343933574,2.0929875300191481
14.470000000000001,-1.2452921376768888,2.2610406666913265
14.48,-1.2216351503073464,2.4809682110070268
14.49,-1.1953892751358604,2.7866586277400556
14.5,-1.1653729362765901,3.254209460766921
14.51,-1.1290736749389549,4.1081505550714716
14.52,-1.0784859007832495,6.6078456285207032
14.530000000000001,1.9974398098593373,-0.66809226368937513
14.540000000000001,1.9907401238576494,-0.67185477613889155
14.550000000000001,1.9840024566478827,-0.67568882616695591
14.56,1.9772261014442989,-0.6795936843666579
14.57,1.9704103287903001,-0.68357244192895783
14.58,1.9635543855726467,-0.68762814164068808
14.59,1.956657493939602,-0.69176278531790902
14.6,1.9497188500809399,-0.69597906944861376
14.609999999999999,1.9427376230710396,-0.70027989218223663
14.620000000000001,1.9357129534446791,-0.70466807274759358
14.630000000000001,1.9286439519404204,-0.70914678751379334
14.640000000000001,1.9215296978480632,-0.71371908676641793
14.65,1.9143692376318551,-0.71838856390941386
14.66,1.9071615830972246,-0.7231585836038581
14.67,1.8999057096334266,-0.72803219776876216
14.68,1.892600554333477,-0.73301560423724699
14.69,1.8852450138828782,-0.73811065493590111
14.700000000000001,1.8778379423788678,-0.74332235729171248
14.710000000000001,1.8703781490639553,-0.74865566276594786
14.720000000000001,1.8628643957033224,-0.75411456949215017
14.73,1.8552953939045551,-0.75970631210792972
14.74,1.8476698022259621,-0.76543421330783468
14.75,1.8399862230488941,-0.77130465019504446
14.76,1.8322431992197412,-0.77732412670534445
14.77,1.8244392103639875,-0.78349884275848636
14.780000000000001,1.8165726690564445,-0.789835805156338
14.790000000000001,1.8086419164707288,-0.79634230620336488
14.800000000000001,1.8006452178555872,-0.80302619532150044
14.81,1.7925807575365034,-0.80989565544875641
14.82,1.7844466334077917,-0.81696054537876583
14.83,1.7762408511710988,-0.82422921236181734
14.84,1.7679613178424982,-0.83171243354186652
14.85,1.7596058348329611,-0.83942089947496867
14.859999999999999,1.7511720900421772,-0.84736673233802517
14.870000000000001,1.7426576497739925,-0.85556219293156366
14.880000000000001,1.7340599493827855,-0.86401965994712626
14.890000000000001,1.7253762830371437,-0.87275785436549258
14.9,1.7166037928278104,-0.88178844197182438
14.91,1.7077394560280335,-0.891130035116667
14.92,1.698780071785055,-0.90080009246175696
14.93,1.6897222459468555,-0.91082173079283624
14.94,1.6805623741534641,-0.92121279296146108
14.950000000000001,1.6712966231103799,-0.93200157915762349
14.960000000000001,1.6619209093606884,-0.94321086260954601
14.970000000000001,1.6524308760938748,-0.95487033531575372
14.98,1.6428218665546011,-0.96701132075761054
14.99,1.6330888943318731,-0.97966872364823576
15,1.6232266091857799,-0.99288048849394228
15.01,1.6132292586645207,-1.0066889931900842
15.02,1.6030906446136786,-1.0211408575815153
15.030000000000001,1.592804073478395,-1.0362893270470963
15.040000000000001,1.5823622974872358,-1.0521921013707445
15.050000000000001,1.5717574493200699,-1.0689150789289441
15.06,1.5609809638948735,-1.0865322435515432
15.07,1.5500234895153828,-1.1051273310094665
15.08,1.5388747812946031,-1.1247954832176414
15.09,1.5275235767012469,-1.1456453419559467
15.1,1.5159574479642117,-1.1678016631331987
15.109999999999999,1.5041626267897532,-1.1914090856912734
15.120000000000001,1.4921237887095149,-1.216634370621176
15.130000000000001,1.4798237978008808,-1.2436739062681417
15.140000000000001,1.4672433884487068,-1.2727587820467352
15.15,1.4543607765032085,-1.3041631064422512
15.16,1.4411511694333625,-1.338216236936689
15.17,1.4275861498099209,-1.375317125545394
15.18,1.4136328830611997,-1.4159534873132902
15.19,1.3992530930313904,-1.4607317023669688
15.200000000000001,1.3844017025902602,-1.5104128953293117
15.210000000000001,1.3690250097807333,-1.5659720952651512
15.220000000000001,1.3530581711981402,-1.6286785834852746
15.23,1.3364216639878088,-1.7002223115339121
15.24,1.3190161524808115,-1.7829153457914286
15.25,1.3007149214432601,-1.8800130820570569
15.26,1.281351587219917,-1.9962868004406362
15.27,1.2607005355585126,-2.139052925253246
15.280000000000001,1.2384422041993692,-2.3202752128887791
15.290000000000001,1.2140968360956212,-2.5611609688449
15.300000000000001,1.1868828842218295,-2.904005993520181
15.31,1.1553555668860902,-3.4501893514832904
15.32,1.1161744558277484,-4.5394620663885812
15.33,1.0554417405257612,-9.2486001138011744
15.34,-1.9954399912352385,0.66921067997876782
15.35,-1.9887290185015933,0.67299474960051231
15.359999999999999,-1.9819798554769885,0.67684906072158146
15.370000000000001,-1.975191788704296,0.68077590702422086
15.380000000000001,-1.968364081770188,0.68477747177477366
15.390000000000001,-1.9614959742993892,0.68885641749147974
15.4,-1.9545866807683892,0.69301512092763273
15.41,-1.9476353893975977,0.69725640221957785
15.42,-1.9406412608638395,0.70158235915848044
15.43,-1.9336034269435813,0.70599793820036705
15.44,-1.9265209891330073,0.71050432224934235
15.450000000000001,-1.919393017098654,0.71510431441239775
15.460000000000001,-1.9122185470862827,0.71980447438762862
15.470000000000001,-1.904996580200689,0.72460518663977158
15.48,-1.8977260806056246,0.72951139972197987
15.49,-1.8904059735366299,0.73452745165734445
15.5,-1.8830351431340391,0.73965687819106141
15.51,-1.8756124303792578,0.74490438411377335
15.52,-1.8681366305454532,0.75027518020361983
15.530000000000001,-1.8606064907285487,0.75577310038097156
15.540000000000001,-1.8530207069582818,0.76140478289444902
15.550000000000001,-1.8453779213309294,0.76717477856851835
15.56,-1.8376767188275631,0.77308913047564365
15.57,-1.8299156237232361,0.77915391389626398
15.58,-1.8220930960811237,0.78537674822274595
15.59,-1.814207527528495,0.79176364356665685
15.6,-1.8062572370381247,0.79832240672049837
15.610000000000001,-1.7982404662372979,0.80506102436938087
15.620000000000001,-1.7901553741278085,0.81198807262861583
15.630000000000001,-1.7820000317035962,0.81911103238485905
15.640000000000001,-1.7737724158810895,0.82644431564634424
15.65,-1.7654704027711359,0.83399368122956063
15.66,-1.7570917606950336,0.84177199467825181
15.67,-1.7486341422170915,0.84979107997721015
15.68,-1.7400950753377495,0.85806383670730879
15.69,-1.7314719543790553,0.86660421790655306
15.700000000000001,-1.7227620291301553,0.87542720032835075
15.710000000000001,-1.7139623938092388,0.88454898153224948
15.720000000000001,-1.7050699738995507,0.89398702770426475
15.73,-1.6960815124759026,0.90376047003541882
15.74,-1.6869935543530397,0.91388987461908788
15.75,-1.6778024285914983,0.92439736753423019
15.76,-1.6685042295748194,0.93530793829973902
15.77,-1.6590947946248489,0.94664842208579869
15.780000000000001,-1.6495696802348687,0.9584494586640685
15.790000000000001,-1.639924134135057,0.97074097987873575
15.800000000000001,-1.6301530648429579,0.9835602181917944
15.81,-1.6202510061552919,0.99694581059408327
15.82,-1.6102120772324695,1.0109416628013128
15.83,-1.6000299374609654,1.0255961988276663
15.84,-1.589697733692752,1.0409636959867243
15.85,-1.5792080402972459,1.0571044961221003
15.860000000000001,-1.5685527900380951,1.0740862480084419
15.870000000000001,-1.5577231925824597,1.0919870422392237
15.880000000000001,-1.5467096409766121,1.1108911400955372
15.890000000000001,-1.5355015998957744,1.1309021250023719
15.9,-1.5240874753475131,1.1521286069995378
15.91,-1.5124544583748294,1.1747032048263051
15.92,-1.500588339059326,1.198774962263121
15.93,-1.4884732814946395,1.2245213478484158
15.94,-1.4760915487193749,1.252146645084633
15.950000000000001,-1.4634231654372161,1.2818943040341328
15.960000000000001,-1.4504455051509109,1.3140536682738975
15.970000000000001,-1.4371327623927797,1.3489729150717362
15.98,-1.4234552911262106,1.3870748618757802
15.99,-1.4093787501533157,1.4288806798865659
16,-1.3948629886648016,1.4750368509803926
16.010000000000002,-1.3798605681318092,1.5263626966326738
16.02,-1.364314756997028,1.5839097717420285
16.030000000000001,-1.3481567485578245,1.6490591772278427
16.039999999999999,-1.3313017302364407,1.7236599773950785
16.050000000000001,-1.3136430796219603,1.8102652295572863
16.059999999999999,-1.2950438459533817,1.9125077752712578
16.07,-1.2753224330714241,2.0357798773110489
16.080000000000002,-1.2542297444937232,2.1885004209657919
16.09,-1.2314074273942537,2.3847216624789636
16.100000000000001,-1.2063058651017193,2.6501402776400806
16.109999999999999,-1.1780008923979612,3.0384186606087944
16.120000000000001,-1.1446921414168603,3.6884614679627012
16.129999999999999,-1.1017415610187788,5.1511455456334527
16.140000000000001,-1.0082396532349143,49.585198192626763
16.149999999999999,1.9934368096991355,-0.67033497534502851
16.16,1.9867144883450494,-0.67414008572372519
16.170000000000002,1.9799537656499244,-0.67801486296878288
16.18,1.9731539214078011,-0.68196475922679534
16.190000000000001,1.9663142121450488,-0.68598922808907326
16.199999999999999,1.9594338700985978,-0.69009140320547413
16.210000000000001,1.9525121020078631,-0.69427484683370266
16.219999999999999,1.9455480880011367,-0.6985413443720444
16.23,1.938540980245232,-0.70289403063549172
16.240000000000002,1.9314899016143745,-0.70733603392919941
16.25,1.9243939442617763,-0.7118698622703773
16.260000000000002,1.9172521680107895,-0.71650034894446357
16.27,1.9100635988048835,-0.72122950332362923
16.280000000000001,1.9028272268831774,-0.72606147067219862
16.289999999999999,1.8955420049686789,-0.73100014293304683
16.300000000000001,1.8882068462153778,-0.73604947041741153
16.309999999999999,1.8808206221666905,-0.74121361486775128
16.32,1.8733821603481811,-0.74649776947027491
16.330000000000002,1.8658902419065897,-0.75190602125558215
16.34,1.8583435989702928,-0.75744333230329774
16.350000000000001,1.8507409117395435,-0.76311573868105953
16.359999999999999,1.8430808055923897,-0.76892814817881228
16.370000000000001,1.8353618477145661,-0.77488634066422979
16.379999999999999,1.8275825435844661,-0.78099853550286769
16.390000000000001,1.8197413332058991,-0.78726932114821224
16.399999999999999,1.811836587014676,-0.79370667483496027
16.41,1.8038666013256894,-0.80031856503741339
16.420000000000002,1.7958295935752,-0.80711254955950673
16.43,1.787723697089491,-0.81409777464747624
16.440000000000001,1.7795469553829748,-0.82128319522189841
16.449999999999999,1.7712973159240852,-0.82867895162899319
16.460000000000001,1.7629726234199876,-0.83629558781936575
16.469999999999999,1.7545706123283389,-0.84414460972166983
16.48,1.7460888989040115,-0.85223808433731141
16.490000000000002,1.7375249722998218,-0.86058944427135564
16.5,1.7288761846667151,-0.86921231514532526
16.510000000000002,1.720139740592747,-0.87812328612836765
16.52,1.7113126851094225,-0.88733769537064666
16.530000000000001,1.7023918908474489,-0.89687404399754367
16.539999999999999,1.6933740431573432,-0.90675054211703976
16.550000000000001,1.684255624212184,-0.91699158245232748
16.559999999999999,1.6750328951857176,-0.9276174772889334
16.57,1.6657018757949498,-0.93865417818636454
16.580000000000002,1.6562583221701856,-0.95012859009766759
16.59,1.646697701547162,-0.9620721919062738
16.600000000000001,1.6370151635425145,-0.97451822126355891
16.609999999999999,1.6272055083751793,-0.98750233335679349
16.620000000000001,1.6172631504557515,-1.0010591956275317
16.629999999999999,1.6071820763416278,-1.0152530256957035
16.640000000000001,1.5969557979605957,-1.0301146208206113
16.649999999999999,1.5865772976307819,-1.0457062260800376
16.66,1.5760389655510667,-1.0620920279817763
16.670000000000002,1.5653325272056251,-1.0793403679123754
16.68,1.5544489588713921,-1.0975318202755757
16.690000000000001,1.5433783880347121,-1.1167561861253399
16.699999999999999,1.532109977662635,-1.1371175800930531
16.710000000000001,1.5206317878066233,-1.1587327863120096
16.719999999999999,1.5089306123822581,-1.1817383869476228
16.73,1.4969917798868639,-1.2062917479416639
16.740000000000002,1.4847989172415073,-1.2325766477752931
16.75,1.4723336565698124,-1.260809270781571
16.760000000000002,1.4595752787032614,-1.2912453335139451
16.77,1.4465002655188659,-1.3241905368491977
16.780000000000001,1.4330817406648906,-1.3600135996572933
16.789999999999999,1.4192887528105613,-1.3991638678581668
16.800000000000001,1.4050853545317761,-1.4421959424180222
16.809999999999999,1.3904293908532748,-1.4898031231530824
16.82,1.3752708829908618,-1.5428668118035094
16.830000000000002,1.3595498245351647,-1.6025251178487645
16.84,1.3431930975866102,-1.6702806811544124
16.850000000000001,1.3261100919941993,-1.7481646146858858
16.859999999999999,1.3081862524890693,-1.8390019995337989
16.870000000000001,1.2892729319235636,-1.9468644794349819
16.879999999999999,1.2691714329570061,-2.0778738299287527
16.890000000000001,1.2476055734892262,-2.2417664451617663
16.899999999999999,1.2241712194884347,-2.4551913794048676
16.91,1.1982336356732841,-2.7496507538948975
16.920000000000002,1.1686859432372132,-3.194488252571253
16.93,1.1332319131787363,-3.9868443783192244
16.940000000000001,1.0850150230058917,-6.1187322487310372
16.949999999999999,-1.9981261075592687,0.66770927264675406
16.960000000000001,-1.9914302851219832,0.67146576479877229
16.969999999999999,-1.9846965528575904,0.67529092135399971
16.98,-1.9779242062343911,0.67918842436876581
16.990000000000002,-1.9711125181923466,0.68316036688914605
17,-1.9642607381029369,0.68720791333835107
17.010000000000002,-1.9573680906985236,0.69133415431930023
17.02,-1.9504337749038509,0.69554181795848702
17.030000000000001,-1.9434569626094373,0.69983399744348673
17.039999999999999,-1.9364367973740808,0.70421286435420882
17.050000000000001,-1.9293723930432545,0.70868232517656893
17.059999999999999,-1.9222628322518485,0.71324490582216027
17.07,-1.9151071648641105,0.71790416935661328
17.080000000000002,-1.9079044063606396,0.72266334893245188
17.09,-1.9006535359733376,0.72752713500103161
17.100000000000001,-1.8933534947738877,0.73249850355357848
17.109999999999999,-1.8860031836997944,0.73758181835568726
17.120000000000001,-1.8786014613674153,0.74278144163201132
17.129999999999999,-1.8711471417017909,0.74810199671837374
17.140000000000001,-1.8636389914631619,0.75354836062021791
17.150000000000002,-1.8560757275831719,0.75912550231659592
17.16,-1.8484560142018744,0.76483918523850614
17.170000000000002,-1.8407784596074224,0.77069471854793214
17.18,-1.8330416129392686,0.77669841101008996
17.190000000000001,-1.8252439605270272,0.78285698525532876
17.199999999999999,-1.8173839220114183,0.78917688819464582
17.210000000000001,-1.809459846080173,0.79566566669616812
17.219999999999999,-1.8014700060333118,0.80233095871900773
17.23,-1.7934125947051549,0.80918110077221628
17.240000000000002,-1.7852857191842639,0.8162253789460272
17.25,-1.7770873949243562,0.82347263030552109
17.260000000000002,-1.7688155393984244,0.83093326748247964
17.27,-1.7604679651479282,0.83861734964213575
17.280000000000001,-1.7520423721517628,0.84653714192962726
17.289999999999999,-1.7435363396776171,0.8547082035902217
17.300000000000001,-1.7349473169029375,0.86313927276251812
17.309999999999999,-1.7262726130033126,0.87184682762674726
17.32,-1.7175093862102417,0.88084645501602743
17.330000000000002,-1.7086546314060622,0.89015500856164864
17.34,-1.6997051667784444,0.89979156396053139
17.350000000000001,-1.690657618704055,0.90977529772928045
17.359999999999999,-1.6815084052686213,0.92012828577445027
17.370000000000001,-1.6722537175239278,0.93087385907246234
17.379999999999999,-1.6628894989196268,0.94203881879388329
17.390000000000001,-1.6534114218346554,0.9536505916370559
17.400000000000002,-1.6438148618563209,0.96574066130598712
17.41,-1.6340948674623836,0.97834300341179625
17.420000000000002,-1.6242461277485229,0.99149617338682694
17.43,-1.6142629335499636,1.0052407958418017
17.440000000000001,-1.6041391347877716,1.0196249985609609
17.449999999999999,-1.5938680910894678,1.0346990997164027
17.460000000000001,-1.5834426145883993,1.0505211187308956
17.469999999999999,-1.5728549050423155,1.0671568270867176
17.48,-1.5620964731922122,1.0846784305262342
17.490000000000002,-1.5511580521750936,1.1031688190585014
17.5,-1.5400294946958837,1.1227219867075056
17.510000000000002,-1.5286996491871514,1.1434449751819942
17.52,-1.5171562157138505,1.1654607927947256
17.530000000000001,-1.5053855718807196,1.1889116326187879
17.539999999999999,-1.493372564854087,1.2139624068448023
17.550000000000001,-1.48110025763563,1.2408038162409585
17.559999999999999,-1.4685496207556419,1.2696682973467803
17.57,-1.4556991489350468,1.3008200541646264
17.580000000000002,-1.4425243850372564,1.3345838704161557
17.59,-1.4289973170431733,1.3713509038710925
17.600000000000001,-1.4150856071351066,1.4115982753514087
17.609999999999999,-1.4007515941270785,1.4559187398996589
17.620000000000001,-1.3859509748531655,1.5050552551938157
17.629999999999999,-1.3706310351760937,1.5599581248599099
17.640000000000001,-1.3547282200348589,1.6218606267077331
17.650000000000002,-1.338164717120379,1.6924026787196722
17.66,-1.3208435414258666,1.7738189797801758
17.670000000000002,-1.3026411488976599,1.8692487084617864
17.68,-1.2833960232856221,1.9832681597804542
17.690000000000001,-1.2628900135173915,2.1228663201158811
17.699999999999999,-1.2408154558590945,2.299374651934035
17.710000000000001,-1.2167136942262939,2.5326940714880877
17.719999999999999,-1.1898449598304681,2.8619587251758509
17.73,-1.1588635518058155,3.3787623068527743
17.740000000000002,-1.1207531714192946,4.3758559456441315
17.75,-1.0642652885593555,8.0151737905042708
17.760000000000002,1.9961273780651412,-0.66882482537040044
17.77,1.989420289677073,-0.67260196941829875
17.780000000000001,1.9826750830472399,-0.6764497055535803
17.789999999999999,1.9758910470229454,-0.68036903049325781
17.800000000000001,1.9690674475730354,-0.6843628556218867
17.809999999999999,1.9622035268277878,-0.68843358297296176
17.82,1.9552985019488269,-0.69258408290677564
17.830000000000002,1.9483515638789226,-0.69681674238566171
17.84,1.9413618761859524,-0.70113436424294062
17.850000000000001,1.9343285737128835,-0.70553997764290421
17.859999999999999,1.927250761079278,-0.71003699866240044
17.870000000000001,1.9201275113142238,-0.71462815882801045
17.879999999999999,1.9129578642072282,-0.7193170392837912
17.890000000000001,1.9057408245280687,-0.72410719284943459
17.900000000000002,1.8984753603257103,-0.72900256210015058
17.91,1.8911604008944818,-0.73400668641477984
17.920000000000002,1.8837948347980222,-0.73912456873821542
17.93,1.8763775074979887,-0.74435965427577566
17.940000000000001,1.8689072190865674,-0.74971753431378974
17.949999999999999,1.8613827217274588,-0.75520252069712923
17.960000000000001,1.8538027167729698,-0.76081995768055266
17.969999999999999,1.8461658520833208,-0.76657533871449357
17.98,1.8384707186195686,-0.77247467399778413
17.990000000000002,1.8307158470894767,-0.77852359505124036
18,1.8228997042757034,-0.78472973122761158
18.010000000000002,1.8150206891171698,-0.79109933112634268
18.02,1.807077128262828,-0.79764039388778563
18.030000000000001,1.7990672714079103,-0.8043598501069964
18.039999999999999,1.7909892864123935,-0.81126738345128868
18.050000000000001,1.7828412535099545,-0.81837121224059528
18.059999999999999,1.7746211596130719,-0.82568120453176441
18.07,1.7663268915257635,-0.83320763834705691
18.080000000000002,1.7579562288924482,-0.84096189392873522
18.09,1.7495068366723019,-0.84895535094265329
18.100000000000001,1.740976256093919,-0.857201781326694
18.109999999999999,1.7323618955039477,-0.86571399086938228
18.120000000000001,1.7236610202036466,-0.87450718362929403
18.129999999999999,1.7148707409463386,-0.88359743238634536
18.140000000000001,1.7059880011813797,-0.89300219489802801
18.150000000000002,1.6970095632831663,-0.90274021715258101
18.16,1.6879319932892416,-0.91283192180064843
18.170000000000002,1.6787516434657002,-0.92329998105395261
18.18,1.6694646330541805,-0.93416826461928582
18.190000000000001,1.6600668269739967,-0.94546343571498692
18.199999999999999,1.6505538116457661,-0.95721503741516001
18.210000000000001,1.6409208680167395,-0.96945464588173003
18.219999999999999,1.6311629411314099,-0.98221765680301132
18.23,1.6212746047255704,-0.9955431425857304
18.240000000000002,1.6112500228033131,-1.0094740756504004
18.25,1.6010829040922323,-1.0240586452659457
18.260000000000002,1.5907664506763564,-1.0393500079009153
18.27,1.5802932990652292,-1.0554085608015418
18.280000000000001,1.5696554511899485,-1.0723008754505596
18.289999999999999,1.5588441952192678,-1.0901031877292302
18.300000000000001,1.5478500127288892,-1.1089010336817793
18.309999999999999,1.5366624695270723,-1.1287921403428041
18.32,1.5252700873521223,-1.1498879386523846
18.330000000000002,1.5136601901465885,-1.1723174303826775
18.34,1.501818721645281,-1.1962283693090263
18.350000000000001,1.4897300238679849,-1.2217932046913846
18.359999999999999,1.4773765695909769,-1.249215139247998
18.370000000000001,1.4647386323492677,-1.2787320927637444
18.379999999999999,1.4517938798259433,-1.3106286251398536
18.390000000000001,1.4385168607136545,-1.3452462514129029
18.400000000000002,1.4248783593123022,-1.3829994157216514
18.41,1.410844562409199,-1.4243968856967109
18.420000000000002,1.3963759780099465,-1.470071932505588
18.43,1.3814259977688834,-1.5208225893165181
18.440000000000001,1.3659389573454281,-1.577673644860246
18.449999999999999,1.3498474503794251,-1.6419656022349747
18.460000000000001,1.3330685352455038,-1.7154895085391835
18.469999999999999,1.315498211727528,-1.8007184816734105
18.48,1.2970029770008245,-1.9011410335674808
18.490000000000002,1.2774068405313816,-2.0219338114264369
18.5,1.2564692283123127,-2.1711122399532763
18.510000000000002,1.2338457345767084,-2.361949206049383
18.52,1.2090122558227514,-2.6184847078826925
18.530000000000001,1.1810975338191114,-2.9900695168170071
18.539999999999999,1.1484361951056881,-3.6009208732759248
18.550000000000001,1.1069088058147301,-4.9132420537258543
18.559999999999999,1.0327560853213091,-15.405376347252975
18.57,-1.9941252904651809,0.66994824944310949
18.580000000000002,-1.9874068744130824,0.67374591115456317
18.59,-1.9806501297418324,0.67761432757302087
18.600000000000001,-1.973854338585459,0.68155557104397724
18.609999999999999,-1.9670187598844475,0.68557220681365583
18.620000000000001,-1.9601426284152055,0.68966644599642735
18.629999999999999,-1.9532251536250838,0.69384131312746811
18.640000000000001,-1.9462655184055815,0.69809911774131128
18.650000000000002,-1.9392628778791474,0.70244277607520278
18.66,-1.9322163579801765,0.70687530419504518
18.670000000000002,-1.9251250540727503,0.71139932915156978
18.68,-1.9179880294057448,0.71602002090565275
18.690000000000001,-1.9108043134650654,0.7207386868251856
18.699999999999999,-1.9035729002489219,0.72555924452971943
18.710000000000001,-1.8962927464329782,0.73048765472597754
18.719999999999999,-1.8889627693279949,0.73552553855159686
18.73,-1.8815818448149031,0.74067790103838527
18.740000000000002,-1.8741488050768567,0.74594824866297849
18.75,-1.8666624361793924,0.75134441680714459
18.760000000000002,-1.8591214753475696,0.75686829894099428
18.77,-1.851524608284399,0.7625266429311035
18.780000000000001,-1.8438704661773524,0.76832439626619042
18.789999999999999,-1.8361576223342124,0.77426790303502235
18.800000000000001,-1.8283845887094761,0.78036343409884446
18.809999999999999,-1.8205498123111672,0.78661756538030791
18.82,-1.8126516708073852,0.79303742753496864
18.830000000000002,-1.8046884683653537,0.7996308176166832
18.84,-1.7966584307884375,0.80640600296836218
18.850000000000001,-1.7885597002527212,0.81337072927717802
18.859999999999999,-1.7803903298451464,0.82053525966302332
18.870000000000001,-1.7721482771759915,0.82790919151348086
18.879999999999999,-1.7638313978096323,0.83550262303331724
18.890000000000001,-1.7554374378559281,0.8433271746220351
18.900000000000002,-1.7469640263298072,0.8513949530393824
18.91,-1.7384086656488775,0.8597191597750673
18.920000000000002,-1.7297687226042735,0.86831348939227671
18.93,-1.7210414174519593,0.8771941070956657
18.940000000000001,-1.7122238121993756,0.88637629945271801
18.949999999999999,-1.70331279775413,0.89587893476008351
18.960000000000001,-1.6943050795235439,0.90572053063073676
18.969999999999999,-1.6851971614171459,0.91592245633822922
18.98,-1.6759853280372314,0.92650747242179399
18.990000000000002,-1.6666656249946035,0.9375005335493567
19,-1.6572338365073513,0.94892899574709921
19.010000000000002,-1.6476854608543736,0.96082312165281036
19.02,-1.6380156816040954,0.97321541102841636
19.030000000000001,-1.6282193366394921,0.98614243205102692
19.039999999999999,-1.6182908816780763,0.99964418885560946
19.050000000000001,-1.6082243494298267,1.0137654559330755
19.059999999999999,-1.5980133028351378,1.0285555509464273
19.07,-1.5876507814240037,1.0440697983566518
19.080000000000002,-1.5771292393635201,1.0603702334410845
19.09,-1.5664404742318359,1.0775263802128976
19.100000000000001,-1.5555755433703218,1.0956169430892471
19.109999999999999,-1.5445246668392298,1.1147309131374958
19.120000000000001,-1.5332771119718818,1.1349685150977606
19.129999999999999,-1.5218210600215614,1.1564504710439676
19.140000000000001,-1.5101434428841565,1.1793063504033312
19.150000000000002,-1.4982297504017259,1.20369273343395
19.16,-1.486063796830466,1.2297903824309155
19.170000000000002,-1.4736274328015393,1.2578114258933035
19.18,-1.4609002008379648,1.2880083774170525
19.190000000000001,-1.4478588944490094,1.3206800746527234
19.199999999999999,-1.4344770115992205,1.3561882321908418
19.210000000000001,-1.4207240585436638,1.3949727698576799
19.219999999999999,-1.4065646513992487,1.4375771192684996
19.23,-1.3919573385700699,1.4846775544205673
19.240000000000002,-1.3768530330051811,1.5371330992346146
19.25,-1.3611928865547573,1.5960518459895272
19.260000000000002,-1.3449053008786904,1.6628926163042728
19.27,-1.3279017199705723,1.7396219726358786
19.280000000000001,-1.3100703291737512,1.8289674877207673
19.289999999999999,-1.2912667969806928,1.9348417402337623
19.300000000000001,-1.2712984829613778,2.0631040063702146
19.309999999999999,-1.2498989496473527,2.2230089256276804
19.32,-1.2266806655711522,2.4302483556311842
19.330000000000002,-1.2010401194489364,2.714154726656103
19.34,-1.1719385645772216,3.1380816799625522
19.350000000000001,-1.1372701044073572,3.8760452456238976
19.359999999999999,-1.0910927839882536,5.7262063342759211
19.370000000000001,1.9988118555488856,-0.66732732289981411
19.379999999999999,1.9921198885894593,-0.67107661609028191
19.390000000000001,1.985390082939047,-0.67489542579805717
19.400000000000002,1.9786217363464589,-0.67878533459663049
19.41,1.9718141240633882,-0.68274891088444045
19.420000000000002,1.9649664979877737,-0.68678849322259128
19.43,1.9580780853921769,-0.69090648461869097
19.440000000000001,1.9511480879508722,-0.69510584957684007
19.449999999999999,1.9441756803405974,-0.69938912057870284
19.460000000000001,1.9371600091309211,-0.70375892291752362
19.469999999999999,1.9301001912656188,-0.70821890809657717
19.48,1.9229953126895889,-0.71277174923643893
19.490000000000002,1.915844426663813,-0.71742090201108166
19.5,1.908646552282788,-0.72217002362712723
19.510000000000002,1.9014006725802388,-0.72702264130280281
19.52,1.8941057326717285,-0.73198240218222366
19.530000000000001,1.8867606377168793,-0.7370541310836457
19.539999999999999,1.8793642507802126,-0.74224180651388372
19.550000000000001,1.8719153904997574,-0.74754972218999216
19.559999999999999,1.8644128286334236,-0.75298291281712559
19.57,1.8568552872633375,-0.75854630865398165
19.580000000000002,1.8492414361764147,-0.76424577412916683
19.59,1.8415698895510155,-0.77008511863510121
19.600000000000001,1.833839202703228,-0.77607477178707107
19.609999999999999,1.8260478686250141,-0.78221701076171968
19.620000000000001,1.8181943139225145,-0.78851994082467092
19.629999999999999,1.8102768948614507,-0.79499111570792258
19.640000000000001,1.8022938926959062,-0.80163796755644412
19.650000000000002,1.7942435087796507,-0.80846884088094073
19.66,1.7861238592302,-0.8154923646401615
19.670000000000002,1.7779329692198722,-0.82271844069457856
19.68,1.7696687665857811,-0.83015615850854707
19.690000000000001,1.7613290749588582,-0.83781781309952608
19.699999999999999,1.7529116063924317,-0.84571393773064596
19.710000000000001,1.7444139528292057,-0.85385709972208057
19.719999999999999,1.7358335772808846,-0.86226068351500218
19.73,1.7271678037908431,-0.87093789561310286
19.740000000000002,1.7184138066464072,-0.87990800870826358
19.75,1.7095685981354038,-0.88918405963499192
19.760000000000002,1.7006290152275603,-0.89878579953929327
19.77,1.6915917048477442,-0.908733016335458
19.780000000000001,1.6824531071158841,-0.91904699074687091
19.789999999999999,1.6732094374290072,-0.92974993665249717
19.800000000000001,1.6638566657415654,-0.94087165300974995
19.809999999999999,1.6543904934305571,-0.95243619185278283
19.82,1.6448063277376661,-0.96447559799369309
19.830000000000002,1.6350992523026617,-0.97702390445131138
19.84,1.6252639947355185,-0.99011841540091206
19.850000000000001,1.6152948887057357,-1.003800594417696
19.859999999999999,1.6051858317799625,-1.018116390540041
19.870000000000001,1.5949302360592181,-1.0331168493513352
19.879999999999999,1.5845209732809868,-1.0488596665219103
19.890000000000001,1.5739503091344151,-1.0654082089659238
19.900000000000002,1.56320982890308,-1.0828352365958125
19.91,1.5522903505191412,-1.1012220250788665
19.920000000000002,1.5411818219835824,-1.1206612789045278
19.93,1.5298732008913918,-1.1412584580042384
19.940000000000001,1.5183523134183501,-1.1631353660605004
19.949999999999999,1.5066056818784688,-1.1864316568371029
19.960000000000001,1.4946183210142805,-1.2113098167723997
19.969999999999999,1.4823734913776681,-1.2379587959330369
19.98,1.469852393249065,-1.2666026602179088
19.990000000000002,1.4570337965660516,-1.297505497565943
20,1.4438935729728606,-1.3309844540076556
