t,y1,y2
0,2,0
0.01,1.9933135592712456,-0.67040456366556711
0.02,1.9865890764605783,-0.6742115437888524
0.029999999999999999,1.9798261710255205,-0.67808948459645912
0.040000000000000001,1.9730241177369832,-0.68204066465158031
0.050000000000000003,1.9661821680128637,-0.68606746694759013
0.059999999999999998,1.9592995486556124,-0.69017238524400049
0.070000000000000007,1.9523754607029562,-0.69435803079233049
0.080000000000000002,1.9454090781964526,-0.69862713957539391
0.089999999999999997,1.9383995480165868,-0.70298257930936947
0.10000000000000001,1.9313461207810025,-0.70742727419178908
0.11,1.9242477093352655,-0.71196449043205945
0.12,1.9171034529061948,-0.71659749137284867
0.13,1.9099123696782325,-0.72132976459108877
0.14000000000000001,1.9026734421285252,-0.72616497903773281
0.14999999999999999,1.8953856146395336,-0.73110699767784926
0.16,1.8880477914936924,-0.73615989090122913
0.17000000000000001,1.8806588366474775,-0.74132794963304693
0.17999999999999999,1.8732177194912476,-0.74661559542580769
0.19,1.8657230185986007,-0.75202774767633507
0.20000000000000001,1.8581735514241489,-0.75756939526936973
0.20999999999999999,1.8505679866928766,-0.76324588903910162
0.22,1.8429049376132201,-0.76906289644179793
0.23000000000000001,1.8351829582952146,-0.77502642629970431
0.23999999999999999,1.8274005873605648,-0.78114281820878084
0.25,1.8195563119113485,-0.7874187952682915
0.26000000000000001,1.8116484013920537,-0.79386162745699695
0.27000000000000002,1.8036751785872025,-0.80047894869712488
0.28000000000000003,1.7956348432821134,-0.80727893238396387
0.28999999999999998,1.7875255541035617,-0.81427026269795666
0.29999999999999999,1.7793453996409296,-0.82146220039169737
0.31,1.7710922363551622,-0.82886477438028128
0.32000000000000001,1.7627639211042767,-0.83648863356497649
0.33000000000000002,1.7543581930792143,-0.84434520736259333
0.34000000000000002,1.745872713748426,-0.85244673519955916
0.35000000000000003,1.7373049078623175,-0.86080649152896271
0.35999999999999999,1.728652115549816,-0.86943872916971621
0.37,1.7199115793857778,-0.87835877938423645
0.38,1.7110803299342818,-0.88758327378856439
0.39000000000000001,1.7021552011770298,-0.89713025198866947
0.40000000000000002,1.6931329091731087,-0.90701921368143623
0.41000000000000003,1.6840099196387477,-0.91727141480330932
0.41999999999999998,1.6747824526593658,-0.92791004255577092
0.42999999999999999,1.6654466161847332,-0.93896026250781006
0.44,1.6559980267987617,-0.95044989428788329
0.45000000000000001,1.6464322178169764,-0.96240919958848359
0.46000000000000002,1.6367442975743647,-0.97487160139393558
0.47000000000000003,1.6269290799689726,-0.98787388379537577
0.47999999999999998,1.6169809301164801,-1.001456815326403
0.48999999999999999,1.6068938629110996,-1.0156655075880592
0.5,1.5966613392631663,-1.0305502776929243
0.51000000000000001,1.5862763307619712,-1.0461672485512028
0.52000000000000002,1.5757312201347842,-1.0625793056752617
0.53000000000000003,1.5650176962307409,-1.0798572412470628
0.54000000000000004,1.5541267023860348,-1.0980810156161256
0.55000000000000004,1.543048336206726,-1.1173413487765755
0.56000000000000005,1.531771749335505,-1.1377416296585072
0.57000000000000006,1.5202849254362314,-1.159400455619999
0.57999999999999996,1.5085746317440716,-1.1824543844667179
0.58999999999999997,1.4966261330021891,-1.2070617983236502
0.59999999999999998,1.4844229925615715,-1.2334075044595363
0.60999999999999999,1.4719467803164452,-1.261708701255192
0.62,1.4591766837177693,-1.29222273652783
0.63,1.4460890784648313,-1.3252571435745679
0.64000000000000001,1.43265695912866,-1.3611829865317133
0.65000000000000002,1.4188492183457126,-1.4004528146149642
0.66000000000000003,1.4046297313156801,-1.4436251916400245
0.67000000000000004,1.389956110960116,-1.4913990374351356
0.68000000000000005,1.3747780463345802,-1.544662629863786
0.69000000000000006,1.3590351758734662,-1.6045647464690134
0.70000000000000007,1.3426538776941175,-1.6726225195699469
0.70999999999999996,1.325542839486574,-1.7508886101391108
0.71999999999999997,1.3075865071659321,-1.8422215935338755
0.72999999999999998,1.2886348969752004,-1.9507451099725115
0.73999999999999999,1.2684872495651154,-2.0826729845606704
0.75,1.2468640665278607,-2.2479048848330647
0.76000000000000001,1.2233555633312994,-2.4634182526186987
0.77000000000000002,1.1973162465117042,-2.7614710762372394
0.78000000000000003,1.1676154830633936,-3.2135279167032582
0.79000000000000004,1.1318896207511409,-4.0251698105559193
0.80000000000000004,1.0829363290773171,-6.2661311101381276
0.81000000000000005,-1.9978947387402892,0.66783843466628978
0.82000000000000006,-1.9911961502200124,0.67159810405188713
0.83000000000000007,-1.9844596224612545,0.67542723164710827
0.83999999999999997,-1.9776844456125637,0.6793280279306021
0.84999999999999998,-1.970869887326135,0.68330280370522722
0.85999999999999999,-1.9640151913783668,0.68735397621037153
0.87,-1.9571195765722942,0.69148407552302205
0.88,-1.9501822355613014,0.69569575144139129
0.89000000000000001,-1.9432023336066442,0.69999178088700842
0.90000000000000002,-1.9361790238066898,0.70437506539508998
0.91000000000000003,-1.9291114679935311,0.70884862504975321
0.92000000000000004,-1.921998780221416,0.71341564110556788
0.93000000000000005,-1.9148398579939887,0.71807957638801712
0.94000000000000006,-1.9076337921043773,0.72284392120657714
0.95000000000000007,-1.9003795530635057,0.72771240440973939
0.95999999999999996,-1.8930760728277403,0.73268895290101899
0.96999999999999997,-1.8857222425851115,0.73777770547762944
0.97999999999999998,-1.8783169304632936,0.74298301358234664
0.98999999999999999,-1.870858993467071,0.74830944662252719
1,-1.8633471542895366,0.75376189489407053
1.01,-1.8557801347555625,0.75934549386076033
1.02,-1.8481565863164873,0.76506569174446015
1.03,-1.8404751038992035,0.7709282609443967
1.04,-1.8327342246703733,0.77693932142779454
1.05,-1.8249325377615733,0.78310527838332644
1.0600000000000001,-1.8170683672960057,0.78943309774898529
1.0700000000000001,-1.8091400406278788,0.79593012896178605
1.0800000000000001,-1.8011458426086597,0.80260417128738515
1.0900000000000001,-1.7930839466685067,0.80946356654368334
1.1000000000000001,-1.7849525066384364,0.81651716139923547
1.1100000000000001,-1.7767495231870809,0.82377446617913752
1.1200000000000001,-1.7684728899869857,0.83124566663718602
1.1300000000000001,-1.7601203946916664,0.8389416796773973
1.1400000000000001,-1.7516897655243147,0.84687417040947988
1.1500000000000001,-1.7431785965479298,0.85505568883672523
1.1599999999999999,-1.7345842736950576,0.86349982021230409
1.1699999999999999,-1.7259040975607156,0.87222115603222272
1.1799999999999999,-1.7171353237367752,0.88123534385812674
1.1899999999999999,-1.7082748064501656,0.89055956212480269
1.2,-1.6993193763476782,0.90021226284093703
1.21,-1.6902657238554162,0.91021342431521368
1.22,-1.6811101899528382,0.92058494199794738
1.23,-1.6718489679419819,0.9313505965861294
1.24,-1.6624780202872846,0.94253635243704581
1.25,-1.652992940641745,0.95417076604392526
1.26,-1.6433891840814854,0.96628498973936094
1.27,-1.6336616660854193,0.97891359114199683
1.28,-1.6238051563602425,0.99209443743108217
1.29,-1.6138138516561389,1.00586968582953
1.3,-1.6036816331255817,1.0202859674086522
1.3100000000000001,-1.5934018112516064,1.0353953436783387
1.3200000000000001,-1.5829671380888859,1.0512560255961916
1.3300000000000001,-1.5723698518896418,1.0679331664249783
1.3400000000000001,-1.5616013549095391,1.0855003917231616
1.3500000000000001,-1.5506523680222353,1.1040408173658678
1.3600000000000001,-1.5395126933611119,1.1236489496730178
1.3700000000000001,-1.5281711249286722,1.1444327030933197
1.3800000000000001,-1.5166152985879009,1.1665159606855371
1.3900000000000001,-1.5048315123243039,1.19004175967717
1.4000000000000001,-1.4928045380114081,1.2151762290809469
1.4099999999999999,-1.4805173530531701,1.242113660478626
1.4199999999999999,-1.4679507924353048,1.2710830431179616
1.4299999999999999,-1.4550832138459115,1.3023563341443278
1.4399999999999999,-1.4418900319642023,1.3362593849700168
1.45,-1.4283429890822887,1.3731868732632959
1.46,-1.4144095101605094,1.4136217559562554
1.47,-1.4000516641152445,1.4581625447192619
1.48,-1.385224750284525,1.50756178290543
1.49,-1.3698755773965268,1.5627808001229133
1.5,-1.3539399613436185,1.6250708434143635
1.51,-1.337339280792857,1.696096111205037
1.52,-1.3199754398215069,1.7781275360568487
1.53,-1.3017233065592226,1.8743608901502351
1.54,-1.282419058351346,1.9894649401912454
1.55,-1.2618409124549681,2.1305887309662315
1.5600000000000001,-1.2396754819339768,2.3093629041279593
1.5700000000000001,-1.2154540626659238,2.5463096874852273
1.5800000000000001,-1.1884168214428008,2.8820673989851473
1.5900000000000001,-1.1571711708591603,3.4128252870837557
1.6000000000000001,-1.1185492859612287,4.4530333808377609
1.6100000000000001,-1.0601305136279879,8.5484431556252893
1.6200000000000001,1.9957854757618416,-0.66901719158102668
1.6300000000000001,1.9890749931266265,-0.67279854133977013
1.6400000000000001,1.9823263497491377,-0.67665003616851449
1.6500000000000001,1.9755388287538909,-0.68057391758850327
1.6600000000000001,1.968711690372263,-0.68457252931964419
1.6699999999999999,1.9618441706228138,-0.68864832348778338
1.6799999999999999,1.9549354801876524,-0.69280386717401687
1.6899999999999999,1.947984803218292,-0.69704184945576342
1.7,1.9409912960610269,-0.70136508898826877
1.71,1.9339541179210882,-0.70577652187564233
1.72,1.9268724326788724,-0.71027920731143124
1.73,1.9197452060941629,-0.71487646537017013
1.74,1.9125715192580128,-0.71957168816412365
1.75,1.9053503679236969,-0.72436847636687995
1.76,1.8980807107503237,-0.7292706198493647
1.77,1.8907614670601189,-0.73428211082670203
1.78,1.8833915147282663,-0.73940715799282319
1.79,1.875969725865777,-0.74465017476666029
1.8,1.8684949573746084,-0.75001579936233043
1.8100000000000001,1.8609658515776661,-0.75550905487659414
1.8200000000000001,1.8533811459144951,-0.76113514636965507
1.8300000000000001,1.8457394743447832,-0.76689962175010107
1.8400000000000001,1.838039413187859,-0.77280836086694371
1.8500000000000001,1.8302795004660366,-0.77886758338238682
1.8600000000000001,1.8224582468567354,-0.78508386452341439
1.8700000000000001,1.8145739985621063,-0.79146427109737305
1.8800000000000001,1.8066250817842795,-0.79801628059711449
1.8900000000000001,1.7986097264324645,-0.80474787494834588
1.9000000000000001,1.7905260961136671,-0.81166755398455437
1.9100000000000001,1.7823723083391507,-0.81878435839607044
1.9199999999999999,1.7741463613279922,-0.82610797727913954
1.9299999999999999,1.765846038335289,-0.83364888915115321
1.9399999999999999,1.7574691318235987,-0.84141822060961502
1.95,1.7490133581888987,-0.84942787970066258
1.96,1.7404762289411104,-0.85769074989993699
1.97,1.7318551182241444,-0.86622070957964359
1.98,1.7231472919732043,-0.87503269301386877
1.99,1.7143498962645216,-0.8841428003481181
2,1.7054597899802983,-0.89356858504707681
2.0100000000000002,1.696473745307582,-0.90332897941124357
2.02,1.6873883573320576,-0.91344453111484447
2.0300000000000002,1.6781998944054508,-0.92393773891930553
2.04,1.6689045074066597,-0.9348330136992552
2.0499999999999998,1.6594980286626713,-0.94615712539310093
2.0600000000000001,1.6499760191791952,-0.95793940491078877
2.0699999999999998,1.6403337588857705,-0.97021204968193764
2.0800000000000001,1.630566140318273,-0.98301059611316277
2.0899999999999999,1.6206677341617621,-0.99637423673751635
2.1000000000000001,1.6106326644693028,-1.0103464444315358
2.1099999999999999,1.6004545907680048,-1.0249755514314838
2.1200000000000001,1.5901267170524029,-1.0403153745789213
2.1299999999999999,1.5796416169257927,-1.0564262380836436
2.1400000000000001,1.5689912353068676,-1.0733758924869019
2.1499999999999999,1.5581668652066707,-1.0912406420353116
2.1600000000000001,1.5471588522154129,-1.1101071556264663
2.1699999999999999,1.5359567331889448,-1.1300738627683888
2.1800000000000002,1.5245489493781406,-1.1512534223560149
2.1899999999999999,1.5129227304043944,-1.1737753935204664
2.2000000000000002,1.5010639449398093,-1.197789569385127
2.21,1.4889568091552845,-1.2234703992158447
2.2200000000000002,1.4765836451508962,-1.2510223788558172
2.23,1.4639245883936103,-1.2806869637496743
2.2400000000000002,1.4509571096807619,-1.3127518121559583
2.25,1.4376554984779444,-1.347562804757219
2.2600000000000002,1.4239902813119549,-1.3855399037347842
2.27,1.4099272955970399,-1.4271992044037474
2.2800000000000002,1.3954266263183828,-1.4731830638486554
2.29,1.3804411596305237,-1.5243028221245689
2.3000000000000003,1.3649144889469398,-1.5816011082552992
2.3100000000000001,1.3487783339404877,-1.6464434694218426
2.3199999999999998,1.3319485556048138,-1.7206601715974437
2.3300000000000001,1.3143194954972253,-1.8067715378326907
2.3399999999999999,1.2957553778803537,-1.9083632444266927
2.3500000000000001,1.276076630264424,-2.0307461100797446
2.3599999999999999,1.2550371901912614,-2.1821946844601974
2.3700000000000001,1.2322837426062334,-2.3764827422953911
2.3799999999999999,1.2072758964177581,-2.6386996912524712
2.3900000000000001,1.1791085275877058,-3.0209337591418279
2.3999999999999999,1.1460309404494018,-3.6566454763885372
2.4100000000000001,1.1035991519855695,-5.0628985473848731
2.4199999999999999,1.0202219674331543,-24.316175931470962
2.4300000000000002,-1.9936723415830395,0.67020279596647037
2.4399999999999999,-1.9869498950091222,0.67400604098631212
2.4500000000000002,-1.980189063877615,0.6778801276213825
2.46,-1.9733891242805615,0.68182732898005904
2.4700000000000002,-1.9665493289179543,0.68585002231092651
2.48,-1.9596689059426287,0.68995069527755792
2.4900000000000002,-1.9527470577991461,0.69413195266622396
2.5,-1.9457829600068659,0.69839652359283966
2.5100000000000002,-1.9387757598618258,0.70274726926107156
2.52,-1.9317246225706048,0.70718716111114155
2.5300000000000002,-1.924628700899035,0.71171930660527005
2.54,-1.9174869219909529,0.71634709541053077
2.5500000000000003,-1.9102983699218115,0.72107396528409695
2.5600000000000001,-1.903062028927146,0.72590357525977212
2.5699999999999998,-1.8957768454761001,0.73083977759164709
2.5800000000000001,-1.8884417260508206,0.7358866312118687
2.5899999999999999,-1.8810555349845737,0.74104841624503115
2.6000000000000001,-1.8736171481768524,0.74632960958833483
2.6099999999999999,-1.8661253890529252,0.75173494403776664
2.6200000000000001,-1.8585788851938574,0.75726953041370715
2.6299999999999999,-1.850976356500853,0.76293866881246253
2.6400000000000001,-1.8433164191242917,0.76874800919813435
2.6499999999999999,-1.8355976304240615,0.7747035414687149
2.6600000000000001,-1.8278185289638935,0.78081158760241076
2.6699999999999999,-1.8199776092977571,0.78707884576547182
2.6800000000000002,-1.8120731440756412,0.79351256250754298
2.6899999999999999,-1.804103460586721,0.80012034561371059
2.7000000000000002,-1.7960667630284686,0.80691034035312659
2.71,-1.787961210790302,0.8138912038013989
2.7200000000000002,-1.7797849010881668,0.8210721605017951
2.73,-1.7715356963789626,0.82846320242881377
2.7400000000000002,-1.7632114590167423,0.83607493909789998
2.75,-1.754809929979217,0.84391876065678073
2.7600000000000002,-1.7463287735231772,0.85200686296995909
2.77,-1.7377654378912288,0.86035245250301606
2.7800000000000002,-1.7291172628365445,0.86896973212598816
2.79,-1.7203814943761986,0.87787397460855243
2.8000000000000003,-1.7115551769414203,0.88708173648401833
2.8100000000000001,-1.7026351542265805,0.89661097945597279
2.8199999999999998,-1.6936181475716503,0.90648112259285041
2.8300000000000001,-1.6845006395403073,0.91671331978363857
2.8399999999999999,-1.6752788569388029,0.92733065729877084
2.8500000000000001,-1.665948900959908,0.93835820519824531
2.8599999999999999,-1.6565064852780775,0.94982354910202449
2.8700000000000001,-1.6469470919986122,0.96175687854932335
2.8799999999999999,-1.6372658357033991,0.97419145975018295
2.8900000000000001,-1.6274575672822751,0.98716386131853218
2.8999999999999999,-1.61751668071065,1.0007146202467645
2.9100000000000001,-1.6074372081375585,1.0148886038997389
2.9199999999999999,-1.5972126373336886,1.0297358386335156
2.9300000000000002,-1.5868359924105344,1.0453120775691527
2.9399999999999999,-1.5762996646664527,1.0616798551781725
2.9500000000000002,-1.5655953902069353,1.078909496665061
2.96,-1.5547141323000873,1.0970804703027923
2.9700000000000002,-1.5436460585391116,1.1162828404769052
2.98,-1.5323803823856645,1.1366192468434781
2.9900000000000002,-1.5209051278752295,1.1582074506097073
3,-1.5092071548643411,1.1811829205569797
3.0100000000000002,-1.4972718047871558,1.2057027795806137
3.02,-1.4850827331657392,1.2319502960831168
3.0300000000000002,-1.47262165456689,1.2601406912510575
3.04,-1.4598678556424471,1.2905290220419865
3.0500000000000003,-1.4467978907016794,1.3234197980683693
3.0600000000000001,-1.4333849566707422,1.3591802655961867
3.0700000000000003,-1.4195981743351453,1.3982580966316527
3.0800000000000001,-1.405401742893071,1.4412053384040957
3.0899999999999999,-1.3907535987518826,1.4887124654169541
3.1000000000000001,-1.3756039770980379,1.5416558281667285
3.1099999999999999,-1.3598930562194733,1.6011681652768117
3.1200000000000001,-1.3435480417004988,1.6687432749426252
3.1299999999999999,-1.32647871806329,1.7463994748449212
3.1400000000000001,-1.3085710499293763,1.8369427743501077
3.1499999999999999,-1.2896772340273723,1.9444126588392054
3.1600000000000001,-1.2695997982584828,2.0748803017899853
3.1699999999999999,-1.2480644686814109,2.2379856203543333
3.1800000000000002,-1.2246704136994386,2.4501855186621264
3.1899999999999999,-1.1987890796851604,2.7425465894815222
3.2000000000000002,-1.1693271617951184,3.1831977519497765
3.21,-1.134027440900331,3.9644910260075936
3.2200000000000002,-1.0862269868367131,6.0360593625718169
3.23,1.9982521531509063,-0.66763915515914884
3.2400000000000002,1.9915555754016372,-0.67139516797717336
3.25,1.9848210957251817,-0.67522052344373662
3.2600000000000002,1.9780480054950875,-0.67911742682213461
3.27,1.9712355736148983,-0.68308818338906052
3.2800000000000002,1.9643830451650937,-0.68713520453054411
3.29,1.9574896403125763,-0.69126101411618435
3.3000000000000003,1.9505545531431192,-0.69546825535333434
3.3100000000000001,1.9435769504157447,-0.69975969816525607
3.3200000000000003,1.936555984180182,-0.70413823829792122
3.3300000000000001,1.9294908709896528,-0.70860685422463277
3.3399999999999999,1.9223805495418405,-0.71316883176280732
3.3500000000000001,1.9152241218424884,-0.71782749547340585
3.3599999999999999,1.9080206043841934,-0.72258637457805341
3.3700000000000001,1.900768969816917,-0.72744918763849631
3.3799999999999999,1.8934681522193539,-0.7324198506171552
3.3900000000000001,1.8861170450167239,-0.73750249060511419
3.3999999999999999,1.8787145156423029,-0.74270144867795029
3.4100000000000001,1.871259417853832,-0.74802128506737986
3.4199999999999999,1.8637504943948466,-0.75346686318508205
3.4300000000000002,1.856186461200235,-0.75904330915287133
3.4399999999999999,1.8485659726545505,-0.76475605451505513
3.4500000000000002,1.8408876268084486,-0.77061085369794269
3.46,1.8331499617077978,-0.77661380931027379
3.4700000000000002,1.8253515161346991,-0.78277134833752793
3.48,1.817490720614406,-0.78909033354893721
3.4900000000000002,1.8095658682956108,-0.79557811931492517
3.5,1.8015752399770621,-0.8022424849098071
3.5100000000000002,1.7935170136200747,-0.80909174327186495
3.52,1.7853893439057307,-0.8161347131905482
3.5300000000000002,1.7771902496747813,-0.82338085936689698
3.54,1.7689176119410817,-0.83084034623784686
3.5500000000000003,1.7605692333346201,-0.83852404196349806
3.5600000000000001,1.7521428439920683,-0.84644357118019908
3.5700000000000003,1.7436360555906871,-0.85461142466419149
3.5800000000000001,1.7350462485461842,-0.86304114597312775
3.5899999999999999,1.7263707329331279,-0.87174726604450004
3.6000000000000001,1.7176067467459279,-0.88074539454423251
3.6099999999999999,1.7087512148691824,-0.8900525738217554
3.6200000000000001,1.6998009436553319,-0.89968721105749527
3.6299999999999999,1.6907526225922678,-0.90966920765960546
3.6400000000000001,1.6816026341508246,-0.92002032771198539
3.6499999999999999,1.6723471645758605,-0.93076426193903017
3.6600000000000001,1.6629821957918849,-0.94192684395281145
3.6699999999999999,1.6535033315797194,-0.95353649609576596
3.6800000000000002,1.6439060374973509,-0.96562422117707825
3.6899999999999999,1.634185305125144,-0.97822433330015535
3.7000000000000002,1.6243358307444664,-0.99137461754654466
3.71,1.6143518852841743,-1.0051169335521273
3.7200000000000002,1.6042273828007629,-1.0194976350670841
3.73,1.5939556230073095,-1.0345685345162787
3.7400000000000002,1.5835294220901648,-1.050387445145949
3.75,1.5729410434009357,-1.0670191268374318
3.7600000000000002,1.5621819338120586,-1.0845367216205604
3.77,1.5512428527102295,-1.1030227989225521
3.7800000000000002,1.5401136531273494,-1.1225712088762738
3.79,1.5287831873784072,-1.1432890872430119
3.8000000000000003,1.5172391583752025,-1.1652993867429398
3.8100000000000001,1.5054679416919181,-1.1887440247403864
3.8200000000000003,1.4934543870913903,-1.2137877981155654
3.8300000000000001,1.4811815918977642,-1.2406233073835848
3.8399999999999999,1.4686305188725073,-1.2694774825139843
3.8500000000000001,1.4557796311935141,-1.3006198184718225
3.8599999999999999,1.4426045148952338,-1.3343729604032226
3.8700000000000001,1.4290772070735167,-1.3711272494703104
3.8799999999999999,1.4151653136448337,-1.411360496880435
3.8900000000000001,1.4008312259610478,-1.4556641719654955
3.8999999999999999,1.3860306642135609,-1.5047813172619866
3.9100000000000001,1.3707109418913024,-1.559660340470757
3.9199999999999999,1.3548085414849109,-1.6215343264357289
3.9300000000000002,1.3382457260324803,-1.6920412588701867
3.9399999999999999,1.3209255848278254,-1.7734130925706564
3.9500000000000002,1.3027247094030241,-1.8687848373870608
3.96,1.2834817382990749,-1.9827265683720214
3.9700000000000002,1.2629786547315698,-2.1222166027107447
3.98,1.2409082261850923,-2.2985658745762794
3.9900000000000002,1.2168125282766427,-2.5316323253601953
4,1.1899530551500341,-2.8604487528200369
4.0099999999999998,1.1589873412162381,-3.3762990043218122
4.0200000000000005,1.1209094990991337,-4.3704879482777699
4.0300000000000002,1.0645470191734372,-7.9813081135197654
4.04,-1.996143373647514,0.66881685283596093
4.0499999999999998,-1.9894349172179666,0.67259450902957874
4.0600000000000005,-1.9826883938842874,0.67644216085917641
4.0700000000000003,-1.9759029714584355,0.6803621110334922
4.0800000000000001,-1.9690779718127183,0.6843566634435857
4.0899999999999999,-1.9622126323037465,0.68842826424727444
4.0999999999999996,-1.9553061650009445,0.69257947420016974
4.1100000000000003,-1.9483577555055365,0.696812975666529
4.1200000000000001,-1.9413665616852203,0.70113158016784227
4.1299999999999999,-1.9343317417176267,0.70553821789149185
4.1399999999999997,-1.9272524591602784,0.71003594134301207
4.1500000000000004,-1.9201276906669069,0.7146280561432643
4.1600000000000001,-1.9129565146313023,0.71931794813855021
4.1699999999999999,-1.9057379287419052,0.72410920822435088
4.1799999999999997,-1.8984708937041426,0.72900561582428947
4.1900000000000004,-1.8911543309981635,0.73401115197850475
4.2000000000000002,-1.8837871207722201,0.73913001342208062
4.21,-1.8763681344747181,0.74436660295983559
4.2199999999999998,-1.8688962313571948,0.74972554534736824
4.2300000000000004,-1.8613700627865846,0.75521184429113097
4.2400000000000002,-1.8537883658708658,0.76083069128258607
4.25,-1.8461497775570059,0.76658761716099
4.2599999999999998,-1.8384528773449753,0.77248848337324238
4.2700000000000005,-1.8306962031339926,0.77853949249313192
4.2800000000000002,-1.8228782636582548,0.78474720292074229
4.29,-1.8149974267738214,0.79111864405182286
4.2999999999999998,-1.8070520138555661,0.79766127525971309
4.3100000000000005,-1.7990402591198895,0.8043830511932295
4.3200000000000003,-1.7909603268377061,0.81129244545807166
4.3300000000000001,-1.7828103558155688,0.81839845232934094
4.3399999999999999,-1.7745882878186197,0.8257107805310363
4.3500000000000005,-1.7662919974415308,0.8332397941954709
4.3600000000000003,-1.7579192467058755,0.84099661013430316
4.3700000000000001,-1.7494677540520727,0.84899309465459194
4.3799999999999999,-1.7409350423474965,0.85724207667208607
4.3899999999999997,-1.7323184932082281,0.86575737898309624
4.4000000000000004,-1.7236153758280859,0.87455387953968489
4.4100000000000001,-1.7148228458680006,0.88364761032752992
4.4199999999999999,-1.7059377795830633,0.89305604152549378
4.4299999999999997,-1.6969569502067263,0.90279803212071408
4.4400000000000004,-1.6878769632035444,0.91289403855419138
4.4500000000000002,-1.6786941111214249,0.92336644270496082
4.46,-1.6694045463347635,0.93423955341100406
4.4699999999999998,-1.6600041214745163,0.94554000432752527
4.4800000000000004,-1.6504884071403307,0.95729698826586707
4.4900000000000002,-1.6408527100168635,0.96954252661231899
4.5,-1.6310919291468398,0.98231198544624965
4.5099999999999998,-1.6212006673111978,0.9956443315767679
4.5200000000000005,-1.6111730628361873,1.0095828083751011
4.5300000000000002,-1.6010028098473026,1.0241754594564918
4.54,-1.5906831337987855,1.0394757939418673
4.5499999999999998,-1.5802066406142214,1.0555437684891065
4.5600000000000005,-1.5695653116318222,1.0724467065482097
4.5700000000000003,-1.5587504796260925,1.0902604162158462
4.5800000000000001,-1.5477525486533625,1.1090709597463662
4.5899999999999999,-1.5365610986829943,1.1289760911807671
4.6000000000000005,-1.5251646318523933,1.1500876462037324
4.6100000000000003,-1.5135504479849504,1.1725341981979374
4.6200000000000001,-1.5017044851640711,1.1964643757568432
4.6299999999999999,-1.4896110732414756,1.2220511442435635
4.6399999999999997,-1.4772526170681013,1.2494972864454386
4.6500000000000004,-1.4646094135188388,1.279041994594514
4.6600000000000001,-1.451659040766528,1.3109702919586452
4.6699999999999999,-1.4383760172076621,1.3456244743943384
4.6799999999999997,-1.4247310646000322,1.3834201159725172
4.6900000000000004,-1.410690338753438,1.4248673675321737
4.7000000000000002,-1.3962142125791182,1.4706010392135951
4.71,-1.3812560010521939,1.5214220798612792
4.7199999999999998,-1.3657598968426208,1.5783586121432704
4.7300000000000004,-1.3496583220302072,1.6427559359552713
4.7400000000000002,-1.3328681092064933,1.7164147066723849
4.75,-1.3152849351283624,1.8018105810288179
4.7599999999999998,-1.2967749112423033,1.9024589917614898
4.7700000000000005,-1.2771613029524238,2.0235540906216287
4.7800000000000002,-1.2562023989407902,2.1731643671957994
4.79,-1.2335521505340643,2.3646661479078501
4.7999999999999998,-1.2086833674087587,2.6222876972337006
4.8100000000000005,-1.1807181877037789,2.9959038084556724
4.8200000000000003,-1.1479752834034622,3.6114594656002761
4.8300000000000001,-1.1062750570945441,4.9411800703975155
4.8399999999999999,-1.030707374800456,16.394024148442647
4.8500000000000005,1.9940308734403982,-0.67000130498459642
4.8600000000000003,1.9873104602851857,-0.67380082259423302
4.8700000000000001,1.9805517005634314,-0.67767106309199288
4.8799999999999999,1.973753871677778,-0.681614294138708
4.8899999999999997,1.9669162276123351,-0.68563288725548366
4.9000000000000004,1.9600379978632863,-0.68972932403292875
4.9100000000000001,1.953118386279612,-0.69390620281517879
4.9199999999999999,1.946156569852729,-0.69816624587647613
4.9299999999999997,1.9391516974231693,-0.70251230714776958
4.9400000000000004,1.932102933185454,-0.70694735202552439
4.9500000000000002,1.9250094333687389,-0.7114744787129893
4.96,1.9178701285600903,-0.7160970669815151
4.9699999999999998,1.9106841038951465,-0.7208185457916837
4.9800000000000004,1.9034503455710869,-0.72564256419957363
4.9900000000000002,1.8961678021418313,-0.73057296378785208
5,1.8888353822805604,-0.73561379207668676
5.0099999999999998,1.8814519526321749,-0.74076931697117343
5.0200000000000005,1.8740163884666876,-0.74604400449908237
5.0300000000000002,1.8665275212659647,-0.75144256956610445
5.04,1.8589839764318628,-0.75697011136409587
5.0499999999999998,1.8513844792030183,-0.76263191204619152
5.0600000000000005,1.8437276487709178,-0.76843360410539197
5.0700000000000003,1.8360120457349434,-0.77438115859500067
5.0800000000000001,1.8282362085882744,-0.78048087995996318
5.0899999999999999,1.8203986379636838,-0.78673944263164775
5.1000000000000005,1.8124976124196348,-0.79316406766838488
5.1100000000000003,1.80453146237853,-0.79976233790947315
5.1200000000000001,1.7964983964344972,-0.80654237062781964
5.1299999999999999,1.788396574727493,-0.81351279592785253
5.1399999999999997,1.7802241012105446,-0.82068280396503901
5.1500000000000004,1.7719788480275749,-0.82806234669771284
5.1600000000000001,1.7636586811579011,-0.83566199605853886
5.1699999999999999,1.7552613433466304,-0.84349310313349057
5.1799999999999997,1.7467845014398937,-0.85156782044149693
5.1900000000000004,1.7382256705170134,-0.85989924462740241
5.2000000000000002,1.7295821041129533,-0.86850161190394837
5.21,1.7208510942616353,-0.87739009596068507
5.2199999999999998,1.7120296992335755,-0.88658117866504393
5.2300000000000004,1.7031147723809028,-0.89609274427270968
5.2400000000000002,1.6941030402872872,-0.90594413170017307
5.25,1.6849910023103742,-0.91615639337544064
5.2599999999999998,1.6757748951419038,-0.92675251178543339
5.2700000000000005,1.6664508179009594,-0.93775745556382972
5.2800000000000002,1.6570145024140883,-0.94919867427601401
5.29,1.6474614614876637,-0.96110618866019659
5.2999999999999998,1.6377868521886423,-0.97351306262678106
5.3100000000000005,1.6279855146898292,-0.98645570845607089
5.3200000000000003,1.6180518717987378,-0.99997443326339996
5.3300000000000001,1.6079799727730131,-1.014113862062727
5.3399999999999999,1.5977633320859541,-1.0289237327026564
5.3500000000000005,1.587395025424821,-1.0444594329463694
5.3600000000000003,1.5768674324142153,-1.0607831800795495
5.3700000000000001,1.566172344285047,-1.0779648260538002
5.3799999999999999,1.555300790667032,-1.0960832774298925
5.3899999999999997,1.5442429993519455,-1.1152279571412926
5.4000000000000004,1.5329881472897939,-1.1355009371172395
5.4100000000000001,1.5215244386781843,-1.1570189007093323
5.4199999999999999,1.5098387287214032,-1.1799164133199185
5.4299999999999997,1.4979164742455597,-1.204349279641195
5.4400000000000004,1.4857414120402996,-1.2304992652663136
5.4500000000000002,1.47329539197474,-1.2585796568827694
5.46,1.4605578135770665,-1.2888432135581123
5.4699999999999998,1.4475054029140304,-1.3215914738720995
5.4800000000000004,1.4341115555245687,-1.3571879210793316
5.4900000000000002,1.4203456314600829,-1.3960753818870995
5.5,1.4061721024099068,-1.4387996207369476
5.5099999999999998,1.3915493001201746,-1.486042583959104
5.5200000000000005,1.3764278998506279,-1.5386692136272984
5.5300000000000002,1.3607487019901801,-1.597796211690746
5.54,1.3444397075809402,-1.6648945649247899
5.5499999999999998,1.3274117871868605,-1.7419489365829572
5.5600000000000005,1.3095523497651682,-1.8317142427076682
5.5700000000000003,1.2907157452029705,-1.9381479818933731
5.5800000000000001,1.2707077156924012,-2.0671829271580342
5.5899999999999999,1.2492590948576887,-2.2282079150617982
5.6000000000000005,1.2259776761236787,-2.4371804191695454
5.6100000000000003,1.2002512573581896,-2.7240322899445939
5.6200000000000001,1.1710221131405349,-3.15375877571761
5.6299999999999999,1.1361326295062923,-3.9065928906521674
5.6399999999999997,1.0893998298608998,-5.8302018407260299
5.6500000000000004,-1.9986092374821418,0.66744019265735377
5.6600000000000001,-1.9919147344327608,0.67119251939314672
5.6699999999999999,-1.9851822997211934,0.67501411077504536
5.6799999999999997,-1.9784112930949185,0.67890712955698795
5.6900000000000004,-1.9716009845275342,0.68287387558081392
5.7000000000000002,-1.9647506203920735,0.68691675440356303
5.71,-1.9578594222172192,0.69103828370877063
5.7199999999999998,-1.9509265855143594,0.69524110013863261
5.7300000000000004,-1.9439512785377018,0.69952796664166117
5.7400000000000002,-1.9369326522886985,0.70390177319867631
5.75,-1.9298699546742377,0.70836547162205599
5.7599999999999998,-1.9227620646262622,0.71292237817930693
5.7700000000000005,-1.9156081277229626,0.71757578215688267
5.7800000000000002,-1.9084071549364516,0.72232920794157096
5.79,-1.9011581209563375,0.7271863638821281
5.7999999999999998,-1.8938599619769663,0.73215115504379014
5.8100000000000005,-1.8865115736518112,0.73722769685782807
5.8200000000000003,-1.8791118227144814,0.74242032007860681
5.8300000000000001,-1.8716596077925383,0.74773354113015222
5.8399999999999999,-1.8641536393670064,0.75317223343013551
5.8500000000000005,-1.8565925882922247,0.75874154264359384
5.8600000000000003,-1.8489751553421607,0.76444685264545176
5.8700000000000001,-1.8412999415903755,0.7702938999977742
5.8799999999999999,-1.8335654883839774,0.77628876800360314
5.8899999999999997,-1.825770334490709,0.78243786564660267
5.9000000000000004,-1.8179129247147452,0.78874802477655237
5.9100000000000001,-1.8099915420132824,0.7952265866677074
5.9199999999999999,-1.8020044784680682,0.80188129853908596
5.9299999999999997,-1.7939499165264223,0.80872044458396386
5.9400000000000004,-1.7858260117032576,0.81575281584435433
5.9500000000000002,-1.7776308008233599,0.82298783173027357
5.96,-1.7693621525587981,0.83043563519993768
5.9699999999999998,-1.7610178843271791,0.83810704602933006
5.9800000000000004,-1.7525957281539586,0.8460136485877412
5.9900000000000002,-1.7440933107977221,0.85416787712008901
6,-1.7355080121205502,0.86258322894775474
6.0099999999999998,-1.7268371500541184,0.87127417641606242
6.0200000000000005,-1.7180779534562043,0.88025628183547189
6.0300000000000002,-1.7092273985052187,0.88954647318316094
6.04,-1.7002822808302738,0.89916309792511184
6.0499999999999998,-1.6912392955349382,0.90912597448223487
6.0600000000000005,-1.6820948421974691,0.91945676200525162
6.0700000000000003,-1.6728451140926575,0.93017904713140365
6.0800000000000001,-1.6634861073325504,0.9413185396222874
6.0899999999999999,-1.6540134494618792,0.95290351234254489
6.1000000000000005,-1.6444225983903857,0.96496484098009028
6.1100000000000003,-1.6347085663995222,0.97753666174864451
6.1200000000000001,-1.6248661149488053,0.99065649848975346
6.1299999999999999,-1.614889510753353,1.0043660155107261
6.1400000000000006,-1.6047726964137707,1.0187112979899295
6.1500000000000004,-1.5945089887269084,1.0337438709912923
6.1600000000000001,-1.5840912370328448,1.0495211967714426
6.1699999999999999,-1.5735117519166426,1.066107611585799
6.1799999999999997,-1.5627620032910414,1.0835758116852268
6.1900000000000004,-1.5518327986036147,1.1020078090320629
6.2000000000000002,-1.5407140418080922,1.1214968030619825
6.21,-1.5293946431002625,1.142149158090624
6.2199999999999998,-1.5178623719192721,1.1640869055231551
6.2300000000000004,-1.5061036807981567,1.1874508541813122
6.2400000000000002,-1.4941034966691864,1.2124044829525902
6.25,-1.4818450475883174,1.2391386948666723
6.2599999999999998,-1.469309356281157,1.2678785316075172
6.2700000000000005,-1.4564751344823665,1.2988907250948429
6.2800000000000002,-1.4433180436126809,1.3324949676578695
6.29,-1.4298103256536812,1.3690775547126288
6.2999999999999998,-1.4159199146975543,1.4091108378725168
6.3100000000000005,-1.4016094746681986,1.4531794638860542
6.3200000000000003,-1.3868351110943018,1.5020172200801973
6.3300000000000001,-1.3715446725555658,1.556559695126156
6.3399999999999999,-1.3556752752248578,1.6180222173767385
6.3500000000000005,-1.3391500430601853,1.6880171448906978
6.3600000000000003,-1.3218732738931167,1.7687381115873841
6.3700000000000001,-1.3037232111193879,1.8632610039672475
6.3799999999999999,-1.2845408983729059,1.9760599318181391
6.3900000000000006,-1.2641120208357137,2.1139475487152199
6.4000000000000004,-1.2421353179443153,2.2879264057354298
6.4100000000000001,-1.2181633093171369,2.5172176512628601
6.4199999999999999,-1.1914779851382775,2.8393298211971119
6.4299999999999997,-1.160784450120838,3.340963965727731
6.4400000000000004,-1.1232270016714814,4.2925012085450156
6.4500000000000002,-1.068689018003121,7.5152902372631756
6.46,1.9965012781039067,-0.66861664484542693
6.4699999999999998,1.989794837248974,-0.67239061763757613
6.4800000000000004,1.9830503110061979,-0.6762345014715283
6.4900000000000002,1.9762669849138594,-0.68015052727677416
6.5,1.9694441217255232,-0.68414102754498074
6.5099999999999998,1.9625809601068349,-0.68820844249577651
6.5200000000000005,1.9556767135070503,-0.69235532658223675
6.5300000000000002,1.9487305689758958,-0.69658435547536546
6.54,1.9417416858977148,-0.70089833358679532
6.5499999999999998,1.9347092214172485,-0.70530018521145232
6.5600000000000005,1.927632338131545,-0.70979295659640151
6.5700000000000003,1.9205100248521638,-0.7143799381425493
6.5800000000000001,1.9133413566396422,-0.71906450985497206
6.5899999999999999,1.9061253331038537,-0.72385025289201499
6.6000000000000005,1.8988609169958328,-0.72874093626287961
6.6100000000000003,1.8915470319469581,-0.73374052987524685
6.6200000000000001,1.8841825603713633,-0.73885321854978425
6.6299999999999999,1.8767663730522453,-0.74408339451805294
6.6400000000000006,1.8692973306341365,-0.74943566981488074
6.6500000000000004,1.8617740954019535,-0.7549150274732036
6.6600000000000001,1.8541954031862991,-0.76052664614039789
6.6699999999999999,1.8465598939136343,-0.7662760396542192
6.6799999999999997,1.8388661502527512,-0.7721690511358591
6.6900000000000004,1.8311127099712852,-0.77821186614515148
6.7000000000000002,1.8232980815858559,-0.78441102481673397
6.71,1.8154206701078444,-0.79077350689463521
6.7199999999999998,1.8074787698555366,-0.797306771124352
6.7300000000000004,1.7994706105512384,-0.80401875258067024
6.7400000000000002,1.7913943708875715,-0.81091788765526229
6.75,1.7832482506746405,-0.81801308945464224
6.7599999999999998,1.7750300890705952,-0.82531412542657956
6.7700000000000005,1.7667378257432051,-0.8328312704105626
6.7800000000000002,1.7583692248537208,-0.84057560252221242
6.79,1.749922006917068,-0.84855894659750053
6.7999999999999998,1.7413937061375238,-0.85679407724150425
6.8100000000000005,1.7327817115659787,-0.86529476195861621
6.8200000000000003,1.7240832956290917,-0.87407582267242234
6.8300000000000001,1.7152956203272562,-0.88315322691518072
6.8399999999999999,1.7064155856284451,-0.89254435541527577
6.8500000000000005,1.6974399626004333,-0.90226799751018483
6.8600000000000003,1.6883653673057284,-0.91234451836522568
6.8700000000000001,1.6791881726722471,-0.92279611934748995
6.8799999999999999,1.6699044201411479,-0.93364713538295274
6.8900000000000006,1.6605100382234221,-0.94492400196239001
6.9000000000000004,1.6510006072792986,-0.9566557745148444
6.9100000000000001,1.6413714543412683,-0.96887430758870285
6.9199999999999999,1.6316174974330047,-0.9816147821576231
6.9299999999999997,1.6217333654961115,-0.99491594762466851
6.9400000000000004,1.6117132386977722,-1.0088207815061825
6.9500000000000002,1.6015507894089491,-1.0233771176453577
6.96,1.5912392924536205,-1.0386381217038214
6.9699999999999998,1.5807713859276309,-1.0546633855150096
6.9800000000000004,1.5701390874117567,-1.0715198087181315
6.9900000000000002,1.5593337833594914,-1.089282683326513
7,1.5483459077943844,-1.1080375167461263
7.0099999999999998,1.5371650973489439,-1.1278813705886441
7.0200000000000005,1.5257799146852014,-1.1489252648342245
7.0300000000000002,1.5141777293077832,-1.1712967964404695
7.04,1.5023445480998989,-1.1951434410601549
7.0499999999999998,1.4902648022764626,-1.2206367204273358
7.0600000000000005,1.4779210053147427,-1.2479776665066789
7.0700000000000003,1.4652935640352893,-1.2774033462082639
7.0800000000000001,1.4523602442285175,-1.309195990355678
7.0899999999999999,1.4390957290048449,-1.3436945025021578
7.1000000000000005,1.4254709555691523,-1.3813100705786183
7.1100000000000003,1.4114523397577485,-1.4225471462240573
7.1200000000000001,1.3970006294972621,-1.468032841176754
7.1299999999999999,1.3820695342052083,-1.5185579638974351
7.1400000000000006,1.3666038070011175,-1.5751364813979498
7.1500000000000004,1.3505365771085314,-1.6390937841125413
7.1600000000000001,1.3337856333984262,-1.7122015271942825
7.1699999999999999,1.316247985707119,-1.7968915997463555
7.1799999999999997,1.2977915811609817,-1.8966109989472206
7.1900000000000004,1.2782424422369512,-2.0164405832668146
7.2000000000000002,1.2573631242781882,-2.1642491668097756
7.21,1.2348146317936253,-2.353030297702364
7.2199999999999998,1.2100825305540903,-2.6061887821505456
7.2300000000000004,1.1823150689505884,-2.9715064537208828
7.2400000000000002,1.1498964443287927,-3.5679580347564364
7.25,1.1088889182410389,-4.8280390266828004
7.2599999999999998,1.0385238820720615,-13.168684756101618
7.2700000000000005,-1.9943894936138551,0.66979990010584189
7.2800000000000002,-1.9876711127299351,0.67359569460155433
7.29,-1.9809144234768372,0.67746209335554053
7.2999999999999998,-1.9741187043182369,0.68140135871201724
7.3100000000000005,-1.9672832105213292,0.685415856478515
7.3200000000000003,-1.960407172915853,0.68950806219263383
7.3300000000000001,-1.9534897967573939,0.69368056777060461
7.3399999999999999,-1.9465302605051591,0.69793608866347145
7.3500000000000005,-1.939527714541015,0.70227747155082287
7.3600000000000003,-1.9324813220476562,0.70670767580094629
7.3700000000000001,-1.9253902420687712,0.71122979079760207
7.3799999999999999,-1.9182534099067192,0.71584718563015681
7.3900000000000006,-1.911069911110981,0.72056328089432808
7.4000000000000004,-1.903838733854774,0.72538171568813559
7.4100000000000001,-1.8965588287596606,0.73030632096224857
7.4199999999999999,-1.88922910668615,0.73534113285908698
7.4299999999999997,-1.8818484365864405,0.74049040710229497
7.4400000000000004,-1.8744156930971296,0.74575859888688767
7.4500000000000002,-1.8669297147791823,0.75115040598531213
7.46,-1.8593891267776212,0.75667091461592118
7.4699999999999998,-1.8517926586997269,0.76232538973398389
7.4800000000000004,-1.8441389327730042,0.76811944641900698
7.4900000000000002,-1.8364265128265216,0.77405903694763012
7.5,-1.8286539372755313,0.78015044829696778
7.5099999999999998,-1.8208197114597868,0.78640033234336892
7.5200000000000005,-1.8129221225420977,0.79281588258739977
7.5300000000000002,-1.8049595027196399,0.79940465808416394
7.54,-1.7969300649705691,0.80617474821965884
7.5499999999999998,-1.7888319701698878,0.81313475624038356
7.5600000000000005,-1.7806633271326167,0.82029383969848324
7.5700000000000003,-1.7724220213800537,0.82766190744715773
7.5800000000000001,-1.7641059206520897,0.83524949560177386
7.5899999999999999,-1.7557127694428323,0.84306791636336276
7.6000000000000005,-1.7472402497913422,0.85112926714606829
7.6100000000000003,-1.7386858605677549,0.8594466153946414
7.6200000000000001,-1.7300468967916935,0.86803410755479204
7.6299999999999999,-1.7213206391086333,0.87690687359815811
7.6400000000000006,-1.7125041650124024,0.88608131540229174
7.6500000000000004,-1.7035943267389015,0.89557525130878146
7.6600000000000001,-1.6945878614217948,0.90540793504424355
7.6699999999999999,-1.6854812851704595,0.91560031809149989
7.6799999999999997,-1.6762708470564776,0.92617527650333387
7.6900000000000004,-1.6669526539978641,0.93715766673995327
7.7000000000000002,-1.6575224585000026,0.9485747978907797
7.71,-1.647975783373155,0.96045654795198077
7.7199999999999998,-1.6383078099179609,0.97283580295717309
7.7300000000000004,-1.6285133912859271,0.98574879115889968
7.7400000000000002,-1.6185869789650686,0.99923559123717187
7.75,-1.608522639190781,1.0133405875135681
7.7599999999999998,-1.5983139130055071,1.0281132313013421
7.7700000000000005,-1.5879539168111774,1.0436085637675816
7.7800000000000002,-1.5774350498525769,1.0598884395181518
7.79,-1.5667491442518235,1.0770222611350422
7.7999999999999998,-1.5558872719501959,1.0950884151938782
7.8100000000000005,-1.5448397234587592,1.1141756876221935
7.8200000000000003,-1.5335957017869501,1.1343854764351979
7.8300000000000001,-1.522143468296502,1.1558336153131601
7.8399999999999999,-1.5104700039355015,1.1786535384408987
7.8500000000000005,-1.4985608050333399,1.2029998813785627
7.8600000000000003,-1.4863997192963785,1.2290528642851302
7.8700000000000001,-1.4739686786515538,1.2570239736264484
7.8799999999999999,-1.4612472625173787,1.2871635481144403
7.8900000000000006,-1.4482123387021417,1.319770252037537
7.9000000000000004,-1.4348375144940038,1.355203812705237
7.9100000000000001,-1.4210923609863664,1.3939023407521089
7.9199999999999999,-1.4069416441798051,1.436405341363181
7.9300000000000006,-1.3923440669776928,1.4833864105426742
7.9400000000000004,-1.3772507539557963,1.5356992237595992
7.9500000000000002,-1.3616031088424627,1.5944447588266164
7.96,-1.345329893346646,1.6610717137125741
7.9699999999999998,-1.3283430412534603,1.7375318541336966
7.9800000000000004,-1.310531440551822,1.8265299167718445
7.9900000000000002,-1.2917515352907598,1.9319435344596303
8,-1.2718121918748091,2.0595711423566518
8.0099999999999998,-1.2504492145548372,2.218558835883655
8.0199999999999996,-1.2272788068146143,2.4243835086598646
8.0299999999999994,-1.2017044848227576,2.7058952789723656
8.0400000000000009,-1.1727025266644562,3.1251393123642806
8.0500000000000007,-1.1382087538902164,3.8512140769294789
8.0600000000000005,-1.0924698913238826,5.6444108297278435
8.0700000000000003,1.9989665202992175,-0.66724125248649657
8.0800000000000001,1.9922739573455708,-0.67098997173113117
8.0899999999999999,1.9855435669391364,-0.67480780336236867
8.0999999999999996,1.9787746428363597,-0.67869694226025845
8.1099999999999994,1.9719664564448838,-0.68265968269923205
8.120000000000001,1.9651182554344973,-0.68669842441964446
8.1300000000000008,1.9582292626946205,-0.69081567893459139
8.1400000000000006,1.9512986751596422,-0.69501407633873613
8.1500000000000004,1.9443256625746301,-0.69929637262614819
8.1600000000000001,1.9373093748857122,-0.70366545203274045
8.1699999999999999,1.9302490681670263,-0.708124254506595
8.1799999999999997,1.9231436151436552,-0.71267609281283195
8.1899999999999995,1.9159921672689655,-0.71732424485653012
8.1999999999999993,1.9087937373357799,-0.72207222554526984
8.2100000000000009,1.9015473020387343,-0.72692373306377844
8.2200000000000006,1.8942517996810899,-0.73188266161519255
8.2300000000000004,1.8869061281412223,-0.73695311500704053
8.2400000000000002,1.8795091534460717,-0.74213941371094838
8.25,1.8720598178178489,-0.74744603146194932
8.2599999999999998,1.8645567149451694,-0.75287791303342366
8.2699999999999996,1.8569986429837746,-0.75844009935564616
8.2799999999999994,1.8493842622953645,-0.76413798878776185
8.2900000000000009,1.8417121771491392,-0.76997730002353826
8.3000000000000007,1.8339809321832958,-0.7759640971345545
8.3100000000000005,1.8261890661424629,-0.78210477117841437
8.3200000000000003,1.818335036708441,-0.78840612431630852
8.3300000000000001,1.8104171194027647,-0.79487548258420637
8.3399999999999999,1.8024336161962842,-0.80152056236451152
8.3499999999999996,1.7943827140076001,-0.80834961922642112
8.3599999999999994,1.7862625691722933,-0.81537141659088697
8.370000000000001,1.7780712345741925,-0.82259533044954991
8.3800000000000008,1.7698065703190291,-0.83003147907103958
8.3900000000000006,1.7614664067012675,-0.83769063570103719
8.4000000000000004,1.75304847761544,-0.84558434463853216
8.4100000000000001,1.7445504223704089,-0.85372498627510263
8.4199999999999999,1.7359696252301373,-0.86212600717229815
8.4299999999999997,1.7273034134362444,-0.87080181950719349
8.4399999999999995,1.7185490194136219,-0.87976792580447671
8.4499999999999993,1.7097034333566257,-0.88904117738441724
8.4600000000000009,1.7007634608124163,-0.89863984203283298
8.4700000000000006,1.6917258023226451,-0.90858365565852184
8.4800000000000004,1.6825868745212351,-0.91889417305203724
8.4900000000000002,1.673342877655744,-0.92959487738354341
8.5,1.6639898283822705,-0.94071134726976946
8.5099999999999998,1.6545234107002811,-0.95227166627511184
8.5199999999999996,1.6449390089356528,-0.96430666365381634
8.5299999999999994,1.63523170231281,-0.97685024005130028
8.5400000000000009,1.6253962659454959,-0.98993972748310899
8.5500000000000007,1.6154269886996724,-1.0036165624336957
8.5600000000000005,1.6053178495030171,-1.0179265530082997
8.5700000000000003,1.5950621770673428,-1.0329209459186797
8.5800000000000001,1.5846528605911323,-1.0486568453659404
8.5899999999999999,1.5740822086509996,-1.0651982434293445
8.5999999999999996,1.5633417973811889,-1.0826172644779317
8.6099999999999994,1.5524224438372494,-1.1009954268428606
8.620000000000001,1.5413141018814789,-1.1204252854965262
8.6300000000000008,1.5300057391991266,-1.1410124401497643
8.6400000000000006,1.5184851912555208,-1.1628780094605593
8.6500000000000004,1.5067389869461996,-1.1861617044640251
8.6600000000000001,1.4947521383453852,-1.2110256819394167
8.6699999999999999,1.4825079499263498,-1.2376592778354552
8.6799999999999997,1.4699876058517884,-1.2662854488863329
8.6899999999999995,1.4571699509254152,-1.2971684506691266
8.7000000000000011,1.4440308133020672,-1.330624840302999
8.7100000000000009,1.4305426242654202,-1.3670369478367317
8.7200000000000006,1.4166736010142142,-1.4068718449490638
8.7300000000000004,1.4023866892663228,-1.450707432413304
8.7400000000000002,1.3876383981928491,-1.499268312314791
8.75,1.3723770554874379,-1.5534776314907508
8.7599999999999998,1.3565404471568177,-1.6145331444233104
8.7699999999999996,1.3400525467145588,-1.6840220671016932
8.7799999999999994,1.3228188075176153,-1.7641006759576539
8.7900000000000009,1.3047191050684579,-1.8577871243421424
8.8000000000000007,1.2855968652296277,-1.9694619523146213
8.8100000000000005,1.2652413730538015,-2.1057772303850277
8.8200000000000003,1.2433571748193548,-2.2774378314475148
8.8300000000000001,1.2195069187946996,-2.503053975283231
8.8399999999999999,1.192992248768115,-2.8186865338595388
8.8499999999999996,1.1625635546916386,-3.3067483432900984
8.8599999999999994,1.1255046622372287,-4.2186506369723853
8.870000000000001,1.0726037846636238,-7.1234525562943016
8.8800000000000008,-1.9968591066150931,0.66841661346846148
8.8900000000000006,-1.9901546841683608,0.67218690604298581
8.9000000000000004,-1.9834122139301082,0.67602699303072067
8.9100000000000001,-1.9766309826345725,0.67993910008815317
8.9199999999999999,-1.9698102542966485,0.68392555411473899
8.9299999999999997,-1.9629492688997274,0.68798878940452979
8.9399999999999995,-1.9560472412707097,0.6921313541251507
8.9500000000000011,-1.9491033599037,0.69635591727595436
8.9600000000000009,-1.9421167856965134,0.70066527617853325
8.9700000000000006,-1.9350866747580338,0.70506234925592159
8.9800000000000004,-1.928012188090735,0.70955017692121103
8.9900000000000002,-1.9208923279160039,0.71413203359575539
9,-1.9137261653288662,0.71881129386305365
9.0099999999999998,-1.9065127018581627,0.72359152917379699
9.0199999999999996,-1.8992509022945732,0.72847649815800797
9.0299999999999994,-1.8919396924143643,0.73347015962867668
9.0400000000000009,-1.8845779568929231,0.73857668653077913
9.0500000000000007,-1.8771645658385669,0.743800460566858
9.0600000000000005,-1.8696983803347029,0.74914608177986219
9.0700000000000003,-1.8621780754764461,0.75461851123261436
9.0800000000000001,-1.8546023848598807,0.76022291545523679
9.0899999999999999,-1.8469699513797921,0.7659647913488512
9.0999999999999996,-1.8392793608682241,0.77184996377462678
9.1099999999999994,-1.8315291509506915,0.77788460135070692
9.120000000000001,-1.823717881923328,0.78407518458395142
9.1300000000000008,-1.8158438634852352,0.79042874891154724
9.1400000000000006,-1.8079054442357603,0.79695268877528902
9.1500000000000004,-1.7999008760142126,0.803654897512874
9.1600000000000001,-1.7918283243711728,0.81054379663705978
9.1699999999999999,-1.7836859822653326,0.81762827798828552
9.1799999999999997,-1.7754717250885259,0.82491804691772697
9.1899999999999995,-1.7671834827954467,0.83242335362459108
9.2000000000000011,-1.7588190254589156,0.84015523462510855
9.2100000000000009,-1.7503760756054305,0.84812547345048728
9.2200000000000006,-1.7418521787486614,0.85634679065269048
9.2300000000000004,-1.7332447313380492,0.86483289873066194
9.2400000000000002,-1.724551009007631,0.87359856387507384
9.25,-1.7157681790903712,0.88265969030912728
9.2599999999999998,-1.7068932088328381,0.8920335238264494
9.2699999999999996,-1.6979227833188193,0.90173887239618289
9.2799999999999994,-1.688853582640605,0.91179595396931101
9.2900000000000009,-1.6796819679777588,0.92222689461029517
9.3000000000000007,-1.6704040159718438,0.93305589036762737
9.3100000000000005,-1.6610156647293997,0.94430925402318833
9.3200000000000003,-1.6515125040342222,0.95601590468226505
9.3300000000000001,-1.6418898870112495,0.9682075232961761
9.3399999999999999,-1.6321427664810868,0.98091908651153559
9.3499999999999996,-1.6222657408498646,0.99418920103459063
9.3599999999999994,-1.6122530175322625,1.0080606044554798
9.370000000000001,-1.6020983523866641,1.0225807776644396
9.3800000000000008,-1.5917950133777856,1.0378026213456613
9.3900000000000006,-1.5813356705320518,1.0537853653961955
9.4000000000000004,-1.5707123838097765,1.0705954793050869
9.4100000000000001,-1.559916538861752,1.0883078314601202
9.4199999999999999,-1.5489386879355207,1.1070072356319727
9.4299999999999997,-1.5377684832847653,1.1267901329197669
9.4399999999999995,-1.526394547536114,1.1477667352725132
9.4500000000000011,-1.5148043193315708,1.1700636728353535
9.4600000000000009,-1.5029838737212344,1.1938272802458978
9.4700000000000006,-1.4909177693542548,1.2192275923229219
9.4800000000000004,-1.4785885838682995,1.2464640007428551
9.4900000000000002,-1.4659768618775844,1.2757714086396374
9.5,-1.4530605218018746,1.3074293659466825
9.5099999999999998,-1.4398144305860541,1.3417733806194865
9.5199999999999996,-1.4262097491417631,1.3792102831338704
9.5299999999999994,-1.4122131498534254,1.4202389078579991
9.5400000000000009,-1.397785721412043,1.4654788737097724
9.5500000000000007,-1.3828815817228617,1.5157109610665505
9.5600000000000005,-1.3674460593024531,1.5719351467970804
9.5700000000000003,-1.3514129373080372,1.6354574449753947
9.5800000000000001,-1.3347009790619453,1.7080209769314838
9.5899999999999999,-1.3172084576542509,1.792015069523611
9.5999999999999996,-1.2988051802353702,1.8908197209240856
9.6099999999999994,-1.2793198373100854,2.0094057780810126
9.620000000000001,-1.2585191676743002,2.1554485907689243
9.6300000000000008,-1.2360710036318199,2.3415731058286648
9.6400000000000006,-1.2114732260236312,2.5903966463181489
9.6500000000000004,-1.1838991391618825,2.9477207390194806
9.6600000000000001,-1.1517948428135261,3.526048390611384
9.6699999999999999,-1.1114444276087767,4.7225363055244793
9.6799999999999997,-1.0450382893339565,11.316188853713662
9.6899999999999995,1.9947479116960884,-0.66959874415187359
9.7000000000000011,1.9880316550252775,-0.67339076909094275
9.7100000000000009,1.9812770340750909,-0.67725333262304321
9.7200000000000006,1.9744834225073924,-0.68118863907083094
9.7300000000000004,1.9676500767699392,-0.68519904858403791
9.7400000000000002,1.9607762290294211,-0.6892870306633615
9.75,1.953861085938458,-0.69345517082100561
9.7599999999999998,1.9469038274237433,-0.69770617770498899
9.7699999999999996,1.939903605403779,-0.70204289076698922
9.7799999999999994,1.9328595820437569,-0.70646826337185642
9.7900000000000009,1.9257709185578247,-0.71098537652239824
9.8000000000000007,1.9186365562391239,-0.71559758784325334
9.8100000000000005,1.9114555804131861,-0.72030830999772399
9.8200000000000003,1.9042269812089596,-0.72512117216871597
9.8300000000000001,1.8969497113185325,-0.73003999470751535
9.8399999999999999,1.8896226837842474,-0.73506880242059358
9.8499999999999996,1.8822447698575542,-0.74021183889436637
9.8599999999999994,1.8748148435356691,-0.74547354853681946
9.870000000000001,1.8673317494878134,-0.75085861274357524
9.8800000000000008,1.859794114513901,-0.75637210343295558
9.8900000000000006,1.8522006716234798,-0.76201926911117179
9.9000000000000004,1.8445500460692132,-0.76780570751463773
9.9100000000000001,1.8368408049011991,-0.77373735221844608
9.9199999999999999,1.82907148644772,-0.77982047280845124
9.9299999999999997,1.8212405993873739,-0.78606169978960849
9.9399999999999995,1.8133464421724379,-0.79246819706402083
9.9500000000000011,1.8053873474173454,-0.79904750107200773
9.9600000000000009,1.7973615324671719,-0.8058076734373012
9.9700000000000006,1.7892671589179736,-0.81275729067746694
9.9800000000000004,1.7811023385741132,-0.81990547953067305
9.9900000000000002,1.7728649740065121,-0.82726210269847966
10,1.7645529328552467,-0.83483766225418687
10.01,1.7561639613411699,-0.84264343171402234
10.02,1.747695771408603,-0.85069143949864146
10.029999999999999,1.7391458111928693,-0.85899475705968342
10.040000000000001,1.7305114419607943,-0.86756741754244726
10.050000000000001,1.7217899279883075,-0.87642451255391085
10.06,1.7129783691185541,-0.88558236094911946
10.07,1.7040736099611211,-0.89505872224459759
10.08,1.695072401381944,-0.9048727621724022
10.09,1.6859712849274573,-0.91504532196144384
10.1,1.6767665045966738,-0.92559919122301271
10.109999999999999,1.6674541837022878,-0.93655910545898802
10.120000000000001,1.6580300953493137,-0.94795223412139529
10.130000000000001,1.6484897722717637,-0.95980831340670003
10.140000000000001,1.6388284199158534,-0.97216005261136951
10.15,1.6290409042990066,-0.98504349725236096
10.16,1.6191217054767406,-0.99849849912750188
10.17,1.6090649065191278,-1.0125692036464069
10.18,1.5988640748990777,-1.0273047776950681
10.19,1.5885123570231725,-1.0427599344162006
10.200000000000001,1.5780021925184773,-1.0589961374309511
10.210000000000001,1.5673254435856361,-1.0760823591493893
10.220000000000001,1.5564732243858512,-1.0940964702835432
10.23,1.5454358713284755,-1.1131266542119076
10.24,1.5342026556348785,-1.1332735664846079
10.25,1.5227618794467122,-1.1546522263850383
10.26,1.5111006088951711,-1.1773950194809095
10.27,1.4992044294809899,-1.201655333371549
10.279999999999999,1.487057269051725,-1.2276119143977153
10.290000000000001,1.4746411713434928,-1.2554744045466022
10.300000000000001,1.4619358510134559,-1.285490845566865
10.31,1.4489183705402131,-1.3179569329143004
10.32,1.4355624504807298,-1.3532289320298532
10.33,1.4218379688183485,-1.3917400539784319
10.34,1.4077099443155554,-1.4340237334929513
10.35,1.3931374499914611,-1.4807453391263323
10.359999999999999,1.3780720532232376,-1.5327474711310789
10.370000000000001,1.3624557588682433,-1.5911156409049465
10.380000000000001,1.3462180938200894,-1.6572766241347918
10.390000000000001,1.3292720119774124,-1.7331500834819613
10.4,1.3115078557421658,-1.821391710190259
10.41,1.2927841010584198,-1.9258014871057321
10.42,1.2729127104670526,-2.052047153557949
10.43,1.2516342916264556,-2.2090403491237569
10.44,1.2285732306880168,-2.4117957660052189
10.450000000000001,1.2031482119127455,-2.6881318103846557
10.460000000000001,1.1743679548143695,-3.097316081575741
10.470000000000001,1.1402560252634317,-3.7982033715946013
10.48,1.0954454169499439,-5.4757051938168688
10.49,-1.9993236381046433,0.66704253685288983
10.5,-1.9926331256315066,0.67078759177448233
10.51,-1.9859047774976613,0.67460166951857381
10.52,-1.979137934141207,0.67848693452668041
10.529999999999999,-1.972331868085714,0.68244567565842074
10.540000000000001,-1.9654858282970054,0.68648028685387541
10.550000000000001,-1.9585990390201331,0.69059327347508848
10.56,-1.9516706986095032,0.69478725908946093
10.57,-1.9446999782971033,0.69906499275837464
10.58,-1.9376860269760638,0.70342935298921827
10.59,-1.9306280857392391,0.70788328260642308
10.6,-1.9235250672650579,0.71243006176657575
10.609999999999999,-1.9163761058160054,0.71707297147874993
10.620000000000001,-1.9091802160263707,0.72181551718640613
10.630000000000001,-1.901936376598903,0.72666138694064897
10.640000000000001,-1.8946435279395131,0.7316144641203437
10.65,-1.8873005701442738,0.73667884095165626
10.66,-1.879906368530788,0.74185882766194566
10.67,-1.8724598741676224,0.74715888032185751
10.68,-1.8649596765296272,0.75258393412097113
10.69,-1.8574045800759185,0.75813901227890168
10.700000000000001,-1.8497932479790151,0.76382949671879863
10.710000000000001,-1.8421242876067911,0.76966108836961467
10.720000000000001,-1.8343962468775921,0.77563983214840426
10.73,-1.8266076645030775,0.78177210126403329
10.74,-1.8187570096446786,0.78806466941638131
10.75,-1.8108425531347252,0.79452484527633194
10.76,-1.8028626054438848,0.80116031560336853
10.77,-1.7948153579484691,0.8079793074661038
10.779999999999999,-1.7866989677906011,0.81499055679273857
10.790000000000001,-1.7785115019913724,0.82220339802329534
10.800000000000001,-1.7702508158558994,0.82962792154868348
10.81,-1.76191475064856,0.83727485593232298
10.82,-1.7535010421123238,0.84515570560310305
10.83,-1.7450073395854262,0.85328279976307941
10.84,-1.7364310366682576,0.86166952972978805
10.85,-1.7277694674098238,0.87033025015697818
10.859999999999999,-1.7190198677706761,0.87928040410792108
10.870000000000001,-1.7101792419242685,0.88853676664250802
10.880000000000001,-1.7012444052870035,0.89811752631119168
10.890000000000001,-1.6922120637983638,0.90804233698555892
10.9,-1.6830786510937155,0.91833264968235284
10.91,-1.6738403743322228,0.92901184474158172
10.92,-1.6644932768061989,0.94010536329268179
10.93,-1.655033049449514,0.95164116017739919
10.94,-1.6454550832244967,0.96364992242288738
10.950000000000001,-1.6357544868975575,0.97616536085649808
10.960000000000001,-1.6259260494034431,0.98922461674035089
10.970000000000001,-1.6159640816397969,1.0028689003807103
10.98,-1.6058625805670106,1.0171437707573294
10.99,-1.5956149227603431,1.0321001473715519
11,-1.5852140227183993,1.0477947982522597
11.01,-1.5746522154352378,1.0642913292610663
11.02,-1.5639211158329283,1.0816614015430293
11.029999999999999,-1.5530115848592887,1.0999859909381826
11.040000000000001,-1.5419136263330075,1.1193570133045694
11.050000000000001,-1.5306162650173203,1.1398793107744987
11.06,-1.5191074018724002,1.1616730980655625
11.07,-1.5073736415239556,1.1848769994589934
11.08,-1.4954000842441864,1.209651854589902
11.09,-1.4831701247025093,1.2361854188930901
11.1,-1.4706650792431966,1.2646986441033354
11.109999999999999,-1.457863898304947,1.2954534060643688
11.120000000000001,-1.4447426344386229,1.3287630278123272
11.130000000000001,-1.4312738942380616,1.3650059510937584
11.140000000000001,-1.4174261301101352,1.4046441648331767
11.15,-1.4031626197982012,1.4482487767975063
11.16,-1.3884402556406978,1.4965353900945466
11.17,-1.3732078461802621,1.5504148940018563
11.18,-1.3574038051626247,1.6110679061613939
11.19,-1.3409529791621082,1.6800568577093256
11.200000000000001,-1.3237619467739401,1.7595015258759776
11.210000000000001,-1.3057121731001349,1.8523637554707135
11.220000000000001,-1.2866494228738659,1.9629330066675708
11.23,-1.2663664779011858,2.0977057185008481
11.24,-1.2445735546845833,2.2670992897121938
11.25,-1.2208431040088426,2.4891379654077066
11.26,-1.1944957060260926,2.7985062988526463
11.27,-1.1643247638152507,3.2736026007322021
11.279999999999999,-1.1277439927146244,4.1486000446243807
11.290000000000001,-1.076324872261943,6.7880821606575044
11.300000000000001,1.9972168751225214,-0.66821674958367361
11.31,1.9905145365230892,-0.67198332963607832
11.32,1.9837741207417228,-0.6758196250087698
11.33,1.9769949827994386,-0.67972781873939381
11.34,1.9701763878136214,-0.68371023221198801
11.35,1.9633175770808615,-0.68776929381177476
11.359999999999999,1.9564177668033804,-0.69190754543984145
11.370000000000001,1.9494761469153206,-0.69612764944236527
11.380000000000001,1.9424918798258908,-0.7004323960725185
11.390000000000001,1.9354641206076584,-0.70482469789861224
11.4,1.9283920280413689,-0.70930758991892873
11.41,1.9212746189850076,-0.71388432983206107
11.42,1.9141109599539441,-0.71855828720740034
11.43,1.9069000543894088,-0.72333302381996656
11.44,1.899640869118064,-0.72821228795356319
11.450000000000001,1.8923323320553267,-0.73320002736266132
11.460000000000001,1.8849733301327596,-0.73830040315642775
11.470000000000001,1.8775627327791256,-0.74351778654588496
11.48,1.8700994005658955,-0.74885676630775566
11.49,1.8625820232665777,-0.75432228025784065
11.5,1.8550093313000515,-0.75991948352243344
11.51,1.8473799705252645,-0.76565385612480374
11.52,1.8396925299251066,-0.77153120473689052
11.529999999999999,1.8319455469750832,-0.77755768110249401
11.540000000000001,1.8241376217422824,-0.78373971585440694
11.550000000000001,1.8162669933847457,-0.79008438034318129
11.56,1.8083320649942711,-0.79659900433968323
11.57,1.8003310837184685,-0.80329146136014762
11.58,1.792262215748319,-0.81017014704082557
11.59,1.7841236819219801,-0.81724390145347803
11.6,1.7759133247530363,-0.82452242832535583
11.609999999999999,1.767629098705757,-0.83201592365433785
11.620000000000001,1.7592687798502236,-0.8397353825253987
11.630000000000001,1.7508300927014657,-0.84769254736265998
11.640000000000001,1.7423105940671482,-0.85590008489777325
11.65,1.7337076877541462,-0.86437165289933049
11.66,1.7250186525785811,-0.87312196210391879
11.67,1.7162406749045009,-0.88216683964867415
11.68,1.7073707152077757,-0.89152347426295009
11.69,1.6984054791514491,-0.90121058146532917
11.700000000000001,1.6893416604888052,-0.91124828519108347
11.710000000000001,1.6801755823356714,-0.92165866742201796
11.720000000000001,1.6709034201168451,-0.93246571319500127
11.73,1.661521088361481,-0.94369565092685059
11.74,1.6520241858928677,-0.95537726445093607
11.75,1.6424080980613949,-0.96754205453816589
11.76,1.6326677883976954,-0.98022482431369951
11.77,1.6227978603906941,-0.99346399453824552
11.779999999999999,1.6127925527298081,-1.00730205548586
11.790000000000001,1.6026456562439688,-1.021786204186816
11.800000000000001,1.5923504564393391,-1.0369690453794633
11.81,1.5818996568379349,-1.0529094473690837
11.82,1.5712853774581741,-1.0696734230866614
11.83,1.5604990328591175,-1.0873353701800728
11.84,1.5495311812803692,-1.1059795969195001
11.85,1.5383715540517497,-1.1257018266485277
11.859999999999999,1.5270088336650447,-1.1466114704155237
11.870000000000001,1.5154305273923874,-1.1688342005834931
11.880000000000001,1.5036227843560801,-1.1925152094741069
11.890000000000001,1.4915702267164916,-1.2178231915926996
11.9,1.4792556012690796,-1.2449556968978517
11.91,1.4666595399393634,-1.2741455905546968
11.92,1.4537601124354766,-1.3056697729818645
11.93,1.4405323677772259,-1.3398603990634872
11.94,1.4269476880558871,-1.3771200003104993
11.950000000000001,1.4129729991883397,-1.4179418735742833
11.960000000000001,1.3985697268464667,-1.4629382571360661
11.970000000000001,1.3836924128638877,-1.5128799943459665
11.98,1.3682868755258715,-1.5687535855287
11.99,1.3522876579142749,-1.6318456118422497
12,1.3356144107887724,-1.7038715045968198
12.01,1.3181666836496655,-1.7871788125780248
12.02,1.2998160654762905,-1.8850823792779479
12.030000000000001,1.2803938969371538,-2.0024458690114977
12.040000000000001,1.2596709485438577,-2.1467574902262094
12.050000000000001,1.2373217489631645,-2.3302865144406657
12.06,1.2128560627438418,-2.5748966732558709
12.07,1.1854712160573178,-2.9245141176821785
12.08,1.153671912788562,-3.4856226292468437
12.09,1.1139462568821843,-4.6238173348660405
12.1,1.0507461721192282,-10.078103923746218
12.109999999999999,-1.9951064058871284,0.66939768085288787
12.120000000000001,-1.9883921457535101,0.67318601249617205
12.130000000000001,-1.9816395914525571,0.67704474661798009
12.140000000000001,-1.9748480856887398,0.68097610027730926
12.15,-1.968016886158124,0.68498242795208675
12.16,-1.9611452263634066,0.68906619312147854
12.17,-1.9542323143522562,0.69322997491253469
12.18,-1.9472773315133753,0.69747647519293121
12.19,-1.9402794312986962,0.70180852620837686
12.200000000000001,-1.9332377748569494,0.70622907533877666
12.210000000000001,-1.926151524929455,0.71074119564238925
12.220000000000001,-1.9190196300581879,0.71534823250735824
12.23,-1.9118411747143345,0.72005359108980527
12.24,-1.9046151509721352,0.72486089069344906
12.25,-1.8973405135929731,0.72977394110377225
12.26,-1.890016177793681,0.73479675583139137
12.27,-1.8826410171192991,0.73993356636883678
12.280000000000001,-1.8752139049187737,0.74518880637945017
12.290000000000001,-1.8677336910044899,0.75056714163255889
12.300000000000001,-1.8601990057403253,0.7560736284226186
12.31,-1.8526085845726521,0.76171349955010381
12.32,-1.8449610557714335,0.76749233547442786
12.33,-1.8372549895973285,0.77341605114205902
12.34,-1.8294889242819796,0.77949089882204026
12.35,-1.8216613704809073,0.78572348881972631
12.359999999999999,-1.8137706406131573,0.7921209534063044
12.370000000000001,-1.8058150663573127,0.79869080756620625
12.380000000000001,-1.7977928694122967,0.80544108527870129
12.390000000000001,-1.7897022120813151,0.81238033645430463
12.4,-1.7815412072929575,0.81951765879072058
12.41,-1.7733077783226809,0.82686286581041257
12.42,-1.7649997908612129,0.83442642729937799
12.43,-1.7566149928352757,0.8422195782802131
12.44,-1.7481511433871859,0.85025426189339459
12.450000000000001,-1.7396056173053867,0.85854357452373764
12.460000000000001,-1.7309758356358138,0.86710144361809494
12.470000000000001,-1.7222590579156027,0.87594291116888501
12.48,-1.7134524030812832,0.88508421687964467
12.49,-1.7045527145838704,0.894543055056776
12.5,-1.6955567537430556,0.90433850722704057
12.51,-1.6864610845658139,0.91449130824987723
12.52,-1.6772619517361245,0.92502415536213423
12.530000000000001,-1.6679554920140442,0.9359616670006583
12.540000000000001,-1.6585374990335342,0.94733087380513614
12.550000000000001,-1.6490035153720501,0.95916137108558686
12.56,-1.6393487705397507,0.9714856925003329
12.57,-1.6295681433039255,0.9843397020890875
12.58,-1.6196561421890519,0.99776302625878055
12.59,-1.6096068669530352,1.0117995732428366
12.6,-1.5994139113690931,1.026498227554357
12.609999999999999,-1.5890704610947011,1.0419133623366874
12.620000000000001,-1.5785689773649467,1.058106081169333
12.630000000000001,-1.5679013612300317,1.07514491631142
12.640000000000001,-1.5570587899387021,1.093107191385714
12.65,-1.5460316084389931,1.112080552637988
12.66,-1.5348091674177315,1.1321649028522887
12.67,-1.5233798231877267,1.1534744286219478
12.68,-1.5117306896964753,1.1761405471379467
12.69,-1.4998474788368299,1.200315339347042
12.700000000000001,-1.4877141939992751,1.22617609848015
12.710000000000001,-1.4753129833731988,1.2539306565576918
12.720000000000001,-1.4626236953928102,1.2838247848063078
12.73,-1.4496235641283817,1.3161512999410498
12.74,-1.4362864804436188,1.3512629040333157
12.75,-1.4225825731101578,1.3895881066275344
12.76,-1.4084771448362294,1.43165426785739
12.77,-1.3939295963164884,1.4781187650928778
12.780000000000001,-1.378891951641471,1.5298132528323671
12.790000000000001,-1.3633068251326841,1.5878079864883108
12.800000000000001,-1.3471044619013006,1.6535083747913606
12.81,-1.3301988553847268,1.7288025001131633
12.82,-1.3124817357504617,1.8162983411551159
12.83,-1.2938136345823639,1.9197198470840142
12.84,-1.274009479612527,2.0446081788515111
12.85,-1.25281459429002,2.1996479279138765
12.859999999999999,-1.2298612934168591,2.399409297618027
12.870000000000001,-1.2045828725655607,2.6707263121681613
12.880000000000001,-1.1760190938849935,3.0702481726823563
12.890000000000001,-1.1422759963326201,3.7473880454980946
12.9,-1.0983353353575447,5.3215916117629014
12.91,1.9996807132421812,-0.66684397746064439
12.92,1.9929922588014466,-0.67058536829894233
12.93,1.9862659513851602,-0.6743956976309472
12.94,1.9795011871161152,-0.67827709451651563
12.950000000000001,1.9726972396745339,-0.68223184238594925
12.960000000000001,1.9658533593253678,-0.68626232939221865
12.970000000000001,1.9589687716637625,-0.6903710547665366
12.98,1.9520426764602947,-0.69456063556819614
12.99,1.9450742464321471,-0.6988338139462188
13,1.938062629412624,-0.7031934627021259
13.01,1.9310070290859878,-0.70764254178501995
13.02,1.9239064428044195,-0.71218427060853051
13.030000000000001,1.9167599653157161,-0.71682194727441761
13.040000000000001,1.9095666131127824,-0.72155906777939016
13.050000000000001,1.9023253668924596,-0.72639931008009306
13.06,1.8950351691632905,-0.73134654676548194
13.07,1.8876949222315325,-0.73640485852129267
13.08,1.8803034907004077,-0.74157854536992096
13.09,1.8728597999127536,-0.74687207055094451
13.1,1.8653625040568671,-0.75229031070766295
13.109999999999999,1.8578103794519132,-0.75783829570574135
13.120000000000001,1.8502020921348352,-0.76352139105227756
13.130000000000001,1.8425362525571256,-0.76934527998531965
13.140000000000001,1.8348114119092409,-0.77531598834225057
13.15,1.8270261088606714,-0.78143987156092309
13.16,1.8191788226581569,-0.78772367610141769
13.17,1.8112678221826195,-0.79417469115713779
13.18,1.8032914250184415,-0.80080057507273039
13.19,1.7952478269865311,-0.80760952653997553
13.200000000000001,1.7871351860181421,-0.81461025412612487
13.210000000000001,1.778951581366764,-0.82181205256724355
13.220000000000001,1.7706948672774319,-0.82922498122139521
13.23,1.7623628940883431,-0.83685972580355561
13.24,1.7539533993704568,-0.84472775107393083
13.25,1.745464039981431,-0.85284133769034487
13.26,1.7368922237691653,-0.86121381728188862
13.27,1.7282352890998596,-0.86985948960462511
13.280000000000001,1.7194904754381508,-0.87879373858604182
13.290000000000001,1.7106548008990123,-0.88803326342340649
13.300000000000001,1.7017250907171459,-0.89759617387921908
13.31,1.6926980561892937,-0.90750204226526021
13.32,1.6835701479008933,-0.91777221640721363
13.33,1.6743375798599383,-0.92842997445340303
13.34,1.6649964169701823,-0.93950062679455193
13.35,1.655542313149202,-0.95101205538635325
13.359999999999999,1.6459707671332833,-0.96299468165062008
13.370000000000001,1.6362768653765603,-0.97548209094232807
13.380000000000001,1.6264554098665671,-0.98851123559512832
13.390000000000001,1.6165007397217022,-1.0021230928883866
13.4,1.6064068542632686,-1.0163629947265425
13.41,1.5961671902147183,-1.0312815204953947
13.42,1.5857746836762594,-1.0469351083104597
13.43,1.5752216961001064,-1.0633869809633527
13.44,1.5644998809561153,-1.0807083402245552
13.450000000000001,1.5536001427928652,-1.0989796241315553
13.460000000000001,1.5425125350466256,-1.1182921151360354
13.470000000000001,1.5312261391793118,-1.1387499047779859
13.48,1.5197289210703098,-1.1604723127284413
13.49,1.5080075604058996,-1.1835968876267204
13.5,1.4960472449543305,-1.208283165798147
13.51,1.4838314587317816,-1.2347173396575049
13.52,1.4713416510241473,-1.2631183736177509
13.530000000000001,1.4585569005385579,-1.2937457359258993
13.540000000000001,1.4454534297207204,-1.3269096804430132
13.550000000000001,1.4320040508664067,-1.3629847332372969
13.56,1.4181774498923623,-1.4024278711593965
13.57,1.4039372145041991,-1.4458035609038007
13.58,1.3892406319258042,-1.4938185029655022
13.59,1.3740369737213773,-1.547371576863851
13.6,1.3582652971663927,-1.6076264903806223
13.609999999999999,1.3418512557131097,-1.6761215892803141
13.620000000000001,1.3247025708875153,-1.7549408175738819
13.630000000000001,1.3067022862379984,-1.846990969118578
13.640000000000001,1.2876984211983451,-1.956473025846015
13.65,1.2674872123465148,-2.0897322372541085
13.66,1.245784372456499,-2.2569085848075501
13.67,1.2221718313049976,-2.4754641478866075
13.68,1.1959883963717588,-2.7787746630363408
13.69,1.166068409213346,-3.2414761418214155
13.700000000000001,1.1299466474083784,-4.0820426222204089
13.710000000000001,1.0798785166750908,-6.496841641043031
13.720000000000001,-1.9975745815941228,0.66801705420405411
13.73,-1.9908741908152667,0.67178000319959841
13.74,-1.9841358272629859,0.67561251412746703
13.75,-1.9773587800532721,0.6795168021452368
13.76,-1.9705423157184387,0.68349518301695467
13.77,-1.9636856768660176,0.68755007923827527
13.780000000000001,-1.9567880810710583,0.69168402646431248
13.790000000000001,-1.94984871970481,0.69589968041053929
13.800000000000001,-1.942866756681813,0.70019982428717131
13.81,-1.9358413460340338,0.70458736483240381
13.82,-1.9287716436878017,0.70906533205420663
13.83,-1.9216566823853829,0.71363696617993821
13.84,-1.9144955234311725,0.71830563218464605
13.85,-1.9072871721787019,0.72307488220082927
13.859999999999999,-1.9000305974785894,0.72794845420881449
13.870000000000001,-1.892724729380354,0.73293028494624624
13.880000000000001,-1.8853684570643854,0.7380245237329226
13.890000000000001,-1.8779606492755749,0.74323553133272291
13.9,-1.8705001651281066,0.7485678859815813
13.91,-1.8629857109247008,0.7540265009945174
13.92,-1.8554160129780413,0.75961652080332875
13.93,-1.8477897200932036,0.76534340863030426
13.94,-1.8401054243968109,0.77121295303312298
13.950000000000001,-1.8323616632073487,0.77723128895854388
13.960000000000001,-1.8245570269218372,0.78340483676005501
13.970000000000001,-1.8166897915245632,0.78974061859762068
13.98,-1.8087583477419882,0.79624595252387154
13.99,-1.8007609469061356,0.80292868526853645
14,-1.7926957584439545,0.80979718461204941
14.01,-1.7845609354140259,0.8168603223148132
14.02,-1.7763544703268328,0.82412764246226766
14.030000000000001,-1.7680742519535417,0.83160936436938915
14.040000000000001,-1.7597180626086186,0.83931644171654818
14.050000000000001,-1.7512836287752518,0.84726057605179994
14.06,-1.7427685265396484,0.85545437278620085
14.07,-1.7341701510541687,0.86391145060572483
14.08,-1.7254857922584388,0.87264645756506387
14.09,-1.7167126523802723,0.88167514738144437
14.1,-1.7078476611282889,0.89101467807430212
14.109999999999999,-1.6988876009786034,0.90068361332315294
14.120000000000001,-1.6898291810866077,0.9107019799736894
14.130000000000001,-1.6806686688171903,0.92109183337394962
14.140000000000001,-1.6714022822251857,0.9318770141940832
14.15,-1.6620259620410205,0.94308361003201568
14.16,-1.6525353014762312,0.95474028795322552
14.17,-1.6429257193447409,0.966878368864731
14.18,-1.6331921435434034,0.97953254539925494
14.19,-1.6233293126452726,0.99274088295984031
14.200000000000001,-1.6133313989558069,1.0065457540435352
14.210000000000001,-1.6031922456845229,1.020994050788895
14.220000000000001,-1.5929051596428263,1.0361380788143519
14.23,-1.5824628758428947,1.0520363504900574
14.24,-1.5718575756796671,1.068754423911306
14.25,-1.5610806435271973,1.0863663267456847
14.26,-1.5501227546392105,1.1049556854266014
14.27,-1.5389736653106147,1.1246175992285339
14.280000000000001,-1.5276221169241222,1.1454606866289097
14.290000000000001,-1.5160556848086584,1.1676096721529337
14.300000000000001,-1.5042605968834888,1.1912086063024678
14.31,-1.4922215546028261,1.2164248240111426
14.32,-1.479921424261293,1.2434541539039123
14.33,-1.4673409504807351,1.2725273951930784
14.34,-1.454458352844767,1.3039188323600761
14.35,-1.4412488607262772,1.3379573117246029
14.359999999999999,-1.4276840743225974,1.3750411283262538
14.370000000000001,-1.4137311699255009,1.4156581249691751
14.380000000000001,-1.3993519196777244,1.4604132330843029
14.390000000000001,-1.3845012582841594,1.5100676028064137
14.4,-1.3691255335361701,1.5655943403565435
14.41,-1.3531599649924555,1.6282612302626176
14.42,-1.3365251112625531,1.6997564763246094
14.43,-1.3191217939987063,1.7823867239400228
14.44,-1.3008233304901264,1.8794033851461791
14.450000000000001,-1.2814636405634234,1.9955660353517994
14.460000000000001,-1.2608174617715082,2.1381814981446619
14.470000000000001,-1.2385657867429634,2.3191766645401448
14.48,-1.2142298969633916,2.5596941004059302
14.49,-1.1870301303650852,2.9018844829464383
14.5,-1.1555266585755939,3.4466312849164997
14.51,-1.1163955059894828,4.5312688943540831
14.52,-1.0558864459209463,9.1771956220526043
14.530000000000001,1.9954645848508061,-0.66919692942003561
14.540000000000001,1.9887522885146498,-0.67298159276233038
14.550000000000001,1.9820017975849247,-0.67683650640289217
14.56,1.9752123941053092,-0.68076391662775804
14.57,1.9683833371693964,-0.68476617221273539
14.58,1.9615138616061711,-0.68884573064296173
14.59,1.9546031768553098,-0.69300516468263673
14.6,1.9476504657646307,-0.69724716944520437
14.609999999999999,1.9406548833131461,-0.701574569999174
14.620000000000001,1.9336155896240703,-0.70599030777000749
14.630000000000001,1.9265317483252971,-0.71049744831069139
14.640000000000001,1.9194023164839169,-0.71509932399864562
14.65,1.912226377063267,-0.71979933292605114
14.66,1.9050029240847861,-0.72460108455391214
14.67,1.8977309143651879,-0.72950837815109981
14.68,1.890409265290673,-0.73452521597845233
14.69,1.8830368526922661,-0.73965581748681708
14.700000000000001,1.8756125492690114,-0.74490460564390581
14.710000000000001,1.8681352090024956,-0.75027623135470956
14.720000000000001,1.8606034677133134,-0.75577573399213283
14.73,1.8530160623299505,-0.76140833139694297
14.74,1.8453716241268781,-0.76717958683244802
14.75,1.8376687265629434,-0.77309539670435101
14.76,1.8299059077642943,-0.77916199605193071
14.77,1.82208167900317,-0.7853859761631985
14.780000000000001,1.8141943693252625,-0.79177443568301875
14.790000000000001,1.8062423081222567,-0.7983348693114074
14.800000000000001,1.7982237214292718,-0.80507528352319768
14.81,1.7901367722420234,-0.81200420176588084
14.82,1.7819795727536498,-0.81913069448228659
14.83,1.7737500705751545,-0.82646452304429119
14.84,1.7654461276034228,-0.8340161267220173
14.85,1.7570654934487848,-0.84179670226770364
14.859999999999999,1.7486058839550787,-0.84981819459076269
14.870000000000001,1.7400647886540581,-0.85809354661322113
14.880000000000001,1.7314395826408984,-0.86663668013290507
14.890000000000001,1.7227275286919692,-0.87546258023759282
14.9,1.713925761522638,-0.88458741135004326
14.91,1.7050311298546732,-0.89402879631367571
14.92,1.6960404021919768,-0.90380573629443217
14.93,1.6869501607949895,-0.91393886512077904
14.94,1.6777566591911512,-0.92445077917534646
14.950000000000001,1.6684560434330304,-0.93536598513606584
14.960000000000001,1.6590441275886507,-0.94671137580189002
14.970000000000001,1.6495164639908038,-0.95851640664992221
14.98,1.6398683061102186,-0.9708134369724728
14.99,1.6300945453306344,-0.98363815077850003
15,1.620189718520618,-0.99702995079744894
15.01,1.610147941955631,-1.0110325100672937
15.02,1.5999628414899321,-1.0256944247452306
15.030000000000001,1.5896276017163755,-1.0410697895463787
15.040000000000001,1.5791347671051645,-1.0572192605997541
15.050000000000001,1.5684762497537066,-1.0742109742086379
15.06,1.557643294576792,-1.0921217035098489
15.07,1.546626218633268,-1.1110386257767086
15.08,1.5354145078279202,-1.1310608007504019
15.09,1.5239965484579303,-1.152301631867152
15.1,1.5123595141721131,-1.1748915546567105
15.109999999999999,1.500489201643304,-1.1989814356890125
15.120000000000001,1.488369743862801,-1.2247470237023241
15.130000000000001,1.4759833586210065,-1.2523944293165752
15.140000000000001,1.4633100327721953,-1.2821671696240087
15.15,1.4503271268187012,-1.3143553294682684
15.16,1.4370087808269296,-1.3493078997405006
15.17,1.4233253147286091,-1.3874489019318768
15.18,1.4092423040162012,-1.4292997490529098
15.19,1.3947195490723276,-1.4755097333458393
15.200000000000001,1.3797094798452656,-1.5268998735188151
15.210000000000001,1.3641552467271558,-1.5845256983817662
15.220000000000001,1.3479879091299476,-1.6497712989129583
15.23,1.3311224153198711,-1.7244941191887486
15.24,1.3134519121897081,-1.8112553213372873
15.25,1.2948388564773465,-1.9137052978552669
15.26,1.275101136031987,-2.0372620341011434
15.27,1.2539886628167194,-2.190390760663361
15.280000000000001,1.2311414196105563,-2.3872346154196165
15.290000000000001,1.2060068125935659,-2.6536887094896788
15.300000000000001,1.1776542219280153,-3.0439354974193962
15.31,1.1442672421794982,-3.6986817479168548
15.32,1.1011433055682418,-5.1802538370982987
15.33,1.0003898674097027,-98.328999844616192
15.34,-1.9933508457669955,0.67038358860004721
15.35,-1.9866265746253688,0.67419018031721278
15.359999999999999,-1.9798638848292009,0.67806772033071916
15.370000000000001,-1.9730620512764314,0.68201848663772346
15.380000000000001,-1.9662203255166828,0.68604486163499268
15.390000000000001,-1.9593379344947668,0.6901493384465841
15.4,-1.9524140793932836,0.69433452765199555
15.41,-1.9454479344075932,0.69860316451972992
15.42,-1.9384386463121146,0.70295811617452653
15.43,-1.9313854445544285,0.70740231956520327
15.44,-1.9242872852122777,0.71193901289144956
15.450000000000001,-1.9171432862530493,0.71657147202431692
15.460000000000001,-1.9099524660464184,0.72130318356294054
15.470000000000001,-1.9027138072772924,0.72613781541476108
15.48,-1.8954262545441427,0.73107922943116821
15.49,-1.8880887123583574,0.73613149481021112
15.5,-1.880700044600228,0.74129890142422894
15.51,-1.8732592217479924,0.74658586889327905
15.52,-1.8657648215538658,0.75199731587250385
15.530000000000001,-1.8582156623791291,0.7575382292738263
15.540000000000001,-1.8506104131955921,0.76321395826139915
15.550000000000001,-1.8429476875323991,0.76903016846388284
15.56,-1.8352260398361524,0.77499286673515078
15.57,-1.8274440087236037,0.78110839083719674
15.58,-1.8196000821350751,0.78738346122328051
15.59,-1.8116925297208697,0.79382534553598139
15.6,-1.8037196747974564,0.80044167492714324
15.610000000000001,-1.7956797176097623,0.8072406198641745
15.620000000000001,-1.7875708168652256,0.81423086170508119
15.630000000000001,-1.7793910621350926,0.82142165735868133
15.640000000000001,-1.7711383103326066,0.8288230320453448
15.65,-1.7628104189730247,0.83644563049224385
15.66,-1.7544051274339929,0.84430087802761433
15.67,-1.7459200975889388,0.85240100943213182
15.68,-1.7373527564032862,0.86075929229885417
15.69,-1.7287004440815144,0.86938997413830033
15.700000000000001,-1.719960403556855,0.87830838012224532
15.710000000000001,-1.711129666836041,0.88753113404898698
15.720000000000001,-1.7022050689120374,0.89707626741190172
15.73,-1.6931833263942084,0.90696327151061984
15.74,-1.6840609067508034,0.91721339165491755
15.75,-1.6748340307686407,0.92784980453225696
15.76,-1.6654988105582837,0.93889765996256513
15.77,-1.6560508600171839,0.95038476840576058
15.780000000000001,-1.6464857156463699,0.96234137407063103
15.790000000000001,-1.636798488315425,0.97480088116098829
15.800000000000001,-1.6269839932972376,0.98780005432590035
15.81,-1.6170365987165538,1.0013796379730635
15.82,-1.6069503212661427,1.0155847182495994
15.83,-1.5967186246541796,1.0304655819639437
15.84,-1.5863344843630536,1.046078315939369
15.85,-1.5757902859943711,1.062485766092669
15.860000000000001,-1.5650777222825485,1.0797586776165515
15.870000000000001,-1.5541877410460048,1.097976955696162
15.880000000000001,-1.5431104449983155,1.1172312553809469
15.890000000000001,-1.5318349942277696,1.1376248838833534
15.9,-1.5203493737681535,1.1592763564067436
15.91,-1.5086403613256143,1.182322115806419
15.92,-1.4966932305145717,1.2069204110817382
15.93,-1.484491553847803,1.233255889735877
15.94,-1.4720169144621782,1.2615455481269466
15.950000000000001,-1.4592485137047939,1.2920464865197909
15.960000000000001,-1.4461627443035869,1.3250659262240598
15.970000000000001,-1.4327326218470291,1.3609745325720117
15.98,-1.4189270628000179,1.4002243449584844
15.99,-1.4047099805711138,1.4433732320051771
16,-1.3900390021435114,1.4911192932166644
16.010000000000002,-1.3748638969814704,1.5443494860463167
16.02,-1.3591243568785814,1.6042109134366271
16.030000000000001,-1.3427468414378401,1.6722182784804847
16.039999999999999,-1.3256401519250276,1.7504206484367224
16.050000000000001,-1.3076888932898088,1.8416710797777964
16.059999999999999,-1.2887433117907803,1.9500843619820765
16.07,-1.2686029929228728,2.0818593049104401
16.080000000000002,-1.2469889853559994,2.2468682009613459
16.09,-1.2234924554531899,2.462033362988838
16.100000000000001,-1.1974696890998431,2.7594864289536414
16.109999999999999,-1.1677940116928662,3.2103357434186628
16.120000000000001,-1.1321131695809437,4.0187331454808248
16.129999999999999,-1.0832839047011475,6.2409745414043947
16.140000000000001,1.9979318861699404,-0.66781771656075406
16.149999999999999,1.9912335068388112,-0.67157700562540201
16.16,1.9844971920090062,-0.67540574092708494
16.170000000000002,1.9777222321014918,-0.67930613235025217
16.18,1.9709078948921002,-0.68328049012589032
16.190000000000001,1.9640534242948338,-0.68733123088363501
16.199999999999999,1.9571580392538976,-0.691460884054657
16.210000000000001,1.9502209325741484,-0.69567209874978864
16.219999999999999,1.9432412696709689,-0.69996765116338933
16.23,1.9362182035327162,-0.7043504422286081
16.240000000000002,1.9291509027955374,-0.7088234869897122
16.25,1.922038394223927,-0.7133900221645465
16.260000000000002,1.9148797336124306,-0.71805340831128006
16.27,1.907673964883029,-0.72281716382201089
16.280000000000001,1.9004200054351774,-0.72768505166659869
16.289999999999999,1.8931168018909015,-0.73266098831906712
16.300000000000001,1.885763254623319,-0.73774910544602301
16.309999999999999,1.8783582316848204,-0.74295375340662062
16.32,1.8709005897881172,-0.74827950062126924
16.330000000000002,1.863389053617718,-0.7537312346550602
16.34,1.8558223444322557,-0.75931408996756367
16.350000000000001,1.8481991139883485,-0.76503351304468781
16.359999999999999,1.8405179575391257,-0.77089527441519046
16.370000000000001,1.8327774122338509,-0.77690549231277284
16.379999999999999,1.8249760904740908,-0.78307055152867744
16.390000000000001,1.8171122421683374,-0.78939747513908454
16.399999999999999,1.8091842766417039,-0.79589354504015264
16.41,1.8011904496212203,-0.80256658121321744
16.420000000000002,1.7931289350653603,-0.80942492244878417
16.43,1.7849978868937357,-0.81647741251376504
16.440000000000001,1.7767953067214983,-0.82373355782668656
16.449999999999999,1.7685190887860474,-0.83120354026213428
16.460000000000001,1.7601670213584539,-0.83889827247150972
16.469999999999999,1.7517368328661047,-0.84682941534815304
16.48,1.743226119311863,-0.85500951262517844
16.490000000000002,1.7346322658332201,-0.86345214542819926
16.5,1.7259525741248001,-0.87217189884118029
16.510000000000002,1.7171843034136152,-0.88118441079813048
16.52,1.7083243043915073,-0.89050685674496466
16.530000000000001,1.6993694104580503,-0.90015767864458152
16.539999999999999,1.6903163077915464,-0.91015685130126012
16.550000000000001,1.6811613913504224,-0.92052620032134902
16.559999999999999,1.6719008003475251,-0.93128955562768656
16.57,1.6625304635439002,-0.94247291127450306
16.580000000000002,1.6530460309475943,-0.95410474576941917
16.59,1.6434429531536474,-0.96621620160154942
16.600000000000001,1.6337161373740074,-0.97884184055963508
16.609999999999999,1.6238603633522088,-0.99201949823385782
16.620000000000001,1.6138698598173555,-1.0057912671025959
16.629999999999999,1.6037384288781367,-1.0202038626893395
16.640000000000001,1.5934594359126821,-1.0353092439931222
16.649999999999999,1.5830256453712006,-1.0511655721201296
16.66,1.5724292872567394,-1.0678379740684123
16.670000000000002,1.5616617679695106,-1.0854000259606866
16.68,1.5507138128115923,-1.1039347859649979
16.690000000000001,1.5395752292326399,-1.1235366918686696
16.699999999999999,1.5282348173197249,-1.1443135767858086
16.710000000000001,1.5166802199345097,-1.1663892265818945
16.719999999999999,1.5048977431625394,-1.1899065614694377
16.73,1.4928721670134202,-1.21503157123384
16.740000000000002,1.4805864817253698,-1.2419583700827468
16.75,1.4680215327259816,-1.2709157383216496
16.760000000000002,1.4551556936880783,-1.302175364604981
16.77,1.4419643977232168,-1.3360627627818094
16.780000000000001,1.4284194093314178,-1.372972178637639
16.789999999999999,1.4144881792701887,-1.4133860134490925
16.800000000000001,1.4001328301131242,-1.4579019756481399
16.809999999999999,1.3853086656113531,-1.5072717376244285
16.82,1.3699625653971399,-1.5624552170024284
16.830000000000002,1.3540304145927224,-1.6247017588070294
16.84,1.3374336938387357,-1.6956727689009452
16.850000000000001,1.3200744070648636,-1.7776351943128346
16.859999999999999,1.3018276450345239,-1.8737782086218751
16.870000000000001,1.2825297972428806,-1.9887604198046274
16.879999999999999,1.2619595097967733,-2.1297126697354249
16.890000000000001,1.2398040253165421,-2.3082319306846717
16.899999999999999,1.2155957782007354,-2.5447699748358468
16.91,1.1885772088778106,-2.8797940082923672
16.920000000000002,1.1573610549362499,-3.4089671331713221
16.93,1.1187969369862831,-4.4442186592518036
16.940000000000001,1.0606045690363324,-8.4836372108890341
16.949999999999999,-1.9958227136325208,0.66899634081448545
16.960000000000001,-1.9891124692289164,0.67277729061386771
16.969999999999999,-1.9823640401885878,0.67662838872819342
16.98,-1.9755767377345093,0.6805518606303147
16.990000000000002,-1.9687498220759512,0.68455004949912968
17,-1.9618825293732731,0.68862540683680418
17.010000000000002,-1.9549740704536487,0.69278049906502914
17.02,-1.9480236296190896,0.69701801456163592
17.030000000000001,-1.9410303633740589,0.7013407712385652
17.039999999999999,-1.9339934308152571,0.70575170458412173
17.050000000000001,-1.9269119958181056,0.71025387307621668
17.059999999999999,-1.9197850252269193,0.71485059531475292
17.07,-1.912611599873284,0.71954526274511765
17.080000000000002,-1.9053907157154897,0.72434147501953339
17.09,-1.8981213316244672,0.72924302092068161
17.100000000000001,-1.890802367148892,0.73425389149730647
17.109999999999999,-1.8834327003991986,0.7393782941979794
17.120000000000001,-1.8760112034174983,0.74462064133444938
17.129999999999999,-1.8685367333949412,0.74998556968582841
17.140000000000001,-1.8610079335095955,0.75547810038984808
17.150000000000002,-1.8534235412103128,0.76110343706029138
17.16,-1.8457821907679706,0.76686712582620087
17.170000000000002,-1.8380824588331131,0.77277504461789137
17.18,-1.8303228834148293,0.77883341131582984
17.190000000000001,-1.8225019750497233,0.78504879934303196
17.199999999999999,-1.8146180820757558,0.79142827170115149
17.210000000000001,-1.8066695302521629,0.79797930394600236
17.219999999999999,-1.7986545499376407,0.80470987515811598
17.23,-1.7905713048055683,0.81162848243780694
17.240000000000002,-1.7824179136472724,0.81874416246167026
17.25,-1.7741923848224612,0.82606659199048782
17.260000000000002,-1.7658924820180564,0.83360626354607126
17.27,-1.7575160085229751,0.84137429028600319
17.280000000000001,-1.7490606809583169,0.84938257591775579
17.289999999999999,-1.7405240120161221,0.85764399822532356
17.300000000000001,-1.7319033766221965,0.86617242977841624
17.309999999999999,-1.7231960410511591,0.87498279897380049
17.32,-1.7143991525292261,0.88409119868567432
17.330000000000002,-1.7055095714516006,0.8935151739945294
17.34,-1.6965240702642492,0.9032736493954886
17.350000000000001,-1.6874392453265024,0.91338716282363142
17.359999999999999,-1.6782513671330377,0.92387820126173659
17.370000000000001,-1.668956586908994,0.93477116472282795
17.379999999999999,-1.6595507391005435,0.94609280891467018
17.390000000000001,-1.6500293857148065,0.95787245032692103
17.400000000000002,-1.6403878097684803,0.97014226762345945
17.41,-1.630620903889995,0.98293778016886491
17.420000000000002,-1.6207232427696581,0.99629815605475669
17.43,-1.6106889512275833,1.0102668451595118
17.440000000000001,-1.6005116927617113,1.0248921490892
17.449999999999999,-1.5901846736084981,1.0402278525335056
17.460000000000001,-1.5797004707466589,1.0563342412946739
17.469999999999999,-1.5690510328951137,1.0732790212852341
17.48,-1.5582276578835554,1.0911384437763771
17.490000000000002,-1.547220696090978,1.1099991164193175
17.5,-1.5360196895318547,1.1299593970431676
17.510000000000002,-1.5246130858175118,1.1511318584628456
17.52,-1.5129881219048371,1.173645956714642
17.530000000000001,-1.5011306737228551,1.1976513631024917
17.539999999999999,-1.4890249685532135,1.2233223732923684
17.550000000000001,-1.4766533386836083,1.250863300650924
17.559999999999999,-1.4639959377601077,1.2805153602812596
17.57,-1.4510302313952741,1.3125659752534518
17.580000000000002,-1.4377305882385276,1.3473605083570328
17.59,-1.4240674869073622,1.3853186389200636
17.600000000000001,-1.4100068229169394,1.4269557757114337
17.609999999999999,-1.3955087142974141,1.4729134771430503
17.620000000000001,-1.3805260924689868,1.5240019906949382
17.629999999999999,-1.3650026147423608,1.5812624212504629
17.640000000000001,-1.3488700725891756,1.6460581919523392
17.650000000000002,-1.3320444292829989,1.7202164554855606
17.66,-1.3144201641756845,1.8062528463016418
17.670000000000002,-1.2958617066766802,1.9077456078114368
17.68,-1.2761897726250706,2.0299933039632876
17.690000000000001,-1.2551587780103459,2.1812485739020322
17.699999999999999,-1.2324161426252604,2.3752433233810533
17.710000000000001,-1.2074228948334522,2.636975261353641
17.719999999999999,-1.1792767987027322,3.0182962614663982
17.73,-1.1462345765023472,3.6518569995723156
17.740000000000002,-1.1038809135687557,5.0497877828665345
17.75,-1.0215375596842602,22.941895078445178
17.760000000000002,1.9937096806061503,-0.67018180553354711
17.77,1.9869874457577041,-0.673984662166633
17.780000000000001,1.98022683041906,-0.67785834800051281
17.789999999999999,1.9734271107072903,-0.6818051356155187
17.800000000000001,1.9665875394621566,-0.68582740165973677
17.809999999999999,1.9597073449733715,-0.68992763316541883
17.82,1.9527857298324816,-0.69410843424663371
17.830000000000002,1.9458218697121907,-0.69837253330558313
17.84,1.9388149120695839,-0.7027227907878969
17.850000000000001,1.9317640220035914,-0.70716217750466359
17.859999999999999,1.9246683526734052,-0.71169379993200421
17.870000000000001,1.9175268315229475,-0.71632104674251262
17.879999999999999,1.9103385427663437,-0.72104735475811454
17.890000000000001,1.9031024708449533,-0.72587638197074089
17.900000000000002,1.895817562445129,-0.73081197952221855
17.91,1.8884827242769724,-0.73585820515409261
17.920000000000002,1.8810968209144645,-0.74101933771741824
17.93,1.8736587281912711,-0.74629985297489931
17.940000000000001,1.8661672704187027,-0.75170448182362548
17.949999999999999,1.858621074859357,-0.75723833393673101
17.960000000000001,1.8510188620173562,-0.76290670750544343
17.969999999999999,1.8433592483598782,-0.76871525067160318
17.98,1.8356407915839077,-0.77466995136796901
17.990000000000002,1.8278620302450457,-0.78077712974412927
18,1.8200214595968665,-0.78704348143741387
18.010000000000002,1.8121173527784689,-0.79347625043912606
18.02,1.8041480374685692,-0.80008304188223833
18.030000000000001,1.7961117183222182,-0.80687199811537624
18.039999999999999,1.7880065548088051,-0.81385177339879589
18.050000000000001,1.7798306449331245,-0.82103158861101733
18.059999999999999,1.7715818519874516,-0.82842143170426374
18.07,1.7632580387919521,-0.83603190819552209
18.080000000000002,1.7548569465087014,-0.84387440415651138
18.09,1.7463762395410594,-0.85196111106651984
18.100000000000001,1.7378133688595179,-0.86030522806008813
18.109999999999999,1.7291656740348185,-0.86892095295691996
18.120000000000001,1.720430401440896,-0.8778235524552962
18.129999999999999,1.7116045969502063,-0.88702957529480919
18.140000000000001,1.7026851052650922,-0.89655697509425214
18.150000000000002,1.6936686482737158,-0.90642516255495786
18.16,1.6845517102904686,-0.9166552809746028
18.170000000000002,1.6753305188175596,-0.92727040615550305
18.18,1.6660011922722093,-0.93829557682353848
18.190000000000001,1.6565593857928032,-0.94975843708340491
18.199999999999999,1.6470006329528291,-0.96168910169997068
18.210000000000001,1.6373200690816527,-0.97412079483392244
18.219999999999999,1.6275125226367917,-0.98709009465296993
18.23,1.6175723906449755,-1.0006375141555692
18.240000000000002,1.6074937070414592,-1.0148078954041477
18.25,1.597269962383423,-1.0296512346312741
18.260000000000002,1.5868941866583881,-1.0452232460493576
18.27,1.5763587629271203,-1.0615864419696619
18.280000000000001,1.565655468023311,-1.0788110420726131
18.289999999999999,1.5547752215880757,-1.0969765367692375
18.300000000000001,1.5437082200784129,-1.116172887447028
18.309999999999999,1.532443670252855,-1.1365026797118007
18.32,1.5209696174329548,-1.1580835579446631
18.330000000000002,1.5092729257688495,-1.1810508870117484
18.34,1.4973389409707203,-1.2055616667775377
18.350000000000001,1.4851513300447954,-1.2317990028170653
18.359999999999999,1.4726918216088225,-1.2599779141475673
18.370000000000001,1.4599397141449102,-1.290353217131911
18.379999999999999,1.4468715800281406,-1.3232291101636937
18.390000000000001,1.4334606368720322,-1.3589724456619801
18.400000000000002,1.4196760290403838,-1.3980303922685964
18.41,1.4054819980817026,-1.4409542956607935
18.420000000000002,1.3908364990230249,-1.4884338069668759
18.43,1.3756898252966518,-1.5413440406454251
18.440000000000001,1.359982216862256,-1.6008160647502596
18.449999999999999,1.3436409644983391,-1.6683412754111033
18.460000000000001,1.3265759653128899,-1.7459344590105776
18.469999999999999,1.3086733384871374,-1.836396235306649
18.48,1.2897855056322218,-1.9437574575801968
18.490000000000002,1.2697153320656593,-2.0740747008341529
18.5,1.2481890819549042,-2.2369613482073398
18.510000000000002,1.2248068262102609,-2.44882144284992
18.52,1.1989417532728828,-2.7406007781827038
18.530000000000001,1.169504340268505,-3.1800930068643938
18.539999999999999,1.1342480463834927,-3.9583389548651891
18.550000000000001,1.0865624931843016,-6.0135806621889518
18.559999999999999,-1.9982893276735629,0.66761843585150549
18.57,-1.9915929589321939,0.67137406864323534
18.580000000000002,-1.9848586921937239,0.67519903207121268
18.59,-1.9780858189101798,0.6790955308618043
18.600000000000001,-1.9712736081079907,0.68306586972125771
18.609999999999999,-1.9644213050051023,0.68711245942734667
18.620000000000001,-1.9575281299133844,0.69123782320263238
18.629999999999999,-1.9505932770659167,0.69544460357120208
18.640000000000001,-1.9436159133773132,0.69973556972922768
18.650000000000002,-1.9365951907895662,0.70411361682115348
18.66,-1.9295303301808948,0.708581719866754
18.670000000000002,-1.9224202554505232,0.71314317336591426
18.68,-1.9152640870910436,0.71780128927619513
18.690000000000001,-1.9080608345631227,0.72255960042304934
18.699999999999999,-1.9008094707494398,0.7274218242925512
18.710000000000001,-1.8935089299507284,0.73239187571067921
18.719999999999999,-1.8861581058226933,0.73747388055352014
18.73,-1.8787558657260486,0.74267217882140435
18.740000000000002,-1.871301063024982,0.74799132983355299
18.75,-1.8637924426604493,0.75343619412978036
18.760000000000002,-1.8562287198973408,0.75901189690273529
18.77,-1.8486085494250342,0.7647238679657552
18.780000000000001,-1.840930529618749,0.77057785987929839
18.789999999999999,-1.8331931988687631,0.77657997323987116
18.800000000000001,-1.8253950959563667,0.7827366331558131
18.809999999999999,-1.8175346529551433,0.78905469912437221
18.82,-1.8096101618283258,0.79554152425036451
18.830000000000002,-1.8016199046119192,0.80220488441762894
18.84,-1.7935620597351125,0.80905308956741107
18.850000000000001,-1.7854347819651544,0.81609495559768275
18.859999999999999,-1.7772360921083985,0.82333994240531627
18.870000000000001,-1.7689638697126744,0.83079821234756412
18.879999999999999,-1.7606159190371877,0.83848062846264526
18.890000000000001,-1.7521899704174999,0.84639881118680116
18.900000000000002,-1.7436836372166944,0.85456524529046762
18.91,-1.7350942995627825,0.86299346973133084
18.920000000000002,-1.7264192683718351,0.87169800929995322
18.93,-1.7176557730775033,0.88069447672194989
18.940000000000001,-1.7088007593009484,0.88999988648644679
18.949999999999999,-1.6998510246034424,0.89963264743023097
18.960000000000001,-1.6908032590388877,0.90961265230229871
18.969999999999999,-1.6816538468619546,0.91996165424170373
18.98,-1.6723989750506512,0.93070333311642772
18.990000000000002,-1.6630346272468042,0.94186350933211349
19,-1.6535564088668739,0.95347059063027007
19.010000000000002,-1.6439597876012646,0.96555556298177803
19.02,-1.634239719184845,0.97815277176810633
19.030000000000001,-1.6243909708398618,0.99129989145928354
19.039999999999999,-1.6144077893555187,1.0050387918474479
19.050000000000001,-1.6042840873034538,1.0194158041904149
19.059999999999999,-1.5940131654774845,1.0344827119560827
19.07,-1.583587843900274,1.0502972912425508
19.080000000000002,-1.5730003890343873,1.0669242606556173
19.09,-1.5622422536927729,1.0844367100989367
19.100000000000001,-1.5513042005751736,1.1029171535123128
19.109999999999999,-1.5401760879845836,1.122459373156502
19.120000000000001,-1.5288467742718896,1.1431704242689278
19.129999999999999,-1.5173039692892936,1.165173163382395
19.140000000000001,-1.5055340566396946,1.1886093921077268
19.150000000000002,-1.4935218941407955,1.2136437696676456
19.16,-1.4812505929786572,1.2404687187138808
19.170000000000002,-1.4687011295510095,1.2693109544847927
19.18,-1.4558519745143017,1.3004397263456724
19.190000000000001,-1.4426787344356771,1.3341773413856093
19.199999999999999,-1.4291534485198252,1.3709137703324514
19.210000000000001,-1.4152438188139238,1.4111260796543565
19.219999999999999,-1.400912197118336,1.4554052168292826
19.23,-1.3861143661172541,1.5044931903259278
19.240000000000002,-1.3707976950434386,1.559337068361341
19.25,-1.3548987364672722,1.6211680610087456
19.260000000000002,-1.338339841487542,1.6916214699404424
19.27,-1.3210242240557595,1.7729252358986949
19.280000000000001,-1.3028286524436477,1.8682081382978384
19.289999999999999,-1.2835920158127609,1.9820301601343584
19.300000000000001,-1.2630966871997744,2.1213521515240923
19.309999999999999,-1.2410360636383659,2.297452459141335
19.32,-1.2169533217878985,2.5301215572801268
19.330000000000002,-1.1901121247488979,2.8582300563921543
19.34,-1.1591750665234986,3.3725707740870767
19.350000000000001,-1.1211524023015682,4.3621745669268686
19.359999999999999,-1.064989548755177,7.9287023639278456
19.370000000000001,1.9961805871358318,-0.66879602974664143
19.379999999999999,1.9894724014005019,-0.67257326816174012
19.390000000000001,1.9827260315598585,-0.67642055860498074
19.400000000000002,1.9759408271967496,-0.68034010041471471
19.41,1.9691160498036879,-0.68433423115334413
19.420000000000002,1.9622509368580245,-0.68840539636752307
19.43,1.9553447005745619,-0.69255615615539012
19.440000000000001,1.9483965267046572,-0.69678919218493207
19.449999999999999,1.9414055732735398,-0.70110731523706105
19.460000000000001,1.9343709983503865,-0.70551345488650707
19.469999999999999,1.9272919654195824,-0.71001066296969106
19.48,1.920167452352578,-0.71460224355320501
19.490000000000002,1.912996537216388,-0.7192915818618445
19.5,1.9057782179020386,-0.72408226777594276
19.510000000000002,1.8985114553266556,-0.72897807963461458
19.52,1.8911951711954271,-0.73398299731845618
19.530000000000001,1.8838282458920448,-0.73910121632166981
19.539999999999999,1.8764095507946918,-0.74433713834867998
19.550000000000001,1.8689379453436823,-0.74969538679861714
19.559999999999999,1.8614120819597266,-0.75518096328374029
19.57,1.853830697657842,-0.76079905792923641
19.580000000000002,1.8461924296950987,-0.76655519980358378
19.59,1.8384958579019275,-0.77245524844456614
19.600000000000001,1.8307395201650218,-0.77850540465243045
19.609999999999999,1.8229219249399644,-0.78471222514312333
19.620000000000001,1.8150414424823385,-0.79108273531184148
19.629999999999999,1.8070963935903261,-0.79762439271146535
19.640000000000001,1.7990850129280607,-0.80434514916107069
19.650000000000002,1.791005464836418,-0.81125347554475802
19.66,1.7828558975958326,-0.81835835493364717
19.670000000000002,1.7746342536646547,-0.8256694917674956
19.68,1.7663383824809602,-0.83319726939436622
19.690000000000001,1.7579660637245769,-0.84095278518160088
19.699999999999999,1.7495150160553214,-0.84894790113036189
19.710000000000001,1.7409827635216035,-0.8571954404944101
19.719999999999999,1.7323666885144358,-0.86570922030476372
19.73,1.7236640605648896,-0.87450411267197981
19.740000000000002,1.7148720361441054,-0.88359614270468767
19.75,1.7059874936801047,-0.89300277156127161
19.760000000000002,1.6970072063303028,-0.90274285081349004
19.77,1.6879277804017787,-0.91283682770501362
19.780000000000001,1.6787455114210386,-0.92330707147536883
19.789999999999999,1.6694565516838411,-0.93417788063876761
19.800000000000001,1.6600567559292732,-0.94547587471909611
19.809999999999999,1.6505416957512027,-0.95723023221175041
19.82,1.6409066802478731,-0.96947295672208911
19.830000000000002,1.631146609856311,-0.98223939576050778
19.84,1.6212560898831063,-0.99556849380214618
19.850000000000001,1.6112292610203336,-1.0095034692425786
19.859999999999999,1.6010598205438356,-1.0240923363740824
19.870000000000001,1.5907409961300647,-1.0393885724417953
19.879999999999999,1.5802653970532343,-1.0554520960313158
19.890000000000001,1.5696250084304355,-1.072350186354599
19.900000000000002,1.558811166350204,-1.0901586014847786
19.91,1.5478142825235499,-1.1089633382482575
19.920000000000002,1.5366239405957536,-1.1288620820447612
19.93,1.5252286490125435,-1.1499665833625421
19.940000000000001,1.5136157148693985,-1.1724053135890233
19.949999999999999,1.5017710834343108,-1.1963267808568978
19.960000000000001,1.4896790966694198,-1.2219037963584511
19.969999999999999,1.4773221673079526,-1.2493389671446888
19.98,1.4646806067087479,-1.2788712570386362
19.990000000000002,1.4517320109255216,-1.3107854008315578
20,1.4384509162287911,-1.345423338155364
