t,y1,y2
0,2,0
0.01,1.9933149275694955,-0.67040379387839211
0.02,1.9865919171601296,-0.67420992531280322
0.029999999999999999,1.9798304926211598,-0.67808699054166677
0.040000000000000001,1.9730299333247363,-0.68203726440576207
0.050000000000000003,1.9661894953788863,-0.6860631258918749
0.059999999999999998,1.9593084105552132,-0.69016706437314468
0.070000000000000007,1.9523858851520173,-0.6943516862926471
0.080000000000000002,1.9454210987880123,-0.69861972236726433
0.089999999999999997,1.9384132031213825,-0.70297403532641933
0.10000000000000001,1.931361320488445,-0.70741762825669063
0.11,1.9242645424556528,-0.71195365360254548
0.12,1.9171219282780918,-0.71658542287339055
0.13,1.9099325032569732,-0.72131641715207628
0.14000000000000001,1.902695256987901,-0.72615029844943024
0.14999999999999999,1.8954091414908936,-0.73109092200462888
0.16,1.8880730692122398,-0.73614234963979375
0.17000000000000001,1.8806859108872749,-0.74130886424078402
0.17999999999999999,1.8732464932520401,-0.74659498551553505
0.19,1.8657535965905454,-0.75200548714547011
0.20000000000000001,1.8582059521029413,-0.75754541547477938
0.20999999999999999,1.850602239078339,-0.76322010991691824
0.22,1.8429410818542322,-0.76903522527010937
0.23000000000000001,1.8352210465424752,-0.77499675612259145
0.23999999999999999,1.8274406374995036,-0.78111106363706284
0.25,1.819598293515917,-0.78738490495706448
0.26000000000000001,1.8116923836976297,-0.7938254655265381
0.27000000000000002,1.803721203007481,-0.80044039474721029
0.28000000000000003,1.795682967432412,-0.8072378452829273
0.28999999999999998,1.7875758087370053,-0.81422651655917533
0.29999999999999999,1.7793977687592204,-0.82141570292582999
0.31,1.771146793198485,-0.82881534712378446
0.32000000000000001,1.7628207248397445,-0.83643609975860433
0.33000000000000002,1.7544172961495175,-0.84428938556955158
0.34000000000000002,1.7459341211712458,-0.85238747747059984
0.35000000000000003,1.7373686866370583,-0.8607435794232472
0.35999999999999999,1.7287183422012213,-0.86937191945344394
0.37,1.7199802896867,-0.87828785428882039
0.38,1.7111515712200209,-0.88750798737554637
0.39000000000000001,1.7022290561105191,-0.8970503023578229
0.40000000000000002,1.6932094263074917,-0.90693431446017592
0.41000000000000003,1.6840891602420309,-0.91718124270188084
0.41999999999999998,1.6748645148284818,-0.92781420638834533
0.42999999999999999,1.6655315053624231,-0.93885845006865243
0.44,1.6560858830064082,-0.95034160194272366
0.45000000000000001,1.6465231094996375,-0.96229397177736975
0.46000000000000002,1.6368383286610177,-0.97474889565536493
0.47000000000000003,1.6270263341738151,-0.9877431365608218
0.47999999999999998,1.6170815330406245,-1.0013173517599883
0.48999999999999999,1.6069979039748989,-1.0155166406196368
0.5,1.5967689498435629,-1.0303911897118727
0.51000000000000001,1.5863876430861146,-1.0459970363340514
0.52000000000000002,1.5758463627982993,-1.0623969770391717
0.53000000000000003,1.5651368218684807,-1.0796616548955011
0.54000000000000004,1.5542499821728302,-1.0978708685720733
0.55000000000000004,1.5431759553449917,-1.1171151588491444
0.56000000000000005,1.5319038860006671,-1.1374977448458321
0.57000000000000006,1.5204218134671976,-1.1591369048944762
0.57999999999999996,1.5087165069718083,-1.1821689280732821
0.58999999999999997,1.4967732677787642,-1.206751805462223
0.59999999999999998,1.4845756897895086,-1.2330698907891477
0.60999999999999999,1.472105367417152,-1.261339846555426
0.62,1.4593415357990742,-1.2918183169567541
0.63,1.4462606231358575,-1.3248119535562783
0.64000000000000001,1.4328356873943187,-1.3606906970273209
0.65000000000000002,1.4190356986067605,-1.3999056437481499
0.66000000000000003,1.4048246116280545,-1.4430134938322421
0.67000000000000004,1.390160149304662,-1.4907106529000529
0.68000000000000005,1.3749921771382487,-1.5438818434325374
0.69000000000000006,1.3592604880930992,-1.603671137646272
0.70000000000000007,1.3428917125727464,-1.6715887602841162
0.70999999999999996,1.3257948899656644,-1.7496771093447525
0.71999999999999997,1.3078549163349773,-1.8407791802136264
0.72999999999999998,1.2889224774203714,-1.9489934854411648
0.73999999999999999,1.2687978149730432,-2.0804912694059201
0.75,1.2472030214561323,-2.2450943569702209
0.76000000000000001,1.2237310170781808,-2.4596239338339685
0.77000000000000002,1.1977414785458784,-2.7559785373166257
0.78000000000000003,1.1681151045316815,-3.2046114366658518
0.79000000000000004,1.1325207270357227,-4.0070539721631402
0.80000000000000004,1.0839231969425778,-6.1952458291710206
0.81000000000000005,-1.9981323527013284,0.6677059360596046
0.82000000000000006,-1.9914365681937174,0.67146234574673169
0.83000000000000007,-1.98470287459993,0.67528811247915288
0.83999999999999997,-1.9779305674130729,0.67918543972568912
0.84999999999999998,-1.9711189195967409,0.68315663087458411
0.85999999999999999,-1.9642671805564478,0.68720409517174719
0.87,-1.9573745750497087,0.69133035407075472
0.88,-1.9504403020302339,0.69553804805930675
0.89000000000000001,-1.9434635334212946,0.69982994400626475
0.90000000000000002,-1.9364434128128711,0.70420894306765291
0.91000000000000003,-1.9293790540767093,0.70867808920809949
0.92000000000000004,-1.9222695398928629,0.71324057839271093
0.93000000000000005,-1.9151139201806975,0.71789976851266268
0.94000000000000006,-1.9079112104266664,0.72265919012038038
0.95000000000000007,-1.9006603899004193,0.72752255803623878
0.95999999999999996,-1.893360399749983,0.73249378394641096
0.96999999999999997,-1.8860101409658259,0.73757699004888455
0.97999999999999998,-1.8786084722025915,0.74277652388497828
0.98999999999999999,-1.8711542074461305,0.74809697447545598
1,-1.8636461135121671,0.75354318987996427
1.01,-1.8560829073614942,0.75912029635848055
1.02,-1.8484632532149488,0.76483371928465316
1.03,-1.8407857594495916,0.77068920602494762
1.04,-1.8330489752554366,0.77669285099265073
1.05,-1.8252513870297298,0.78285112312398064
1.0600000000000001,-1.8173914144831176,0.78917089607486679
1.0700000000000001,-1.809467406429029,0.79565948144240162
1.0800000000000001,-1.8014776362241496,0.80232466538357439
1.0900000000000001,-1.7934202968239485,0.80917474906546105
1.1000000000000001,-1.7852934954127304,0.81621859339700165
1.1100000000000001,-1.7770952475625386,0.8234656686193067
1.1200000000000001,-1.7688234708693245,0.83092610938042843
1.1300000000000001,-1.7604759780079815,0.83861077601710132
1.1400000000000001,-1.7520504691399668,0.8465313229074175
1.1500000000000001,-1.7435445235981064,0.85470027485661004
1.1599999999999999,-1.7349555907625678,0.86313111268246756
1.1699999999999999,-1.7262809800296113,0.87183836931831071
1.1799999999999999,-1.7175178497602628,0.88083773800623211
1.1899999999999999,-1.7086631950790567,0.8901461944218052
1.2,-1.6997138343729958,0.89978213489863779
1.21,-1.690666394317218,0.90976553332817156
1.22,-1.6815172932257874,0.92011811979185354
1.23,-1.6722627224925852,0.93086358457087293
1.24,-1.6628986258472522,0.94202781192532936
1.25,-1.653420676103037,0.953639148900572
1.26,-1.6438242490153308,0.96572871555001882
1.27,-1.6341043937992021,0.97833076433458155
1.28,-1.6242557997683085,0.99148309820112546
1.29,-1.6142727584521723,1.005227558980466
1.3,-1.6041491204188481,1.0196106005825252
1.3100000000000001,-1.5938782458687342,1.0346839649187871
1.3200000000000001,-1.5834529478638988,1.0505054830537919
1.3300000000000001,-1.5728654268040634,1.0671400300402514
1.3400000000000001,-1.5621071944396825,1.0846606694370955
1.3500000000000001,-1.5511689853032071,1.1031500338628666
1.3600000000000001,-1.5400406529128052,1.1227020012578173
1.3700000000000001,-1.5287110474187877,1.1434237448798006
1.3800000000000001,-1.5171678704663605,1.1654382596571222
1.3900000000000001,-1.505397501860944,1.1888875015288922
1.4000000000000001,-1.4933847910324258,1.2139363238214975
1.4099999999999999,-1.4811128041403465,1.2407774613677278
1.4199999999999999,-1.4685625147046018,1.269637908988182
1.4299999999999999,-1.4557124215286237,1.3007871801323299
1.4399999999999999,-1.4425380718595757,1.3345481381386104
1.45,-1.4290114593557364,1.3713114044426384
1.46,-1.4151002541578075,1.4115548296289977
1.47,-1.4007668039932868,1.4558702743001184
1.48,-1.3859668171060566,1.5050011821977034
1.49,-1.3706475935531377,1.5598964946360181
1.5,-1.354745599713931,1.6217900316928695
1.51,-1.3381830606577785,1.6923209014709426
1.52,-1.3208630353855209,1.7737226158043133
1.53,-1.3026620599772596,1.8691326147945502
1.54,-1.2834186935566416,1.9831249436305523
1.55,-1.2629147872819022,2.1226846764687641
1.5600000000000001,-1.240842905323885,2.2991352563692855
1.5700000000000001,-1.2167447406723619,2.5323603894247717
1.5800000000000001,-1.1898810353275597,2.8614544751936823
1.5900000000000001,-1.1589075019556363,3.3778872309159902
1.6000000000000001,-1.1208123229565568,4.373823068304671
1.6100000000000001,-1.0643786968452729,8.0015047073211534
1.6200000000000001,1.9962615669833481,-0.66875072186083473
1.6300000000000001,1.9895552391085338,-0.6725263323649292
1.6400000000000001,1.9828108071258548,-0.67637190705563011
1.6500000000000001,1.9760275603212987,-0.68028967680368169
1.6600000000000001,1.9692047651693168,-0.68428197401764812
1.6699999999999999,1.9623416642875149,-0.68835123869756076
1.6799999999999999,1.9554374753287638,-0.69250002491232365
1.6899999999999999,1.9484913898060803,-0.69673100776922159
1.7,1.9415025718452179,-0.70104699090659583
1.71,1.9344701568594476,-0.70545091457952813
1.72,1.9273932501405044,-0.7099458643470774
1.73,1.9202709253591199,-0.71453508047509096
1.74,1.91310222296793,-0.71922196807462535
1.75,1.9058861484988738,-0.72401010807380362
1.76,1.8986216707464183,-0.72890326909933412
1.77,1.8913077198270998,-0.73390542034429007
1.78,1.8839431851049198,-0.73902074554896879
1.79,1.8765269129710662,-0.74425365817325329
1.8,1.8690577044652468,-0.74960881792167489
1.8100000000000001,1.86153431272458,-0.75509114873891059
1.8200000000000001,1.8539554402444982,-0.76070585843474836
1.8300000000000001,1.8463197359344254,-0.76645846013664076
1.8400000000000001,1.8386257919490991,-0.77235479574335508
1.8500000000000001,1.8308721402742469,-0.77840106163993028
1.8600000000000001,1.8230572490429169,-0.78460383690397628
1.8700000000000001,1.8151795185559862,-0.79097011430650677
1.8800000000000001,1.8072372769772602,-0.79750733445971178
1.8900000000000001,1.7992287756699885,-0.8042234234521759
1.9000000000000001,1.7911521841375695,-0.811126834450141
1.9100000000000001,1.7830055845265402,-0.81822659373073403
1.9199999999999999,1.7747869656446085,-0.8255323517395895
1.9299999999999999,1.7664942164403299,-0.83305443982644167
1.9399999999999999,1.7581251188839393,-0.84080393341656623
1.95,1.749677340180638,-0.8487927224993812
1.96,1.7411484242381225,-0.85703359047655914
1.97,1.7325357822990664,-0.86554030254483361
1.98,1.7238366826363436,-0.87432770501113366
1.99,1.7150482391936521,-0.88341183719408189
2,1.7061673990364148,-0.89281005781147238
2.0100000000000002,1.6971909284568787,-0.90254118817154494
2.02,1.688115397552528,-0.91262567480578904
2.0300000000000002,1.6789371630674512,-0.92308577482336518
2.04,1.6696523492511579,-0.93394576777469995
2.0499999999999998,1.6602568264472122,-0.94523219866295505
2.0600000000000001,1.6507461870733857,-0.95697415764083904
2.0699999999999998,1.6411157185937455,-0.96920360316188858
2.0800000000000001,1.6313603730086401,-0.98195573676437609
2.0899999999999999,1.6214747322976213,-0.99526943955053926
2.1000000000000001,1.6114529691386283,-1.009187782734196
2.1099999999999999,1.6012888020888094,-1.0237586276143551
2.1200000000000001,1.5909754442408313,-1.0390353340536675
2.1299999999999999,1.580505544153977,-1.0550776015207193
2.1400000000000001,1.5698711175889741,-1.0719524729847605
2.1499999999999999,1.5590634682324087,-1.0897355403505673
2.1600000000000001,1.5480730951576267,-1.1085124010985417
2.1699999999999999,1.5368895842027983,-1.1283804303926579
2.1800000000000002,1.52550147970965,-1.1494509528335672
2.1899999999999999,1.5138961320974575,-1.1718519248951762
2.2000000000000002,1.5020595154598446,-1.1957312764288415
2.21,1.4899760076430937,-1.2212611115849996
2.2200000000000002,1.4776281229136365,-1.2486430433743421
2.23,1.4649961840826935,-1.2781150421288088
2.2400000000000002,1.4520579164263476,-1.3099603335730807
2.25,1.4387879393048111,-1.3445191133739358
2.2600000000000002,1.425157122082735,-1.382204196663428
2.27,1.4111317572427888,-1.423522266921132
2.2800000000000002,1.3966724829387029,-1.4691032578479128
2.29,1.3817328553833761,-1.5197418241896588
2.3000000000000003,1.3662574209768046,-1.5764572582827518
2.3100000000000001,1.350179055524461,-1.640582407393826
2.3199999999999998,1.3334151980391133,-1.7138997928448227
2.3300000000000001,1.3158623597121148,-1.7988577295209718
2.3399999999999999,1.2973878349403856,-1.8989286698239627
2.3500000000000001,1.2778166265624542,-2.0192357767176325
2.3599999999999999,1.2569097267738834,-2.1677221019098778
2.3700000000000001,1.2343255417076056,-2.3575233630046717
2.3799999999999999,1.2095449469835329,-2.6123490398987186
2.3900000000000001,1.1817066152906022,-2.9807522492167249
2.3999999999999999,1.1491707173202164,-3.5842598150173801
2.4100000000000001,1.1079115411105642,-4.8697054847987236
2.4199999999999999,1.0357894052285583,-14.142007956449627
2.4300000000000002,-1.9943878472760526,0.66980082436649102
2.4399999999999999,-1.9876709220364799,0.67359580300748079
2.4500000000000002,-1.9809156959569354,0.67746136049220751
2.46,-1.9741214520389465,0.68139975553288701
2.4700000000000002,-1.9672874501859106,0.68541335003611414
2.48,-1.9604129261407126,0.68950461526143969
2.4900000000000002,-1.953497090359499,0.69367613843658127
2.5,-1.9465391268168502,0.69793062987647636
2.5100000000000002,-1.9395381917371615,0.70227093062883517
2.52,-1.9324934122465878,0.70670002071824989
2.5300000000000002,-1.9254038849393629,0.71122102804219078
2.54,-1.9182686743517574,0.7158372379598188
2.5500000000000003,-1.9110868113362738,0.72055210365692823
2.5600000000000001,-1.9038572913279894,0.72536925737817104
2.5699999999999998,-1.8965790724941509,0.73029252255481569
2.5800000000000001,-1.8892510737572592,0.73532592698807353
2.5899999999999999,-1.8818721726808927,0.7404737171416822
2.6000000000000001,-1.8744412032064204,0.74574037369529755
2.6099999999999999,-1.8669569532275374,0.751130628447926
2.6200000000000001,-1.8594181619881598,0.75664948276104815
2.6299999999999999,-1.8518235172876902,0.762302227678475
2.6400000000000001,-1.8441716524758978,0.76809446591489772
2.6499999999999999,-1.8364611432177138,0.77403213591767495
2.6600000000000001,-1.8286905040060024,0.78012153825433384
2.6699999999999999,-1.8208581843978684,0.78636936456700945
2.6800000000000002,-1.8129625649471892,0.79278272942274042
2.6899999999999999,-1.8050019528028338,0.79936920539102074
2.7000000000000002,-1.7969745769383072,0.8061368617497181
2.71,-1.7888785829743519,0.81309430726952991
2.7200000000000002,-1.7807120275511759,0.82025073759607492
2.73,-1.7724728722014371,0.82761598782173573
2.7400000000000002,-1.7641589766686914,0.83520059094337695
2.75,-1.7557680916086451,0.8430158429914697
2.7600000000000002,-1.7472978506019858,0.85107387574044391
2.77,-1.7387457613976485,0.85938773811247349
2.7800000000000002,-1.7301091962938073,0.8679714874508232
2.79,-1.7213853815503921,0.87684029220104243
2.8000000000000003,-1.7125713857110862,0.88601054764484011
2.8100000000000001,-1.7036641066941796,0.89550000675837849
2.8199999999999998,-1.6946602574896537,0.90532792854410116
2.8300000000000001,-1.6855563502738884,0.91551524668551076
2.8399999999999999,-1.6763486787224064,0.92608476189395283
2.8500000000000001,-1.6670332982641156,0.93706136200487233
2.8599999999999999,-1.6576060039761891,0.94847227464267758
2.8700000000000001,-1.6480623057652757,0.96034735835213469
2.8799999999999999,-1.6383974004160866,0.97271943930365989
2.8900000000000001,-1.6286061400096754,0.98562470224837684
2.8999999999999999,-1.618682996117488,0.99910314636660413
2.9100000000000001,-1.6086220190588048,1.0131991191708909
2.9199999999999999,-1.5984167913626779,1.0279619447305877
2.9300000000000002,-1.5880603743929607,1.0434466666143041
2.9399999999999999,-1.5775452468663087,1.0597149311360745
2.9500000000000002,-1.5668632337042296,1.0768360433711757
2.96,-1.5560054232929896,1.0948882373622271
2.9700000000000002,-1.5449620707541916,1.1139602138478431
2.98,-1.5337224842197974,1.1341530147782646
2.9900000000000002,-1.5222748903103545,1.155582325457913
3,-1.5106062739672617,1.1783813246360284
3.0100000000000002,-1.4987021863936449,1.202704243707877
3.02,-1.4865465129766098,1.228730853532483
3.0300000000000002,-1.4741211904953555,1.2566721789018052
3.04,-1.4614058593666321,1.2867778585719147
3.0500000000000003,-1.4483774316898785,1.3193457421402899
3.0600000000000001,-1.4350095487336145,1.3547345744306303
3.0700000000000003,-1.4212718911568487,1.3933810149191026
3.0800000000000001,-1.4071292899195216,1.4358228598322997
3.0899999999999999,-1.3925405625850973,1.482731329502563
3.1000000000000001,-1.3774569635872476,1.5349569248862038
3.1099999999999999,-1.3618200792814716,1.5935961540713521
3.1200000000000001,-1.3455589032822657,1.660091373562373
3.1299999999999999,-1.3285856643307123,1.7363851060254334
3.1400000000000001,-1.3107896870213935,1.8251678592373615
3.1499999999999999,-1.2920280214013169,1.9302947003641637
3.1600000000000001,-1.2721104569560771,2.0575260439147796
3.1699999999999999,-1.2507742061014704,2.2159396667058671
3.1800000000000002,-1.2276379144406964,2.4208771489331053
3.1899999999999999,-1.2021095816588325,2.7008855920207693
3.2000000000000002,-1.1731751026796975,3.1171902549301485
3.21,-1.1387963651572179,3.8358396345277872
3.2200000000000002,-1.0933362453237596,5.5941843533812614
3.23,1.9992009605672787,-0.6671107849211706
3.2400000000000002,1.9925111818271939,-0.67085628789121565
3.25,1.985783604772114,-0.67467080401701618
3.2600000000000002,1.9790175284136631,-0.67855652127870958
3.27,1.9722122293903306,-0.68251572668194682
3.2800000000000002,1.9653669609512232,-0.68655081210970159
3.29,1.9584809518762685,-0.69066428060035889
3.3000000000000003,1.9515534053312762,-0.69485875310265022
3.3100000000000001,1.9445834976529972,-0.69913697573561673
3.3200000000000003,1.937570377058855,-0.70350182759626734
3.3300000000000001,1.9305131622755651,-0.70795632918725704
3.3399999999999999,1.9234109410803031,-0.71250365148305217
3.3500000000000001,1.9162627687475058,-0.71714712575350636
3.3599999999999999,1.9090676663937232,-0.72189025414587726
3.3700000000000001,1.9018246192122041,-0.72673672115883736
3.3799999999999999,1.8945325745881021,-0.73169040606778624
3.3900000000000001,1.8871904400842563,-0.73675539639889254
3.3999999999999999,1.8797970812865168,-0.74193600256645065
3.4100000000000001,1.8723513194964263,-0.74723677378355391
3.4199999999999999,1.8648519292578247,-0.75266251538772588
3.4300000000000002,1.8572976357024973,-0.75821830773940979
3.4399999999999999,1.8496871116984099,-0.7639095268352234
3.4500000000000002,1.84201897478225,-0.76974186685997759
3.46,1.8342917838559794,-0.77572136487980703
3.4700000000000002,1.8265040356247839,-0.78185442791043469
3.48,1.8186541607512214,-0.78814786265422776
3.4900000000000002,1.810740519697386,-0.79460890821799113
3.5,1.8027613982235651,-0.80124527216188823
3.5100000000000002,1.7947150025079999,-0.80806517030435743
3.52,1.7865994538479926,-0.81507737072767938
3.5300000000000002,1.7784127828975489,-0.82229124256215547
3.54,1.7701529233909838,-0.82971681012592746
3.5500000000000003,1.7618177052952391,-0.83736481316027034
3.5600000000000001,1.7534048473259822,-0.84524677399112191
3.5700000000000003,1.7449119487536295,-0.85337507256020051
3.5800000000000001,1.7363364804150971,-0.86176303044447733
3.5899999999999999,1.7276757748349918,-0.87042500517752674
3.6000000000000001,1.7189270153458691,-0.87937649639634274
3.6099999999999999,1.7100872240806118,-0.8886342655934385
3.6200000000000001,1.7011532486905021,-0.89821647160948703
3.6299999999999999,1.6921217476195503,-0.90814282433996973
3.6400000000000001,1.6829891737383142,-0.91843475966932808
3.6499999999999999,1.6737517561079582,-0.92911563914009099
3.6600000000000001,1.6644054796063996,-0.94021097863088199
3.6699999999999999,1.6549460621017276,-0.95174871116930537
3.6800000000000002,1.6453689288017228,-0.96375949002669403
3.6899999999999999,1.6356691833400381,-0.97627703967031709
3.7000000000000002,1.6258415750763557,-0.98933856370911322
3.71,1.6158804619858993,-1.0029852211590966
3.7200000000000002,1.6057797683880286,-1.0172626849409678
3.73,1.5955329366079483,-1.0322217999789676
3.7400000000000002,1.585132871471264,-1.0479193625685692
3.75,1.5745718762871708,-1.0644190483932767
3.7600000000000002,1.5638415786673709,-1.081792523877747
3.77,1.5529328441344092,-1.1001207853070012
3.7800000000000002,1.5418356749674089,-1.1194957830608967
3.79,1.5305390910776233,-1.1400224055945529
3.8000000000000003,1.5190309888481521,-1.1618209213452459
3.8100000000000001,1.5072979727378539,-1.1850300089980008
3.8200000000000003,1.4953251529333604,-1.2098105513824271
3.8300000000000001,1.4830959002827919,-1.2363504314759621
3.8399999999999999,1.470591546936185,-1.2648706592223959
3.8500000000000001,1.4577910172164872,-1.2956332889716939
3.8599999999999999,1.4446703677427672,-1.3289517810200409
3.8700000000000001,1.4312022079359492,-1.3652047523418589
3.8799999999999999,1.4173549605081652,-1.4048545100996179
3.8900000000000001,1.4030919043431835,-1.4484724676355176
3.8999999999999999,1.388369915939917,-1.496774683684754
3.9100000000000001,1.373137784513474,-1.5506726646269469
3.9199999999999999,1.3573339096268178,-1.6113478372161485
3.9300000000000002,1.340883079847031,-1.680363940511818
3.9399999999999999,1.3236918397092934,-1.7598424988812698
3.9500000000000002,1.3056416082151365,-1.8527479792769446
3.96,1.2865780411960974,-1.9633742909533172
3.9700000000000002,1.2662937823319456,-2.0982251959337286
3.98,1.2444987996160377,-2.2677317466355933
3.9900000000000002,1.2207651233056886,-2.489945559968572
4,1.1944125231850087,-2.7996147489852046
4.0099999999999998,1.1642325084126188,-3.2753212626593822
4.0200000000000005,1.1276330320466259,-4.1520134453736581
4.0300000000000002,1.0761514643782117,-6.8029855691951449
4.04,-1.9973318437300696,0.66815255191468226
4.0499999999999998,-1.9906315522791846,0.67191716095195808
4.0600000000000005,-1.9838932684650723,0.67575138603609708
4.0700000000000003,-1.9771162851280908,0.67965744231114522
4.0800000000000001,-1.9702998724667415,0.68363764552989181
4.0899999999999999,-1.9634432769912298,0.68769441804608078
4.0999999999999996,-1.9565457204288079,0.69183029520487316
4.1100000000000003,-1.9496063985597494,0.69604793224526429
4.1200000000000001,-1.942624479981875,0.70035011170149819
4.1299999999999999,-1.9355991047981795,0.70473975138245526
4.1399999999999997,-1.928529383221631,0.7092199129710256
4.1500000000000004,-1.9214143940906461,0.71379381130234687
4.1600000000000001,-1.9142531832881435,0.71846482437780934
4.1699999999999999,-1.9070447620563935,0.72323650419944707
4.1799999999999997,-1.8997881051991414,0.72811258850332816
4.1900000000000004,-1.8924821491616299,0.73309701345842249
4.2000000000000002,-1.8851257899782208,0.73819392746614176
4.21,-1.87771788107626,0.74340770613278395
4.2199999999999998,-1.8702572309236807,0.74874296856558042
4.2300000000000004,-1.8627426005065084,0.75420459512299742
4.2400000000000002,-1.8551727006209782,0.75979774677385381
4.25,-1.8475461889633031,0.76552788623597789
4.2599999999999998,-1.8398616669982908,0.77140080110315457
4.2700000000000005,-1.8321176765858795,0.77742262917447136
4.2800000000000002,-1.8243126963422991,0.7835998862418998
4.29,-1.8164451377098449,0.78993949663149232
4.2999999999999998,-1.8085133407062126,0.79644882681481477
4.3100000000000005,-1.8005155693208192,0.80313572246289122
4.3200000000000003,-1.792450006521572,0.81000854937251865
4.3300000000000001,-1.7843147488309667,0.81707623876443503
4.3399999999999999,-1.7761078004251909,0.82434833749178049
4.3500000000000005,-1.7678270667038676,0.83183506381054106
4.3600000000000003,-1.759470347271163,0.83954736946944364
4.3700000000000001,-1.751035328260947,0.84749700896693403
4.3799999999999999,-1.7425195739294244,0.85569661698021859
4.3899999999999997,-1.7339205174278309,0.86415979513175778
4.4000000000000004,-1.7252354506551906,0.87290120945071403
4.4100000000000001,-1.7164615130763834,0.88193670014621162
4.4199999999999999,-1.7075956793734415,0.89128340552219321
4.4299999999999997,-1.6986347457775957,0.90095990230999934
4.4400000000000004,-1.6895753149054464,0.91098636499610974
4.4500000000000002,-1.6804137788939739,0.92138474728647957
4.46,-1.6711463005949332,0.93217898944370092
4.4699999999999998,-1.6617687925482918,0.94339525596112628
4.4800000000000004,-1.6522768934051628,0.9550622089748706
4.4900000000000002,-1.6426659414112834,0.96721132394201403
4.5,-1.6329309444899289,0.97987725552697713
4.5099999999999998,-1.6230665463751328,0.99309826345073415
4.5200000000000005,-1.6130669881380311,1.0069167102287551
4.5300000000000002,-1.6029260643158367,1.0213796456478126
4.54,-1.5926370726873655,1.0365394964062169
4.5499999999999998,-1.5821927565321543,1.0524548840634516
4.5600000000000005,-1.571585237949779,1.0691916005180655
4.5700000000000003,-1.5608059404859258,1.0868237781549517
4.5800000000000001,-1.549845498890009,1.1054353023708141
4.5899999999999999,-1.5386936532858644,1.1251215281067217
4.6000000000000005,-1.527339124330797,1.1459913809430715
4.6100000000000003,-1.5157694650114826,1.1681699489208484
4.6200000000000001,-1.5039708834962722,1.1918017066146742
4.6299999999999999,-1.4919280298157207,1.2170545622513804
4.6399999999999997,-1.4796237369069607,1.2441249884307608
4.6500000000000004,-1.4670387034828529,1.2732445969559507
4.6600000000000001,-1.4541511018982796,1.3046886643311895
4.6699999999999999,-1.4409360881099276,1.3387873311501124
4.6799999999999997,-1.4273651820680191,1.3759405268698541
4.6900000000000004,-1.4134054740121431,1.4166381794999199
4.7000000000000002,-1.3990185928373173,1.4614880751179249
4.71,-1.3841593430333716,1.511255044005567
4.7199999999999998,-1.3687738698930632,1.5669173530073952
4.7300000000000004,-1.3527971365517009,1.6297500128204148
4.7400000000000002,-1.3361493682185783,1.701451634256673
4.75,-1.3187308942176004,1.7843445834116243
4.7599999999999998,-1.3004144087412235,1.881704372460119
4.7700000000000005,-1.2810328550316212,1.9983303302427742
4.7800000000000002,-1.2603594814825279,2.1415982694011211
4.79,-1.2380728471713791,2.3235651192958549
4.7999999999999998,-1.2136899119762219,2.5656463404777479
4.8100000000000005,-1.1864223743615507,2.9106621229784837
4.8200000000000003,-1.1548096010731674,3.4615954230598502
4.8300000000000001,-1.1154575743170785,4.5662476809754882
4.8399999999999999,-1.0539726613600584,9.4927645202695086
4.8500000000000005,1.9954598041200857,-0.66919960797290889
4.8600000000000003,1.9887489462442312,-0.67298348920443352
4.8700000000000001,1.9819999002518394,-0.67683759682410904
4.8799999999999999,1.9752119527481156,-0.68076417356773189
4.8899999999999997,1.9683843674046051,-0.68476556441251801
4.9000000000000004,1.9615163839066156,-0.68884422267877143
4.9100000000000001,1.9546072168375264,-0.69300271656344736
4.9199999999999999,1.9476560544952766,-0.69724373617078395
4.9299999999999997,1.9406620576359335,-0.70157010107896633
4.9400000000000004,1.933624358138752,-0.70598476848009739
4.9500000000000002,1.9265420575866483,-0.71049084196817092
4.96,1.9194142257554192,-0.7150915810159012
4.9699999999999998,1.9122398990044398,-0.71979041120746523
4.9800000000000004,1.9050180785608486,-0.72459093532563645
4.9900000000000002,1.8977477286884707,-0.72949694533040954
5,1.8904277747318512,-0.73451243537155608
5.0099999999999998,1.8830571010248232,-0.73964161589308131
5.0200000000000005,1.8756345486519419,-0.74488892897149872
5.0300000000000002,1.8681589130499212,-0.75025906499840467
5.04,1.8606289414348431,-0.75575698087057486
5.0499999999999998,1.8530433300394111,-0.76138791981961429
5.0600000000000005,1.8454007211427867,-0.76715743309865292
5.0700000000000003,1.8376996998736408,-0.77307140368892802
5.0800000000000001,1.8299387907648474,-0.77913607229902826
5.0899999999999999,1.8221164540358163,-0.78535806589499824
5.1000000000000005,1.8142310815756271,-0.79174442905688347
5.1100000000000003,1.8062809925969787,-0.79830265852168958
5.1200000000000001,1.7982644289273155,-0.80504074126869007
5.1299999999999999,1.7901795498993809,-0.81196719663041605
5.1399999999999997,1.7820244267986902,-0.81909112289343344
5.1500000000000004,1.7737970368199878,-0.82642224899892947
5.1600000000000001,1.7654952564784965,-0.8339709920051307
5.1699999999999999,1.757116854414537,-0.84174852108709708
5.1799999999999997,1.7486594835217677,-0.84976682898022671
5.1900000000000004,1.740120672319577,-0.85803881188764364
5.2000000000000002,1.7314978154789049,-0.86657835910620928
5.21,1.7227881633975828,-0.8754004537591622
5.2199999999999998,1.7139888107058778,-0.88452128631670923
5.2300000000000004,1.7050966835647818,-0.89395838288173912
5.2400000000000002,1.6961085255982153,-0.90373075054946506
5.25,1.6870208822749808,-0.91385904259041495
5.2599999999999998,1.6778300835262345,-0.92436574675909966
5.2700000000000005,1.6685322243483018,-0.93527540063535164
5.2800000000000002,1.659123143097633,-0.94661483871762986
5.29,1.649598397132843,-0.95841347694373646
5.2999999999999998,1.6399532353960984,-0.97070364157192013
5.3100000000000005,1.6301825674498529,-0.9835209507764221
5.3200000000000003,1.6202809283917692,-0.99690475930773026
5.3300000000000001,1.6102424389561303,-1.010898678885092
5.3399999999999999,1.6000607599684986,-1.0255511900719727
5.3500000000000005,1.5897290401442412,-1.0409163652741862
5.3600000000000003,1.5792398560010523,-1.0570547275539626
5.3700000000000001,1.5685851423775201,-1.0740342764496602
5.3799999999999999,1.5577561116965768,-1.0919317206550916
5.3899999999999997,1.5467431596603132,-1.1108339687304913
5.4000000000000004,1.5355357544785031,-1.1308399442273198
5.4100000000000001,1.5241223059718894,-1.1520628121532184
5.4199999999999999,1.5124900098893486,-1.1746327317198757
5.4299999999999997,1.5006246614455554,-1.1987002890466028
5.4400000000000004,1.4885104302931647,-1.2244408177595389
5.4500000000000002,1.4761295867022206,-1.2520598924065305
5.46,1.463462165349618,-1.2818003905969728
5.4699999999999998,1.4504855484012895,-1.3139516825821123
5.4800000000000004,1.4371739428510486,-1.3488617498636479
5.4900000000000002,1.4234977173458767,-1.3869534045201173
5.5,1.4094225493452668,-1.4287463575258286
5.5099999999999998,1.3949083117440302,-1.4748878048396636
5.5200000000000005,1.3799075944795853,-1.5261957120375291
5.5300000000000002,1.3643637031810054,-1.5837215402519782
5.54,1.3482078891521034,-1.6488436571359273
5.5499999999999998,1.331355415608104,-1.7234109168074883
5.5600000000000005,1.3136997999546149,-1.8099717229255348
5.5700000000000003,1.2951040817083301,-1.9121560338168859
5.5800000000000001,1.2753869684990724,-2.0353480665736399
5.5899999999999999,1.2542996596025149,-2.1879528063674556
5.6000000000000005,1.2314842916054687,-2.3839963937417599
5.6100000000000003,1.2063921883986695,-2.6491177327225208
5.6200000000000001,1.1781009216579716,-3.036830633982305
5.6299999999999999,1.1448152032948691,-3.6855124095163965
5.6399999999999997,1.1019162181699071,-5.142711541071658
5.6500000000000004,1.0098562552584796,-44.00433929233693
5.6600000000000001,-1.9935848253067852,0.6702519997493035
5.6699999999999999,-1.986863346814892,0.6740553213590017
5.6799999999999997,-1.9801034827358301,0.67792948726743429
5.6900000000000004,-1.9733045133568599,0.68187676824526244
5.7000000000000002,-1.9664656957430069,0.68589953896873423
5.71,-1.9595862626672627,0.69000028424208415
5.7199999999999998,-1.9526654214763974,0.6941816056564426
5.7300000000000004,-1.9457023528875703,0.69844622878262652
5.7400000000000002,-1.9386962097105009,0.7027970108732039
5.75,-1.9316461154894826,0.70723694919919378
5.7599999999999998,-1.9245511630590053,0.71176919000592664
5.7700000000000005,-1.9174104130061573,0.71639703819987677
5.7800000000000002,-1.9102228920323394,0.7211239678258381
5.79,-1.9029875912060958,0.72595363337719121
5.7999999999999998,-1.8957034640980845,0.73088988206155248
5.8100000000000005,-1.8883694247882961,0.73593676711280365
5.8200000000000003,-1.8809843457346567,0.74109856221987569
5.8300000000000001,-1.8735470554910167,0.74637977723396931
5.8399999999999999,-1.8660563362613083,0.75178517526043254
5.8500000000000005,-1.8585109212752304,0.75731979128205618
5.8600000000000003,-1.8509094919692726,0.76298895249707299
5.8700000000000001,-1.8432506749550983,0.76879830054489806
5.8799999999999999,-1.8355330387553404,0.77475381583543257
5.8899999999999997,-1.8277550902845807,0.78086184422006577
5.9000000000000004,-1.8199152710507482,0.78712912629371601
5.9100000000000001,-1.8120119530492684,0.79356282959295077
5.9199999999999999,-1.8040434343189866,0.80017058410332698
5.9299999999999997,-1.7960079341251527,0.80696052141844055
5.9400000000000004,-1.787903587730429,0.81394131804581271
5.9500000000000002,-1.7797284407099858,0.82112224338868944
5.96,-1.7714804427610686,0.82851321297782876
5.9699999999999998,-1.7631574409509438,0.83612484768420647
5.9800000000000004,-1.7547571723395796,0.84396853969951624
5.9900000000000002,-1.7462772559047393,0.85205652625317796
6,-1.7377151836870355,0.86040197209307079
6.0099999999999998,-1.7290683110607459,0.8690190620747551
6.0200000000000005,-1.720333846022402,0.87792310529464335
6.0300000000000002,-1.7115088373730585,0.88713065253631029
6.04,-1.7025901616511441,0.89665962907441621
6.0499999999999998,-1.6935745086504144,0.90652948528986999
6.0600000000000005,-1.6844583653309397,0.9167613679787967
6.0700000000000003,-1.6752379978994707,0.92737831579434238
6.0800000000000001,-1.6659094317977399,0.93840548296557691
6.0899999999999999,-1.6564684292919567,0.94987039625075986
6.1000000000000005,-1.6469104643020802,0.96180325112523735
6.1100000000000003,-1.637230694043283,0.97423725449049547
6.1200000000000001,-1.6274239269713893,0.9872090228062167
6.1299999999999999,-1.6174845864254468,1.0007590465492391
6.1400000000000006,-1.6074066692391087,1.0149322344823559
6.1500000000000004,-1.5971836984421282,1.0297785544641647
6.1600000000000001,-1.5868086689858205,1.0453537917433433
6.1699999999999999,-1.5762739851912491,1.061720451039122
6.1799999999999997,-1.5655713883217586,1.0789488358442434
6.1900000000000004,-1.5546918723032537,1.0971183476096229
6.2000000000000002,-1.5436255851301464,1.1163190598086732
6.21,-1.5323617128663551,1.136653638431776
6.2199999999999998,-1.5208883423294655,1.158239702755012
6.2300000000000004,-1.5091922974621408,1.1812127509752122
6.2400000000000002,-1.4972589429487135,1.2057298177167755
6.25,-1.4850719466828983,1.2319740902330139
6.2599999999999998,-1.4726129900244542,1.2601607952370539
6.2700000000000005,-1.4598614110850212,1.2905447916882711
6.2800000000000002,-1.4467937610815886,1.3234304865382842
6.29,-1.4333832463563216,1.3591849631785191
6.2999999999999998,-1.4195990178256621,1.3982556303940221
6.3100000000000005,-1.4054052535174826,1.4411943550265065
6.3200000000000003,-1.3907599553764667,1.4886910963769271
6.3300000000000001,-1.375613343357083,1.5416218067448266
6.3399999999999999,-1.3599056686069531,1.601118351169442
6.3500000000000005,-1.3435641660825466,1.6686735068803631
6.3600000000000003,-1.3264986923281095,1.7463039448561488
6.3700000000000001,-1.3085952801607699,1.8368132870207117
6.3799999999999999,-1.2897062526690775,1.9442370023466498
6.3900000000000006,-1.2696343149293157,2.0746395541841904
6.4000000000000004,-1.2481054746626976,2.2376484586646925
6.4100000000000001,-1.2247193463095583,2.4496960571002702
6.4199999999999999,-1.1988482675631491,2.7417918979403826
6.4299999999999997,-1.1694008044831765,3.1819065312452728
6.4400000000000004,-1.1341249358741199,3.9617696145561259
6.4500000000000002,-1.086382976938792,6.0255860958337442
6.46,1.9984011646155719,-0.66755611183871322
6.4699999999999998,1.9917068920196552,-0.67130977374479373
6.4800000000000004,1.9849747382474598,-0.67513270599300446
6.4900000000000002,1.9782039996737446,-0.67902710814331213
6.5,1.9713939501917017,-0.6829952794505425
6.5099999999999998,1.9645438401760096,-0.68703962477707348
6.5200000000000005,1.9576528953984731,-0.69116266092847389
6.5300000000000002,1.9507203158749651,-0.69536702346528745
6.54,1.943745274641741,-0.69965547401462624
6.5499999999999998,1.9367269164557683,-0.70403090816893443
6.5600000000000005,1.9296643564132074,-0.70849636396957827
6.5700000000000003,1.9225566784796517,-0.71305503107202894
6.5800000000000001,1.9154029339251191,-0.7177102606487491
6.5899999999999999,1.9082021396561433,-0.72246557607939488
6.6000000000000005,1.9009532764365513,-0.72732468453391186
6.6100000000000003,1.8936552869877059,-0.73229148951007605
6.6200000000000001,1.8863070739580547,-0.73737010445344608
6.6299999999999999,1.8789074977508282,-0.74256486753171635
6.6400000000000006,1.871455374197553,-0.74788035771153338
6.6500000000000004,1.8639494720637835,-0.75332141226308036
6.6600000000000001,1.8563885103719904,-0.75889314585421075
6.6699999999999999,1.8487711555249471,-0.76460097138567518
6.6799999999999997,1.8410960182111025,-0.7704506227946275
6.6900000000000004,1.8333616500713783,-0.77644818000354709
6.7000000000000002,1.8255665401044943,-0.78260009630691685
6.71,1.8177091107852668,-0.78891322844303857
6.7199999999999998,1.8097877138673431,-0.79539486969081274
6.7300000000000004,1.8018006258383918,-0.80205278635212618
6.7400000000000002,1.7937460429918823,-0.80889525801604234
6.75,1.7856220760751094,-0.81593112213623542
6.7599999999999998,1.7774267444680234,-0.82316982339323175
6.7700000000000005,1.7691579698415254,-0.83062146854227725
6.7800000000000002,1.7608135692371256,-0.83829688743431618
6.79,1.7523912475020205,-0.84620770105263154
6.7999999999999998,1.7438885890045881,-0.85436639757233346
6.8100000000000005,1.735303048544738,-0.86278641753805585
6.8200000000000003,1.7266319413612699,-0.87148224951511122
6.8300000000000001,1.7178724321239982,-0.88046953776862413
6.8399999999999999,1.7090215227815504,-0.88976520378449497
6.8500000000000005,1.7000760391158389,-0.89938758379574213
6.8600000000000003,1.6910326158307412,-0.90935658488395965
6.8700000000000001,1.6818876799746199,-0.91969386265950559
6.8799999999999999,1.6726374324631392,-0.93042302417958023
6.8900000000000006,1.6632778274290689,-0.94156986042820889
6.9000000000000004,1.6538045490780617,-0.9531626135949498
6.9100000000000001,1.6442129856717251,-0.96523228549606421
6.9199999999999999,1.6344982001894346,-0.9778129948240617
6.9299999999999997,1.6246548971350556,-0.99094239264172579
6.9400000000000004,1.614677384850248,-1.0046621477147666
6.9500000000000002,1.6045595325671678,-1.0190185159479295
6.96,1.5942947212735101,-1.0340630117775675
6.9699999999999998,1.5838757872632994,-1.0498532037944026
6.9800000000000004,1.5732949569959356,-1.0664536627212964
6.9900000000000002,1.5625437715684074,-1.0839370975085953
7,1.551612998700274,-1.1023857253041969
7.0099999999999998,1.540492529609645,-1.1218929344683475
7.0200000000000005,1.529171257481607,-1.1425653177245039
7.0300000000000002,1.5176369333438331,-1.1645251769331346
7.04,1.5058759939902959,-1.1879136346103749
7.0499999999999998,1.4938733550231018,-1.2128945338482269
7.0600000000000005,1.4816121599547669,-1.239659374351636
7.0700000000000003,1.4690734733941344,-1.2684336264830496
7.0800000000000001,1.4562359022771565,-1.2994849024866997
7.0899999999999999,1.4430751233638592,-1.3331336673231879
7.1000000000000005,1.4295632869729589,-1.3697674780726037
7.1100000000000003,1.4156682548443376,-1.4098602140644789
7.1200000000000001,1.4013526119555308,-1.4539985065019745
7.1299999999999999,1.3865723644739314,-1.5029187874434897
7.1400000000000006,1.3712751925994431,-1.5575604008496575
7.1500000000000004,1.3553980567794928,-1.6191437142510683
7.1600000000000001,1.3388638381387097,-1.6892884498294323
7.1699999999999999,1.3215764891505069,-1.770199254449494
7.1799999999999997,1.3034138000195381,-1.864968871438039
7.1900000000000004,1.2842161569728356,-1.9780987326716664
7.2000000000000002,1.2637681982269022,-2.116448661766845
7.21,1.2417670001118051,-2.2911086829910561
7.2199999999999998,1.2177621636401905,-2.5214799048713092
7.2300000000000004,1.1910299374333804,-2.8455001485716589
7.2400000000000002,1.1602621549177221,-3.3511521428863107
7.25,1.1225613729375521,-4.3145996279162713
7.2599999999999998,1.0675259825222454,-7.6404041525148472
7.2700000000000005,-1.9965308007302756,0.66860013615126757
7.2800000000000002,-1.9898259924994361,0.67237297496993109
7.29,-1.9830831083132567,0.67621569019876104
7.2999999999999998,-1.9763014383551556,0.68013050873768055
7.3100000000000005,-1.9694802500378537,0.68411975879374398
7.3200000000000003,-1.9626187869604959,0.68818587591411717
7.3300000000000001,-1.9557162678033642,0.69233140944394911
7.3399999999999999,-1.9487718851555638,0.69655902947128534
7.3500000000000005,-1.9417848042706258,0.70087153431418914
7.3600000000000003,-1.9347541617445365,0.70527185855832231
7.3700000000000001,-1.9276790641101795,0.70976308173710467
7.3799999999999999,-1.9205585863416446,0.71434843769635714
7.3900000000000006,-1.9133917702612147,0.7190313247038238
7.4000000000000004,-1.9061776228411753,0.72381531638806318
7.4100000000000001,-1.8989151143918115,0.72870417357172401
7.4199999999999999,-1.8916031766261265,0.73370185711471814
7.4299999999999997,-1.8842407005908541,0.73881254182788658
7.4400000000000004,-1.8768265344522816,0.74404063161721723
7.4500000000000002,-1.8693594811242249,0.74939077593611814
7.46,-1.8618382957241482,0.75486788771854474
7.4699999999999998,-1.8542616828419605,0.76047716294354117
7.4800000000000004,-1.8466282936043121,0.76622410200802915
7.4900000000000002,-1.8389367225153461,0.77211453309158906
7.5,-1.8311855040527052,0.77815463777924954
7.5099999999999998,-1.823373108995199,0.78435097915929064
7.5200000000000005,-1.8154979404557738,0.79071053271240277
7.5300000000000002,-1.8075583295903304,0.79724072031205484
7.54,-1.799552530949365,0.80394944772517862
7.5499999999999998,-1.791478717435389,0.81084514603932067
7.5600000000000005,-1.7833349748244167,0.81793681750333791
7.5700000000000003,-1.7751192958045134,0.82523408637791384
7.5800000000000001,-1.7668295734782633,0.83274725542293249
7.5899999999999999,-1.758463594268983,0.84048736878831587
7.6000000000000005,-1.7500190301623268,0.84846628220938725
7.6100000000000003,-1.7414934302054932,0.85669674147549002
7.6200000000000001,-1.7328842111752039,0.86519247040785119
7.6299999999999999,-1.7241886473128265,0.87396826971502173
7.6400000000000006,-1.7154038590099403,0.88304012834214285
7.6500000000000004,-1.7065268003100067,0.8924253492367511
7.6600000000000001,-1.6975542450709653,0.90214269181602003
7.6699999999999999,-1.6884827716089701,0.91221253375549849
7.6799999999999997,-1.6793087456141833,0.92265705536403153
7.6900000000000004,-1.6700283010946642,0.93350045028812823
7.7000000000000002,-1.6606373190625787,0.94476916717830306
7.71,-1.6511314036266451,0.95649218778331313
7.7199999999999998,-1.6415058550939501,0.96870134820528253
7.7300000000000004,-1.6317556396103834,0.98143171141680263
7.7400000000000002,-1.6218753547787588,0.99472200104372999
7.75,-1.6118591905829067,1.0086151086606612
7.7599999999999998,-1.6017008848092693,1.0231586898007996
7.7700000000000005,-1.5913936719875108,1.0384058676705701
7.7800000000000002,-1.5809302246590609,1.0544160682872141
7.79,-1.5703025855146899,1.071256017147928
7.7999999999999998,-1.5595020886024675,1.0890009356759984
7.8100000000000005,-1.5485192673728903,1.1077359866063476
7.8200000000000003,-1.5373437467676134,1.1275580319303076
7.8300000000000001,-1.5259641158289721,1.148577786612925
7.8399999999999999,-1.5143677763493626,1.1709224778988205
7.8500000000000005,-1.5025407618074089,1.1947391568058052
7.8600000000000003,-1.4904675191298011,1.2201988597468933
7.8700000000000001,-1.478130643496159,1.2475018909201776
7.8799999999999999,-1.4655105532070039,1.2768846007368049
7.8900000000000006,-1.4525850871672805,1.3086281883917543
7.9000000000000004,-1.4393290011957052,1.3430702842917051
7.9100000000000001,-1.4257133302086396,1.3806204134698912
7.9199999999999999,-1.4117045698354074,1.4217809773008474
7.9300000000000006,-1.3972636107225773,1.4671762434682123
7.9400000000000004,-1.3823443275010254,1.517593227741483
7.9500000000000002,-1.3668916748550151,1.5740407003074701
7.96,-1.35083906224936,1.6378366512908151
7.9699999999999998,-1.3341046420535623,1.7107420071241688
7.9800000000000004,-1.3165859046939654,1.795172597628113
7.9900000000000002,-1.2981515323167057,1.8945499440603364
8,-1.2786285736788161,2.0139131843492191
8.0099999999999998,-1.2577811891951576,2.1610575672030254
8.0199999999999996,-1.2352730168990971,2.348836145114908
8.0299999999999994,-1.2105943559074284,2.6003526512425039
8.0400000000000009,-1.1829031179355052,2.9626287992245595
8.0500000000000007,-1.1506073783659185,3.5521400690937153
8.0600000000000005,-1.109855583933032,4.7875557467075192
8.0700000000000003,-1.0411020959656165,12.366758936089891
8.0800000000000001,1.9946575060101632,-0.66964947000718611
8.0899999999999999,1.9879421082212327,-0.67344165275214507
8.0999999999999996,1.9811884379923648,-0.67730432547379715
8.1099999999999994,1.9743957792337239,-0.68123974285231825
8.120000000000001,1.9675633927988461,-0.68525026252163035
8.1300000000000008,1.9606905154247372,-0.68933835121642917
8.1400000000000006,1.9537763586082999,-0.69350659136076964
8.1500000000000004,1.9468201074143694,-0.69775768816997086
8.1600000000000001,1.9398209192101725,-0.70209447726777019
8.1699999999999999,1.9327779223205834,-0.70651993292147519
8.1799999999999997,1.9256902145980197,-0.71103717689209911
8.1899999999999995,1.9185568619002549,-0.7156494880019455
8.1999999999999993,1.9113768964687845,-0.72036031247192034
8.2100000000000009,1.9041493151996742,-0.72517327510731255
8.2200000000000006,1.896873077798044,-0.73009219139459725
8.2300000000000004,1.8895471048064396,-0.73512108063535697
8.2400000000000002,1.882170275496408,-0.74026418020444751
8.25,1.874741425611459,-0.74552596102576119
8.2599999999999998,1.867259344948397,-0.75091114444586382
8.2699999999999996,1.8597227747626304,-0.75642472059451704
8.2799999999999994,1.8521304049815195,-0.76207196844092639
8.2900000000000009,1.8444808712080958,-0.76785847769797411
8.3000000000000007,1.8367727514955337,-0.77379017280444051
8.3100000000000005,1.8290045628705158,-0.77987333920418556
8.3200000000000003,1.8211747575811845,-0.78611465220096977
8.3300000000000001,1.8132817190424717,-0.79252120867538378
8.3399999999999999,1.8053237574484124,-0.79910056203361768
8.3499999999999996,1.7972991050173444,-0.80586076075941626
8.3599999999999994,1.7892059108316993,-0.81281039101524544
8.370000000000001,1.7810422352292705,-0.81995862383996454
8.3800000000000008,1.7728060436973243,-0.82731526748893292
8.3900000000000006,1.7644952002145264,-0.83489082564971295
8.4000000000000004,1.7561074599783657,-0.84269656227903145
8.4100000000000001,1.7476404614471981,-0.85074457399129166
8.4199999999999999,1.7390917176162062,-0.85904787108384251
8.4299999999999997,1.7304586064350658,-0.86762046839796825
8.4399999999999995,1.7217383602616976,-0.8764774874975465
8.4499999999999993,1.7129280542307606,-0.88563527184824398
8.4600000000000009,1.7040245933970515,-0.89511151702048786
8.4700000000000006,1.6950246984921757,-0.9049254182627301
8.4800000000000004,1.6859248901069712,-0.91509783828368929
8.4900000000000002,1.6767214710815004,-0.92565149857317008
8.5,1.6674105068476659,-0.9366111982789429
8.5099999999999998,1.6579878034255395,-0.948004065473118
8.5199999999999996,1.648448882721459,-0.95985984659423573
8.5299999999999994,1.6387889547117789,-0.97221124116555535
8.5400000000000009,1.6290028860180894,-0.98509429037364793
8.5500000000000007,1.6190851642842414,-0.998548830072017
8.5600000000000005,1.6090298576480566,-1.0126190212456525
8.5700000000000003,1.5988305684553825,-1.0273539740764317
8.5800000000000001,1.588480380183237,-1.0428084858146007
8.5899999999999999,1.5779717963121851,-1.0590439177918072
8.5999999999999996,1.5672966696020372,-1.0761292437656664
8.6099999999999994,1.5564461198612614,-1.0941423105439294
8.620000000000001,1.5454104378342994,-1.1131713637360818
8.6300000000000008,1.5341789722282979,-1.133316907118999
8.6400000000000006,1.5227399961143697,-1.1546939854646183
8.6500000000000004,1.5110805479024159,-1.1774350097695681
8.6600000000000001,1.4991862407085719,-1.2016932841471775
8.6699999999999999,1.4870410320754628,-1.2276474501301873
8.6799999999999997,1.4746269434697981,-1.2555071445753982
8.6899999999999995,1.4619237154759004,-1.2855202834224038
8.7000000000000011,1.4489083796838895,-1.3179825541499297
8.7100000000000009,1.4355547212540745,-1.3532499550096275
8.7200000000000006,1.4218325959496323,-1.3917556089185368
8.7300000000000004,1.4077070503374078,-1.434032688837257
8.7400000000000002,1.3931371710023883,-1.480746266981291
8.75,1.3780745531443537,-1.5327385079102818
8.7599999999999998,1.3624612222879111,-1.5910943612587483
8.7699999999999996,1.346226749484186,-1.657239737858333
8.7799999999999994,1.3292841407511897,-1.7330930401331419
8.7900000000000009,1.3115237965986613,-1.821308098243104
8.8000000000000007,1.2928043073970124,-1.9256817133743758
8.8100000000000005,1.2729377623985836,-2.0518765827110199
8.8200000000000003,1.2516649935377049,-2.2087949302584744
8.8300000000000001,1.2286107538466939,-2.4114330061737914
8.8399999999999999,1.2031943810652255,-2.6875678736858526
8.8499999999999996,1.1744260024957112,-3.096355852326039
8.8599999999999994,1.1403328177576539,-3.7962449254516684
8.870000000000001,1.0955632483929039,-5.4692396143213617
8.8800000000000008,-1.9994695367067665,0.66696139075741945
8.8900000000000006,-1.9927812655090396,0.67070415944681971
8.9000000000000004,-1.9860552237670046,0.67451585518805401
8.9100000000000001,-1.9792907113719844,0.67839866209353639
8.9199999999999999,-1.972487005882485,0.68235486307010051
8.9299999999999997,-1.9656433615098092,0.68638684566028885
8.9399999999999995,-1.9587590080407835,0.69049710829865507
8.9500000000000011,-1.9518331496955352,0.69468826705196185
8.9600000000000009,-1.9448649639154727,0.69896306284869514
8.9700000000000006,-1.9378536000761517,0.70332436927825392
8.9800000000000004,-1.9307981781192831,0.70777520097195412
8.9900000000000002,-1.9236977870975522,0.71231872266839213
9,-1.9165514836253608,0.71695825897938981
9.0099999999999998,-1.9093582902279378,0.72169730495909046
9.0199999999999996,-1.9021171935805381,0.72653953752810596
9.0299999999999994,-1.8948271426286396,0.7314888278687609
9.0400000000000009,-1.8874870465791427,0.73654925484702449
9.0500000000000007,-1.8800957727515812,0.74172511960355048
9.0600000000000005,-1.872652144277196,0.74702096141010621
9.0700000000000003,-1.8651549376325047,0.75244157494214858
9.0800000000000001,-1.8576028799925461,0.7579920290947838
9.0899999999999999,-1.8499946463874006,0.76367768754375387
9.0999999999999996,-1.8423288566437963,0.76950423119865563
9.1099999999999994,-1.8346040720915819,0.77547768281275009
9.120000000000001,-1.826818792012558,0.78160443394994084
9.1300000000000008,-1.8189714498065788,0.78789127461009356
9.1400000000000006,-1.8110604088468569,0.79434542581507117
9.1500000000000004,-1.8030839579931115,0.8009745755223453
9.1600000000000001,-1.7950403067273224,0.80778691826473004
9.1699999999999999,-1.7869275798725208,0.81479119898148555
9.1799999999999997,-1.7787438118500314,0.82199676158932322
9.1899999999999995,-1.7704869404248316,0.82941360290888244
9.2000000000000011,-1.7621547998820704,0.83705243262791917
9.2100000000000009,-1.7537451135701518,0.84492474016700181
9.2200000000000006,-1.7452554857368945,0.85304286937820095
9.2300000000000004,-1.7366833925750385,0.86142010217415543
9.2400000000000002,-1.7280261723813271,0.87007075241246501
9.25,-1.7192810147193969,0.87901027152615596
9.2599999999999998,-1.7104449484602566,0.88825536770113378
9.2699999999999996,-1.7015148285547785,0.89782414066671279
9.2799999999999994,-1.6924873213697567,0.90773623464892461
9.2900000000000009,-1.6833588883919741,0.91801301235204158
9.3000000000000007,-1.6741257680724477,0.92867775357371629
9.3100000000000005,-1.6647839555443895,0.93975588262654852
9.3200000000000003,-1.6553291799021437,0.95127522964367228
9.3300000000000001,-1.6457568786723984,0.9632663319392295
9.3399999999999999,-1.6360621690412456,0.97576278285306339
9.3499999999999996,-1.6262398153180955,0.98880163720771774
9.3599999999999994,-1.6162841920163431,1.0024238845721347
9.370000000000001,-1.6061892418061117,1.0166750041320733
9.3800000000000008,-1.5959484274400535,1.0316056184000122
9.3900000000000006,-1.5855546765606274,1.0472722672148511
9.4000000000000004,-1.5750003180556129,1.0637383291563955
9.4100000000000001,-1.5642770083228625,1.0810751247264025
9.4199999999999999,-1.5533756454157677,1.0993632452988171
9.4299999999999997,-1.5422862685404033,1.1186941645584139
9.4399999999999995,-1.5309979397266429,1.1391722062850365
9.4500000000000011,-1.5194986036469154,1.1609169655537093
9.4600000000000009,-1.5077749204348434,1.1840663122709785
9.4700000000000006,-1.4958120648578055,1.2087801502212425
9.4800000000000004,-1.4835934831724515,1.2352451670834015
9.4900000000000002,-1.471100596219661,1.2636808998276783
9.5,-1.4583124334666597,1.294347568990059
9.5099999999999998,-1.445205177279169,1.3275563259160346
9.5199999999999996,-1.4317515889315569,1.3636828437778954
9.5299999999999994,-1.4179202765127203,1.4031856237953388
9.5400000000000009,-1.4036747479734772,1.4466310810556777
9.5500000000000007,-1.3889721667806898,1.4947285929507945
9.5600000000000005,-1.3737616873224185,1.5483805525835248
9.5700000000000003,-1.3579821822880485,1.6087556642799241
9.5800000000000001,-1.3415590661920391,1.6773994200161313
9.5899999999999999,-1.3243997323364411,1.7564063273534976
9.5999999999999996,-1.3063867848590465,1.8486993016669275
9.6099999999999994,-1.2873675950620471,1.9585053117656519
9.620000000000001,-1.2671374021607835,2.0922138712964746
9.6300000000000008,-1.2454103317996972,2.2600460487740222
9.6400000000000006,-1.2217655963361944,2.4796274719325511
9.6500000000000004,-1.1955367552398934,2.7847132977082611
9.6600000000000001,-1.1655463774619663,3.251023990649974
9.6699999999999999,-1.1292945712003308,4.1015110556961467
9.6799999999999997,-1.0788447334945481,6.5788694478186338
9.6899999999999995,1.9976008392366786,-0.66800240068387462
9.7000000000000011,1.9909020630184275,-0.67176425170992726
9.7100000000000009,1.984165322445441,-0.6755956316231182
9.7200000000000006,1.977389911256346,-0.6794987516252764
9.7300000000000004,1.9705751005783148,-0.68347592331594065
9.7400000000000002,1.963720137896001,-0.68752956462869652
9.75,1.9568242459565508,-0.69166220623266417
9.7599999999999998,1.9498866216083455,-0.69587649839897814
9.7699999999999996,1.9429064345685054,-0.70017521838565899
9.7799999999999994,1.9358828261137262,-0.7045612783949261
9.7900000000000009,1.9288149076885333,-0.70903773414348981
9.8000000000000007,1.9217017594244903,-0.71360779410692143
9.8100000000000005,1.9145424285632722,-0.71827482951462152
9.8200000000000003,1.9073359277758777,-0.72304238514552244
9.8300000000000001,1.9000812333694637,-0.72791419101364807
9.8399999999999999,1.8927772833724765,-0.73289417504682697
9.8499999999999996,1.8854229754878156,-0.73798647681362917
9.8599999999999994,1.8780171649027224,-0.74319546246454349
9.870000000000001,1.8705586619429304,-0.74852574097683566
9.8800000000000008,1.8630462295573109,-0.75398218182437737
9.8900000000000006,1.8554785806177587,-0.75956993427905972
9.9000000000000004,1.8478543750174687,-0.76529444848158301
9.9100000000000001,1.8401722165488421,-0.77116149846418358
9.9199999999999999,1.8324306495402034,-0.77717720741129792
9.9299999999999997,1.8246281552281274,-0.78334807532148532
9.9399999999999995,1.8167631478394901,-0.78968100944639374
9.9500000000000011,1.8088339703543048,-0.79618335776238969
9.9600000000000009,1.8008388899169416,-0.80286294588043949
9.9700000000000006,1.7927760928593321,-0.80972811781175513
9.9800000000000004,1.7846436792952765,-0.81678778108087169
9.9900000000000002,1.7764396572397154,-0.82405145670609159
10,1.7681619362008862,-0.83152933476163493
10.01,1.759808320186371,-0.8392323361744275
10.02,1.7513765000560848,-0.84717218168172903
10.029999999999999,1.7428640451460113,-0.85536146891455822
10.040000000000001,1.7342683940757513,-0.86381375875040245
10.050000000000001,1.7255868446404388,-0.87254367233339014
10.06,1.7168165426728847,-0.88156700029864976
10.07,1.7079544697446587,-0.89090082609367482
10.08,1.6989974295544898,-0.90056366558943979
10.09,1.6899420328284236,-0.91057562559253225
10.1,1.6807846805277054,-0.92095858435143862
10.109999999999999,1.6715215451264323,-0.93173639777242367
10.120000000000001,1.6621485496804196,-0.94293513576499055
10.130000000000001,1.6526613443599143,-0.95458335411067319
10.140000000000001,1.6430552800597946,-0.96671240828065963
10.15,1.6333253786293753,-0.97935681714938649
10.16,1.6234662991765534,-0.99255468618666853
10.17,1.6134722997939315,-1.0063482020581362
10.18,1.6033371939223495,-1.0207842132687772
10.19,1.593054300403161,-1.0359149151638345
10.200000000000001,1.582616386065538,-1.0517986621921596
10.210000000000001,1.5720155994371552,-1.0685009363754723
10.220000000000001,1.5612433938396482,-1.0860955087928781
10.23,1.5502904377127971,-1.1046658412481414
10.24,1.539146509473613,-1.124306789160886
10.25,1.52780037351788,-1.1451266853239852
10.26,1.5162396330551482,-1.1672499095014188
10.27,1.5044505542533904,-1.190820083745691
10.279999999999999,1.4924178545414857,-1.2160040819033073
10.290000000000001,1.4801244457093867,-1.2429971105232511
10.300000000000001,1.4675511194111248,-1.2720292169275114
10.31,1.4546761584455032,-1.3033737239463454
10.32,1.4414748511999702,-1.3373583039907488
10.33,1.4279188780162042,-1.374379727885483
10.34,1.4139755255724415,-1.4149238227662455
10.35,1.3996066663927305,-1.4595929635648788
10.359999999999999,1.384767411453218,-1.5091447082766742
10.370000000000001,1.3694042979253505,-1.5645473430814243
10.380000000000001,1.353452799487493,-1.6270618454957124
10.390000000000001,1.3368338211883,-1.6983665301197264
10.4,1.3194486213137744,-1.7807534118375472
10.41,1.3011712032731961,-1.877450758140397
10.42,1.2818364272172655,-1.9931806470381164
10.43,1.2612204841197099,-2.1351845419995561
10.44,1.2390067366301405,-2.3152662764564389
10.450000000000001,1.2147206596704718,-2.5543101701826574
10.460000000000001,1.1875909293216664,-2.8938351037700691
10.470000000000001,1.1561975508543649,-3.4327543477049458
10.48,1.117282431998784,-4.4987048552009679
10.49,1.0576719250705098,-8.9014958522167653
10.5,-1.9957292225593257,0.66904869233088315
10.51,-1.989019887678191,0.67282979151765854
10.52,-1.9822723929389439,0.67668102885016856
10.529999999999999,-1.9754860258490059,0.680604643067934
10.540000000000001,-1.9686600510232597,0.68460297491744759
10.550000000000001,-1.9617937091339257,0.68867847323200138
10.56,-1.9548862157974898,0.69283370145075562
10.57,-1.9479367603940274,0.69707134463052223
10.58,-1.9409445048138092,0.70139421697755588
10.59,-1.9339085821256365,0.7058052699808286
10.6,-1.926828095160843,0.7103076011612599
10.609999999999999,-1.9197021150063274,0.71490446352241066
10.620000000000001,-1.9125296793993647,0.71959927575392713
10.630000000000001,-1.9053097910162498,0.72439563327345446
10.640000000000001,-1.898041415646031,0.7292973201857631
10.65,-1.8907234802397785,0.73430832223070852
10.66,-1.8833548708248213,0.73943284085724204
10.67,-1.8759344302723462,0.74467530850024322
10.68,-1.8684609559055398,0.75004040521678195
10.69,-1.8609331969341096,0.75553307679461801
10.700000000000001,-1.8533498516995077,0.7611585545375732
10.710000000000001,-1.8457095647134858,0.76692237684830322
10.720000000000001,-1.8380109234706685,0.77283041286690912
10.73,-1.8302524550137029,0.77888888836406034
10.74,-1.8224326222270515,0.78510441416711652
10.75,-1.8145498198327323,0.79148401739887819
10.76,-1.8066023700581439,0.79803517587282613
10.77,-1.7985885179425034,0.80476585605258188
10.779999999999999,-1.7905064262443144,0.81168455496382197
10.790000000000001,-1.7823541699075667,0.81880034661729617
10.800000000000001,-1.7741297300389725,0.82612293349581201
10.81,-1.765830987342291,0.83366270375622675
10.82,-1.757455714948672,0.84143079496791706
10.83,-1.7490015705735904,0.8494391652186567
10.84,-1.7404660879213454,0.85770067267334404
10.85,-1.7318466672468791,0.86622916477731271
10.859999999999999,-1.7231405649715836,0.87503957850552283
10.870000000000001,-1.7143448822344414,0.8841480533466235
10.880000000000001,-1.7054565522418446,0.89357205893991842
10.890000000000001,-1.6964723262581647,0.90333053969744714
10.9,-1.6873887580540579,0.91344407913637227
10.91,-1.6782021865995487,0.92393508718426542
10.92,-1.6689087167533163,0.93482801434091323
10.93,-1.6595041976568587,0.94614959739038018
10.94,-1.6499841984907728,0.95792914230688386
10.950000000000001,-1.6403439811881624,0.97019885117125093
10.960000000000001,-1.6305784696245684,0.98299420148126482
10.970000000000001,-1.6206822147113571,0.99635438803788334
10.98,-1.610649354706005,1.0103228400053814
10.99,-1.6004735699123083,1.0249478287525646
11,-1.5901480307690308,1.0402831859460568
11.01,-1.5796653381070016,1.0563891563286039
11.02,-1.5690174540792345,1.0733334161243806
11.029999999999999,-1.5581956219188418,1.0911922964790075
11.040000000000001,-1.5471902722317434,1.1100522626172524
11.050000000000001,-1.5359909129531113,1.1300117143888111
11.06,-1.5245859993433672,1.1511831941591633
11.07,-1.5129627794089284,1.1736961157046644
11.08,-1.5011071088157817,1.1977001659526103
11.09,-1.4890032275931342,1.2233695849293347
11.1,-1.4766334885138208,1.2509086051766014
11.109999999999999,-1.4639780237126563,1.2805584412587128
11.120000000000001,-1.4510143314487429,1.312606380152638
11.130000000000001,-1.437716758296073,1.3473977622894771
11.140000000000001,-1.4240558424602727,1.3853520067721226
11.15,-1.4099974697672935,1.426984400274377
11.16,-1.3955017725186565,1.4729362721743315
11.17,-1.380521668402092,1.5240176595187558
11.18,-1.3650008842030592,1.5812690720753764
11.19,-1.3488712230888971,1.6460533642410744
11.200000000000001,-1.3320486881411022,1.7201967556146038
11.210000000000001,-1.3144278159684479,1.8062134455958014
11.220000000000001,-1.2958730966665231,1.9076794681148295
11.23,-1.2762053878098445,2.0298894612783234
11.24,-1.2551792406744291,2.1810894389407411
11.25,-1.2324423772961077,2.3749979209002867
11.26,-1.2074563090032036,2.6365836180426738
11.27,-1.1793198023531315,3.0176230173863861
11.279999999999999,-1.1462920690364871,3.6505074013407155
11.290000000000001,-1.1039671939571916,5.0457869702663363
11.300000000000001,-1.0219496813043265,22.541300105660699
11.31,1.9938546686982774,-0.67010031314249485
11.32,1.9871347210315107,-0.67390082837817222
11.33,1.9803764162847215,-0.67777209857340703
11.34,1.9735790356586673,-0.6817163904387934
11.35,1.9667418371736596,-0.68573607435102457
11.359999999999999,1.9598640546022661,-0.68983363055163449
11.370000000000001,1.9529448963378027,-0.6940116557985897
11.380000000000001,1.9459835441938331,-0.69827287052025222
11.390000000000001,1.9389791521294373,-0.70262012651430905
11.4,1.9319308448945753,-0.70705641524226892
11.41,1.9248377165893147,-0.71158487677137683
11.42,1.9176988291301245,-0.71620880942308673
11.43,1.9105132106157969,-0.72093168021690746
11.44,1.9032798535848323,-0.72575713615133386
11.450000000000001,1.8959977131553363,-0.73068901642588813
11.460000000000001,1.8886657050375923,-0.73573136570478914
11.470000000000001,1.8812827034084589,-0.74088844850823854
11.48,1.873847538635679,-0.74616476486093819
11.49,1.8663589948389023,-0.75156506731533412
11.5,1.8588158072728604,-0.75709437953127323
11.51,1.8512166595165604,-0.76275801652236341
11.52,1.843560180450605,-0.76856160681366015
11.529999999999999,1.835844941002764,-0.77451111667427541
11.540000000000001,1.8280694506396735,-0.78061287669583423
11.550000000000001,1.8202321535800114,-0.78687361097357345
11.56,1.8123314247015825,-0.7933004691972606
11.57,1.8043655651115129,-0.79990106199551902
11.58,1.796332797344971,-0.8066834999576824
11.59,1.7882312601535786,-0.81365643676187971
11.6,1.780059002839778,-0.82082911694359562
11.609999999999999,1.7718139790877971,-0.82821142891577459
11.620000000000001,1.7634940402353787,-0.83581396392289486
11.630000000000001,1.7550969279229789,-0.84364808173354977
11.640000000000001,1.7466202660484582,-0.85172598401624811
11.65,1.7380615519452896,-0.86006079645975608
11.66,1.7294181466905556,-0.86866666091344469
11.67,1.720687264435371,-0.87755883903716503
11.68,1.7118659606343198,-0.88675382915712153
11.69,1.702951119031654,-0.89626949842672021
11.700000000000001,1.693939437239729,-0.90612523265731959
11.710000000000001,1.6848274107187946,-0.91634210673885097
11.720000000000001,1.6756113149358329,-0.92694307902920547
11.73,1.6662871854427017,-0.93795321385374519
11.74,1.6568507955687943,-0.94939993700033198
11.75,1.6472976313692285,-0.96131333020693499
11.76,1.6376228634038879,-0.97372647183624961
11.77,1.6278213148426808,-0.98667583257216496
11.779999999999999,1.6178874252945352,-1.0002017369751932
11.790000000000001,1.6078152096372196,-1.0143489042316598
11.800000000000001,1.5975982109760032,-1.0291670847187604
11.81,1.5872294466733865,-1.0447118130771273
11.82,1.5767013461592259,-1.0610453039325556
11.83,1.5660056789362509,-1.0782375232956698
11.84,1.555133470821475,-1.096367477927098
11.85,1.5440749059834482,-1.1155247770875831
11.859999999999999,1.5328192117133932,-1.1358115374292985
11.870000000000001,1.521354522055909,-1.1573447238801167
11.880000000000001,1.5096677153532128,-1.1802590496335872
11.890000000000001,1.4977442193276678,-1.2047106002848436
11.9,1.4855677753993415,-1.2308814060584796
11.91,1.4731201513011605,-1.2589852700752595
11.92,1.4603807874059949,-1.2892752819732487
11.93,1.4473263570507751,-1.3220536251444672
11.94,1.4339302138119583,-1.3576845539926616
11.950000000000001,1.4201616880176418,-1.396611828330526
11.960000000000001,1.405985178939039,-1.4393825355282788
11.970000000000001,1.391358965045866,-1.4866802650416997
11.98,1.3762336172454592,-1.5393723104474359
11.99,1.3605498399987355,-1.59857849659236
12,1.3442354658571638,-1.6657744116328346
12.01,1.3272011582660956,-1.7429514150780068
12.02,1.3093340711125123,-1.8328744547294904
12.030000000000001,1.2904881397440675,-1.9395171999360707
12.040000000000001,1.2704684901062349,-2.0688397038746915
12.050000000000001,1.2490049680359219,-2.2302801092496392
12.06,1.2257037281820689,-2.4398934226773394
12.07,1.1999494202723351,-2.727832189668749
12.08,1.1706774978446965,-3.1596971968278615
12.09,1.1357112704951171,-3.9180381127084343
12.1,1.0887772937156253,-5.8694365076707884
12.109999999999999,-1.9986699242556145,0.66740639201910368
12.120000000000001,-1.9919771625106815,0.67115730947718133
12.130000000000001,-1.9852465474623597,0.6749774107219414
12.140000000000001,-1.9784773763715822,0.67886889141546414
12.15,-1.9716689240563958,0.68283404668769898
12.16,-1.964820441858911,0.68687527702952023
12.17,-1.957931156563385,0.69099509461120456
12.18,-1.9510002692458992,0.69519613007023606
12.19,-1.9440269540536212,0.69948113981431248
12.200000000000001,-1.9370103569083004,0.70385301387954968
12.210000000000001,-1.9299495941281704,0.7083147843970975
12.220000000000001,-1.9228437509618628,0.71286963473632448
12.23,-1.9156918800273861,0.71752090936241952
12.24,-1.908492999648514,0.72227212450456868
12.25,-1.9012460920802183,0.72712697969412055
12.26,-1.8939501016139515,0.73208937027211429
12.27,-1.8866039325526711,0.73716340095080235
12.280000000000001,-1.8792064470444751,0.74235340054905274
12.290000000000001,-1.8717564627625844,0.74766393800775832
12.300000000000001,-1.8642527504180992,0.75309983984275408
12.31,-1.8566940310905697,0.75866620915718597
12.32,-1.8490789733597568,0.76436844642251622
12.33,-1.8414061902201655,0.77021227217837052
12.34,-1.8336742357578755,0.77620375190355873
12.35,-1.8258816015668664,0.78234932330139906
12.359999999999999,-1.8180267128794079,0.78865582624204689
12.370000000000001,-1.8101079243820888,0.7951305357527817
12.380000000000001,-1.8021235156856739,0.80178119832930839
12.390000000000001,-1.7940716864130573,0.80861607207280639
12.4,-1.7859505508652014,0.81564397104586062
12.41,-1.7777581322198039,0.8228743144633005
12.42,-1.769492356211628,0.83031718128724086
12.43,-1.7611510442366745,0.83798337098559461
12.44,-1.7527319058146,0.84588447127868638
12.450000000000001,-1.744232530334761,0.85403293384193824
12.460000000000001,-1.7356503780007901,0.86244215909864608
12.470000000000001,-1.7269827698763671,0.87112659142159488
12.48,-1.7182268769206039,0.88010182629494316
12.49,-1.7093797078846498,0.88938473123245332
12.5,-1.7004380959214012,0.8989935826254295
12.51,-1.6913986837368673,0.90894822102352946
12.52,-1.6822579070840538,0.91927022789570745
12.530000000000001,-1.6730119763672535,0.92998312744874467
12.540000000000001,-1.6636568560852105,0.94111261781523314
12.550000000000001,-1.6541882417941973,0.95268683683137889
12.56,-1.6446015342149214,0.96473666864832952
12.57,-1.6348918100377479,0.97729609885637314
12.58,-1.625053788896208,0.99040262742252205
12.59,-1.6150817958751,1.0040977509511086
12.6,-1.6049697187917271,1.01842752842692
12.609999999999999,-1.5947109593303721,1.0334432480965356
12.620000000000001,-1.5842983769123262,1.049202217588884
12.630000000000001,-1.5737242239352853,1.0657687051323999
12.640000000000001,-1.5629800707013017,1.0832150672634282
12.65,-1.5520567179512899,1.1016231083453358
12.66,-1.5409440944079562,1.1210857304198059
12.67,-1.5296311360595083,1.1417089496948447
12.68,-1.5181056430395068,1.1636143799761127
12.69,-1.5063541087978631,1.18694231660746
12.700000000000001,-1.4943615147057094,1.2118556003843852
12.710000000000001,-1.4821110811355738,1.2385445060166167
12.720000000000001,-1.469583963176784,1.2672329925125358
12.73,-1.4567588751389928,1.2981867881048061
12.74,-1.443611622337853,1.3317239821799443
12.75,-1.4301145105295541,1.3682290982679344
12.76,-1.4162355914683813,1.4081720867213876
12.77,-1.401937685295328,1.4521344085486569
12.780000000000001,-1.3871770933040353,1.5008455688593423
12.790000000000001,-1.3719018720093743,1.5552354386412652
12.800000000000001,-1.3560494705628083,1.6165111208665208
12.81,-1.3395434184173984,1.6862732456832161
12.82,-1.3222885500198049,1.7666980732142108
12.83,-1.3041638919058152,1.8608344664922885
12.84,-1.2850116285191229,1.9731127225538037
12.85,-1.2646191353707166,2.1102702961390314
12.859999999999999,-1.2426879083495168,2.2831699703892561
12.870000000000001,-1.2187752654614887,2.5107453114063913
12.880000000000001,-1.192172505662884,2.8298216336551092
12.890000000000001,-1.1616062151605573,3.3250666932181505
12.9,-1.1242871209844223,4.2577925541732107
12.91,-1.0705374853188807,7.3248813443900396
12.92,1.9967999792663536,-0.66844965723852967
12.93,1.9900966895946481,-0.67221972777161332
12.94,1.9833553520853793,-0.6760595870899474
12.950000000000001,1.9765752578178175,-0.67997145813309146
12.960000000000001,1.9697556751412852,-0.68395766491945542
12.970000000000001,1.9628958486346912,-0.68802063855003814
12.98,1.9559949980038509,-0.69216292365406962
12.99,1.9490523169119622,-0.69638718532376764
13,1.9420669717382155,-0.70069621655703318
13.01,1.9350381002590562,-0.70509294629062169
13.02,1.9279648102461182,-0.70958044804805465
13.030000000000001,1.9208461779742934,-0.71416194927032006
13.040000000000001,1.9136812466327904,-0.71884084139763782
13.050000000000001,1.9064690246313303,-0.72362069077697611
13.06,1.8992084837929113,-0.72850525045248082
13.07,1.8918985574236837,-0.73349847296761295
13.08,1.8845381382495587,-0.73860452423806555
13.09,1.8771260762081163,-0.74382779863069148
13.1,1.8696611760831929,-0.74917293538007623
13.109999999999999,1.8621421949682146,-0.75464483644337965
13.120000000000001,1.8545678395428511,-0.7602486860049974
13.130000000000001,1.8469367631459077,-0.76598997176269601
13.140000000000001,1.8392475626254616,-0.7718745082218792
13.15,1.8314987749451712,-0.7779084622132767
13.16,1.8236888735232339,-0.78409838088559813
13.17,1.81581626427777,-0.79045122248072797
13.18,1.8078792813493019,-0.79697439019635041
13.19,1.7998761824674681,-0.80367576954747844
13.200000000000001,1.7918051439250844,-0.8105637696098118
13.210000000000001,1.7836642551180619,-0.81764736869072197
13.220000000000001,1.7754515126043717,-0.82493616495445221
13.23,1.7671648136292191,-0.83244043267179946
13.24,1.7588019490565232,-0.84017118483908915
13.25,1.7503605956387209,-0.84814024305219204
13.26,1.7418383075474961,-0.85636031563193293
13.27,1.7332325070771055,-0.8648450851892544
13.280000000000001,1.7245404744192039,-0.8736093070080585
13.290000000000001,1.7157593363931438,-0.88266891986422247
13.300000000000001,1.7068860539981514,-0.89204117116830273
13.31,1.6979174086331446,-0.90174475870186876
13.32,1.6888499868054472,-0.91179999158424729
13.33,1.6796801631206189,-0.92222897365977585
13.34,1.6704040813109569,-0.93305581306769703
13.35,1.6610176330187338,-0.94430686254795149
13.359999999999999,1.6515164340003055,-0.95601099596478523
13.370000000000001,1.6418957973568904,-0.96819992766285468
13.380000000000001,1.6321507033245581,-0.98090858275768822
13.390000000000001,1.6222757650664508,-0.99417552821577548
13.4,1.6122651898004978,-1.0080434769218451
13.41,1.6021127344602033,-1.0225598797916591
13.42,1.5918116549176391,-1.0377776247092816
13.43,1.5813546475870803,-1.0537558658461634
13.44,1.5707337819624418,-1.0705610131603955
13.450000000000001,1.5599404223051796,-1.0882679199160743
13.460000000000001,1.5489651362691588,-1.1069613169350858
13.470000000000001,1.5377975876943708,-1.1267375565050055
13.48,1.5264264100800522,-1.1477067482306833
13.49,1.5148390563002032,-1.1699953954525839
13.5,1.503021618867133,-1.1937496770611677
13.51,1.490958613361111,-1.2191395702093482
13.52,1.4786327153517795,-1.2463640811874319
13.530000000000001,1.4660244379814693,-1.2756579546154259
13.540000000000001,1.4531117329740473,-1.3073003817567608
13.550000000000001,1.4398694915815737,-1.3416264525613646
13.56,1.4262689129574762,-1.379042435579741
13.57,1.4122766941669938,-1.4200464964898183
13.58,1.3978539760863777,-1.4652573023152256
13.59,1.3829549487140469,-1.5154543240162239
13.6,1.3675249708181094,-1.5716359489329312
13.609999999999999,1.3514979795940798,-1.6351055224422999
13.620000000000001,1.3347928321550604,-1.7076027116607606
13.630000000000001,1.3173079852135114,-1.791511414225381
13.640000000000001,1.2989134883806299,-1.8902031786609685
13.65,1.2794384028958836,-2.0086348863296402
13.66,1.258649998659324,-2.1544575137264799
13.67,1.2362170334787119,-2.3402492622957269
13.68,1.2116389902915081,-2.5885280247686873
13.69,1.1840924162616353,-2.9448463972484671
13.700000000000001,1.1520313139754597,-3.5209008843264926
13.710000000000001,1.1117674337225831,-4.709543370338908
13.720000000000001,1.045819075411129,-11.128884030820776
13.73,-1.994927105050972,0.66949822572903217
13.74,-1.9882132335945837,0.67328761606162602
13.75,-1.9814611180626716,0.67714740766126447
13.76,-1.9746700432724196,0.68107985118510461
13.77,-1.9678392710257913,0.68508730000739015
13.780000000000001,-1.9609680390520914,0.68917221634190762
13.790000000000001,-1.9540555598870561,0.69333717782513493
13.800000000000001,-1.9471010196837293,0.69758488457988643
13.81,-1.9401035769499941,0.70191816683161634
13.82,-1.9330623612071323,0.70633999309229012
13.83,-1.9259764715632834,0.71085347900475637
13.84,-1.9188449751951033,0.71546189687587336
13.85,-1.9116669057302837,0.72016868597673278
13.859999999999999,-1.9044412615228974,0.72497746369250937
13.870000000000001,-1.8971670038127433,0.7298920375830279
13.880000000000001,-1.8898430547590079,0.73491641848129552
13.890000000000001,-1.8824682953375564,0.74005483468645161
13.9,-1.8750415630901276,0.74531174740732531
13.91,-1.8675616497124408,0.75069186755845907
13.92,-1.8600272984668886,0.75620017407334816
13.93,-1.8524372014039447,0.76184193388109911
13.94,-1.8447899963746894,0.76762272373532081
13.950000000000001,-1.837084263814911,0.77354845410503115
13.960000000000001,-1.829318523279049,0.77962539535864961
13.970000000000001,-1.8214912296997248,0.78586020650912625
13.98,-1.8136007693458285,0.79225996681086974
13.99,-1.8056454554488719,0.79883221057035336
14,-1.7976235234636802,0.80558496554234904
14.01,-1.7895331259253042,0.81252679536009764
14.02,-1.7813723268592498,0.81966684653645494
14.030000000000001,-1.7731390956966173,0.82701490059037586
14.040000000000001,-1.7648313006394265,0.83458143200404034
14.050000000000001,-1.756446701414077,0.84237767276952591
14.06,-1.7479829413424843,0.85041568447755511
14.07,-1.739437538650582,0.85870843895229421
14.08,-1.7308078769224913,0.86726990869129195
14.09,-1.7220911945953143,0.87611516856645988
14.1,-1.7132845733738926,0.88526051043649812
14.109999999999999,-1.7043849254265011,0.89472357270177894
14.120000000000001,-1.6953889792007806,0.90452348713299346
14.130000000000001,-1.6862932636735566,0.91468104577389819
14.140000000000001,-1.6770940908176433,0.92521889124091294
14.15,-1.667787536032358,0.93616173440970918
14.16,-1.6583694162407303,0.94753660425691844
14.17,-1.6488352653038107,0.95937313566324411
14.18,-1.639180306338792,0.97170390212842006
14.19,-1.6293994204502116,0.9845648020116724
14.200000000000001,-1.6194871112888003,0.99799550869104536
14.210000000000001,-1.609437464736108,1.0120399976343064
14.220000000000001,-1.5992441028689868,1.0267471663309677
14.23,-1.5889001311788253,1.0421715671214336
14.24,-1.5783980777958084,1.058374278059045
14.25,-1.5677298231851804,1.0754239436108921
14.26,-1.5568865184223351,1.0933980258116314
14.27,-1.5458584896920677,1.1123843181478246
14.280000000000001,-1.5346351260609354,1.1324827899016163
14.290000000000001,-1.523204746793847,1.1538078498688762
14.300000000000001,-1.5115544434614656,1.1764911469829313
14.31,-1.4996698907212946,1.2006850652302152
14.32,-1.48753511781893,1.2265671259312094
14.33,-1.4751322303524983,1.2543455897420352
14.34,-1.4624410683837481,1.2842666650450545
14.35,-1.4494387821275299,1.3166238973640665
14.359999999999999,-1.4360992995361415,1.3517705653774079
14.370000000000001,-1.4223926500611732,1.3901362922319107
14.380000000000001,-1.4082840940261239,1.4322496786590599
14.390000000000001,-1.3937329845778044,1.4787697210565285
14.4,-1.3786912543482135,1.5305303525098011
14.41,-1.3631013634106715,1.5886051206277005
14.42,-1.3468934536823582,1.6544037313189928
14.43,-1.329981298827422,1.7298208512876025
14.44,-1.3122563606370712,1.8174742750261199
14.450000000000001,-1.2935787465822202,1.921103668516986
14.460000000000001,-1.2737628067752997,2.0462761404765168
14.470000000000001,-1.2525529228829428,2.2017227238113932
14.48,-1.2295798183729185,2.4021043323598663
14.49,-1.2042738642130653,2.6744547363926947
14.5,-1.1756686060138095,3.0759516032105076
14.51,-1.1418535872853297,3.7578952135581245
14.52,-1.0977416382184464,5.3525110237446425
14.530000000000001,1.9997380513094722,-0.66681210571815863
14.540000000000001,1.9930512865459822,-0.67055214353008419
14.550000000000001,1.9863267789740695,-0.67436102244283924
14.56,1.9795638293632127,-0.67824092270666958
14.57,1.9727617161902826,-0.68219412314244687
14.58,1.9659196946270265,-0.68622300695968674
14.59,1.9590369954653142,-0.69033006800330554
14.6,1.9521128239776229,-0.69451791746711466
14.609999999999999,1.9451463587079214,-0.69878929110502497
14.620000000000001,1.9381367501876761,-0.7031470570035151
14.630000000000001,1.9310831195712315,-0.70759422395178506
14.640000000000001,1.9239845571842642,-0.71213395045570216
14.65,1.916840120978458,-0.71676955449453517
14.66,1.909648834884861,-0.72150452404019461
14.67,1.9024096870576792,-0.72634252846401959
14.68,1.8951216279994523,-0.73128743087021075
14.69,1.8877835685576534,-0.73634330148904636
14.700000000000001,1.8803943777817571,-0.74151443221474522
14.710000000000001,1.8729528806286997,-0.74680535240829493
14.720000000000001,1.8654578555033783,-0.75222084610886675
14.73,1.8579080316194663,-0.75776597078494834
14.74,1.8503020861641921,-0.76344607782103902
14.75,1.8426386412489755,-0.76926683489611747
14.76,1.8349162606257858,-0.77523425049454753
14.77,1.8271334461468161,-0.78135470077551461
14.780000000000001,1.8192886339424805,-0.78763495908712411
14.790000000000001,1.8113801902898314,-0.79408222842891674
14.800000000000001,1.8034064071401219,-0.80070417721768805
14.81,1.7953654972704964,-0.80750897877061012
14.82,1.7872555890203943,-0.81450535496075571
14.83,1.7790747205683064,-0.82170262458631127
14.84,1.7708208336987983,-0.82911075706063742
14.85,1.7624917670031273,-0.83674043212629612
14.859999999999999,1.7540852484491807,-0.84460310642646519
14.870000000000001,1.7455988872476496,-0.85271108785216365
14.880000000000001,1.7370301649311348,-0.8610776188072814
14.890000000000001,1.7283764255509313,-0.8697169696444127
14.9,1.7196348648823554,-0.87864454378654899
14.91,1.7108025185130857,-0.8878769963243931
14.92,1.7018762486697985,-0.89743236813624694
14.93,1.6928527296156426,-0.90733023804751822
14.94,1.6837284314241863,-0.91759189591518697
14.950000000000001,1.6744996019034031,-0.92824054015707125
14.960000000000001,1.6651622464049658,-0.93930150393666922
14.970000000000001,1.6557121052080861,-0.95080251498956658
14.98,1.6461446281117182,-0.9627739952324923
14.99,1.6364549458016584,-0.97524940753649747
15,1.6266378374772128,-0.98826565870551208
15.01,1.616687694121816,-1.0018635697502174
15.02,1.6065984766784707,-1.0160884271913837
15.030000000000001,1.596363668237863,-1.0309906323788771
15.040000000000001,1.585976219156231,-1.0466264701817698
15.050000000000001,1.5754284837805372,-1.0630590238629898
15.06,1.5647121471557852,-1.0803592701448477
15.07,1.5538181397035351,-1.0986073981040481
15.08,1.5427365373653239,-1.1178944079020421
15.09,1.531456444062854,-1.1383240625601845
15.1,1.5199658524874879,-1.1600152886384347
15.109999999999999,1.5082514781228917,-1.1831051533325834
15.120000000000001,1.4962985599241954,-1.2077525890431338
15.130000000000001,1.4840906190768861,-1.2341430979329577
15.140000000000001,1.4716091645216862,-1.2624947566176032
15.15,1.4588333301345098,-1.2930659683201644
15.16,1.4457394231018064,-1.3261655973022675
15.17,1.4323003553712332,-1.3621664023539033
15.18,1.4184849188831785,-1.4015231190257302
15.19,1.4042568486531486,-1.4447972203374322
15.200000000000001,1.3895735924404202,-1.4926914824480384
15.210000000000001,1.3743846661583408,-1.5460993022561611
15.220000000000001,1.3586294105331802,-1.6061768376950165
15.23,1.3422338587316449,-1.6744516071854652
15.24,1.3251062420292847,-1.752991543463053
15.25,1.307130330897962,-1.8446787848700128
15.26,1.2881551873023167,-1.9536746439952377
15.27,1.26797860534856,-2.086257002018765
15.280000000000001,1.246318777378761,-2.2524423660561528
15.290000000000001,1.2227619327109882,-2.4694432865889575
15.300000000000001,1.1966550290910578,-2.770058611670466
15.31,1.1668505663410096,-3.2272819329704463
15.32,1.1309361436276986,-4.0528689927294046
15.33,1.0814521342837724,-6.3759581005569332
15.34,-1.9978697744552338,0.6678523586479691
15.35,-1.9911725123596296,0.67161145509271625
15.359999999999999,-1.9844373138866702,0.67543999341339911
15.370000000000001,-1.9776634736648213,0.67934018089270087
15.380000000000001,-1.970850263751164,0.68331432496981592
15.390000000000001,-1.9639969326030262,0.68736483917933699
15.4,-1.9571027039855655,0.69149424952107974
15.41,-1.9501667758132741,0.69570520131396585
15.42,-1.9431883189204517,0.7000004665505758
15.43,-1.9361664757552404,0.70438295183971111
15.44,-1.9291003589913251,0.70885570694222244
15.450000000000001,-1.9219890500508556,0.71342193399966436
15.460000000000001,-1.9148315975315464,0.71808499748564414
15.470000000000001,-1.9076270155302175,0.72284843496652196
15.48,-1.900374281854335,0.72771596876726719
15.49,-1.8930723361122328,0.73269151857991377
15.5,-1.8857200776718008,0.73777921517913392
15.51,-1.8783163634763753,0.74298341528646161
15.52,-1.8708600057054181,0.74830871776470909
15.530000000000001,-1.8633497692662644,0.75375998124249421
15.540000000000001,-1.8557843691017755,0.75934234333399386
15.550000000000001,-1.8481624672970685,0.765061241629309
15.56,-1.8404826699666894,0.77092243665007842
15.57,-1.8327435239014722,0.77693203700040281
15.58,-1.824943512951992,0.78309652694518384
15.59,-1.8170810541228408,0.78942279670794646
15.6,-1.8091544933489194,0.79591817583307567
15.610000000000001,-1.8011621009214827,0.80259046993774108
15.620000000000001,-1.7931020665277382,0.80944800132530281
15.630000000000001,-1.784972493863263,0.81649965389128698
15.640000000000001,-1.7767713947713726,0.82375492292335051
15.65,-1.7684966828575908,0.8312239704067147
15.66,-1.760146166520532,0.83891768655894861
15.67,-1.7517175413325912,0.84684775848293881
15.68,-1.7432083816946435,0.85502674689818181
15.69,-1.7346161316782893,0.86346817210333671
15.700000000000001,-1.7259380949567287,0.8721866105273961
15.710000000000001,-1.7171714237107953,0.8811978034333936
15.720000000000001,-1.7083131063795554,0.8905187796353351
15.73,-1.6993599541047866,0.90016799440464457
15.74,-1.690308585694793,0.91016548715839141
15.75,-1.6811554109047755,0.92053306102227273
15.76,-1.6718966117972887,0.9312944879236692
15.77,-1.6625281219060113,0.94247574363527242
15.780000000000001,-1.6530456028776004,0.95410527808375589
15.790000000000001,-1.6434444182078993,0.96621432735408874
15.800000000000001,-1.6337196036177273,0.97883727520371888
15.81,-1.6238658335269096,0.99201207365653621
15.82,-1.6138773829789073,1.0057807344677256
15.83,-1.6037480842373797,1.0201899059666337
15.84,-1.5934712771133395,1.0352915534569347
15.85,-1.5830397518783763,1.051143765839238
15.860000000000001,-1.5724456833638778,1.0678117171418904
15.870000000000001,-1.5616805545224337,1.0853688193995192
15.880000000000001,-1.5507350673142046,1.1038981135734891
15.890000000000001,-1.5395990382489482,1.1234939589257018
15.9,-1.5282612752231044,1.1442640996028806
15.91,-1.5167094313849849,1.1663322122504471
15.92,-1.5049298305602596,1.1898410728691324
15.93,-1.4929072571613331,1.2149565291105178
15.94,-1.4806247013233753,1.2418725319533577
15.950000000000001,-1.4680630470144405,1.2708175778246784
15.960000000000001,-1.4552006866942844,1.3020630536900621
15.970000000000001,-1.4420130401921745,1.3359341874910806
15.98,-1.4284719469759988,1.3728246234700046
15.99,-1.4145448885204532,1.4132161319728147
16,-1.400193978812478,1.4577057386751318
16.010000000000002,-1.3853746324044838,1.50704381810147
16.02,-1.3700337743545699,1.5621888065403726
16.030000000000001,-1.3541073832740644,1.6243878466862525
16.039999999999999,-1.3375170359420632,1.6952992683623911
16.050000000000001,-1.3201649074891924,1.7771852446385135
16.059999999999999,-1.3019262916979215,1.8732276734502138
16.07,-1.282637934844201,1.9880729790475817
16.080000000000002,-1.2620789170260496,2.1288314196047682
16.09,-1.2399373039442081,2.3070605617095574
16.100000000000001,-1.2157468751450597,2.543130534099137
16.109999999999999,-1.188752770727566,2.8773099001384677
16.120000000000001,-1.1575740382554629,3.4046506564523806
16.129999999999999,-1.1190807069270974,4.4341632409820999
16.140000000000001,-1.0611541819409518,8.4097490956348384
16.149999999999999,1.9959985759974253,-0.66889788929528837
16.16,1.9892907629674843,-0.67267620995468569
16.170000000000002,1.9825448183019105,-0.67652458067303944
16.18,1.9757600304087237,-0.68044523620580133
16.190000000000001,1.9689356648444243,-0.68444051307645182
16.199999999999999,1.9620709632663249,-0.68851285564506859
16.210000000000001,1.9551651423220877,-0.69266482260313955
16.219999999999999,1.9482173924718806,-0.69689909396746574
16.23,1.9412268767379965,-0.70121847859294173
16.240000000000002,1.9341927293764716,-0.70562592227787913
16.25,1.9271140544645979,-0.71012451648349861
16.260000000000002,1.9199899243977496,-0.71471750775976362
16.27,1.9128193782883141,-0.71940830791961297
16.280000000000001,1.905601420258749,-0.72420050504098321
16.289999999999999,1.8983350176201501,-0.72909787538718196
16.300000000000001,1.8910190989267015,-0.73410439631694713
16.309999999999999,1.8836525518955887,-0.73922426030409749
16.32,1.8762342211807206,-0.74446189017574327
16.330000000000002,1.8687629059875737,-0.74982195567256349
16.34,1.8612373575149879,-0.75530939152185228
16.350000000000001,1.8536562762083291,-0.76092941712034423
16.359999999999999,1.8460183088067392,-0.76668755806323075
16.370000000000001,1.8383220451651925,-0.7725896696925908
16.379999999999999,1.8305660148300689,-0.77864196288847665
16.390000000000001,1.8227486833443487,-0.78485103238886023
16.399999999999999,1.8148684482559299,-0.79122388791130827
16.41,1.8069236347992543,-0.79776798842005225
16.420000000000002,1.7989124912170129,-0.80449127991820335
16.43,1.7908331836844538,-0.81140223720299121
16.440000000000001,1.7826837907942237,-0.81850991010040686
16.449999999999999,1.7744622975543038,-0.825823974716826
16.460000000000001,1.7661665888453084,-0.83335479042141103
16.469999999999999,1.7577944422764458,-0.84111346328607151
16.48,1.7493435203710028,-0.84911191688551757
16.490000000000002,1.7408113620028227,-0.85736297148851848
16.5,1.7321953729939468,-0.86588043285111627
16.510000000000002,1.7234928157706839,-0.8746791919900353
16.52,1.7147007979601512,-0.88377533761187088
16.530000000000001,1.7058162597913291,-0.8931862831299352
16.539999999999999,1.6968359601437473,-0.90293091054135166
16.550000000000001,1.6877564610617526,-0.91302973391255782
16.559999999999999,1.6785741105228347,-0.92350508569242573
16.57,1.669285023212882,-0.93438132969989518
16.580000000000002,1.6598850590190259,-0.94568510546835971
16.59,1.650369798899489,-0.95744560952864366
16.600000000000001,1.6407345177282315,-0.96969492040930361
16.609999999999999,1.6309741536371571,-0.98246837564633804
16.620000000000001,1.6210832732868503,-0.99580501092722884
16.629999999999999,1.6110560323844061,-1.0097480738448072
16.640000000000001,1.6008861306275446,-1.0243456277456289
16.649999999999999,1.5905667600814359,-1.0396512649320668
16.66,1.5800905457779268,-1.0557249534813582
16.670000000000002,1.5694494770542473,-1.0726340482830448
16.68,1.5586348278016744,-1.0904545053312535
16.690000000000001,1.5476370633514869,-1.1092723494306478
16.699999999999999,1.5364457311534816,-1.1291854602980149
16.710000000000001,1.5250493316572307,-1.150305762070686
16.719999999999999,1.5134351648268423,-1.1727619285936735
16.73,1.5015891464179958,-1.1967027545157511
16.740000000000002,1.4894955863967867,-1.2223013950403396
16.75,1.4771369194994777,-1.2497607519945464
16.760000000000002,1.4644933746506021,-1.2793203915520137
16.77,1.4515425653656961,-1.3112655367124846
16.780000000000001,1.4382589767385141,-1.3459389126438632
16.789999999999999,1.4246133151715841,-1.3837565804979319
16.800000000000001,1.4105716730823925,-1.4252294511045625
16.809999999999999,1.3960944398267623,-1.4709930556598769
16.82,1.3811348576651483,-1.5218496015162331
16.830000000000002,1.3656370701528842,-1.5788287937435639
16.84,1.3495334261111531,-1.6432781979529409
16.850000000000001,1.3327406594343307,-1.7170017554483814
16.859999999999999,1.3151543122652769,-1.8024800514528669
16.870000000000001,1.2966403037533754,-1.9032362251619752
16.879999999999999,1.2770216057010071,-2.0244772514067346
16.890000000000001,1.2560560581054219,-2.1742940385117211
16.899999999999999,1.2333968462621845,-2.366106164288722
16.91,1.208515403506335,-2.6242347077382098
16.920000000000002,1.1805310062224588,-2.9987916552467553
16.93,1.147755023368352,-3.616518777611164
16.940000000000001,1.105980222155198,-4.9542908746145873
16.949999999999999,1.0297327586152643,-16.909876510464088
16.960000000000001,-1.9941244454904199,0.66994874083234901
16.969999999999999,-1.987406027488078,0.67374645326744875
16.98,-1.9806492808763321,0.67761483148297608
16.990000000000002,-1.9738534877677871,0.68155613813999005
17,-1.9670179071362954,0.68557273932542551
17.010000000000002,-1.9601417737521409,0.68966711072778153
17.02,-1.953224297053225,0.69384184428181717
17.030000000000001,-1.9462646599474178,0.69809965529326856
17.039999999999999,-1.9392620175409485,0.70244339011055834
17.050000000000001,-1.9322154957870794,0.70687603440695979
17.059999999999999,-1.9251241900489486,0.71140072207921567
17.07,-1.9179871635697261,0.71602074488851519
17.080000000000002,-1.9108034458427454,0.72073956284402474
17.09,-1.903572030873421,0.725560815470219
17.100000000000001,-1.8962918753240512,0.73048833397956314
17.109999999999999,-1.8889618965317336,0.73552615449287384
17.120000000000001,-1.8815809703885351,0.74067853238413128
17.129999999999999,-1.8741479290721061,0.74594995787471463
17.140000000000001,-1.8666615586135296,0.75134517300432113
17.150000000000002,-1.8591205962879755,0.75686919013577247
17.16,-1.8515237278120307,0.76252731214052138
17.170000000000002,-1.8438695843299113,0.76832515446100302
17.18,-1.8361567391687956,0.77426866927380378
17.190000000000001,-1.8283837043411837,0.78036417195784524
17.199999999999999,-1.8205489267698147,0.78661837016348646
17.210000000000001,-1.8126507842076347,0.79303839578307889
17.219999999999999,-1.8046875808222145,0.7996318401586896
17.23,-1.7966575424101248,0.80640679294693673
17.240000000000002,-1.7885588112026989,0.81337188506880298
17.25,-1.7803894402195857,0.82053633628037503
17.260000000000002,-1.7721473871210069,0.82791000797571368
17.27,-1.7638305075031953,0.8355034618772208
17.280000000000001,-1.7554365475739571,0.84332802544944974
17.289999999999999,-1.7469631361368703,0.85139586493647024
17.300000000000001,-1.7384077758024536,0.85972006711340188
17.309999999999999,-1.7297678333332036,0.86831473099875545
17.32,-1.7210405290156205,0.87719507099657035
17.330000000000002,-1.712222924936611,0.88637753320161117
17.34,-1.7033119120227493,0.89587992688144713
17.350000000000001,-1.6943041956788856,0.90572157355860949
17.359999999999999,-1.6851962798363842,0.91592347652812556
17.370000000000001,-1.6759844491900109,0.92650851422317526
17.379999999999999,-1.6666647493654305,0.93750166147165925
17.390000000000001,-1.6572329647144295,0.94893024357536737
17.400000000000002,-1.6476845933813535,0.96082422908962328
17.41,-1.6380148192189019,0.97321656847551719
17.420000000000002,-1.6282184800522144,0.98614358739122987
17.43,-1.6182900316931437,0.99964544536122113
17.440000000000001,-1.6082235069870769,1.0137666730340791
17.449999999999999,-1.598012469027067,1.0285568045137046
17.460000000000001,-1.5876499574857239,1.0440711252970922
17.469999999999999,-1.5771284267847356,1.0603715616490981
17.48,-1.566439674530167,1.0775277441878024
17.490000000000002,-1.5555747582710808,1.0956182875177292
17.5,-1.544523898163138,1.1147323397664304
17.510000000000002,-1.5332763625035903,1.1349714720409627
17.52,-1.5218203323005719,1.1564519996179867
17.530000000000001,-1.5101427399798282,1.1793078565476058
17.539999999999999,-1.4982290759198449,1.2036941867781155
17.550000000000001,-1.486063154601559,1.229791872933401
17.559999999999999,-1.4736268295585497,1.2578133066616648
17.57,-1.4608996427135985,1.2880098241054021
17.580000000000002,-1.447858388630002,1.320681406014929
17.59,-1.4344765669820854,1.3561895058610214
17.600000000000001,-1.4207236860444221,1.3949742728052572
17.609999999999999,-1.4065643644133579,1.4375780680087467
17.620000000000001,-1.3919571545284739,1.4846781867539791
17.629999999999999,-1.3768529747786389,1.5371333740044153
17.640000000000001,-1.3611929781141141,1.5960515791441368
17.650000000000002,-1.3449055877994363,1.6628914557979764
17.66,-1.3279022640554867,1.7396194605029141
17.670000000000002,-1.3100712663826442,1.8289625528277369
17.68,-1.2912681177195957,1.9348338192593202
17.690000000000001,-1.2713003232571318,2.0630912140069584
17.699999999999999,-1.2499014915886284,2.2229882969180674
17.710000000000001,-1.2266841677654623,2.4302138902709984
17.719999999999999,-1.2010449744273282,2.714094058576269
17.73,-1.1719453195923324,3.1379666406840103
17.740000000000002,-1.1372802628539167,3.8757745746407055
17.75,-1.0911111197229133,5.7251007216811294
17.760000000000002,1.9989386154678379,-0.66725678548974909
17.77,1.9922473634224258,-0.67100496199131632
17.780000000000001,1.985518285909267,-0.67482223587972745
17.789999999999999,1.9787506810782516,-0.67871079892525221
17.800000000000001,1.9719438246677958,-0.68267294214436491
17.809999999999999,1.9650969689856588,-0.68671106166711204
17.82,1.9582093418266497,-0.69082766503935567
17.830000000000002,1.9512801453250519,-0.6950253779918576
17.84,1.9443085547368122,-0.69930695171746327
17.850000000000001,1.9372937171461908,-0.70367527071614222
17.859999999999999,1.9302347500910806,-0.70813336122418669
17.870000000000001,1.9231307401005815,-0.71268440033531133
17.879999999999999,1.9159807411379601,-0.71733172583076554
17.890000000000001,1.9087837729413064,-0.72207884680412282
17.900000000000002,1.9015388192536229,-0.72692945517168583
17.91,1.8942448259331268,-0.73188743813828949
17.920000000000002,1.8869006989337196,-0.73695689170704448
17.93,1.879505302144562,-0.7421421353733294
17.940000000000001,1.872057455076471,-0.74744772808480942
17.949999999999999,1.8645559303817176,-0.75287848562884019
17.960000000000001,1.8569994511922161,-0.75843949958383727
17.969999999999999,1.8493866882596541,-0.76413615802345269
17.98,1.8417162568791334,-0.76997416813065778
17.990000000000002,1.8339867135760128,-0.77595958099330675
18,1.8261965525331876,-0.78209881875986786
18.010000000000002,1.8183442017335114,-0.78839870449913352
18.02,1.8104280187890949,-0.79486649503235596
18.030000000000001,1.8024462864257342,-0.80150991713033737
18.039999999999999,1.794397207587016,-0.80833720746263149
18.050000000000001,1.7862789001180568,-0.81535715679647958
18.059999999999999,1.778089390983955,-0.82257915896065381
18.07,1.769826609972035,-0.8300132652249107
18.080000000000002,1.7614883828204502,-0.83767024478610741
18.09,1.7530724237078088,-0.84556165222507462
18.100000000000001,1.744576327029622,-0.85369990285233355
18.109999999999999,1.735997558376958,-0.86209835713036642
18.120000000000001,1.7273334446204396,-0.87077141541314595
18.129999999999999,1.7185811629886887,-0.87973462459894325
18.140000000000001,1.7097377290134779,-0.88900479845641234
18.150000000000002,1.7007999831944207,-0.8986001537826438
18.16,1.6917645762126918,-0.90854046488716522
18.170000000000002,1.6826279524958807,-0.91884723942796964
18.18,1.6733863319033477,-0.92954391913145029
18.190000000000001,1.6640356892621853,-0.9406561097209214
18.199999999999999,1.6545717314370354,-0.95221184516943658
18.210000000000001,1.6449898715600593,-0.96424189254854098
18.219999999999999,1.6352851999787452,-0.97678010501151535
18.23,1.6254524513951449,-0.98986383221655072
18.240000000000002,1.6154859675675566,-1.0035343995304735
18.25,1.605379654818802,-1.0178376700982981
18.260000000000002,1.5951269354382998,-1.0328247072615848
18.27,1.584720691869153,-1.0485525592165723
18.280000000000001,1.5741532023251226,-1.0650851935325771
18.289999999999999,1.5634160661710008,-1.0824946165357481
18.300000000000001,1.5525001170023804,-1.1008622224757902
18.309999999999999,1.5413953208502837,-1.1202804303557625
18.32,1.5300906562734142,-1.1408546838884273
18.330000000000002,1.5185739722337048,-1.1627059138243727
18.34,1.5068318185034983,-1.1859735945902969
18.350000000000001,1.494849241818984,-1.2108195725970117
18.359999999999999,1.4826095389191729,-1.2374329076634418
18.370000000000001,1.4700939547652354,-1.2660360605151026
18.379999999999999,1.457281310282142,-1.2968928924648089
18.390000000000001,1.4441475383853424,-1.3303191400301018
18.400000000000002,1.4306650990485268,-1.3666963237831098
18.41,1.4168022324611291,-1.4064905070640252
18.420000000000002,1.4025219918505669,-1.4502780393788166
18.43,1.3877809708556499,-1.4987815827876261
18.440000000000001,1.3725275985053909,-1.5529216582865921
18.449999999999999,1.3566998073370773,-1.6138922898521681
18.460000000000001,1.3402217674837229,-1.6832753051753533
18.469999999999999,1.3229991840037114,-1.7632190478712937
18.48,1.3049123022218956,-1.8567293015375388
18.490000000000002,1.2858050763918192,-1.9681666742862096
18.5,1.265467570535836,-2.1041490598525203
18.510000000000002,1.2436056096842494,-2.2753179914498998
18.52,1.2197840432929292,-2.5001540007506842
18.530000000000001,1.1933087807965312,-2.8144119739273443
18.539999999999999,1.1629398582947303,-3.2996064590550898
18.550000000000001,1.1259904040273989,-4.2032449395924676
18.559999999999999,1.0734295093199422,-7.0461117374446838
18.57,-1.9970690904284341,0.66829929181026926
18.580000000000002,-1.9903673181635491,0.67206659757538756
18.59,-1.9836275261429193,0.67590360465912347
18.600000000000001,-1.9768490063400499,0.67981253205032055
18.609999999999999,-1.9700310280391551,0.68379569958343223
18.620000000000001,-1.9631728367970938,0.6878555339258754
18.629999999999999,-1.9562736533432978,0.69199457500953832
18.640000000000001,-1.9493326724130144,0.69621548293055324
18.650000000000002,-1.9423490615089294,0.70052104538973337
18.66,-1.9353219595856486,0.70491418568741704
18.670000000000002,-1.9282504756511019,0.70939797134714888
18.68,-1.9211336872783831,0.71397562342461207
18.690000000000001,-1.9139706390208362,0.71865052655529638
18.699999999999999,-1.9067603407226619,0.72342623981534881
18.710000000000001,-1.8995017657164004,0.72830650849848511
18.719999999999999,-1.8921938488979695,0.73329527684937479
18.73,-1.8848354846688329,0.7383967019132992
18.740000000000002,-1.8774255247339868,0.74361516855142895
18.75,-1.8699627757431354,0.74895530580182357
18.760000000000002,-1.8624459967611973,0.75442200468006504
18.77,-1.8548738965528155,0.76002043760671101
18.780000000000001,-1.8472451306637792,0.76575607962545367
18.789999999999999,-1.839558298280551,0.77163473160492135
18.800000000000001,-1.831811938846805,0.77766254566612225
18.809999999999999,-1.8240045284136575,0.78384605306923005
18.82,-1.8161344756973954,0.79019219487056269
18.830000000000002,-1.8082001178155851,0.7967083556606559
18.84,-1.800199715668787,0.80340240075864799
18.850000000000001,-1.7921314489311873,0.81028271731240598
18.859999999999999,-1.7839934106088768,0.81735825976800247
18.870000000000001,-1.7757836011191444,0.82463860028555713
18.879999999999999,-1.767499921838267,0.83213398474429823
18.890000000000001,-1.7591401680581273,0.83985539510222018
18.900000000000002,-1.7507020212841067,0.84781461894648857
18.91,-1.7421830407971921,0.85602432727149458
18.920000000000002,-1.7335806543924677,0.86449816163841953
18.93,-1.7248921481934811,0.87325083208641074
18.940000000000001,-1.7161146554270241,0.88229822742331754
18.949999999999999,-1.7072451440256058,0.89165753975405126
18.960000000000001,-1.6982804029041629,0.90134740548834225
18.969999999999999,-1.6892170267334452,0.91138806548992146
18.98,-1.6800513990034587,0.92180154747766407
18.990000000000002,-1.6707796731361448,0.93261187447171634
19,-1.6613977513650946,0.94384530375658748
19.010000000000002,-1.6519012610506638,0.95553060182463501
19.02,-1.6422855280389892,0.96769936187716898
19.030000000000001,-1.6325455466005814,0.98038637186068456
19.039999999999999,-1.6226759453956183,0.9936300429021111
19.050000000000001,-1.6126709488039337,1.0074729101684403
19.059999999999999,-1.6025243328234562,1.0219622210829185
19.07,-1.5922293745736407,1.0371506295564299
19.080000000000002,-1.5817787942318802,1.0530970195266547
19.09,-1.5711646879678971,1.0698674873326814
19.100000000000001,-1.5603784501080016,1.0875365204070029
19.109999999999999,-1.5494106823352283,1.1061884204861865
19.120000000000001,-1.5382510871823896,1.1259190336123734
19.129999999999999,-1.5268883423616291,1.1468378683061007
19.140000000000001,-1.5153099515368527,1.1690707093157942
19.150000000000002,-1.5035020659027558,1.1927628700624033
19.16,-1.4914492692666703,1.218083276912709
19.170000000000002,-1.4791343170658173,1.245229649084296
19.18,-1.4665378166382366,1.2744351394612174
19.190000000000001,-1.4536378317191054,1.3059769498535303
19.199999999999999,-1.440409387972502,1.3401876543733764
19.210000000000001,-1.4268238474803043,1.3774702984449592
19.219999999999999,-1.4128481070424086,1.4183188580298893
19.23,-1.3984435555164227,1.4633464641738798
19.240000000000002,-1.3835646952412983,1.5133251361145765
19.25,-1.3681572849059913,1.5692430158605766
19.260000000000002,-1.3521557835690672,1.6323890133929331
19.27,-1.3354797445762154,1.7044818666424979
19.280000000000001,-1.31802857815394,1.7878740839007383
19.289999999999999,-1.2996736814144028,1.885888179559827
19.300000000000001,-1.2802460952556862,2.0034005050791026
19.309999999999999,-1.2595161415908722,2.1479211988724307
19.32,-1.2371575887390311,2.3317611735160977
19.330000000000002,-1.2126788712248051,2.576871612938024
19.34,-1.1852745917006351,2.9273952385822581
19.350000000000001,-1.153442806603346,3.4905041311179321
19.359999999999999,-1.1136486002846764,4.6353353871166707
19.370000000000001,-1.0501054315128251,10.203208518247271
19.379999999999999,1.9951966387366216,-0.66934709459351005
19.390000000000001,1.9884842924637884,-0.67313369605144502
19.400000000000002,1.9817337304436877,-0.67699061022553364
19.41,1.9749442383988929,-0.68092008375882951
19.420000000000002,1.968115079078059,-0.68492446577360866
19.43,1.961245491200966,-0.68900621398034068
19.440000000000001,1.9543346883402291,-0.69316790123180783
19.449999999999999,1.947381857735043,-0.6974122225787639
19.460000000000001,1.9403861590317502,-0.70174200285063171
19.469999999999999,1.9333467229457133,-0.70616020482852671
19.48,1.926262649838308,-0.71066993805209755
19.490000000000002,1.9191330082024309,-0.71527446832355701
19.5,1.9119568330491552,-0.71997722798286146
19.510000000000002,1.9047331241875476,-0.72478182701805849
19.52,1.8974608443888843,-0.72969206508587281
19.530000000000001,1.8901389174255463,-0.73471194456915723
19.539999999999999,1.8827662259740499,-0.73984568471829293
19.550000000000001,1.8753416093704189,-0.74509773705112026
19.559999999999999,1.8678638612050691,-0.75047280208756151
19.57,1.860331726742837,-0.75597584759298275
19.580000000000002,1.852743900152436,-0.76161212849187976
19.59,1.8450990215277485,-0.76738720861581533
19.600000000000001,1.837395673681522,-0.77330698450977753
19.609999999999999,1.8296323786898487,-0.77937771151089541
19.620000000000001,1.8218075941632328,-0.78560603239488769
19.629999999999999,1.8139197092173951,-0.79199900884878782
19.640000000000001,1.8059670401135903,-0.79856415613520637
19.650000000000002,1.7979478255347472,-0.80530948135301106
19.66,1.7898602214594261,-0.81224352568421365
19.670000000000002,1.7817022955909203,-0.81937541119950386
19.68,1.7734720212933617,-0.82671489277456811
19.690000000000001,1.765167270980303,-0.83427241578436517
19.699999999999999,1.7567858088941448,-0.84205918039110628
19.710000000000001,1.7483252832061973,-0.85008721327993197
19.719999999999999,1.7397832173576031,-0.85836944794759706
19.73,1.7311570005498138,-0.8669198147210575
19.740000000000002,1.7224438772802524,-0.87575334196118726
19.75,1.7136409358031006,-0.8848862701309258
19.760000000000002,1.7047450953770154,-0.89433618070286391
19.77,1.6957530921400532,-0.90412214223867338
19.780000000000001,1.6866614634264829,-0.91426487642577448
19.789999999999999,1.6774665303100427,-0.92478694735917466
19.800000000000001,1.6681643781218307,-0.93571297804812903
19.809999999999999,1.6587508346478583,-0.94706989884787507
19.82,1.6492214456588721,-0.95888723361307504
19.830000000000002,1.6395714473620735,-0.97119743045459239
19.84,1.6297957352873473,-0.98403624562644454
19.850000000000001,1.6198888290267934,-0.99744319089202249
19.859999999999999,1.6098448321308987,-1.0114620572053792
19.870000000000001,1.5996573863217891,-1.0261415305480786
19.879999999999999,1.5893196190065433,-1.0415359197744187
19.890000000000001,1.5788240828508275,-1.0577060213318179
19.900000000000002,1.568162685892688,-1.0747201524300296
19.91,1.5573266103195005,-1.092655392785689
19.920000000000002,1.5463062175743736,-1.1115990867401597
19.93,1.535090936868152,-1.1316506727488256
19.940000000000001,1.523669133403601,-1.1529239281568744
19.949999999999999,1.5120279516055788,-1.1755497454918087
19.960000000000001,1.500153127302883,-1.1996795957241304
19.969999999999999,1.4880287609936826,-1.2254898890076402
19.98,1.4756370418543487,-1.2531875214261505
19.990000000000002,1.4629579087379363,-1.2830170089521882
20,1.449968629623654,-1.3152697751279894
