t,y1,y2
0,2,0
0.01,1.9935390444003944,-0.67015133107759894
0.02,1.9868180714810562,-0.67395119161746053
0.029999999999999999,1.9800587475953093,-0.67782172565250565
0.040000000000000001,1.9732603462654217,-0.6817652141908761
0.050000000000000003,1.9664221309842436,-0.68578401728747052
0.059999999999999998,1.9595433325508391,-0.68988060661132222
0.070000000000000007,1.9526231598902943,-0.69405758131458473
0.080000000000000002,1.9456607963111288,-0.69831764108975225
0.089999999999999997,1.9386554189304832,-0.70266359805800571
0.10000000000000001,1.9316061249736378,-0.70709849862407226
0.11,1.9245120157376212,-0.71162545108320585
0.12,1.9173721528885042,-0.71624774734667696
0.13,1.9101855702806003,-0.72096881963268389
0.14000000000000001,1.9029512706551084,-0.72579232617553002
0.14999999999999999,1.8956681974851619,-0.73072205989404382
0.16,1.8883352699747744,-0.73576211995027041
0.17000000000000001,1.8809513650942775,-0.74091668747068873
0.17999999999999999,1.8735153287351227,-0.7461902693288599
0.19,1.8660259400469492,-0.75158758339803966
0.20000000000000001,1.8584819237558778,-0.75711367841976918
0.20999999999999999,1.8508819790622864,-0.76277380543232831
0.22,1.8432247264184352,-0.76857358821857158
0.23000000000000001,1.8355087410805124,-0.77451898731937741
0.23999999999999999,1.8277325406431784,-0.78061624700759646
0.25,1.8198945799028898,-0.7868721055876059
0.26000000000000001,1.8119932377314207,-0.7932936335332702
0.27000000000000002,1.8040268098706274,-0.79988843801543019
0.28000000000000003,1.7959935191882557,-0.8066645817019672
0.28999999999999998,1.7878915138181084,-0.8136306787433164
0.29999999999999999,1.7797188599100917,-0.82079588626640643
0.31,1.7714735141095392,-0.82817002867879475
0.32000000000000001,1.7631533208224481,-0.83576366804147773
0.33000000000000002,1.7547560346951026,-0.84358809405524848
0.34000000000000002,1.7462792996830787,-0.85165536793166141
0.35000000000000003,1.7377206045097235,-0.85997853896943488
0.35999999999999999,1.729077333232558,-0.86857165886647536
0.37,1.7203467102108829,-0.87744986840991912
0.38,1.7115258021224415,-0.88662951699044268
0.39000000000000001,1.7026115148486456,-0.89612827746767698
0.40000000000000002,1.6936005416632554,-0.90596541184895552
0.41000000000000003,1.684489409739502,-0.91616176809131711
0.41999999999999998,1.6752744149219159,-0.92674007563327054
0.42999999999999999,1.6659516126458922,-0.93772512936618879
0.44,1.6565168036489326,-0.94914403264293434
0.45000000000000001,1.6469654983816358,-0.96102652863250548
0.46000000000000002,1.6372929081903962,-0.97340523877668805
0.47000000000000003,1.6274938767312044,-0.98631619663833292
0.47999999999999998,1.617562902664069,-0.99979913982069624
0.48999999999999999,1.6074940385084762,-1.0138981309349295
0.5,1.597280887958648,-1.0286621363912687
0.51000000000000001,1.5869165274296668,-1.0441457599299411
0.52000000000000002,1.5763934603589549,-1.0604101220477022
0.53000000000000003,1.5657035608470182,-1.0775237889050884
0.54000000000000004,1.5548379268146417,-1.0955642872607072
0.55000000000000004,1.5437868829108827,-1.1146191914111883
0.56000000000000005,1.5325397923155393,-1.1347882506915963
0.57000000000000006,1.5210849395121486,-1.1561855907386029
0.57999999999999996,1.5094094159650027,-1.1789422675441115
0.58999999999999997,1.4974988787598102,-1.2032098703163343
0.59999999999999998,1.4853373618384278,-1.2291647378490531
0.60999999999999999,1.4729069941160884,-1.2570133747442198
0.62,1.4601876409179479,-1.2869995709261544
0.63,1.4471565229217542,-1.3194132781782935
0.64000000000000001,1.4337876696922083,-1.3546026237147728
0.65000000000000002,1.4200512921388591,-1.392989705609079
0.66000000000000003,1.4059129135120587,-1.4350919975565244
0.67000000000000004,1.3913322719913233,-1.4815520922760694
0.68000000000000005,1.3762619094902133,-1.5331788527029007
0.69000000000000006,1.3606451936830981,-1.5910071209905381
0.70000000000000007,1.3444136768362245,-1.6563853319836275
0.70999999999999996,1.3274833229209002,-1.7311082305336523
0.71999999999999997,1.3097490926804296,-1.8176248409410038
0.72999999999999998,1.2910768430447959,-1.9193772437779235
0.73999999999999999,1.271290786467963,-2.0413787184714391
0.75,1.250153072727473,-2.1912582516690824
0.76000000000000001,1.2273287056932154,-2.3812821082139179
0.77000000000000002,1.2023205880287915,-2.6326301479337162
0.78000000000000003,1.1743373376665682,-2.9855455954050525
0.79000000000000004,1.1419871011200535,-3.5275548734922078
0.80000000000000004,1.1024207315118362,-4.4923452097870333
0.81000000000000005,1.0480807742073039,-6.765277274218084
0.82000000000000006,0.94406991407190199,-17.530821192782778
0.83000000000000007,-1.5682630982587293,-968.75713633840928
0.83999999999999997,-2.0000722996784339,0.66650326484853128
0.84999999999999998,-1.9933881396947117,0.6702361327820352
0.85999999999999999,-1.9866663014461512,0.67403756973817464
0.87,-1.9799060926615721,0.67790972907023317
0.88,-1.9731068039300141,0.68185489365410157
0.89000000000000001,-1.9662676790244575,0.68587539794735086
0.90000000000000002,-1.9593879582180955,0.68997377820963146
0.91000000000000003,-1.9524668444208126,0.69415258458496376
0.92000000000000004,-1.945503521843015,0.69841454833139271
0.93000000000000005,-1.9384971641847328,0.7027624786732205
0.94000000000000006,-1.9314468720143845,0.70719941948623999
0.95000000000000007,-1.924351742406279,0.71172847476975465
0.95999999999999996,-1.9172108381495685,0.71635296122658498
0.96999999999999997,-1.9100231918624879,0.72107629762572323
0.97999999999999998,-1.9027878054796399,0.72590215462449059
0.98999999999999999,-1.8955036217176751,0.7308343262212843
1,-1.8881695586831013,0.73587691813391709
1.01,-1.8807844927123236,0.7410341147192161
1.02,-1.8733472671529279,0.74631043459414903
1.03,-1.8658566627886146,0.7517105937872175
1.04,-1.8583113930889916,0.75723966433718626
1.05,-1.8507101766052347,0.7629028621638565
1.0600000000000001,-1.8430516213127368,0.76870586012265885
1.0700000000000001,-1.8353343110123963,0.77465456424525969
1.0800000000000001,-1.8275567439378433,0.78075532691882965
1.0900000000000001,-1.8197173739681014,0.7870148345524387
1.1000000000000001,-1.8118145708520097,0.7934402079754197
1.1100000000000001,-1.8038466479250288,0.8000390045211484
1.1200000000000001,-1.7958118318270913,0.80681934573999692
1.1300000000000001,-1.7877082725938243,0.81378977889598514
1.1400000000000001,-1.7795340026971589,0.82095958381793877
1.1500000000000001,-1.7712869809265683,0.82833859401728105
1.1599999999999999,-1.7629650729367861,0.83593729102803904
1.1699999999999999,-1.7545660282595761,0.84376703371368456
1.1799999999999999,-1.7460874748291879,0.85183992423115829
1.1899999999999999,-1.7375269047322972,0.86016902725522693
1.2,-1.7288816968821292,0.86876839425787633
1.21,-1.7201490740390473,0.8776532051413044
1.22,-1.7113260977855971,0.88683984016888839
1.23,-1.7024096523958461,0.89634603474096819
1.24,-1.6933964718600654,0.90619101229985155
1.25,-1.6842830465685683,0.91639571540472042
1.26,-1.6750656725527417,0.92698288984326971
1.27,-1.6657404014436359,0.93797737722742047
1.28,-1.6563030151026144,0.94940639691792628
1.29,-1.646749029280236,0.96129967997513266
1.3,-1.6370736440025464,0.97368998551735753
1.3100000000000001,-1.6272717070508986,0.98661337364808721
1.3200000000000001,-1.6173376931178094,1.000109691721454
1.3300000000000001,-1.6072656532749554,1.0142231004558184
1.3400000000000001,-1.5970491749859013,1.0290026872942126
1.3500000000000001,-1.5866813250375709,1.044503198805476
1.3600000000000001,-1.5761545924889082,1.060785899339493
1.3700000000000001,-1.5654608364323814,1.0779195487952085
1.3800000000000001,-1.5545911388761051,1.0959818768062908
1.3900000000000001,-1.543535803107525,1.1150607062097282
1.4000000000000001,-1.5322841611351867,1.1352561447061509
1.4099999999999999,-1.5208244858366904,1.1566825819577338
1.4199999999999999,-1.5091438327775131,1.1794715352677752
1.4299999999999999,-1.4972278253738966,1.2037750944575651
1.4399999999999999,-1.4850604582028655,1.2297702081195243
1.45,-1.4726238127779092,1.2576641478840149
1.46,-1.4598977005666216,1.2877016231183189
1.47,-1.4468592748708007,1.3201737673387826
1.48,-1.4334824894205964,1.3554301595161218
1.49,-1.4197374559970946,1.3938948193045058
1.5,-1.4055895819028288,1.4360876702138838
1.51,-1.3909984594224902,1.4826544994874642
1.52,-1.3759164598417188,1.5344084867534384
1.53,-1.3602867094041349,1.5923905377139664
1.54,-1.3440404511490618,1.6579574360849847
1.55,-1.3270932434571105,1.7329160260558059
1.5600000000000001,-1.3093394981362914,1.8197332299316504
1.5700000000000001,-1.2906442884687519,1.9218790428808663
1.5800000000000001,-1.2708306930268785,2.0444117600781717
1.5900000000000001,-1.2496591414611489,2.1950372296667489
1.6000000000000001,-1.2267918579060846,2.3861629817936891
1.6100000000000001,-1.2017269363534044,2.639252208585805
1.6200000000000001,-1.1736638648523916,2.9951898668456503
1.6300000000000001,-1.1411908830643878,3.5432265392677902
1.6400000000000001,-1.1014055405116217,4.5230507330770919
1.6500000000000001,-1.046547341212309,6.8526217605426973
1.6600000000000001,-0.94004766904721115,18.195649900614121
1.6699999999999999,1.7500481253616453,649.17206215509884
1.6799999999999999,1.9999221840621673,-0.6665865952950486
1.6899999999999999,1.9932371906209601,-0.67032096719921719
1.7,1.9865145092915157,-0.67412395203830311
1.71,1.979753438454297,-0.67799772911044531
1.72,1.972953262362996,-0.68194455596475489
1.73,1.9661132353508843,-0.68596680610038763
1.74,1.9592325911860491,-0.6900669620053782
1.75,1.9523105362269242,-0.69424761719008499
1.76,1.945346253428291,-0.69851148376149386
1.77,1.9383389170585814,-0.70286138220338357
1.78,1.9312876253906397,-0.70730036142674835
1.79,1.924191475829311,-0.71183153068766825
1.8,1.9170495299050538,-0.71645820349740441
1.8100000000000001,1.9098608199424656,-0.72118380677821681
1.8200000000000001,1.9026243467562129,-0.72601201473936272
1.8300000000000001,1.8953390521464719,-0.73094662709618452
1.8400000000000001,1.8880038532433756,-0.73599175231063119
1.8500000000000001,1.8806176258321161,-0.74115157983721114
1.8600000000000001,1.8731792111322656,-0.74643063810340227
1.8700000000000001,1.8656873855525977,-0.75183366089423442
1.8800000000000001,1.8581408701904436,-0.75736567103052632
1.8900000000000001,1.8505383649090545,-0.76303196279375229
1.9000000000000001,1.8428784991548723,-0.76883818880165844
1.9100000000000001,1.8351598338842314,-0.77479026431755105
1.9199999999999999,1.8273808872174073,-0.78089452336674092
1.9299999999999999,1.819540105738745,-0.78715769363425381
1.9399999999999999,1.8116358546095053,-0.79358687340349865
1.95,1.8036664455986482,-0.80018966852173434
1.96,1.7956301011216715,-0.8069741978204571
1.97,1.7875249670082343,-0.81394903755331161
1.98,1.7793490770554659,-0.82112342549636974
1.99,1.7711003969032781,-0.82850725844803297
2,1.7627767826508649,-0.83611105070798475
2.0100000000000002,1.7543759679636386,-0.84394611333572478
2.02,1.7458955895189427,-0.85202462717991412
2.0300000000000002,1.7373331470803224,-0.86035967093243482
2.04,1.7286860058130655,-0.86896530410798578
2.0499999999999998,1.7199513738485896,-0.8778567168668141
2.0600000000000001,1.7111263247302821,-0.88705032734074518
2.0699999999999998,1.7022077469146604,-0.89656392981822219
2.0800000000000001,1.693192342452305,-0.90641679450801216
2.0899999999999999,1.6840766186841734,-0.91662984927928615
2.1000000000000001,1.6748568590422197,-0.92722591260380616
2.1099999999999999,1.6655290972026087,-0.9382299140924828
2.1200000000000001,1.6560891332552627,-0.94966903153786464
2.1299999999999999,1.6465324687756064,-0.96157314388654747
2.1400000000000001,1.6368542901284497,-0.9739750457194174
2.1499999999999999,1.6270494412985061,-0.98691088355797518
2.1600000000000001,1.6171123851774702,-1.0004205977168037
2.1699999999999999,1.6070371646718877,-1.014548450901932
2.1800000000000002,1.5968173550607216,-1.0293436498386337
2.1899999999999999,1.5864460112295418,-1.044861079747039
2.2000000000000002,1.5759156090498039,-1.0611621554766908
2.21,1.5652179906122292,-1.0783158335726375
2.2200000000000002,1.5543442263412366,-1.0964000288587648
2.23,1.5432845840441236,-1.1155028958333715
2.2400000000000002,1.5320283952690199,-1.1357247128423165
2.25,1.5205638911551438,-1.1571803180031788
2.2600000000000002,1.5088781005736815,-1.180001628024921
2.27,1.4969566142801622,-1.2043412399582898
2.2800000000000002,1.484783386876833,-1.2303767088153801
2.29,1.4723404529556212,-1.2583160792285872
2.3000000000000003,1.4596075690418884,-1.2884049886928823
2.3100000000000001,1.4465618214874874,-1.320935754413638
2.3199999999999998,1.4331770872395855,-1.356259416678486
2.3300000000000001,1.4194233802972198,-1.3948019166641976
2.3399999999999999,1.4052659930572409,-1.437085623148467
2.3500000000000001,1.3906643719442944,-1.4837595909007513
2.3599999999999999,1.3755706973190407,-1.5356414320016791
2.3700000000000001,1.3599278691957539,-1.5937779902304401
2.3799999999999999,1.343666817164745,-1.6595345130719483
2.3900000000000001,1.326702701190599,-1.7347300017471698
2.3999999999999999,1.3089293614605126,-1.8218496866201683
2.4100000000000001,1.2902111021413087,-1.9243914734051317
2.4199999999999999,1.2703698462752013,-2.047459326953446
2.4300000000000002,1.2491642845161577,-2.1988369858972834
2.4399999999999999,1.2262538242599439,-2.3910753278176613
2.4500000000000002,1.2011316985052749,-2.6459256540190013
2.46,1.1729881040726329,-3.0049280930066153
2.4700000000000002,1.1403909855821937,-3.5591006683474373
2.48,1.1003832079329479,-4.5543306170274223
2.4900000000000002,1.0449936817777974,-6.9427167152089284
2.5,0.93586961915592093,-18.909329608373845
2.5100000000000002,-1.865163447676339,-387.60296016812362
2.52,-1.9997720188248849,0.66666996294465508
2.5300000000000002,-1.9930861763736947,0.67040587850221744
2.54,-1.9863626246797068,0.67421044909922179
2.5500000000000003,-1.979600671066837,0.67808584688502194
2.5600000000000001,-1.9727996049575269,0.68203435191511574
2.5699999999999998,-1.9659586683286787,0.68605831132816864
2.5800000000000001,-1.9590771002636078,0.69016025800484382
2.5899999999999999,-1.952154102923499,0.69434275141101121
2.6000000000000001,-1.9451888595955913,0.69860852531993967
2.6099999999999999,-1.9381805413970947,0.70296040194551246
2.6200000000000001,-1.931128249185222,0.70740142584499766
2.6299999999999999,-1.924031077857939,0.71193470232228606
2.6400000000000001,-1.9168880890150235,0.71656356870579063
2.6499999999999999,-1.9096983139036683,0.72129144110233812
2.6600000000000001,-1.9024607524345625,0.72612200432476937
2.6699999999999999,-1.8951743456077839,0.73105906015475641
2.6800000000000002,-1.8878380094857787,0.73610672272559985
2.6899999999999999,-1.8804506192341188,0.74126918518399143
2.7000000000000002,-1.8730110144071914,0.74655098455568902
2.71,-1.8655179734832312,0.75195684614632208
2.7200000000000002,-1.8579702277842602,0.75749180222217061
2.73,-1.8503664499064658,0.76316119151401474
2.7400000000000002,-1.8427052763586345,0.76897063150237854
2.75,-1.8349852697806701,0.77492607597638241
2.7600000000000002,-1.827204947026047,0.78103383660726766
2.77,-1.8193627537554475,0.78730066806932764
2.7800000000000002,-1.8114570535361467,0.793733672605347
2.79,-1.8034861565562876,0.80034046941297476
2.8000000000000003,-1.7954482829925718,0.80712918960557833
2.8100000000000001,-1.7873415776253851,0.81410841822328939
2.8199999999999998,-1.7791640710802736,0.82128741434342722
2.8300000000000001,-1.7709137265610466,0.82867608410868832
2.8399999999999999,-1.762588399016608,0.83628495743574505
2.8500000000000001,-1.754185834860448,0.84412534535269168
2.8599999999999999,-1.7457036400444197,0.85220949027407389
2.8700000000000001,-1.7371393147101755,0.86055048540838142
2.8799999999999999,-1.7284902277946792,0.86916236408831915
2.8900000000000001,-1.7197536010037038,0.87806040165447119
2.8999999999999999,-1.7109264834690139,0.88726103634385578
2.9100000000000001,-1.7020057539698463,0.89678206663322058
2.9199999999999999,-1.6929881373641971,0.9066427715879749
2.9300000000000002,-1.6838701087642165,0.91686419893074189
2.9399999999999999,-1.6746479547602375,0.92746918640843046
2.9500000000000002,-1.6653177219167106,0.93848266311810347
2.96,-1.6558751832620202,0.94993193692299283
2.9700000000000002,-1.6463158457596712,0.96184685936495762
2.98,-1.6366348732328468,0.97426037637989327
2.9900000000000002,-1.6268271081646015,0.98720868498103609
3,-1.6168870077397861,1.0007318167283763
3.0100000000000002,-1.606808602759924,1.0148741390979419
3.02,-1.5965854585183012,1.0296849790847202
3.0300000000000002,-1.5862106169237968,1.0452193569116166
3.04,-1.5756765411625269,1.0615388428599335
3.0500000000000003,-1.5649750538945619,1.0787125990439292
3.0600000000000001,-1.5540972173828738,1.0968187058935546
3.0700000000000003,-1.5430332682058459,1.1159456207824705
3.0800000000000001,-1.5317725109993525,1.1361939276005653
3.0899999999999999,-1.5203031733653849,1.1576787690025914
3.1000000000000001,-1.5086122366246348,1.1805325114079546
3.1099999999999999,-1.4966852630148528,1.2049082765098678
3.1200000000000001,-1.4845061652431868,1.230984204919271
3.1299999999999999,-1.4720569325784261,1.2589691304860171
3.1400000000000001,-1.4593172644780084,1.2891096268284463
3.1499999999999999,-1.4462641812942219,1.3216991967732583
3.1600000000000001,-1.43287148217937,1.3570903475404488
3.1699999999999999,-1.4191090842517062,1.3957109498208129
3.1800000000000002,-1.4049421626446983,1.4380858411496462
3.1899999999999999,-1.3903300190361423,1.4848673770931891
3.2000000000000002,-1.3752246385352367,1.5368776057330056
3.21,-1.3595687010776105,1.5951693131358062
3.2200000000000002,-1.3432928186833426,1.6611163837010556
3.23,-1.326311733107679,1.7365500928461064
3.2400000000000002,-1.3085187372269644,1.823973923588154
3.25,-1.2897773305657794,1.9269143190996079
3.2600000000000002,-1.2699082925673018,2.0505211847860343
3.27,-1.2486685417938279,2.2026573271503289
3.2800000000000002,-1.2257146499540348,2.3960189732728345
3.29,-1.2005349175901334,2.6526505398176465
3.3000000000000003,-1.1723101047132944,3.0147606182085931
3.3100000000000001,-1.1395874573380638,3.5751794243368828
3.3200000000000003,-1.0993537242717484,4.586197508693167
3.3300000000000001,-1.0434193515886347,7.0356785570111446
3.3399999999999999,-0.93152469025831452,19.676780316630264
3.3500000000000001,1.9313959291594003,214.71207859836821
3.3599999999999999,1.9996218385398068,-0.66675337287150394
3.3700000000000001,1.9929351542665992,-0.67049080315099441
3.3799999999999999,1.9862107452598661,-0.67429695151207658
3.3900000000000001,1.9794479183201179,-0.67817396891307757
3.3999999999999999,1.9726459624221586,-0.68212414790894205
3.4100000000000001,1.965804119100256,-0.68614983500971582
3.4199999999999999,1.9589216267214742,-0.69025356724855891
3.4300000000000002,1.9519976869008659,-0.69443790608775979
3.4399999999999999,1.9450314824884425,-0.69870558744135447
3.4500000000000002,1.9380221831419664,-0.70305944014125299
3.46,1.9309688899071447,-0.70750250879469478
3.4700000000000002,1.9238706968873656,-0.71203789767034498
3.48,1.9167266649135917,-0.71666895691825705
3.4900000000000002,1.9095358245272782,-0.72139910024369058
3.5,1.9022971746154691,-0.72623201973596185
3.5100000000000002,1.8950096553291549,-0.73117152094579829
3.52,1.8876721817061519,-0.73622172231187999
3.5300000000000002,1.8802836283196429,-0.74138682135942946
3.54,1.872842833048439,-0.7466713635565605
3.5500000000000003,1.8653485766533151,-0.75208006570609265
3.5600000000000001,1.8577995808986043,-0.75761799977380928
3.5700000000000003,1.8501945290566479,-0.76329047706808961
3.5800000000000001,1.8425320459956609,-0.7691031345467888
3.5899999999999999,1.8348106973506235,-0.77506194801370831
3.6000000000000001,1.8270289979076229,-0.78117321271392925
3.6099999999999999,1.8191853927970063,-0.78744370601591629
3.6200000000000001,1.8112782562731393,-0.79388053519692914
3.6299999999999999,1.8033058698849791,-0.80049133301913267
3.6400000000000001,1.7952664675969152,-0.80728424364005369
3.6499999999999999,1.7871581927132361,-0.81426785282460323
3.6600000000000001,1.7789790731382831,-0.82145147734441237
3.6699999999999999,1.7707270592782416,-0.82884498806720364
3.6800000000000002,1.7624000116542715,-0.83645893017891648
3.6899999999999999,1.7539956697882833,-0.84430471297646903
3.7000000000000002,1.7455116543935336,-0.85239449715606774
3.71,1.7369454489980807,-0.86074140609501038
3.7200000000000002,1.728294423586729,-0.8693595669424109
3.73,1.7195557897247016,-0.87826424108984669
3.7400000000000002,1.7107265975832824,-0.88747189711718688
3.75,1.7018037213748862,-0.89700035492914909
3.7600000000000002,1.6927838821373633,-0.90686895001902101
3.77,1.6836635483666165,-0.91709875463742185
3.7800000000000002,1.6744390058707028,-0.92771265681815718
3.79,1.6651062894372828,-0.9387356459275118
3.8000000000000003,1.6556611728945421,-0.95019505769748824
3.8100000000000001,1.6460991438834627,-0.96212086507708672
3.8200000000000003,1.636415375722394,-0.97454601366309568
3.8300000000000001,1.626604696961101,-0.98750680565227167
3.8399999999999999,1.6166615482010662,-1.0010433897073734
3.8500000000000001,1.6065799514872363,-1.0152001892583387
3.8599999999999999,1.5963534691754286,-1.0300267060460495
3.8700000000000001,1.585975125440845,-1.0455780533595962
3.8799999999999999,1.5754373725386683,-1.0619159866392025
3.8900000000000001,1.5647320122895243,-1.0791098606368239
3.8999999999999999,1.5538500951777594,-1.0972379413538564
3.9100000000000001,1.5427818336793693,-1.116388951244762
3.9199999999999999,1.5315165129491739,-1.1366637869118728
3.9300000000000002,1.5200423313521596,-1.1581779357781157
3.9399999999999999,1.5083462425896841,-1.1810641918281024
3.9500000000000002,1.4964137729189446,-1.2054761897965878
3.96,1.4842287967561156,-1.2315926873741931
3.9700000000000002,1.4717732541637876,-1.2596232985386018
3.98,1.4590267907470067,-1.2898155292164348
3.9900000000000002,1.4459663584742701,-1.3224640806224759
4,1.4325656791666668,-1.3579229425989257
4.0099999999999998,1.4187945720204276,-1.3966219158609752
4.0200000000000005,1.4046180938377384,-1.4390883424001302
4.0300000000000002,1.389995398850854,-1.4859778740901131
4.04,1.3748782875221268,-1.5381169802089485
4.0499999999999998,1.3592091994858655,-1.5965645974263494
4.0600000000000005,1.3429184391150084,-1.6627031601468869
4.0700000000000003,1.3259203405669968,-1.7383762748749267
4.0800000000000001,1.308107614516419,-1.82610608725232
4.0899999999999999,1.2893429729328589,-1.9294476298650749
4.0999999999999996,1.269446026550985,-2.0535974643826802
4.1100000000000003,1.2481719234061985,-2.2064983164990175
4.1200000000000001,1.225174351043584,-2.4009939685515764
4.1299999999999999,1.1999366018541957,-2.6594272967082149
4.1399999999999997,1.1716298692758274,-3.0246885502034155
4.1500000000000004,1.1387802625406951,-3.5914668258102731
4.1600000000000001,1.0983169679807456,-4.6186680285659421
4.1699999999999999,1.041823701588102,-7.1316413346914489
4.1799999999999997,0.92700018769425896,-20.503644184516993
4.1900000000000004,-1.9672889169434897,-113.76949017841403
4.2000000000000002,-1.9994716314941712,0.66683682486390639
4.21,-1.9927841049702089,0.67057577086815534
4.2199999999999998,-1.9860588382361699,0.67438349349013271
4.2300000000000004,-1.979295137704608,0.67826213243592315
4.2400000000000002,-1.9724922917253407,0.68221398624205321
4.25,-1.9656495413261588,0.68624140296202696
4.2599999999999998,-1.9587661241843546,0.69034692209859105
4.2700000000000005,-1.9518412414195672,0.69453310794451317
4.2800000000000002,-1.9448740754383866,0.69880269827847885
4.29,-1.9378637944148458,0.70315852881460772
4.2999999999999998,-1.9308094994521401,0.70760364445924107
4.3100000000000005,-1.923710284202413,0.71214114700919384
4.3200000000000003,-1.9165652085450422,0.71677440096942946
4.3300000000000001,-1.9093733023179804,0.72150681719413789
4.3399999999999999,-1.9021335633728076,0.72634209503751546
4.3500000000000005,-1.8948449310148636,0.73128404381514145
4.3600000000000003,-1.8875063192575823,0.73633678627527788
4.3700000000000001,-1.8801166020785014,0.74150452433988978
4.3799999999999999,-1.87267461569533,0.74679181186448096
4.3899999999999997,-1.8651791432566529,0.75220336062662407
4.4000000000000004,-1.8576288907311889,0.75774428978123332
4.4100000000000001,-1.8500225607805829,0.76341986434594722
4.4199999999999999,-1.8423587653762579,0.76923572821238972
4.4299999999999997,-1.8346360747796338,0.77519791102230162
4.4400000000000004,-1.8268530132555929,0.78131266920835485
4.4500000000000002,-1.819007994579217,0.7875868129958945
4.46,-1.8110993950244776,0.79402750741611117
4.4699999999999998,-1.8031255303135192,0.80064231361982552
4.4800000000000004,-1.7950845949411376,0.80743939945568854
4.4900000000000002,-1.7869747325790049,0.81442744621029373
4.5,-1.7787939933557981,0.82161569198804285
4.5099999999999998,-1.7705403299270184,0.8290140055108266
4.5200000000000005,-1.7622115733979828,0.83663305216836692
4.5300000000000002,-1.7538054584278611,0.84448420025239113
4.54,-1.7453196133126221,0.85257961795856985
4.5499999999999998,-1.7367515332520409,0.86093248576829329
4.5600000000000005,-1.7280985705597147,0.86955693568536163
4.5700000000000003,-1.7193579223558653,0.87846824879903684
4.5800000000000001,-1.710526652493624,0.88768290126927718
4.5899999999999999,-1.7016016378681589,0.89721880195612747
4.6000000000000005,-1.6925795665702612,0.90709532744829102
4.6100000000000003,-1.6834569318755401,0.91733352452098993
4.6200000000000001,-1.6742300014684628,0.92795634677826677
4.6299999999999999,-1.6648947922801194,0.93898886711357266
4.6399999999999997,-1.6554470867454438,0.95045843347034809
4.6500000000000004,-1.6458823656961714,0.96239511465006233
4.6600000000000001,-1.6361957934737958,0.97483191780513967
4.6699999999999999,-1.6263821892834436,0.98780523144012755
4.6799999999999997,-1.6164359890113773,1.0013552700029702
4.6900000000000004,-1.6063512053402822,1.0155266100336613
4.7000000000000002,-1.5961213801013097,1.0303688175657508
4.71,-1.5857395306909579,1.0459371917203888
4.7199999999999998,-1.5751980940801813,1.0622936075666671
4.7300000000000004,-1.5644888586888812,1.0795076241335404
4.7400000000000002,-1.5536028546190397,1.0976577308793842
4.75,-1.5425302754734864,1.1168329023600436
4.7599999999999998,-1.5312603834234706,1.137134321727022
4.7700000000000005,-1.5197813512709231,1.1586778480297719
4.7800000000000002,-1.5080801022281189,1.1815966977345289
4.79,-1.4961421277223677,1.2060450253592705
4.7999999999999998,-1.4839512631158163,1.2322022016768666
4.8100000000000005,-1.4714893997619183,1.260278627277492
4.8200000000000003,-1.4587361283242359,1.290522748360349
4.8300000000000001,-1.4456683327586033,1.3232304674418252
4.8399999999999999,-1.4322596567993617,1.3587572652379918
4.8500000000000005,-1.4184798220714401,1.3975348809744914
4.8600000000000003,-1.4042937655198018,1.4400931842979781
4.8700000000000001,-1.3896604932590149,1.4870911450912403
4.8799999999999999,-1.3745316206277784,1.5393596736681678
4.8899999999999997,-1.3588493462975593,1.5979639037654774
4.9000000000000004,-1.3425436650624343,1.6642948682569156
4.9100000000000001,-1.3255284874799691,1.7402087779623865
4.9199999999999999,-1.3076959646929183,1.8282463255199037
4.9299999999999997,-1.288907998406094,1.9319916550744718
4.9400000000000004,-1.2689830232505233,2.0566884100909815
4.9500000000000002,-1.2476743798686294,2.210360499542265
4.96,-1.2246328604191763,2.4060013116685508
4.9699999999999998,-1.1993366806021357,2.6662571775595341
4.9800000000000004,-1.170947297718153,3.0347146222734107
4.9900000000000002,-1.1379692721487837,3.607968769596344
5,-1.0972726902846539,4.6517632603939454
5.0099999999999998,-1.0402058736999236,7.2307581779445611
5.0200000000000005,-0.92228150318063529,21.396428121794546
5.0300000000000002,1.9860688248176206,58.725043402457246
5.04,1.9993213941805468,-0.6669202957089424
5.0499999999999998,1.9926330247206234,-0.67066079175533766
5.0600000000000005,1.9859068998322758,-0.67447007489799538
5.0700000000000003,1.9791423257219598,-0.67835033903150532
5.0800000000000001,1.9723385895664296,-0.68230386778257368
5.0899999999999999,1.9654949317832662,-0.68633301713553041
5.1000000000000005,1.9586105894107124,-0.69044032439220149
5.1100000000000003,1.9516847632203174,-0.69462835903914555
5.1200000000000001,1.9447166351574248,-0.69889985990711656
5.1299999999999999,1.9377053719499251,-0.7032576699238664
5.1399999999999997,1.9306500745377837,-0.70770483484240521
5.1500000000000004,1.923549836510017,-0.71224445251542412
5.1600000000000001,1.9164037165961205,-0.71687990304041083
5.1699999999999999,1.9092107439428907,-0.72161459420084662
5.1799999999999997,1.901969915352886,-0.72645223252025903
5.1900000000000004,1.8946801692885313,-0.73139663111606035
5.2000000000000002,1.8873404187399574,-0.73645191702209789
5.21,1.8799495370863837,-0.74162229658940226
5.2199999999999998,1.8725063588977426,-0.74691233200604279
5.2300000000000004,1.8650096612192746,-0.75232675970096141
5.2400000000000002,1.857458154591926,-0.75787065521625452
5.25,1.8498505374339973,-0.76354931489939859
5.2599999999999998,1.8421854330155165,-0.76936843666125698
5.2700000000000005,1.8344613972344728,-0.77533396207068561
5.2800000000000002,1.8266769433898371,-0.78145225424408815
5.29,1.818830510692576,-0.78773008720458093
5.2999999999999998,1.8109204581641116,-0.79417459547309799
5.3100000000000005,1.8029450917188787,-0.80079342112336793
5.3200000000000003,1.7949026255211984,-0.80759473916380142
5.3300000000000001,1.7867912022557091,-0.81458715263896453
5.3399999999999999,1.7786088416999168,-0.82178001197076755
5.3500000000000005,1.7703534951627375,-0.82918322927036758
5.3600000000000003,1.7620230276230082,-0.83680735340157386
5.3700000000000001,1.7536151425827113,-0.84466386985750908
5.3799999999999999,1.7451274724971262,-0.85276493845334467
5.3899999999999997,1.7365575094686692,-0.86112376570232096
5.4000000000000004,1.7279026024148618,-0.86975450723462122
5.4100000000000001,1.7191599450404462,-0.87867247009064253
5.4199999999999999,1.7103265977917295,-0.8878941575809508
5.4299999999999997,1.7013994334003275,-0.89743751336358357
5.4400000000000004,1.6923751355861172,-0.90732194945371336
5.4500000000000002,1.6832501926388097,-0.91756855372745383
5.46,1.6740208670075412,-0.928200324816015
5.4699999999999998,1.6646831702017646,-0.9392423816422002
5.4800000000000004,1.6552328786580432,-0.95072213187057497
5.4900000000000002,1.6456654662384571,-0.96266970646632188
5.5,1.6359760899245566,-0.97511818430905417
5.5099999999999998,1.6261595606172228,-0.98810403492050713
5.5200000000000005,1.6162103051531416,-1.0016675647747832
5.5300000000000002,1.6061223260922299,-1.0158534556472236
5.54,1.5958891540511457,-1.0307113941747639
5.5499999999999998,1.5855037938640431,-1.0462968183714743
5.5600000000000005,1.57495866946667,-1.0626717577606213
5.5700000000000003,1.5642455520859591,-1.0799059697857625
5.5800000000000001,1.5533554552257813,-1.0980781526213577
5.5899999999999999,1.5422785515738808,-1.1172775365395469
5.6000000000000005,1.531004081499465,-1.1376056084167077
5.6100000000000003,1.5195201906795905,-1.1591785870310789
5.6200000000000001,1.5078137727264695,-1.1821301178166144
5.6299999999999999,1.4958702837062592,-1.2066148745379242
5.6399999999999997,1.4836735199346436,-1.2328128473186164
5.6500000000000004,1.4712053238043434,-1.2609352248232197
5.6600000000000001,1.4584452307206253,-1.2912314004986853
5.6699999999999999,1.4453700575266721,-1.3239984735334442
5.6799999999999997,1.4319533778208804,-1.3595934261536688
5.6900000000000004,1.4181648012378296,-1.3984499412643958
5.7000000000000002,1.4039691388167457,-1.4411005010435538
5.71,1.3893252681073314,-1.4882072920570066
5.7199999999999998,1.3741846069697241,-1.5406058202735287
5.7300000000000004,1.3584891020299203,-1.5993674266961029
5.7400000000000002,1.342168453154976,-1.6658917805742888
5.75,1.3251361352977207,-1.7420477933661087
5.7599999999999998,1.3072837313885972,-1.8303950230797832
5.7700000000000005,1.2884723427642528,-1.9345468335016645
5.7800000000000002,1.2685192080820902,-2.0597946101575126
5.79,1.2471758498907333,-2.2142444777608952
5.7999999999999998,1.2240901090391649,-2.4110417975180849
5.8100000000000005,1.1987350770473426,-2.6731415944314252
5.8200000000000003,1.1702622965154907,-3.0448413865741744
5.8300000000000001,1.137154349336235,-3.624691506269706
5.8399999999999999,1.0962206446346607,-4.6855049342172528
5.8500000000000005,1.0385649664206327,-7.3331924344124211
5.8600000000000003,0.91735244364613566,-22.36254488638216
5.8700000000000001,-1.9956848875590882,-29.778100037099286
5.8799999999999999,-1.9991710924467054,0.66700384354889886
5.8899999999999997,-1.9924818859370785,0.67074584737844312
5.9000000000000004,-1.9857549178252749,0.67455668968721505
5.9100000000000001,-1.9789894765361706,0.67843858338794816
5.9199999999999999,-1.9721848503225097,0.68239378443779508
5.9299999999999997,-1.9653402867025738,0.68642468094485865
5.9400000000000004,-1.9584550184955798,0.69053377365525426
5.9500000000000002,-1.9515282484114507,0.69472366282765241
5.96,-1.9445591575307593,0.69899707524516352
5.9699999999999998,-1.9375469124840505,0.70335686313848067
5.9800000000000004,-1.9304906130287927,0.70780607554258645
5.9900000000000002,-1.9233893519275156,0.71234781594149554
6,-1.9162421872044624,0.71698546387641326
6.0099999999999998,-1.9090481475900285,0.72172243241945455
6.0200000000000005,-1.9018062287752482,0.72656243320941194
6.0300000000000002,-1.8945153683706597,0.73150928412917249
6.04,-1.8871744783626989,0.73656711581968815
6.0499999999999998,-1.8797824315430722,0.74174013942529671
6.0600000000000005,-1.8723380608357336,0.74703292535799548
6.0700000000000003,-1.8648401433224941,0.75245021123336941
6.0800000000000001,-1.8572873870632216,0.75799708502633401
6.0899999999999999,-1.8496784900642189,0.76367884414561327
6.1000000000000005,-1.8420120740253247,0.7695011977616496
6.1100000000000003,-1.8342866935765711,0.77547009405627843
6.1200000000000001,-1.8265008608157307,0.78159190340855633
6.1299999999999999,-1.8186530130949932,0.78787341152263435
6.1400000000000006,-1.8107415078979803,0.79432176198287718
6.1500000000000004,-1.8027646496792415,0.8009446059742521
6.1600000000000001,-1.7947206505328712,0.80775013258759421
6.1699999999999999,-1.7866076514029594,0.81474695633392957
6.1799999999999997,-1.7784236698525993,0.82194444361687846
6.1900000000000004,-1.7701666543385466,0.82935251908197294
6.2000000000000002,-1.7618344678126252,0.83698175165326649
6.21,-1.7534248117154365,0.84484363732539802
6.2199999999999998,-1.7449353159478138,0.85295036435513172
6.2300000000000004,-1.7363634685681606,0.86131515853963392
6.2400000000000002,-1.7277066158202274,0.86995219941898305
6.25,-1.7189619480219325,0.87887681796659256
6.2599999999999998,-1.7101265221134061,0.88810554899173411
6.2700000000000005,-1.7011972065298264,0.89765636878064248
6.2800000000000002,-1.6921706807474992,0.90754872496625982
6.29,-1.6830434279004451,0.91780374726809355
6.2999999999999998,-1.6738117051033319,0.92844448016862624
6.3100000000000005,-1.6644715188375649,0.93949608445680344
6.3200000000000003,-1.6550186393405515,0.95098603300774465
6.3300000000000001,-1.6454485334306044,0.96294451627044531
6.3399999999999999,-1.6357563507579354,0.97540468580190953
6.3500000000000005,-1.625936893879951,0.98840309217926048
6.3600000000000003,-1.6159845805738298,1.0019801342335255
6.3700000000000001,-1.6058934032491701,1.0161805992446504
6.3799999999999999,-1.5956568812821716,1.0310542948460271
6.3900000000000006,-1.5852680069137941,1.0466567983576085
6.4000000000000004,-1.5747191910148211,1.0630502942464815
6.4100000000000001,-1.5640021876760506,1.080304738443707
6.4199999999999999,-1.5531079934479612,1.0984990404776633
6.4299999999999997,-1.5420267603906379,1.1177226853276918
6.4400000000000004,-1.5307477067693611,1.1380774650619958
6.4500000000000002,-1.5192589512737624,1.159679959781525
6.46,-1.5075473576361782,1.1826642458929688
6.4699999999999998,-1.4955983477649832,1.207185509243148
6.4800000000000004,-1.4833956837738773,1.233424396583356
6.4900000000000002,-1.4709211396531829,1.2615928362974567
6.5,-1.4581542149341307,1.2919412187208659
6.5099999999999998,-1.4450716497796585,1.3247678046666544
6.5200000000000005,-1.4316469313078828,1.3604311777356699
6.5300000000000002,-1.4178495840425474,1.3993669093408108
6.54,-1.4036443046717408,1.4421100018971642
6.5499999999999998,-1.3889898003382382,1.4893261139982328
6.5600000000000005,-1.3738373204476531,1.5418551522161532
6.5700000000000003,-1.3581285581054583,1.6007747716724519
6.5800000000000001,-1.341792896697181,1.6674934589847477
6.5899999999999999,-1.3247433935877384,1.7438928042950173
6.6000000000000005,-1.3068710522537479,1.8325514556675655
6.6100000000000003,-1.2880361430351952,1.9371124070057395
6.6200000000000001,-1.2680547199799335,2.0629152637301624
6.6299999999999999,-1.2466764730052668,2.2181492986559515
6.6400000000000006,-1.2235462576732543,2.4161142964607656
6.6500000000000004,-1.1981319556126351,2.6800792958348247
6.6600000000000001,-1.1695750486371277,3.0550673858351236
6.6699999999999999,-1.1363356879558839,3.6416346490604252
6.6799999999999997,-1.0951609909163518,4.7199024030276702
6.6900000000000004,-1.0369006994448697,7.4390758011240692
6.7000000000000002,-0.91219698413120609,23.410058985425906
6.71,2.0005251737607335,14.843624939006355
6.7199999999999998,1.9990207880370277,-0.66708742324895243
6.7300000000000004,1.9923307319861807,-0.67083094743250005
6.7400000000000002,1.9856028893135351,-0.67464339797465966
6.75,1.9788365652688835,-0.67852691012927191
6.7599999999999998,1.9720310461939738,-0.68248379661002168
6.7700000000000005,1.9651855715829241,-0.68651641136569752
6.7800000000000002,1.958299377058373,-0.6906273003789728
6.79,1.9513716622693587,-0.69481903695603286
6.7999999999999998,1.944401608293959,-0.69909436432742156
6.8100000000000005,1.9373883785826531,-0.70345614005683865
6.8200000000000003,1.9303310795597719,-0.70790738822955734
6.8300000000000001,1.9232288056846227,-0.71245125030899248
6.8399999999999999,1.9160806051764272,-0.7170910761399395
6.8500000000000005,1.9088855103070448,-0.72183032355009769
6.8600000000000003,1.9016424998406187,-0.72667268005318575
6.8700000000000001,1.8943505263851244,-0.73162201103227098
6.8799999999999999,1.8870084964071254,-0.73668237853546126
6.8900000000000006,1.879615284502139,-0.74185805246573722
6.9000000000000004,1.8721697213318935,-0.74715358858405101
6.9100000000000001,1.8646705723858206,-0.7525737332139919
6.9199999999999999,1.8571165691207239,-0.75812359429345344
6.9299999999999997,1.849506404162903,-0.76380845308879097
6.9400000000000004,1.8418386752906515,-0.76963404370910227
6.9500000000000002,1.8341119679433564,-0.77560628296765688
6.96,1.8263247634292381,-0.78173161539885361
6.9699999999999998,1.8184755006999176,-0.78801679058218976
6.9800000000000004,1.8105625421344034,-0.79446900878098015
6.9900000000000002,1.802584190577029,-0.8010958699861922
7,1.794538658577056,-0.80790560567203762
7.0099999999999998,1.7864240807529534,-0.81490685280215036
7.0200000000000005,1.7782384776890776,-0.82210898004655575
7.0300000000000002,1.7699797907696275,-0.82952190496150968
7.04,1.7616458723224089,-0.83715625829035223
7.0499999999999998,1.7532344493436618,-0.84502351789260588
7.0600000000000005,1.7447431320484239,-0.8531359244453306
7.0700000000000003,1.7361693924325898,-0.86150668261147223
7.0800000000000001,1.7275105885159208,-0.87015001579176277
7.0899999999999999,1.7187639172888509,-0.87908129684470782
7.1000000000000005,1.7099264141443702,-0.88831710970460875
7.1100000000000003,1.7009949524256556,-0.89787538576199089
7.1200000000000001,1.6919661917200337,-0.90777566223986372
7.1299999999999999,1.6828366224123588,-0.91803910681461953
7.1400000000000006,1.6736024982384337,-0.9286888139481293
7.1500000000000004,1.6642598298811313,-0.93974997355648515
7.1600000000000001,1.6548043676723045,-0.95125014156248111
7.1699999999999999,1.6452315703423968,-0.96321955221086342
7.1799999999999997,1.6355365845050405,-0.97569142105232443
7.1900000000000004,1.6257141979894165,-0.98870241513441248
7.2000000000000002,1.6157588292523588,-1.0022929796745987
7.21,1.6056644571624172,-1.0165080259218919
7.2199999999999998,1.5954245813213985,-1.0313974861362281
7.2300000000000004,1.5850321902198832,-1.0470171031504689
7.2400000000000002,1.5744796916313877,-1.0634291709679791
7.25,1.5637588020106405,-1.0807038627121406
7.2599999999999998,1.5528605058744274,-1.0989203249582358
7.2700000000000005,1.5417749391485689,-1.1181682940071855
7.2800000000000002,1.530491308102168,-1.1385498104294425
7.29,1.5189976817297337,-1.1601818707556035
7.2999999999999998,1.5072809068507342,-1.183198986694918
7.3100000000000005,1.495326368882921,-1.2077568359523849
7.3200000000000003,1.4831177915142932,-1.2340367087593107
7.3300000000000001,1.4706368987837919,-1.2622513312256551
7.3399999999999999,1.4578631315893948,-1.2926520469569021
7.3500000000000005,1.444773165281193,-1.3255383317811571
7.3600000000000003,1.4313404179865219,-1.3612702380302957
7.3700000000000001,1.4175342961943844,-1.4002853970431253
7.3799999999999999,1.403319376242175,-1.4431213489384576
7.3900000000000006,1.388654229367694,-1.4904470822759761
7.4000000000000004,1.3734898996234672,-1.5431071780600372
7.4100000000000001,1.35776785513205,-1.6021854544116716
7.4199999999999999,1.3414171456530144,-1.6690993168128869
7.4299999999999997,1.3243504121424789,-1.7457431907393066
7.4400000000000004,1.3064580710702141,-1.8347148877487007
7.4500000000000002,1.2875995695792963,-1.9396874252007583
7.46,1.267589751993307,-2.0660491389266178
7.4699999999999998,1.2461764558657962,-2.222073547597232
7.4800000000000004,1.223001522600309,-2.4212169958437038
7.4900000000000002,1.1975275582362155,-2.6870679296534772
7.5,1.1688858236660433,-3.065389820413877
7.5099999999999998,1.1355135852481677,-3.6587953952154808
7.5200000000000005,1.0940940307742002,-4.7549602243964024
7.5300000000000002,1.035212999109167,-7.5485318741930696
7.54,0.90679813525288799,-24.54798074342899
7.5499999999999998,-2.002912702748807,-7.213788125844248
7.5600000000000005,-1.9988705414378769,0.66717096723282854
7.5700000000000003,-1.992179641764946,0.67091604999404475
7.5800000000000001,-1.985450959631287,0.67473003312050206
7.5899999999999999,-1.9786837648533191,0.67861518194580239
7.6000000000000005,-1.9718773560538099,0.68257374177993579
7.6100000000000003,-1.9650309743685552,0.68660810091161817
7.6200000000000001,-1.958143853828842,0.69072077920107344
7.6299999999999999,-1.9512151948338599,0.69491436992326583
7.6400000000000006,-1.9442441778490913,0.69919161097011451
7.6500000000000004,-1.9372299654536582,0.70355536843798172
7.6600000000000001,-1.9301716645944913,0.7080086638023354
7.6699999999999999,-1.9230683660548065,0.71255465356714565
7.6799999999999997,-1.9159191222384195,0.71719667359772943
7.6900000000000004,-1.9087229589533359,0.72193820380453533
7.7000000000000002,-1.9014788584899194,0.72678292632777453
7.71,-1.8941857700376821,0.73173471026865133
7.7199999999999998,-1.8868426001131084,0.73679762833975282
7.7300000000000004,-1.8794482223942632,0.74197594893336782
7.7400000000000002,-1.8720014663599809,0.74727423793104475
7.75,-1.8645010964784685,0.75269724607775146
7.7599999999999998,-1.8569458431737871,0.75825008693512042
7.7700000000000005,-1.8493343970629172,0.76393805252334102
7.7800000000000002,-1.8416653579597897,0.76976687074891748
7.79,-1.8339372987073785,0.77574251326196153
7.7999999999999998,-1.8261487215001229,0.78187134488204468
7.8100000000000005,-1.8182980428611419,0.78816019976367158
7.8200000000000003,-1.8103836311519956,0.79461626421297282
7.8300000000000001,-1.8024038030996612,0.80124713418902627
7.8399999999999999,-1.7943567358377701,0.80806108266955978
7.8500000000000005,-1.7862405660566225,0.81506677447422571
7.8600000000000003,-1.7780533441802047,0.82227352105295926
7.8700000000000001,-1.7697930028301896,0.8296912836143665
7.8799999999999999,-1.7614573692696174,0.83733076463232947
7.8900000000000006,-1.7530441691483325,0.84520342035252249
7.9000000000000004,-1.7445510331821539,0.85332145996413944
7.9100000000000001,-1.7359754159867113,0.86169819950972659
7.9199999999999999,-1.7273146699209492,0.87034785372887902
7.9300000000000006,-1.7185659784507963,0.87928581072284839
7.9400000000000004,-1.7097263919713772,0.88852864854433633
7.9500000000000002,-1.7007927708447443,0.89809441956207725
7.96,-1.6917617854392595,0.90800264224417693
7.9699999999999998,-1.6826299093279455,0.91827452710735991
7.9800000000000004,-1.6733933892284449,0.92893320760930753
7.9900000000000002,-1.6640482196855764,0.94000395000483328
8,-1.6545901593482883,0.95151432978115857
8.0099999999999998,-1.6450146613497527,0.96349467235655084
8.0199999999999996,-1.6353168602992156,0.97597827110875868
8.0299999999999994,-1.6254915422028888,0.98900184017107984
8.0400000000000009,-1.6155331065510754,1.0026059636336258
8.0500000000000007,-1.6054355254497419,1.0168356407478589
8.0600000000000005,-1.5951922956854225,1.0317409220975249
8.0700000000000003,-1.5847963842374684,1.0473776649719986
8.0800000000000001,-1.5742401757582509,1.0638083650040446
8.0899999999999999,-1.5635153902098262,1.0811033755151578
8.0999999999999996,-1.5526129894444189,1.0993420349801388
8.1099999999999994,-1.5415230846997166,1.1186143376287909
8.120000000000001,-1.5302348494430542,1.1390226880901677
8.1300000000000008,-1.518736348584204,1.1606843946031224
8.1400000000000006,-1.5070143854751714,1.1837344007034309
8.1500000000000004,-1.4950543140519896,1.2083289189226196
8.1600000000000001,-1.4828398146861281,1.2346498760501767
8.1699999999999999,-1.4703525665710622,1.2629108126136617
8.1799999999999997,-1.4575719449395557,1.2933639864034749
8.1899999999999995,-1.4444745702850099,1.3263101142596603
8.1999999999999993,-1.4310337652055911,1.3621108332330589
8.2100000000000009,-1.4172188471455165,1.4012056894973517
8.2200000000000006,-1.4029942695899924,1.4441348160563965
8.2300000000000004,-1.3883184519117568,1.4915706104991802
8.2400000000000002,-1.3731422485352667,1.5443622491531712
8.25,-1.3574068806159241,1.6035999031770902
8.2599999999999998,-1.3410410811793894,1.6707098613803351
8.2699999999999996,-1.3239570576715849,1.7475995655466356
8.2799999999999994,-1.3060446429714443,1.8368861977971152
8.2900000000000009,-1.2871624522285356,1.9422729668786487
8.3000000000000007,-1.2671241127520814,2.0691976060724824
8.3100000000000005,-1.2456755853427464,2.2260190431421112
8.3200000000000003,-1.2224556689736024,2.4263523376846377
8.3300000000000001,-1.1969216204232704,2.6941110947680262
8.3399999999999999,-1.1681943039503857,3.0758145500291021
8.3499999999999996,-1.1346876458634931,3.6761856459584785
8.3599999999999994,-1.0930191680500578,4.7907131064329054
8.370000000000001,-1.0335003289495137,7.66178661005707
8.3800000000000008,-0.90113211549008998,25.787666000401234
8.3900000000000006,2.0040509491901157,3.3320073920781681
8.4000000000000004,1.9987202809753852,-0.66725455765386477
8.4100000000000001,1.9920285377696916,-0.67100116765922035
8.4199999999999999,1.9852989769320208,-0.67481675785541084
8.4299999999999997,1.9785309033926475,-0.6787035258351819
8.4399999999999995,1.9717236015503452,-0.68266377077150064
8.4499999999999993,1.9648763098884032,-0.68669985701941905
8.4600000000000009,1.9579882626840532,-0.69081433053779362
8.4700000000000006,1.9510586587360219,-0.69500977295543498
8.4800000000000004,1.9440866782260198,-0.69928893034049688
8.4900000000000002,1.9370714813252323,-0.70365467584405417
8.5,1.9300121828759964,-0.70811000503764132
8.5099999999999998,1.9229078512871396,-0.71265814749253464
8.5199999999999996,1.9157575498842636,-0.71730238326415863
8.5299999999999994,1.9085603075152862,-0.72204619714798057
8.5400000000000009,1.9013151157405292,-0.72689329468914876
8.5500000000000007,1.8940209097395206,-0.73184751530639192
8.5600000000000005,1.8866765985840612,-0.73691299551058131
8.5700000000000003,1.8792810533858975,-0.74209396363430224
8.5800000000000001,1.8718331029667516,-0.74739501048641821
8.5899999999999999,1.8643315108287899,-0.75282088428911043
8.5999999999999996,1.8567750063052955,-0.75837670902142418
8.6099999999999994,1.8491622772249776,-0.76406778766880901
8.620000000000001,1.8414919275894042,-0.76989983381543503
8.6300000000000008,1.8337625247864973,-0.77587884092438431
8.6400000000000006,1.8259725572792385,-0.78201122714140747
8.6500000000000004,1.8181204615291429,-0.78830377157405751
8.6600000000000001,1.810204594255973,-0.79476368509500106
8.6699999999999999,1.8022232558994322,-0.80139860262683893
8.6799999999999997,1.7941746539435368,-0.80821677602743203
8.6899999999999995,1.7860569209096859,-0.81522686221965235
8.7000000000000011,1.7778680713083499,-0.8224382645911601
8.7100000000000009,1.7696060423381612,-0.82986093579986686
8.7200000000000006,1.7612686822554009,-0.83750552407035306
8.7300000000000004,1.7528537128883364,-0.84538355476996363
8.7400000000000002,1.7443587383811239,-0.85350730797233088
8.75,1.7357812247589266,-0.86189003241840623
8.7599999999999998,1.7271185241838429,-0.87054599421277645
8.7699999999999996,1.7183678265651401,-0.87949062477778861
8.7799999999999994,1.7095261596295654,-0.88874056646147293
8.7900000000000009,1.7005903911740052,-0.89831380220708679
8.8000000000000007,1.6915571668636451,-0.90822998680418754
8.8100000000000005,1.6824229693030748,-0.91851031149018214
8.8200000000000003,1.6731840439236081,-0.92917799181428307
8.8300000000000001,1.6638363879310281,-0.94025831531455262
8.8399999999999999,1.6543757409842386,-0.95177894555986076
8.8499999999999996,1.6447975459694963,-0.96377025405699168
8.8599999999999994,1.6350969377932367,-0.97626558397522467
8.870000000000001,1.6252686845322863,-0.98930178171177907
8.8800000000000008,1.6153071792773463,-1.0029194689959906
8.8900000000000006,1.6052063907246577,-1.0171638013782398
8.9000000000000004,1.5949598001512704,-1.0320849171991162
8.9100000000000001,1.5845603640624717,-1.0477388319174017
8.9199999999999999,1.574000463013526,-1.0641881867084944
8.9299999999999997,1.5632717726884522,-1.081503542148442
8.9399999999999995,1.552365254422732,-1.0997644617756035
8.9500000000000011,1.5412710127497931,-1.1190611603087552
8.9600000000000009,1.5299781810762467,-1.1394964092808797
8.9700000000000006,1.5184748037663154,-1.1611878042487009
8.9800000000000004,1.5067476484614379,-1.18427078960829
8.9900000000000002,1.494782041765474,-1.2089020564889112
9,1.4825615995846129,-1.2352642690426991
9.0099999999999998,1.4700679768032372,-1.2635716395465721
9.0199999999999996,1.4572804888170841,-1.2940774761301337
9.0299999999999994,1.4441756830365384,-1.3270836656945084
9.0400000000000009,1.4307268045922332,-1.3629534230595057
9.0500000000000007,1.4169030686152673,-1.4021282770356269
9.0600000000000005,1.4026688084317853,-1.4451509576681925
9.0700000000000003,1.3879822908056125,-1.4926972826002498
9.0800000000000001,1.3727941792572422,-1.5456210660431564
9.0899999999999999,1.3570454471868145,-1.605018870134046
9.0999999999999996,1.3406645060223685,-1.6723259798661076
9.1099999999999994,1.3235631323988277,-1.7494628879971439
9.120000000000001,1.3056305647962081,-1.8390664313622487
9.1300000000000008,1.2867245819651294,-1.9448703466667459
9.1400000000000006,1.2666575889647931,-2.0723622024216422
9.1500000000000004,1.245173642782329,-2.2299875786412935
9.1600000000000001,1.2219084599039571,-2.4315228958824973
9.1699999999999999,1.196313870250882,-2.7012125453607436
9.1799999999999997,1.1675001789741304,-3.0863477040721432
9.1899999999999995,1.1338574682363076,-3.6938176619436396
9.2000000000000011,1.0919357833363961,-4.8271977502551016
9.2100000000000009,1.0317610830387363,-7.7790831105555807
9.2200000000000006,0.89517208163737305,-27.142315841168177
9.2300000000000004,-2.0045545242001079,-1.3610940215536309
9.2400000000000002,-1.9985699481356911,0.66733822250927599
9.25,-1.9918773720371294,0.67108632673286306
9.2599999999999998,-1.985146961842063,0.67490349474457245
9.2699999999999996,-1.9783780245274731,0.67879188891083475
9.2799999999999994,-1.9715698285831853,0.68275381208111052
9.2900000000000009,-1.9647216307365361,0.68679165389614827
9.3000000000000007,-1.9578326561408217,0.69090791276679697
9.3100000000000005,-1.9509021069090491,0.69510521756858501
9.3200000000000003,-1.9439291620179961,0.69938629109948869
9.3300000000000001,-1.9369129825714517,0.70375401692712303
9.3399999999999999,-1.9298526758970356,0.70821141394953269
9.3499999999999996,-1.9227473260858619,0.71276166510037731
9.3599999999999994,-1.9155959926330233,0.71740808272537093
9.370000000000001,-1.9083976901314621,0.72215418510010077
9.3800000000000008,-1.9011514068776016,0.72700364605990786
9.3900000000000006,-1.8938560861047795,0.73196034353932515
9.4000000000000004,-1.8865106338808355,0.73702836989594367
9.4100000000000001,-1.879113922116135,0.74221199234407242
9.4199999999999999,-1.8716647778264641,0.74751579588566386
9.4299999999999997,-1.86416196343327,0.75294454058601057
9.4399999999999995,-1.8566042073058304,0.75850335085161602
9.4500000000000011,-1.8489901959061643,0.76419754097572645
9.4600000000000009,-1.8413185332617434,0.77003282604131784
9.4700000000000006,-1.8335877829170146,0.77601521725032196
9.4800000000000004,-1.8257964346381659,0.78215113266208425
9.4900000000000002,-1.8179429211705638,0.78844736392021608
9.5,-1.8100255985447715,0.79491113457025497
9.5099999999999998,-1.8020427811154338,0.80155007101677678
9.5199999999999996,-1.793992642355916,0.80837247178125105
9.5299999999999994,-1.7858733312906476,0.815386980235003
9.5400000000000009,-1.777682856300326,0.82260302032763177
9.5500000000000007,-1.7694191579564709,0.83003057262993263
9.5600000000000005,-1.7610800894756677,0.83768027686492608
9.5700000000000003,-1.7526633435501555,0.84556370746336273
9.5800000000000001,-1.74416654157316,0.85369313164274541
9.5899999999999999,-1.7355871543731665,0.86208182410182033
9.5999999999999996,-1.7269225073914785,0.87074412022153647
9.6099999999999994,-1.7181697917068743,0.87969544425706714
9.620000000000001,-1.7093260464836775,0.88895243744414187
9.6300000000000008,-1.7003881176103666,0.89853318872720966
9.6400000000000006,-1.6913526594618693,0.90845733218153812
9.6500000000000004,-1.6822161462206398,0.91874611353117264
9.6600000000000001,-1.6729748179045167,0.92942279651097937
9.6699999999999999,-1.6636246661142975,0.9405127181617452
9.6799999999999997,-1.6541614240605615,0.95204359995961629
9.6899999999999995,-1.644580528128631,0.96404587558946842
9.7000000000000011,-1.6348771049319568,0.97655296459941621
9.7100000000000009,-1.6250459145230529,0.98960179418672012
9.7200000000000006,-1.6150813414099423,1.0032330713683064
9.7300000000000004,-1.6049773437165538,1.0174920692627496
9.7400000000000002,-1.5947273914440467,1.0324290430002416
9.75,-1.5843244292016676,1.0481001456293562
9.7599999999999998,-1.57376082506318,1.0645681741775195
9.7699999999999996,-1.5630282342148496,1.081903926699276
9.7799999999999994,-1.5521176002064687,1.1001871221920494
9.7900000000000009,-1.5410190123312164,1.1195082637143208
9.8000000000000007,-1.529721574849437,1.1399704473393741
9.8100000000000005,-1.5182133120932191,1.1616915972128734
9.8200000000000003,-1.5064809512846962,1.1848076503418772
9.8300000000000001,-1.4945097985082285,1.2094757443744413
9.8399999999999999,-1.4822834157167244,1.2358792775783574
9.8499999999999996,-1.4697834130088574,1.2642331817539598
9.8599999999999994,-1.4569890497195501,1.294791791767866
9.870000000000001,-1.4438768056734081,1.3278581842783486
9.8800000000000008,-1.4304198426746009,1.3637971645492386
9.8900000000000006,-1.4165872766659096,1.4030522455669583
9.9000000000000004,-1.4023433180848264,1.4461687613931169
9.9100000000000001,-1.3876460823742769,1.4938259800469953
9.9199999999999999,-1.3724460395596545,1.5468823826648619
9.9299999999999997,-1.3566839157817614,1.6064409546769034
9.9399999999999995,-1.3402877969184388,1.6739460674082589
9.9500000000000011,-1.3231690278591737,1.7513313522974701
9.9600000000000009,-1.3052162483803442,1.8412534677328063
9.9700000000000006,-1.2862864060133257,1.9474768816505383
9.9800000000000004,-1.2661906388226742,2.0755399177985394
9.9900000000000002,-1.2446711119305269,2.233975566483358
10,-1.2213604178898878,2.4367239923159332
10.01,-1.1957048932124219,2.7083659588215383
10.02,-1.1668040988883639,3.0969806896020708
10.029999999999999,-1.1330238087452962,3.7116792150607569
10.040000000000001,-1.0908447804513295,4.8644002259108881
10.050000000000001,-1.02999604983228,7.9005118564279835
10.06,-0.88889662990825147,28.625173003862063
10.07,2.0047358509154338,0.36243803352925336
10.08,1.9984196889903287,-0.66742185930405507
10.09,1.9917262686747295,-0.67117149514853258
10.1,1.9849949990132849,-0.67499024192782686
10.109999999999999,1.9782251858786268,-0.67888026612779018
10.120000000000001,1.9714160977668744,-0.68284387165462357
10.130000000000001,1.9645669904849206,-0.68688345091339786
10.140000000000001,1.9576770888141766,-0.69100150516849657
10.15,1.9507455942078,-0.69520066551048387
10.16,1.9437716852579505,-0.69948365721166161
10.17,1.9367545212301314,-0.70385337172901796
10.18,1.929693214935065,-0.70831281024954185
10.19,1.9225868335766132,-0.71286521085722876
10.200000000000001,1.915434439120596,-0.71751385277447188
10.210000000000001,1.9082350592900574,-0.72226223619805197
10.220000000000001,1.9009876832706565,-0.72711407424752506
10.23,1.8936912446903389,-0.73207321545826176
10.24,1.8863446508086605,-0.73714380334683505
10.25,1.8789467877731203,-0.74233006171571059
10.26,1.8714964471451485,-0.74763661047376562
10.27,1.8639924110932407,-0.75306825591997506
10.279999999999999,1.8564333998570373,-0.75863005175150144
10.290000000000001,1.8488181078800088,-0.76432734730361063
10.300000000000001,1.8411451242274584,-0.77016587611579801
10.31,1.8334130132191693,-0.77615168865288786
10.32,1.8256202911539554,-0.78229111160983311
10.33,1.8177653590671041,-0.78859103157035249
10.34,1.8098465813931266,-0.79505866011411985
10.35,1.8018622649983873,-0.80170164748340456
10.359999999999999,1.7938105880679462,-0.8085282554110198
10.370000000000001,1.7856896821893966,-0.81554723093738035
10.380000000000001,1.7774975825368535,-0.82276792861215164
10.390000000000001,1.7692322248823136,-0.83020032389520659
10.4,1.7608914250111802,-0.83785519269237385
10.41,1.7524728986403786,-0.84574401525572984
10.42,1.7439742578076138,-0.85387912131248944
10.43,1.735392972747541,-0.86227384398331319
10.44,1.7267263742008809,-0.87094248483371917
10.450000000000001,1.7179716354042613,-0.87990050060775016
10.460000000000001,1.7091257959601982,-0.88916457206949184
10.470000000000001,1.7001857031656773,-0.89875284612218387
10.48,1.6911480146664488,-0.90868494993620041
10.49,1.6820091884933603,-0.91898222031154242
10.5,1.6727654556330982,-0.92966792662567999
10.51,1.6634127944922485,-0.94076747452306331
10.52,1.6539469617980227,-0.95230859273722301
10.529999999999999,1.6443633575360577,-0.96432186677707632
10.540000000000001,1.6346571077331979,-0.97684074333133308
10.550000000000001,1.6248229763754123,-0.98990221456769556
10.56,1.6148553335541278,-1.0035471321531273
10.57,1.6047481215614359,-1.0178208208805113
10.58,1.5944948027262569,-1.0327736951347806
10.59,1.5840883082146289,-1.0484620250176684
10.6,1.5735209925729918,-1.0649487858755513
10.609999999999999,1.562784493916189,-1.0823049682720001
10.620000000000001,1.5518697388306071,-1.1006104972195847
10.630000000000001,1.5407667959927536,-1.119956151937036
10.640000000000001,1.5294647465168023,-1.1404453302637261
10.65,1.5179515870496603,-1.1621963305690683
10.66,1.5062140181153498,-1.1853455079335464
10.67,1.494237299301425,-1.2100505993072512
10.68,1.4820049630038807,-1.2364955388000884
10.69,1.4694985686836093,-1.2648961492815975
10.700000000000001,1.4566973148793156,-1.2955076997857859
10.710000000000001,1.4435776164152028,-1.3286345109003712
10.720000000000001,1.4301125493224962,-1.3646429701588552
10.73,1.4162711308892499,-1.4039785962193458
10.74,1.4020174480361103,-1.4471893308138919
10.75,1.3873094639657908,-1.4949579300732287
10.76,1.3720974542409632,-1.5481475681360413
10.77,1.3563218959274514,-1.607867711292688
10.779999999999999,1.3399105472083725,-1.6755718931477945
10.790000000000001,1.3227743173724398,-1.7532070143257155
10.800000000000001,1.3048012464359711,-1.84344969327604
10.81,1.2858474270425198,-1.9500956757793351
10.82,1.2657227505643274,-2.0787343073242841
10.83,1.2441674444927442,-2.2379874903892731
10.84,1.2208109441848807,-2.4419615302988089
10.85,1.1950940090510305,-2.715579867961313
10.859999999999999,1.1661052778981147,-3.1077267960203154
10.870000000000001,1.13218569486972,-3.7297951089711088
10.880000000000001,1.0897447774197093,-4.9023847540969294
10.890000000000001,1.0282023070552142,-8.0264273532454311
10.9,0.88226790929157406,-30.254871492844966
10.91,-2.0047540160793096,0.1439452770533389
10.92,-1.9982693393899984,0.66750557592857285
10.93,-1.9915750767037919,0.67125673855159163
10.94,-1.9848429392957621,0.67507708233147956
10.950000000000001,-1.9780722484178941,0.67896874473887237
10.960000000000001,-1.9712622762519649,0.68293401122064512
10.970000000000001,-1.9644122590409867,0.68697533148933465
10.98,-1.9575214293199532,0.69109518057809105
10.99,-1.9505889884825327,0.69529620005785908
11,-1.9436141145263846,0.69958111196297357
11.01,-1.9365959653759641,0.70395281624877837
11.02,-1.9295336541651411,0.70841431342888039
11.029999999999999,-1.9224262469956792,0.71296883544300593
11.040000000000001,-1.9152728049828047,0.71761969423486627
11.050000000000001,-1.9080723549994907,0.722370363876773
11.06,-1.9008238855918762,0.72722457641320526
11.07,-1.8935263295225637,0.73218618061809104
11.08,-1.8861785932375787,0.73725932599498334
11.09,-1.8787795627873143,0.74244823784821601
11.1,-1.8713280293399697,0.74775755722481141
11.109999999999999,-1.8638227690434968,0.75319206595717403
11.120000000000001,-1.8562625064182636,0.75875685533733928
11.130000000000001,-1.8486459323604225,0.76445726156670812
11.140000000000001,-1.8409716343185889,0.77029906103222245
11.15,-1.8332381725315221,0.77628824924614559
11.16,-1.8254440521563857,0.78243122594817971
11.17,-1.8175876995674978,0.78873485478773586
11.18,-1.8096674629425664,0.79520633200581403
11.19,-1.8016816379704497,0.80185336510847327
11.200000000000001,-1.7936284242426899,0.808684227384461
11.210000000000001,-1.7855059509979598,0.81570760782374752
11.220000000000001,-1.7773122237492298,0.82293296030115581
11.23,-1.7690451748774338,0.83037028459587214
11.24,-1.7607026521900888,0.83803028542657554
11.25,-1.7522823475595963,0.84592450766503446
11.26,-1.7437818736058375,0.85406531236144079
11.27,-1.7351986963352546,0.86246604438850394
11.279999999999999,-1.7265301437477656,0.87114103081746797
11.290000000000001,-1.7177733857162529,0.88010575219279097
11.300000000000001,-1.7089254582665403,0.88937692115305622
11.31,-1.6999832044140164,0.89897271767311016
11.32,-1.6909432774454114,0.90891280531347052
11.33,-1.6818021303326229,0.91921856257581014
11.34,-1.672555988856161,0.92991330383819182
11.35,-1.6632008263636919,0.94102248191068416
11.359999999999999,-1.6537323916958484,0.95257389080580157
11.370000000000001,-1.6441460793463214,0.96459817866683017
11.380000000000001,-1.6344370073152914,0.97712885338626443
11.390000000000001,-1.6245999317167279,0.99020300330811406
11.4,-1.614629212961505,1.0038615680144698
11.41,-1.6045187832291634,1.0181499819208963
11.42,-1.5942620933644422,1.0331187813779794
11.43,-1.5838520627506942,1.0488243734523475
11.44,-1.5732810299181961,1.0653299100145841
11.450000000000001,-1.5625406226796819,1.0827065466015704
11.460000000000001,-1.5516217463873445,1.1010344818995064
11.470000000000001,-1.5405144437314813,1.1204047057014759
11.48,-1.5292077704516602,1.1409209234151889
11.49,-1.5176896965343409,1.1627018847397748
11.5,-1.5059469028919474,1.1858842949766317
11.51,-1.4939646065814769,1.2106264431396481
11.52,-1.4817263155205553,1.2371129166073038
11.529999999999999,-1.4692135200955705,1.2655603736339365
11.540000000000001,-1.4564053734716456,1.296224975036538
11.550000000000001,-1.4432782080363569,1.3294124117537418
11.56,-1.4298050189799267,1.3654905842729741
11.57,-1.4159547291951651,1.4049070472207217
11.58,-1.4016913117480485,1.4482123017423214
11.59,-1.386972556064572,1.496092747344979
11.6,-1.3717485534199731,1.5494161710571106
11.609999999999999,-1.3559595234990107,1.6092986414533583
11.620000000000001,-1.3395328972432345,1.6772028623322306
11.630000000000001,-1.3223791478008002,1.7550892203604316
11.640000000000001,-1.304385709642274,1.8456543862643038
11.65,-1.285407816004221,1.9527257545720977
11.66,-1.2652540918625956,2.0819443805559743
11.67,-1.2436628147298947,2.2420221182738733
11.68,-1.2202602216208269,2.4472341245388001
11.69,-1.1944814174089895,2.7228526090457943
11.700000000000001,-1.1654039397798714,3.1185840981948894
11.710000000000001,-1.131343370399488,3.7481643351517842
11.720000000000001,-1.0886360008532752,4.9411618814541161
11.73,-1.0263794612060304,8.1570235474645205
11.74,-0.87525293144578531,32.050829026029042
11.75,2.0046894204233952,-0.4005263740149686
11.76,1.9981189542878777,-0.66758933076507809
11.77,1.9914238322876727,-0.67134204295157485
11.779999999999999,1.9846908305386153,-0.67516397002766482
11.790000000000001,1.9779192701881505,-0.67905723651971073
11.800000000000001,1.9711083949007475,-0.68302421206188546
11.81,1.9642574666620265,-0.68706727274215551
11.82,1.9573657084787002,-0.691188922753882
11.83,1.9504323207552625,-0.69539180113017618
11.84,1.9434564812257356,-0.69967863568012156
11.85,1.9364373455789765,-0.70405233442806403
11.859999999999999,1.9293740305267089,-0.70851588398554743
11.870000000000001,1.9222655964749922,-0.71307255195893793
11.880000000000001,1.9151111061423132,-0.71772560758601733
11.890000000000001,1.907909585962958,-0.72247856995114601
11.9,1.900660022688081,-0.7273351582827573
11.91,1.8933613484214915,-0.73229923031826594
11.92,1.8860124687227635,-0.73737493617777294
11.93,1.8786122679074995,-0.74256651247148686
11.94,1.8711595378193595,-0.74787860040515408
11.950000000000001,1.8636530522888912,-0.75331598091951224
11.960000000000001,1.8560915361247614,-0.75888376563287196
11.970000000000001,1.8484736747050254,-0.7645873020936752
11.98,1.8407980633395113,-0.77043234246744563
11.99,1.8330632680261616,-0.77642489635828071
12,1.8252677677338169,-0.78257142542134928
12.01,1.8174099953677554,-0.78887874783123069
12.02,1.8094883003281521,-0.79535410583790733
12.030000000000001,1.8015009875569421,-0.80200519098824041
12.040000000000001,1.793446244563194,-0.80884025614239108
12.050000000000001,1.7853221741525416,-0.8158681113791878
12.06,1.7771268190863081,-0.82309812691765005
12.07,1.7688581095417601,-0.83054031179076548
12.08,1.7605138569860377,-0.83820547297630987
12.09,1.7520917731989423,-0.84610511097231378
12.1,1.7435894646808066,-0.85425161874690325
12.109999999999999,1.735004394311118,-0.86265836585053557
12.120000000000001,1.7263338866400757,-0.87133970416545692
12.130000000000001,1.7175751082450055,-0.88031113978790132
12.140000000000001,1.708725104457592,-0.88958940643119855
12.15,1.6997806927894152,-0.89919272566038111
12.16,1.690738518852555,-0.90914082597858059
12.17,1.6815950434305729,-0.91945505932358051
12.18,1.6723464905107601,-0.93015884105791946
12.19,1.6629888344333679,-0.94127765645524675
12.200000000000001,1.6535177893277424,-0.95283940058025962
12.210000000000001,1.6439287714655897,-0.96487469716803798
12.220000000000001,1.6342168834651571,-0.97741719113698988
12.23,1.6243768627414283,-0.99050404459624175
12.24,1.6144030752589877,-1.0041762518322912
12.25,1.6042894249021398,-1.0184794081134159
12.26,1.5940293612400493,-1.0334641610360706
12.27,1.5836157911627311,-1.0491870428664081
12.280000000000001,1.5730410370530448,-1.0657113903539703
12.290000000000001,1.5622967171407365,-1.0831085123172117
12.300000000000001,1.5513737109524655,-1.101458869451075
12.31,1.540262032725169,-1.1208537330146573
12.32,1.528950747273639,-1.1413970442112229
12.33,1.517427763490562,-1.1632080121735655
12.34,1.5056797436025215,-1.1864237052936202
12.35,1.493691870976616,-1.2112029950038805
12.359999999999999,1.4814476087368145,-1.2377311188111337
12.370000000000001,1.4689284019482736,-1.266225514153579
12.380000000000001,1.4561133418340642,-1.2969433670585755
12.390000000000001,1.4429786949489654,-1.3301915996198965
12.4,1.4294973706639946,-1.3663396890894932
12.41,1.4156381953872452,-1.4058372178521328
12.42,1.4013650107676143,-1.4492373961244756
12.43,1.3866354533813876,-1.4972301067044127
12.44,1.3713994178606466,-1.5506878871192542
12.450000000000001,1.3555968795472499,-1.6107333862058657
12.460000000000001,1.3391549344283369,-1.6788386553695229
12.470000000000001,1.3219836210926297,-1.7569774515564056
12.48,1.3039697474460887,-1.8478670169517544
12.49,1.2849676856597338,-1.9553665073322979
12.5,1.2647847909398602,-2.0851692838179789
12.51,1.243157367271952,-2.2460784831455181
12.52,1.219708411508964,-2.452540530211706
12.530000000000001,1.1938672987642529,-2.7301826379222605
12.540000000000001,1.1647002758751395,-3.1295509834946684
12.550000000000001,1.1304970403982684,-3.7667866396931688
12.56,1.0875186086645729,-4.9807447960059283
12.57,1.0245269980381193,-8.2925118265687914
12.58,0.86781392399652635,-34.035812767687077
12.59,-2.0045829143548133,0.5305158068100384
12.6,-1.9979685845686981,0.66767308442543127
12.609999999999999,-1.9912726172574191,0.67142735539306131
12.620000000000001,-1.9845387541426294,0.67525085604648405
12.630000000000001,-1.9777662986860467,0.67914577820451871
12.640000000000001,-1.9709545318137973,0.68311444465537008
12.65,-1.9641026896547786,0.68715922889081715
12.66,-1.9572100030389974,0.69128268872155718
12.67,-1.9502756682164457,0.69548742063217395
12.68,-1.9432988631870578,0.69977617998064379
12.69,-1.9362787424320189,0.70415186785159711
12.700000000000001,-1.9292144073245232,0.7086174891228626
12.710000000000001,-1.9221049467582068,0.71317628634562469
12.720000000000001,-1.9149494077989704,0.71783156022886052
12.73,-1.9077468164488962,0.72258681350969078
12.74,-1.9004961586631748,0.72744578029047591
12.75,-1.8931963657010007,0.73241232010280244
12.76,-1.8858463423057135,0.73749058811146562
12.77,-1.878444967148138,0.74268484534598433
12.780000000000001,-1.8709910483726639,0.74799967198098094
12.790000000000001,-1.8634833379969336,0.75343994707980555
12.800000000000001,-1.8559205656953901,0.75901072740363595
12.81,-1.8483014224912162,0.76471737401738493
12.82,-1.8406244906744333,0.77056567801583842
12.83,-1.8328883282534656,0.77656166397654292
12.84,-1.8250914380447754,0.78271172451050275
12.85,-1.8172322432232046,0.78902275770757235
12.859999999999999,-1.809309109300685,0.79550194053426304
12.870000000000001,-1.801320291303464,0.80215708632116933
12.880000000000001,-1.7932639961868284,0.80899643389126419
12.890000000000001,-1.785138339654939,0.8160287313035367
12.9,-1.7769413579247253,0.82326340184090019
12.91,-1.7686709710241244,0.83071048592680108
12.92,-1.7603249905493528,0.83838078801673932
12.93,-1.751901129169571,0.84628586860456656
12.94,-1.7433969972141832,0.85443807303720898
12.950000000000001,-1.7348100319243493,0.86285084396170963
12.960000000000001,-1.726137567544306,0.87153854268761899
12.970000000000001,-1.7173767877261676,0.88051665835433557
12.98,-1.7085246819258686,0.88980207266742217
12.99,-1.6995780994030254,0.89941294188046472
13,-1.6905336923852436,0.9093690210483546
13.01,-1.6813878951629058,0.9196917998160512
13.02,-1.6721369337185701,0.93040463694706221
13.030000000000001,-1.6627767766006725,0.94153310048672145
13.040000000000001,-1.6533031163659926,0.95310516535180601
13.050000000000001,-1.6437113802247918,0.96515149822256119
13.06,-1.6339966580659879,0.97770584309786535
13.07,-1.6241536853818768,0.99080540548598328
13.08,-1.6141768064621491,1.0044913337391235
13.09,-1.6040599318120969,1.0188092701160123
13.1,-1.5937964897757355,1.0338100039503033
13.109999999999999,-1.5833793758532253,1.0495502128618042
13.120000000000001,-1.5728008942549536,1.0660934178667156
13.130000000000001,-1.5620526554252967,1.0835110736220652
13.140000000000001,-1.5511255112664828,1.1018839105290377
13.15,-1.540009464051658,1.121303442734761
13.16,-1.5286935453308068,1.1418739477738613
13.17,-1.5171656494876662,1.1637149513095715
13.18,-1.5054124084301459,1.1869639978023241
13.19,-1.493418953120486,1.2117805428609438
13.200000000000001,-1.4811687061132817,1.2383504490801753
13.210000000000001,-1.4686430784556399,1.2668919054861756
13.220000000000001,-1.4558210886918179,1.2976631920403503
13.23,-1.4426789438218532,1.3309724353583559
13.24,-1.4291894659474003,1.3671906675193448
13.25,-1.4153213852773505,1.406769559314069
13.26,-1.4010384117222627,1.4502650129916981
13.27,-1.3862980330996486,1.4983704038095713
13.280000000000001,-1.3710499468709101,1.5519631117374311
13.290000000000001,-1.3552338636700492,1.6121724180363222
13.300000000000001,-1.3387765601947399,1.6804796624550529
13.31,-1.3215876171980347,1.75887234774961
13.32,-1.3035532342507339,1.8500882561239023
13.33,-1.2845269126498002,1.9580187123256194
13.34,-1.2643147108158908,2.0884101393508043
13.35,-1.2426509417331109,2.2501580102693763
13.359999999999999,-1.2191553396785935,2.4578827132087682
13.370000000000001,-1.1932514569581376,2.7375727860152326
13.380000000000001,-1.1639940578659276,3.1406324665536949
13.390000000000001,-1.1296464021263384,3.7856730421322506
13.4,-1.0863920923106241,5.0211708882216968
13.41,-1.0226432464325756,8.4332008050730742
13.42,-0.85990312466355401,36.237891028839471
13.43,2.0044551519669964,-0.59642001574229997
13.44,1.9978181713412979,-0.66775690802124832
13.450000000000001,1.9911213580834035,-0.67151270315995482
13.460000000000001,1.984386633306406,-0.67533779582745868
13.470000000000001,1.9776133000961587,-0.67923435133640031
13.48,1.9708006388848958,-0.68320470624878449
13.49,1.9639478852943193,-0.6872512336243477
13.5,1.9570542694697459,-0.69137649500944964
13.51,1.9501189871008402,-0.69558308913930333
13.52,1.9431412157573278,-0.69987377351245394
13.530000000000001,1.9361201090869311,-0.70425145358012553
13.540000000000001,1.9290547677721113,-0.7087191376275388
13.550000000000001,1.9219442798726707,-0.71328007082452505
13.56,1.9147876918018256,-0.71793755819920335
13.57,1.907584028989338,-0.72269510515444324
13.58,1.9003322762735659,-0.72755645197840235
13.59,1.8930313641316592,-0.73252546206713187
13.6,1.8856801964719334,-0.73760629435091074
13.609999999999999,1.878277652045176,-0.74280321213639755
13.620000000000001,1.8708225230091347,-0.74812082129726387
13.630000000000001,1.8633135863874144,-0.75356398570138272
13.640000000000001,1.8557495577964391,-0.7591377636647556
13.65,1.8481291283217434,-0.76484753733380662
13.66,1.8404508780322102,-0.77069909333226638
13.67,1.8327133654935919,-0.77669848125659224
13.68,1.8249151026358514,-0.78285208462314027
13.69,1.8170544853200936,-0.78916680277330753
13.700000000000001,1.8091298745230093,-0.79564990823873727
13.710000000000001,1.8011395630698488,-0.80230909983489063
13.720000000000001,1.7930817354115751,-0.80915266483303705
13.73,1.7849545056363429,-0.81618940827661735
13.74,1.7767558894577336,-0.82342875831533902
13.75,1.7684838112508323,-0.8308807820288534
13.76,1.7601361103461257,-0.83855622117203943
13.77,1.7517104751727337,-0.8464667064888356
13.780000000000001,1.7432044985099902,-0.85462465832465306
13.790000000000001,1.7346156297387196,-0.86304347033723261
13.800000000000001,1.7259412039948405,-0.87173750402955785
13.81,1.7171783906780786,-0.8807223872600124
13.82,1.7083241931727946,-0.89001493849595614
13.83,1.6993754566654509,-0.89963333039319848
13.84,1.6903287999255978,-0.90959744572312284
13.85,1.681180685594279,-0.91992870311240749
13.859999999999999,1.6719273074082146,-0.93065061527556447
13.870000000000001,1.6625646354929138,-0.94178876895706554
13.880000000000001,1.6530883781173209,-0.95337115922509175
13.890000000000001,1.6434939303794744,-0.96542856793835796
13.9,1.6337763893771544,-0.97799474209885651
13.91,1.6239304649938417,-0.99110705517210484
13.92,1.6139505004466996,-1.0048066888039966
13.93,1.6038303985924165,-1.0191394300467609
13.94,1.5935635750620445,-1.0341561700529958
13.950000000000001,1.5831429139202877,-1.0499137359033157
13.960000000000001,1.5725607025893571,-1.0664758248104709
13.970000000000001,1.5618085381946323,-1.0839140669732119
13.98,1.5508772517781964,-1.1023094273650833
13.99,1.5397568282304017,-1.1217536804923827
14,1.5284362716712363,-1.1423514299390201
14.01,1.5169034537715986,-1.1642225519621239
14.02,1.5051449709000315,-1.1875050649426258
14.030000000000001,1.4931459214362932,-1.2123589495414495
14.040000000000001,1.4808896835061338,-1.2389707270753709
14.050000000000001,1.4683576212974181,-1.2675593975999557
14.06,1.4555286932440259,-1.2983842487876938
14.07,1.4423790384428423,-1.3317546613419371
14.08,1.428881401317569,-1.3680432813592043
14.09,1.415004391297233,-1.4077038224755978
14.1,1.4007116076349235,-1.4512949048232537
14.109999999999999,1.3859603771443485,-1.4995134227565088
14.120000000000001,1.3707002033518867,-1.553241627033541
14.130000000000001,1.3548705371821739,-1.6136154638594855
14.140000000000001,1.3383978244470403,-1.6821257102136948
14.15,1.3211911921427111,-1.76077368456026
14.16,1.3031362262079125,-1.8523178815749493
14.17,1.2840855389574841,-1.9606822038323968
14.18,1.2638439003684874,-2.0916666066359024
14.19,1.2421436027694062,-2.2542603546081281
14.200000000000001,1.2186010650139294,-2.4632604042483988
14.210000000000001,1.1926339446915128,-2.7450231715542968
14.220000000000001,1.1632853334184619,-3.1518292882990226
14.23,1.1287914810319712,-3.8048274139861982
14.24,1.0852563808017412,-5.0624630557024899
14.25,1.020727208272465,-8.579364682106041
14.26,0.85146891741404296,-38.689473115808227
14.27,-2.0043166177808778,0.62985385423463092
14.280000000000001,-1.9976677409050063,0.66784075795221676
14.290000000000001,-1.9909700912658685,0.6715980747682877
14.300000000000001,-1.9842345179097896,0.67542473284629601
14.31,-1.9774603172264293,0.67932293024156998
14.32,-1.9706467608246325,0.68329497007606355
14.33,-1.9637930980890947,0.68734325904810067
14.34,-1.9568985527018588,0.69147031551505511
14.35,-1.9499623226061551,0.69567877857436444
14.359999999999999,-1.9429835845042567,0.69997138792503688
14.370000000000001,-1.9359614914831902,0.70435106202950837
14.380000000000001,-1.9288951436564801,0.70882080897405386
14.390000000000001,-1.9217836281839824,0.71338387948153936
14.4,-1.914625990753541,0.71804358143867075
14.41,-1.9074212562232793,0.72280342342436787
14.42,-1.9001684083035191,0.72766715169655594
14.43,-1.8928663766922535,0.73263863356256709
14.44,-1.8855140644653376,0.73772203169571327
14.450000000000001,-1.8781103512884432,0.74292160699715892
14.460000000000001,-1.8706540254538664,0.74824199618480336
14.470000000000001,-1.8631438625751673,0.75368804278113433
14.48,-1.855578578865436,0.75926482363744252
14.49,-1.8479568633649124,0.76497772408954401
14.5,-1.8402772950809689,0.77083254780448596
14.51,-1.8325384294924922,0.77683533559306905
14.52,-1.8247387834176436,0.78299247817929485
14.530000000000001,-1.8168767442613962,0.78931092398799141
14.540000000000001,-1.80895066936797,0.79579790538690454
14.550000000000001,-1.8009588575201421,0.80246115776637705
14.56,-1.7928994920946348,0.80930896069672875
14.57,-1.784770670214727,0.81635017237064267
14.58,-1.7765704225118661,0.82359420986827958
14.59,-1.7682966615488227,0.83105113861607749
14.6,-1.7599472343630731,0.83873172901764959
14.609999999999999,-1.7515198096911211,0.84664766757330767
14.620000000000001,-1.7430120006841687,0.85481132001350857
14.630000000000001,-1.7344212472440863,0.86323614115143632
14.640000000000001,-1.7257448672643969,0.87193657352098108
14.65,-1.7169800230133014,0.88092820156412244
14.66,-1.7081237402241551,0.89022784774510999
14.67,-1.699172829847889,0.89985382592864538
14.68,-1.6901239275954112,0.90982596685593198
14.69,-1.6809734860163343,0.92016575362722308
14.700000000000001,-1.6717176912312446,0.93089674934667754
14.710000000000001,-1.6623525107225754,0.94204458649825562
14.720000000000001,-1.6528736427689354,0.95363732782037092
14.73,-1.6432764797647181,0.96570580298240261
14.74,-1.6335561049824989,0.97828386114343457
14.75,-1.6237072260612644,0.99140893644577421
14.76,-1.6137241844753303,1.0051222905718269
14.77,-1.6036008624754656,1.0194698205794128
14.780000000000001,-1.5933306637925919,1.0345025777437704
14.790000000000001,-1.5829064627732645,1.0502775143428373
14.800000000000001,-1.5723205162175982,1.0668585150375922
14.81,-1.5615644116813665,1.0843174271572265
14.82,-1.5506289887638836,1.1027353167567804
14.83,-1.5395041863831029,1.1222043313681322
14.84,-1.5281789862145672,1.1428293816856847
14.85,-1.5166412421754809,1.1647306761614051
14.859999999999999,-1.5048775109807884,1.1880467275178219
14.870000000000001,-1.4928728607472854,1.2129380355744885
14.880000000000001,-1.4806106243033199,1.2395917771251053
14.890000000000001,-1.4680721191723052,1.2682277763449892
14.9,-1.4552362431434334,1.2991063279353403
14.91,-1.442079067992196,1.3325380700647707
14.92,-1.4285732531238091,1.3688972547838789
14.93,-1.4146873091788876,1.4086396896628508
14.94,-1.4003846981450718,1.4523266900873339
14.950000000000001,-1.3856226015816708,1.5006587413783319
14.960000000000001,-1.3703503115466764,1.5545229815507899
14.970000000000001,-1.3545070362076308,1.6150619983232724
14.98,-1.3380188700126794,1.683776222130505
14.99,-1.3207944908946301,1.7626808094476683
15,-1.3027188703411194,1.8545551130435911
15.01,-1.2836437315222187,1.9633560524454627
15.02,-1.2633725341459798,2.0949376752521012
15.030000000000001,-1.2416355277933275,2.2583842262666396
15.040000000000001,-1.2180457788219115,2.4686720573908398
15.050000000000001,-1.1920149745276321,2.7525317436010819
15.06,-1.1625743303543667,3.1631393082732266
15.07,-1.1279325252803309,3.8242487106124865
15.08,-1.0841116776425668,5.104634608408638
15.09,-1.0187782967487868,8.7312597384305217
15.1,-0.84245407182058485,41.42843926193347
15.109999999999999,2.0041726677841782,-0.646834742836778
15.120000000000001,1.9975173549087624,-0.66792460209194138
15.130000000000001,1.9908188548431158,-0.67168347088090707
15.140000000000001,1.9840824229564535,-0.67551170491120049
15.15,1.9773073405145718,-0.67941154479906363
15.16,1.9704928908801898,-0.68338527424903839
15.17,1.9636383154766981,-0.68743530428777355
15.18,1.9567428405723852,-0.69156416749167171
15.19,1.9498056624771949,-0.6957744926029954
15.200000000000001,1.9428259576905447,-0.70006902956027972
15.210000000000001,1.9358028783447436,-0.7044506978295475
15.220000000000001,1.928735523821639,-0.70892251033969189
15.23,1.9216229804756155,-0.71348771927811017
15.24,1.9144642933639746,-0.71814963745251881
15.25,1.9072584867741136,-0.72291177591747358
15.26,1.90000454329548,-0.72777788722741765
15.27,1.8927013918451496,-0.73275184251462844
15.280000000000001,1.885347934670176,-0.73783780825055667
15.290000000000001,1.8779430509995378,-0.74304004964959536
15.300000000000001,1.8704855272343806,-0.74836321567190878
15.31,1.8629741375621602,-0.7538121478218156
15.32,1.8554075980227047,-0.75939193319525411
15.33,1.8477845951426952,-0.76510796599373843
15.34,1.8401037077441362,-0.77096605748555513
15.35,1.8323634898454393,-0.7769722432455336
15.359999999999999,1.8245624407488259,-0.78313295611479838
15.370000000000001,1.8166989774351343,-0.78945512064862144
15.380000000000001,1.8087714570676012,-0.79594596085045033
15.390000000000001,1.8007781348299448,-0.80261327159340135
15.4,1.7927172150701123,-0.80946537204613878
15.41,1.7845868191024514,-0.81651101324885511
15.42,1.7763849401345089,-0.8237597248349563
15.43,1.7681095017338848,-0.8312215717824919
15.44,1.7597583430352435,-0.83890733458478395
15.450000000000001,1.7513291370431527,-0.84682870654287512
15.460000000000001,1.742819483182825,-0.85499811199415632
15.470000000000001,1.7342268332661401,-0.8634289739661628
15.48,1.7255485007794193,-0.8721357569953021
15.49,1.7167816403086515,-0.88113411535760944
15.5,1.7079232527059698,-0.89044094462143053
15.51,1.6989701661678911,-0.90007448594412742
15.52,1.6899190253347915,-0.91005463531405806
15.530000000000001,1.6807662434382598,-0.92040301216161591
15.540000000000001,1.6715080257215664,-0.93114308992024175
15.550000000000001,1.6621403373081765,-0.94230061638987428
15.56,1.652658853308026,-0.95390373604987166
15.57,1.6430589760306902,-0.96598327802560646
15.58,1.6333357596763489,-0.97857326532607325
15.59,1.6234839294733732,-0.99171109018108716
15.6,1.6134977971334437,-1.0054382081627438
15.610000000000001,1.6033712316572666,-1.0198006042028434
15.620000000000001,1.5930976361193885,-1.034849450144405
15.630000000000001,1.5826698696909691,-1.0506418148526637
15.640000000000001,1.5720801896615828,-1.0672417609851463
15.65,1.5613201612459806,-1.084721294116145
15.66,1.5503805783916811,-1.1031618305732969
15.67,1.5392513859413879,-1.1226556754894654
15.68,1.5279215390486367,-1.1433080732555703
15.69,1.5163788569891403,-1.1652396383960009
15.700000000000001,1.5046098714070664,-1.1885893045836904
15.710000000000001,1.4925996097700862,-1.2135181327724369
15.720000000000001,1.4803313665907085,-1.2402139552020954
15.73,1.467786405570829,-1.2688974307734515
15.74,1.4549435696861193,-1.2998298469942475
15.75,1.4417788564324576,-1.3333231366774281
15.76,1.4282648444561232,-1.3697531524306192
15.77,1.4143699388358253,-1.4095777932628819
15.780000000000001,1.4000574765688369,-1.4533611024887789
15.790000000000001,1.3852844804266882,-1.5018071648080558
15.800000000000001,1.3700000426166155,-1.5558080308046065
15.81,1.3541431124579169,-1.6165130611237
15.82,1.3376394453392719,-1.6854322956755496
15.83,1.3203972761685636,-1.7645948049612419
15.84,1.3023009301761681,-1.8568012737292121
15.85,1.2832012411096878,-1.9660417701207971
15.860000000000001,1.2629003368692577,-2.0982252890606463
15.870000000000001,1.2411264237709014,-2.2625321979600166
15.880000000000001,1.2174891673941226,-2.4741210247447212
15.890000000000001,1.1913941922731459,-2.7601035030382235
15.9,1.161860634618318,-3.1745706367708801
15.91,1.1270690041153357,-3.8439536599302579
15.92,1.0829571609506432,-5.1477376345838382
15.93,1.0167941278310282,-8.8892986944418428
15.94,0.83278384350585311,-44.502783842947288
15.950000000000001,-2.0040259118170081,0.65548679989409131
15.960000000000001,-1.9973669177847926,0.66800850311157389
15.970000000000001,-1.99066756501568,0.6717689215877849
15.98,-1.9839302538002994,0.67559876923147233
15.99,-1.9771542863827134,0.67950023545402194
16,-1.9703389407987135,0.68347566076464905
16.010000000000002,-1.9634834513332231,0.68752742600705108
16.02,-1.956587046066508,0.69165809851960813
16.030000000000001,-1.9496489191698025,0.6958702868122375
16.039999999999999,-1.9426682469102829,0.70016675373066195
16.050000000000001,-1.9356441804044076,0.70455041848219513
16.059999999999999,-1.9285758183264128,0.70902429904230457
16.07,-1.9214622462203625,0.71359164893775073
16.080000000000002,-1.9143025085139589,0.71825578600064732
16.09,-1.907095628924536,0.72302022372784736
16.100000000000001,-1.8998405889169536,0.72788872100021129
16.109999999999999,-1.892536316627371,0.73286515276711817
16.120000000000001,-1.8851817134764921,0.7379536893105445
16.129999999999999,-1.8777756580408049,0.7431586009485136
16.140000000000001,-1.8703169351938715,0.74848454691554311
16.149999999999999,-1.8628043175804947,0.75393636827822641
16.16,-1.8552365210260791,0.75951916208479375
16.170000000000002,-1.8476122291072965,0.7652383330084831
16.18,-1.8399300210576945,0.77109969636374853
16.190000000000001,-1.8321884705778062,0.7771092465026409
16.199999999999999,-1.82438603969866,0.78327353190825388
16.210000000000001,-1.8165211525687861,0.78959940403254991
16.219999999999999,-1.8085921555864215,0.79609415505981196
16.23,-1.8005973444824586,0.80276552200294449
16.240000000000002,-1.7925348788597439,0.80962188907382715
16.25,-1.78440287869577,0.81667201679940027
16.260000000000002,-1.7761993698982372,0.8239254039008016
16.27,-1.7679222645139436,0.83139214312860499
16.280000000000001,-1.7595693635560548,0.839083106815804
16.289999999999999,-1.7511383710193493,0.84700992754688786
16.300000000000001,-1.7426268792818829,0.85518505732849293
16.309999999999999,-1.7340323311340511,0.86362196090058263
16.32,-1.7253520281878885,0.87233516078032092
16.330000000000002,-1.7165831334499631,0.88134028847566459
16.34,-1.707722655014196,0.89065424321877695
16.350000000000001,-1.6987674057534803,0.90029537326582987
16.359999999999999,-1.6897140042138765,0.91028360058339475
16.370000000000001,-1.6805589015076727,0.92064048624445316
16.379999999999999,-1.6712982659195756,0.9313896838861111
16.390000000000001,-1.6619280616756436,0.94255693086720949
16.399999999999999,-1.6524439647445719,0.95417042354029202
16.41,-1.6428413633524495,0.96626108445536052
16.420000000000002,-1.6331153132926808,0.97886296775703108
16.43,-1.6232605232814961,0.9920135848421846
16.440000000000001,-1.6132712920223247,1.0057545100482508
16.449999999999999,-1.6031415018578579,1.020131755323775
16.460000000000001,-1.5928645213787771,1.0351966782976585
16.469999999999999,-1.5824332062881661,1.0510064942049204
16.48,-1.5718397806727693,1.0676254208080513
16.490000000000002,-1.5610758040908579,1.0851256992019296
16.5,-1.550132070334667,1.1035888859127438
16.510000000000002,-1.538998488831069,1.1231076035394605
16.52,-1.5276639795124285,1.1437874385534137
16.530000000000001,-1.516116357524542,1.1657493200799076
16.539999999999999,-1.5043421038889777,1.1891326958636184
16.550000000000001,-1.4923262227348191,1.2140991568201351
16.559999999999999,-1.4800519690091616,1.2408371608357665
16.57,-1.467500546279948,1.2695682119943794
16.580000000000002,-1.4546507377439915,1.3005546532164214
16.59,-1.4414784734632802,1.3341096714707292
16.600000000000001,-1.4279562480779184,1.3706107523049542
16.609999999999999,-1.4140523631185546,1.4105178820603084
16.620000000000001,-1.3997300275447628,1.4543978526361816
16.629999999999999,-1.3849461064184183,1.5029583765166992
16.640000000000001,-1.3696494896739244,1.5570964464947452
16.649999999999999,-1.3537788671743278,1.6179682498005146
16.66,-1.3372596549492319,1.6870934786035283
16.670000000000002,-1.3199996233673543,1.7665154467282735
16.68,-1.3018824748930284,1.8590560589114526
16.690000000000001,-1.2827581346254544,1.9687390520921149
16.699999999999999,-1.2624273934832742,2.1015289975832134
16.710000000000001,-1.2406163783514677,2.2667037264000687
16.719999999999999,-1.2169313193311599,2.4796067666587698
16.73,-1.1907716927161711,2.7677378987109789
16.740000000000002,-1.1611443495088036,3.1861232356398372
16.75,-1.1262010115210566,3.8639450824872377
16.760000000000002,-1.0817928239619028,5.1917956535391978
16.77,-1.0147736386474051,9.0538114819250186
16.780000000000001,-0.82237829571287646,47.968218330966238
16.789999999999999,2.0038777376484136,-0.65991533116041734
16.800000000000001,1.9972164522362805,-0.66809245433614628
16.809999999999999,1.9905162520983064,-0.67185439712289174
16.82,1.9837780789995876,-0.67568583649621339
16.830000000000002,1.9770012479624814,-0.67958893309315782
16.84,1.9701850024420129,-0.68356604113466535
16.850000000000001,1.9633286030365145,-0.68761957517543226
16.859999999999999,1.9564312667552939,-0.69175204069781293
16.870000000000001,1.9494921908414364,-0.69596610471340026
16.879999999999999,1.9425105504191522,-0.70026450036244137
16.890000000000001,1.9354854961453092,-0.70465016402614966
16.899999999999999,1.9284161261303177,-0.70912611197982034
16.91,1.9213015250060494,-0.71369560434374424
16.920000000000002,1.9141407364426715,-0.71836196128564489
16.93,1.9069327835866003,-0.72312869969226456
16.940000000000001,1.8996766467619908,-0.72799958436355816
16.949999999999999,1.8923712533281676,-0.73297849415926841
16.960000000000001,1.885015503881589,-0.73806960312601089
16.969999999999999,1.8776082761735025,-0.74327718735161097
16.98,1.8701483538336046,-0.74860591477074367
16.990000000000002,1.86263450789355,-0.75406062721006095
17,1.855065453917391,-0.75964643150715228
17.010000000000002,1.8474398721904748,-0.76536874406854649
17.02,1.8397563474726562,-0.77123336250616104
17.030000000000001,1.832013439316027,-0.77724633833682
17.039999999999999,1.8242096172369704,-0.78341418436305132
17.050000000000001,1.8163433047167614,-0.78974378267770717
17.059999999999999,1.8084128435058702,-0.79624242167486048
17.07,1.8004165291318028,-0.80291786148604849
17.080000000000002,1.7923525189768317,-0.80977848313032308
17.09,1.7842189317943726,-0.81683308597243387
17.100000000000001,1.776013787080883,-0.82409117151126166
17.109999999999999,1.7677349975358521,-0.83156284819557891
17.120000000000001,1.7593803617021821,-0.83925898031188784
17.129999999999999,1.7509475854288437,-0.84719124747553887
17.140000000000001,1.7424342475118679,-0.85537213990209837
17.150000000000002,1.733837802005795,-0.86381508742794133
17.16,1.7251555359298911,-0.8725346862868264
17.170000000000002,1.7163846118116135,-0.88154657712129381
17.18,1.7075220351110862,-0.89086769110625608
17.190000000000001,1.6985646133778256,-0.90051641262392534
17.199999999999999,1.6895089619028731,-0.91051269636901278
17.210000000000001,1.6803515221620473,-0.92087816363382713
17.219999999999999,1.6710884707404348,-0.93163648052857018
17.23,1.6617157533944233,-0.94281344759917951
17.240000000000002,1.6522290310956238,-0.95443735397906493
17.25,1.6426237111653086,-0.96653911316989427
17.260000000000002,1.6328948175967211,-0.97915294510823359
17.27,1.6230370624587598,-0.99231639593690202
17.280000000000001,1.6130447429409251,-1.0060710888092357
17.289999999999999,1.6029117003705671,-1.020463274497599
17.300000000000001,1.5926313180358458,-1.0355443278774554
17.309999999999999,1.5821964418464796,-1.0513716249416023
17.32,1.5715992812009962,-1.0680095450885618
17.330000000000002,1.5608313633846511,-1.0855305638764456
17.34,1.5498834648661346,-1.1040164806906205
17.350000000000001,1.5387454893644397,-1.1235601032166371
17.359999999999999,1.5274063264695641,-1.1442673984583569
17.370000000000001,1.5158537518403115,-1.16625969495875
17.379999999999999,1.5040742322120932,-1.1896768458571161
17.390000000000001,1.4920527230734555,-1.2146810070146874
17.400000000000002,1.4797724355533008,-1.2414613276360977
17.41,1.4672145315325491,-1.2702401457424346
17.420000000000002,1.4543577372268739,-1.3012807725784337
17.43,1.4411779089290655,-1.3348977048300565
17.440000000000001,1.4276474538328374,-1.3714700848406847
17.449999999999999,1.4137345709149838,-1.4114599974509334
17.460000000000001,1.3994023398248596,-1.4554369834556935
17.469999999999999,1.3846074674382696,-1.5041124282851115
17.48,1.3692986402632872,-1.5583882864062597
17.490000000000002,1.3534142870128076,-1.6194276345532923
17.5,1.3368794823477466,-1.6887598899599705
17.510000000000002,1.3196015324216224,-1.7684426906944981
17.52,1.3014635032070465,-1.8613194830178763
17.530000000000001,1.282314407129391,-1.9714480095248741
17.539999999999999,1.2619536868202599,-2.1048490203675252
17.550000000000001,1.2401053660978885,-2.2708992297098654
17.559999999999999,1.2163722037744804,-2.4851298604220755
17.57,1.1901474356472803,-2.7754361547035278
17.580000000000002,1.1604254069614195,-3.1977997999046934
17.59,1.1253284334091145,-3.8842305725741859
17.600000000000001,1.0806183930199533,-5.2368426909654886
17.609999999999999,1.0127152190949285,-9.2251912639384273
17.620000000000001,0.81114127960675453,-51.893183177513158
17.629999999999999,-2.0037288269387838,0.66220288580270459
17.640000000000001,-1.9970659716926698,0.66817641372566272
17.650000000000002,-1.9903649237396612,0.67193992164264171
17.66,-1.9836258863367953,0.67577294215999661
17.670000000000002,-1.976848160874521,0.67967768851494226
17.68,-1.9700310236990115,0.68365650039864889
17.690000000000001,-1.9631737082464966,0.68771176418370128
17.699999999999999,-1.9562754412160077,0.69184605098605911
17.710000000000001,-1.9493354157581897,0.6960619759471468
17.719999999999999,-1.9423528072751062,0.70036230546118539
17.73,-1.9353267651604498,0.70474996803498779
17.740000000000002,-1.9282563867878764,0.70922798787261665
17.75,-1.9211407560179847,0.71379962431285804
17.760000000000002,-1.9139789159356719,0.71846820368123965
17.77,-1.9067698891195741,0.72323724492653862
17.780000000000001,-1.8995126547676273,0.72811051936642712
17.789999999999999,-1.8922061394571994,0.7330919096285744
17.800000000000001,-1.8848492429641832,0.73818559360868397
17.809999999999999,-1.8774408420658462,0.74339585366103333
17.82,-1.869979719374135,0.74872736522012684
17.830000000000002,-1.8624646442578241,0.75418497164762455
17.84,-1.85489433198163,0.75977378964733477
17.850000000000001,-1.8472674592329863,0.76549924840172345
17.859999999999999,-1.8395826168363971,0.77136712558371845
17.870000000000001,-1.8318383519653603,0.77738352300801439
17.879999999999999,-1.8240331428176686,0.78355493524039355
17.890000000000001,-1.8161654040232216,0.78988825337102442
17.900000000000002,-1.8082334799795443,0.79639078867832469
17.91,-1.8002356602477536,0.80307030909416099
17.920000000000002,-1.7921701093992115,0.80993519208267661
17.93,-1.7840349427985622,0.81699426646840834
17.940000000000001,-1.7758281591221614,0.82425703773263725
17.949999999999999,-1.7675476773293579,0.83173366401783744
17.960000000000001,-1.7591913117174227,0.83943500009132022
17.969999999999999,-1.7507567533550989,0.84737271551745819
17.98,-1.7422415679725705,0.8555593289959228
17.990000000000002,-1.7336432093578655,0.86400838133264779
18,-1.724958977494335,0.8727343983740391
18.010000000000002,-1.7161860357912946,0.88175302862754401
18.02,-1.7073213509282013,0.89108132322479505
18.030000000000001,-1.6983617496566836,0.90073764564391812
18.039999999999999,-1.6893038543864434,0.91074198014245933
18.050000000000001,-1.6801440733265194,0.92111605063087021
18.059999999999999,-1.6708785996874711,0.93188349447717456
18.07,-1.6615033634711949,0.94307020620471027
18.080000000000002,-1.6520140252612838,0.95470451806199486
18.09,-1.6424059760510168,0.96681743034025325
18.100000000000001,-1.6326742382240778,0.97944321616395302
18.109999999999999,-1.6228135083380919,0.99261950228187212
18.120000000000001,-1.61281807642187,1.0063880657398503
18.129999999999999,-1.6026817895218028,1.0207951779643758
18.140000000000001,-1.5923980086751033,1.035892380942613
18.150000000000002,-1.5819595683940324,1.0517371806697373
18.16,-1.5713586478298183,1.0683942035858593
18.170000000000002,-1.5605867758902572,1.0859360240497
18.18,-1.5496347158764794,1.1044446658416107
18.190000000000001,-1.5384923291273596,1.1240133122390972
18.199999999999999,-1.5271484935783675,1.1447481628358853
18.210000000000001,-1.5155909631107245,1.1667709309021057
18.219999999999999,-1.5038061619653478,1.1902219556295857
18.23,-1.4917790146548897,1.2152639469269566
18.240000000000002,-1.4794926881260144,1.2420866906874652
18.25,-1.4669282950435178,1.2709133908420989
18.260000000000002,-1.4540645009502,1.3020083750823297
18.27,-1.4408770926796632,1.3356874290426517
18.280000000000001,-1.427338389638749,1.372331359828457
18.289999999999999,-1.413416487256139,1.4124043662838268
18.300000000000001,-1.3990743361513192,1.4564787515420232
18.309999999999999,-1.3842684833356278,1.5052696024967229
18.32,-1.3689474112674758,1.5596838707841432
18.330000000000002,-1.353049285381988,1.6208915791362999
18.34,-1.3364988369565682,1.6904319513445081
18.350000000000001,-1.3192029053737357,1.7703770678163686
18.359999999999999,-1.3010439128387539,1.8635921732755254
18.370000000000001,-1.2818699524033097,1.9741693702428478
18.379999999999999,-1.2614791068314968,2.1081862254876191
18.390000000000001,-1.239593283015948,2.2751196441705352
18.400000000000002,-1.2158117104480781,2.4906918008573236
18.41,-1.1895212956967978,2.783200429129701
18.420000000000002,-1.1597036619350176,3.209604331478503
18.43,-1.1244510554932807,3.9048204699992595
18.440000000000001,-1.0794334327941957,5.2829208256826972
18.449999999999999,-1.0106169127570206,9.4038835996922998
18.460000000000001,-0.79895796568495059,56.361957993882235
18.469999999999999,2.0035795039880684,-0.6634048211543887
18.48,1.9969154266264575,-0.66826045613340079
18.490000000000002,1.9902135432700188,-0.6720254667055654
18.5,1.983473653242092,-0.67586007580591456
18.510000000000002,1.9766950592020558,-0.67976646824192999
18.52,1.9698770234909133,-0.68374697094917614
18.530000000000001,1.9630187967203934,-0.68780400338063141
18.539999999999999,1.9561195979324411,-0.69194009039090754
18.550000000000001,1.9491786224907754,-0.69615789203936096
18.559999999999999,1.9421950449463223,-0.70046015397163741
18.57,1.935168014118652,-0.7048498185058899
18.580000000000002,1.9280966267675037,-0.70932990970017018
18.59,1.920979965872772,-0.71390369225038763
18.600000000000001,1.9138170738129539,-0.71857449534725626
18.609999999999999,1.9066069874219667,-0.72334583310919554
18.620000000000001,1.8993486546076674,-0.72822150109606709
18.629999999999999,1.8920410168067439,-0.73320537006125086
18.640000000000001,1.8846829730209178,-0.73830163089264533
18.650000000000002,1.8772733982157122,-0.74351456968524721
18.66,1.8698110749230632,-0.74884886858186295
18.670000000000002,1.8622947700554742,-0.75430936893716172
18.68,1.8547231991352966,-0.7599012035337267
18.690000000000001,1.8470950333798164,-0.76562981636827543
18.699999999999999,1.83940887197907,-0.7715009618654366
18.710000000000001,1.8316632386165619,-0.77752080314490524
18.719999999999999,1.8238566470514375,-0.78369575924892987
18.73,1.8159874811157324,-0.79003281222908506
18.740000000000002,1.808054090897498,-0.79653924328382453
18.75,1.8000547677635577,-0.80322283854177567
18.760000000000002,1.7919876643290973,-0.81009201466335368
18.77,1.7838508961921693,-0.81715556752449414
18.780000000000001,1.7756424805848401,-0.82442304754351192
18.789999999999999,1.7673603244956984,-0.83190458659541411
18.800000000000001,1.7590022206934728,-0.83961110727760657
18.809999999999999,1.750565866998554,-0.84755429965192641
18.82,1.7420488435743122,-0.85574668946367916
18.830000000000002,1.7334485884789912,-0.86420179000293473
18.84,1.7247623900699063,-0.87293420330841798
18.850000000000001,1.7159874049145574,-0.88195964629394419
18.859999999999999,1.7071206237696703,-0.89129512012868384
18.870000000000001,1.6981588508049033,-0.90095906088430866
18.879999999999999,1.6890986908021022,-0.91097149066488525
18.890000000000001,1.6799365810923366,-0.92135411507342413
18.900000000000002,1.6706686729455509,-0.93213072033613431
18.91,1.6612909123068424,-0.94332720086306576
18.920000000000002,1.6517989576803447,-0.95497192442826428
18.93,1.6421881744836397,-0.96709601855765392
18.940000000000001,1.6324535977893697,-0.97973374924225498
18.949999999999999,1.62258990732123,-0.99292289925172239
18.960000000000001,1.6125913793202293,-1.0067053017036496
18.969999999999999,1.6024518568036572,-1.0211273408482191
18.98,1.5921646840590511,-1.0362407017920365
18.990000000000002,1.5817226669013011,-1.0521030829924181
19,1.5711179922116432,-1.0687791976924903
19.010000000000002,1.5603421679304956,-1.0863418458630458
19.02,1.5493859360036821,-1.104873293272582
19.030000000000001,1.5382391388738352,-1.1244669828854259
19.039999999999999,1.5268906296935951,-1.1452294295413874
19.050000000000001,1.5153281356560993,-1.1672827419783534
19.059999999999999,1.5035380487670735,-1.1907677097147753
19.07,1.4915052568145963,-1.2158476038346704
19.080000000000002,1.4792128974084378,-1.2427128476223734
19.09,1.4666420048407851,-1.2715875494456654
19.100000000000001,1.4537712019280165,-1.3027370411271222
19.109999999999999,1.4405762004114266,-1.3364783904040554
19.120000000000001,1.4270292362501082,-1.3731940820094861
19.129999999999999,1.4130982982854441,-1.4133504354056536
19.140000000000001,1.3987462100006101,-1.4575225399781087
19.150000000000002,1.3839293671483028,-1.5064291560467515
19.16,1.368596032478723,-1.5609823371290463
19.170000000000002,1.3526841101748877,-1.6223590562642667
19.18,1.3361179807419301,-1.6921085490509589
19.190000000000001,1.3188040194399182,-1.7723172838445949
19.199999999999999,1.3006239987119137,-1.8658725717791447
19.210000000000001,1.2814250914217025,-1.9769011639009084
19.219999999999999,1.2610039985770753,-2.111538291985624
19.23,1.2390804798979231,-2.2793623423802298
19.240000000000002,1.2152502100473384,-2.4962892234451171
19.25,1.1888936777158443,-2.7910263988134854
19.260000000000002,1.158979564725146,-3.2215311973782761
19.27,1.1235694020020524,-3.9257076262325676
19.280000000000001,1.0782385069582501,-5.3300339079059498
19.289999999999999,1.0084784441537282,-9.5902126161474701
19.300000000000001,0.78570341817848921,-61.474037297131652
19.309999999999999,-2.003430046353718,0.66405559710662243
19.32,-1.996764935470793,0.66834449373432014
19.330000000000002,-1.9900621912639156,0.67211105367403801
19.34,-1.9833214281045348,0.67594726518561732
19.350000000000001,-1.9765419597436338,0.67985528049910737
19.359999999999999,-1.9697230281419902,0.68383748012010792
19.370000000000001,-1.9628638871922712,0.6878962633515957
19.379999999999999,-1.9559637566517045,0.69203416228114545
19.390000000000001,-1.9490218309625245,0.69625383469479751
19.400000000000002,-1.9420372843470153,0.70055803163284225
19.41,-1.9350092647021608,0.70494969868001645
19.420000000000002,-1.9279368681351656,0.70943186353303866
19.43,-1.9208191767930882,0.7140077934037139
19.440000000000001,-1.9136552326626601,0.71868082084312745
19.449999999999999,-1.9064440729685341,0.7234544596146123
19.460000000000001,-1.8991846408032949,0.72833250802420124
19.469999999999999,-1.8918758813230283,0.73331888670819845
19.48,-1.8845166871092716,0.73841772506881997
19.490000000000002,-1.8771059219695045,0.74363335788001028
19.5,-1.8696423963013633,0.74897045214289315
19.510000000000002,-1.8621248605267644,0.75443383554200016
19.52,-1.8545520309654335,0.76002869058283451
19.530000000000001,-1.846922572931927,0.76576045595718256
19.539999999999999,-1.839235076718839,0.77163488160651472
19.550000000000001,-1.8314880892536891,0.77765814364525243
19.559999999999999,-1.8236800973375946,0.78383670630219338
19.57,-1.8158095136295838,0.79017745689843488
19.580000000000002,-1.8078746725444887,0.79668776741982394
19.59,-1.7998738329486765,0.80337547169760204
19.600000000000001,-1.791805181678312,0.81024892520047487
19.609999999999999,-1.7836668222849643,0.81731696380328578
19.620000000000001,-1.7754567687421576,0.8245891525517397
19.629999999999999,-1.7671729266917702,0.83207563653982053
19.640000000000001,-1.7588130861228108,0.8397873542597486
19.650000000000002,-1.7503749429132607,0.84773601670917509
19.66,-1.7418560729374424,0.85593417380112247
19.670000000000002,-1.7332539118291856,0.86439536044255882
19.68,-1.7245657448127014,0.87313418989935121
19.690000000000001,-1.7157887267501291,0.88216642191137862
19.699999999999999,-1.7069198409563817,0.89150908945251461
19.710000000000001,-1.6979558893137621,0.9011806570553299
19.719999999999999,-1.6888934723729978,0.91120117495044295
19.73,-1.6797290225727461,0.92159240290399402
19.740000000000002,-1.6704586888118313,0.93237818276223716
19.75,-1.6610783991400941,0.94358443530774938
19.760000000000002,-1.65158382425263,0.95523958644289575
19.77,-1.6419703032748403,0.96737488124171678
19.780000000000001,-1.6322328836584843,0.98002457590055603
19.789999999999999,-1.6223662123109823,0.99322664793666737
19.800000000000001,-1.6123645700020399,1.0070229232653602
19.809999999999999,-1.602221785072897,1.02145998083614
19.82,-1.5919311956303388,1.0365895661490065
19.830000000000002,-1.5814856083556876,1.0524695119307406
19.84,-1.5708771756088922,1.0691647722231299
19.850000000000001,-1.5600974054189858,1.0867482559937198
19.859999999999999,-1.5491369895435207,1.1053025952279412
19.870000000000001,-1.5379857798533816,1.1249213621568113
19.879999999999999,-1.5266325903831746,1.1457114738991026
19.890000000000001,-1.5150651244207147,1.1677954104968131
19.900000000000002,-1.5032697430385242,1.1913144135330322
19.91,-1.4912312969891792,1.2164323109180706
19.920000000000002,-1.4789328768555878,1.2433402413015793
19.93,-1.4663554707707751,1.2722630796680177
19.940000000000001,-1.4534776433195835,1.303467263111084
19.949999999999999,-1.4402750321853148,1.3372711129897863
19.960000000000001,-1.426719787685091,1.3740588272293912
19.969999999999999,-1.4127797922554834,1.4142988463895063
19.98,-1.3984177426190945,1.4585690494297152
19.990000000000002,-1.3835898657487389,1.5075920100066189
20,-1.3682442189859647,1.562284800704081
