t,y1,y2
0,2,0
0.01,1.993538729769889,-0.67015149155224862
0.02,1.9868170714500455,-0.67395174817256542
0.029999999999999999,1.9800570420924135,-0.67782270451539994
0.040000000000000001,1.973257923086102,-0.68176663108420343
0.050000000000000003,1.9664189770172078,-0.68578588128959028
0.059999999999999998,1.959539538826949,-0.68988285939110683
0.070000000000000007,1.9526186972142707,-0.69406026452078795
0.080000000000000002,1.9456556576262105,-0.69832077733420694
0.089999999999999997,1.9386495734540301,-0.70266724558131344
0.10000000000000001,1.9315995647634723,-0.70710265552302798
0.11,1.9245047277065042,-0.71163013306154865
0.12,1.9173642256941563,-0.71625288656876573
0.13,1.9101769618199991,-0.72097449126300017
0.14000000000000001,1.9029419662454907,-0.72579855067287591
0.14999999999999999,1.8956581834422987,-0.73072889204263014
0.16,1.8883245325188986,-0.73576954244380588
0.17000000000000001,1.8809399738948323,-0.74092467408662221
0.17999999999999999,1.8735032425625888,-0.74619888822347513
0.19,1.8660131363048382,-0.75159688580473272
0.20000000000000001,1.8584683864515583,-0.75712368302603972
0.20999999999999999,1.8508677169228587,-0.76278450346320048
0.22,1.8432097692969782,-0.76858501331299711
0.23000000000000001,1.8354930701053267,-0.77453115125436567
0.23999999999999999,1.8277161483680295,-0.78062920567471095
0.25,1.8198774858688107,-0.78688586501555269
0.26000000000000001,1.8119754138160877,-0.7933082433198525
0.27000000000000002,1.8040082510477482,-0.79990394252194252
0.28000000000000003,1.7959742519564899,-0.80668100203042648
0.28999999999999998,1.7878715200732165,-0.81364802668494485
0.29999999999999999,1.7796981313607407,-0.82081422153844652
0.31,1.7714520560090732,-0.82818941925519363
0.32000000000000001,1.7631311140658201,-0.83578416152430313
0.33000000000000002,1.754733124683562,-0.84360964388159632
0.34000000000000002,1.7462556322111418,-0.85167813336750031
0.35000000000000003,1.73769619716117,-0.86000252471850402
0.35999999999999999,1.729052174226229,-0.86859696717267787
0.37,1.7203208217728165,-0.87747648286024726
0.38,1.711499158147368,-0.88665755115258138
0.39000000000000001,1.70258410108918,-0.89615784565728385
0.40000000000000002,1.693572358409672,-0.90599655466976237
0.41000000000000003,1.6844604480791321,-0.91619460377313877
0.41999999999999998,1.6752446788852879,-0.92677465956413807
0.42999999999999999,1.6659210884295257,-0.93776156883283368
0.44,1.6564854710393906,-0.94918246687711039
0.45000000000000001,1.6469333500469348,-0.96106707465992358
0.46000000000000002,1.6372599232365861,-0.97344807135250633
0.47000000000000003,1.6274600665925691,-0.98636140932374838
0.47999999999999998,1.6175282249738669,-0.99984697296614544
0.48999999999999999,1.6074584889498786,-1.013948733374322
0.5,1.5972444563015884,-1.0287156826444515
0.51000000000000001,1.58687918409281,-1.0442024924954165
0.52000000000000002,1.5763551842207955,-1.0604703191045832
0.53000000000000003,1.5656643084485908,-1.077587787515476
0.54000000000000004,1.554797686272358,-1.0956323584248453
0.55000000000000004,1.5437456124799258,-1.1146917297889218
0.56000000000000005,1.5324974500547981,-1.1348657407965006
0.57000000000000006,1.5210414942377719,-1.1562684829343715
0.57999999999999996,1.5093648181962904,-1.1790311258243806
0.58999999999999997,1.4974530800571719,-1.2033053527844382
0.59999999999999998,1.4852902976110334,-1.2292676354179353
0.60999999999999999,1.472858600521042,-1.2571245627090197
0.62,1.4601378298618899,-1.2871201786301354
0.63,1.4471052121423247,-1.319544536275292
0.64000000000000001,1.4337347542313852,-1.3547460716252964
0.65000000000000002,1.4199966482744701,-1.3931472298397114
0.66000000000000003,1.405856391653453,-1.4352659913406234
0.67000000000000004,1.39127370591244,-1.481745451309709
0.68000000000000005,1.3762010983150368,-1.5333952045135231
0.69000000000000006,1.3605818985205116,-1.5912512615445622
0.70000000000000007,1.3443475958485525,-1.6566635302501902
0.70999999999999996,1.3274140803446062,-1.7314289487216472
0.71999999999999997,1.3096762101948849,-1.8179997788568603
0.72999999999999998,1.2909997112438274,-1.9198230214585001
0.73999999999999999,1.2712085799443682,-2.0419201746761586
0.75,1.2500646639727424,-2.1919339159065743
0.76000000000000001,1.2272324632110092,-2.382156004608313
0.77000000000000002,1.2022140069603726,-2.6338171762547908
0.78000000000000003,1.1742162758127659,-2.9872757021071306
0.79000000000000004,1.1418438382458584,-3.5303668167926503
0.80000000000000004,1.1022379835048146,-4.4978500110254096
0.81000000000000005,1.0478049937838887,-6.7808808422574582
0.82000000000000006,0.94335243576867367,-17.647874982249725
0.83000000000000007,-1.6066477286930272,-910.30761635181864
0.83999999999999997,-2.0000381818671134,0.66652219563357906
0.84999999999999998,-1.9933531327070895,0.67025577788936941
0.85999999999999999,-1.9866304228228238,0.67405796443161325
0.87,-1.9798693206536324,0.67793090908021458
0.88,-1.9730691088566423,0.68187688945608838
0.89000000000000001,-1.9662290500056494,0.68589825888477285
0.90000000000000002,-1.9593484759592616,0.68999742839426892
0.91000000000000003,-1.9524264791462325,0.6941770970128992
0.92000000000000004,-1.9454622586313055,0.69843995033461703
0.93000000000000005,-1.9384549704002345,0.70278884061050573
0.94000000000000006,-1.9314037327213578,0.70722675692653958
0.95000000000000007,-1.9243076422243823,0.71175682826314535
0.95999999999999996,-1.9171658539102567,0.71638227241528518
0.96999999999999997,-1.9099772874159946,0.72110666460564277
0.97999999999999998,-1.9027409541820142,0.72593361245159405
0.98999999999999999,-1.8954558054117825,0.73086695424767945
1,-1.8881207585925199,0.73591071679038234
1.01,-1.8807347714408922,0.74106908391679749
1.02,-1.8732965798225489,0.74634666072835876
1.03,-1.8658049777509589,0.75174815475984658
1.04,-1.8582586978844409,0.75727858964064132
1.05,-1.8506565114296831,0.76294316059039569
1.0600000000000001,-1.8429969559923776,0.76874762122441886
1.0700000000000001,-1.8352786099811496,0.77469788197000045
1.0800000000000001,-1.8274999994856078,0.78080023352779671
1.0900000000000001,-1.8196596051269465,0.78706138125469038
1.1000000000000001,-1.8117557543556206,0.79348845478317276
1.1100000000000001,-1.8037867652973214,0.80008906207337316
1.1200000000000001,-1.7957508910705895,0.80687125887931133
1.1300000000000001,-1.787646229535391,0.81384367388122258
1.1400000000000001,-1.7794708563781092,0.82101551721580956
1.1500000000000001,-1.7712227379658394,0.82839664812040237
1.1599999999999999,-1.7628996934999819,0.83599762127350452
1.1699999999999999,-1.7544995363623341,0.84382965785770203
1.1799999999999999,-1.7460198135691354,0.85190505040114883
1.1899999999999999,-1.73745810042782,0.86023669926263902
1.2,-1.7288116958690793,0.86883882712100902
1.21,-1.7200778855279431,0.87772645878623079
1.22,-1.7112536779727086,0.88691612073140802
1.23,-1.7023359892646079,0.89642551857018404
1.24,-1.6933215221370157,0.90627388152787136
1.25,-1.6842067881162375,0.91648218852572239
1.26,-1.6749880843839617,0.92707317402931144
1.27,-1.6656614507498178,0.9380717322836799
1.28,-1.6562226663935911,0.94950503982730949
1.29,-1.6466672553982655,0.96140292709590969
1.3,-1.6369903997322606,0.97379815935966996
1.3100000000000001,-1.6271869637648935,0.98672678733532382
1.3200000000000001,-1.6172513896227882,1.0002287824712408
1.3300000000000001,-1.6071777580072169,1.0143482437185356
1.3400000000000001,-1.5969596206507248,1.0291343847016969
1.3500000000000001,-1.5865900632164067,1.0446419613838784
1.3600000000000001,-1.5760615559361251,1.060932345839362
1.3700000000000001,-1.5653659394820116,1.0780743842614213
1.3800000000000001,-1.5544943175828745,1.0961458206580217
1.3900000000000001,-1.543436964164645,1.1152346360367353
1.4000000000000001,-1.5321832135774607,1.135441046729406
1.4099999999999999,-1.5207213291478561,1.1568795766280999
1.4199999999999999,-1.5090383471416065,1.1796819148638833
1.4299999999999999,-1.4971198829304433,1.2040003703076954
1.4399999999999999,-1.4849499083968976,1.230012149295814
1.45,-1.472510483002234,1.2579248481716239
1.46,-1.4597814130446938,1.2879834697006625
1.47,-1.4467398066215007,1.3204797128484278
1.48,-1.433359595577655,1.3557637564170071
1.49,-1.419610845830892,1.3942603573625738
1.5,-1.4054589150489123,1.4364904977409647
1.51,-1.3908633459484034,1.4831012762086948
1.52,-1.3757764217189219,1.5349076827702615
1.53,-1.360141178027914,1.5929530146431252
1.54,-1.3438887363996219,1.6585975114331137
1.55,-1.3269344815632496,1.7336530806419466
1.5600000000000001,-1.3091726013694691,1.8205940063201269
1.5700000000000001,-1.2904678447830242,1.922901757549154
1.5800000000000001,-1.2706428251418072,2.0456531906621729
1.5900000000000001,-1.2494572563884858,2.1965860433585411
1.6000000000000001,-1.2265722114959901,2.3881663063604286
1.6100000000000001,-1.2014837971316275,2.641974622058779
1.6200000000000001,-1.1733877077299899,2.9991629886090823
1.6300000000000001,-1.1408639062556236,3.5497012479036996
1.6400000000000001,-1.1009876732949966,4.5357957468962402
1.6500000000000001,-1.045913030738078,6.8892187164425538
1.6600000000000001,-0.93835334178538365,18.482268965136488
1.6699999999999999,1.8045080126870565,531.4013147829005
1.6799999999999999,1.9998536461785614,-0.66662461998233147
1.6899999999999999,1.9931675825245161,-0.67036007883411619
1.7,1.9864438167789906,-0.67416419094404745
1.71,1.9796816426787422,-0.67803912803662925
1.72,1.9728803378717308,-0.68198716232570389
1.73,1.9660391662776104,-0.68601065202574585
1.74,1.9591574555748463,-0.69011201479329354
1.75,1.9522343036029421,-0.69429394794445953
1.76,1.9452689018118299,-0.69855914287105902
1.77,1.9382604093336446,-0.70291045658884499
1.78,1.9312079424442001,-0.70735088068216623
1.79,1.9241105982763831,-0.71188354735208292
1.8,1.9169675284066661,-0.7165116826553829
1.8100000000000001,1.9097776553998276,-0.72123886333740073
1.8200000000000001,1.9025399849487303,-0.7260687024370811
1.8300000000000001,1.8952534698191992,-0.7310050458216798
1.8400000000000001,1.8879170269703911,-0.73605192249988827
1.8500000000000001,1.8805296104529505,-0.74121352802500429
1.8600000000000001,1.8730899581983693,-0.74649446976067535
1.8700000000000001,1.8655968598920649,-0.7518994624172306
1.8800000000000001,1.8580490496768338,-0.75743353755588994
1.8900000000000001,1.8504452774606328,-0.7631019413674951
1.9000000000000001,1.8427841004719141,-0.76891033332643322
1.9100000000000001,1.8350641067997453,-0.77486473002127076
1.9199999999999999,1.8272838046111526,-0.78097138294860924
1.9299999999999999,1.8194416734778922,-0.78723703088206387
1.9399999999999999,1.811536042027232,-0.79366880097937031
1.95,1.8035652257589607,-0.80027432258778641
1.96,1.7955274752741204,-0.80706166213873942
1.97,1.7874208826490403,-0.81403947600662441
1.98,1.7792435233516879,-0.82121697531024218
1.99,1.7709933602048704,-0.82860404752394567
2,1.7626682114370271,-0.83621126035586013
2.0100000000000002,1.7542658858338043,-0.84404986387255609
2.02,1.7457839306244747,-0.85213216422560134
2.0300000000000002,1.7372199061374174,-0.86047111776065943
2.04,1.7285711310012482,-0.86908091265826448
2.0499999999999998,1.7198348444759548,-0.87797671335605487
2.0600000000000001,1.7110080826166076,-0.88717498722408394
2.0699999999999998,1.7020877709891724,-0.8966934757970153
2.0800000000000001,1.6930705893054496,-0.90655150585747291
2.0899999999999999,1.6839530224922159,-0.91677010228679412
2.1000000000000001,1.6747313974471298,-0.92737199100092227
2.1099999999999999,1.6654017149839198,-0.93838220400673023
2.1200000000000001,1.6559597696079964,-0.94982796655082269
2.1299999999999999,1.6464010622243439,-0.96173916962216399
2.1400000000000001,1.6367207745183716,-0.97414866108202092
2.1499999999999999,1.6269137500876667,-0.98709262270767717
2.1600000000000001,1.6169744399147965,-1.0006110756148656
2.1699999999999999,1.6068968957617402,-1.0147483037197376
2.1800000000000002,1.5966746672890284,-1.029553647103419
2.1899999999999999,1.5863008134760548,-1.0450820394661628
2.2000000000000002,1.5757677926144198,-1.0613950375883499
2.21,1.5650674282576469,-1.0785617052198069
2.2200000000000002,1.5541907989638299,-1.096660074958536
2.23,1.5431281574807645,-1.1157784121316612
2.2400000000000002,1.5318688094675355,-1.1360173112685579
2.25,1.5204009861906249,-1.1574917309689328
2.2600000000000002,1.5087116868617652,-1.1803338824727867
2.27,1.4967864839080911,-1.2046967035767273
2.2800000000000002,1.4846093030915424,-1.2307581400298597
2.29,1.4721621421032287,-1.2587267555396298
2.3000000000000003,1.4594247427440179,-1.2888486868230082
2.3100000000000001,1.4463741305905724,-1.3214170823112983
2.3199999999999998,1.4329841411766377,-1.3567839395833485
2.3300000000000001,1.4192247201860901,-1.3953763835627095
2.3399999999999999,1.4050610830711787,-1.437718404175649
2.3500000000000001,1.3904525948702813,-1.48446111002833
2.3599999999999999,1.3753513065484737,-1.5364249344281884
2.3700000000000001,1.3596999692162015,-1.5946606025856742
2.3799999999999999,1.3434293267466539,-1.6605387290003493
2.3900000000000001,1.3264542584806489,-1.7358862249105207
2.3999999999999999,1.3086682544338881,-1.8231999896982103
2.4100000000000001,1.2899351120245262,-1.9259960099022755
2.4199999999999999,1.2700760193917704,-2.049407641277937
2.4300000000000002,1.2488485398238949,-2.2012689200801532
2.4399999999999999,1.2259102728517213,-2.3942233099438632
2.4500000000000002,1.2007513010146769,-2.6502088326759492
2.46,1.1725558098714115,-3.0111910486054119
2.4700000000000002,1.1398785588214251,-3.5693406764243805
2.48,1.0997267131153401,-4.5746124543726161
2.4900000000000002,1.0439904600269243,-7.0017698125505019
2.5,0.93311276099957563,-19.393328055218344
2.5100000000000002,-1.9118812823197624,-267.39656371011887
2.52,-1.9996690517328701,0.66672713750622403
2.5300000000000002,-1.9929819435395582,0.67046446110443803
2.54,-1.9862571256819135,0.67427050642468966
2.5500000000000003,-1.9794938777446498,0.67814743505592989
2.5600000000000001,-1.9726914791002745,0.68209752664356516
2.5699999999999998,-1.9658491936345668,0.68612313921013202
2.5800000000000001,-1.9589663453735175,0.69022669796034242
2.5899999999999999,-1.9520420366892988,0.69441089850480131
2.6000000000000001,-1.9450754527497371,0.69867843796222062
2.6099999999999999,-1.938065754943995,0.70303217809611729
2.6200000000000001,-1.9310120577723915,0.70747511317261103
2.6299999999999999,-1.9239134588180735,0.71201037852119731
2.6400000000000001,-1.91676910583227,0.71664120904353645
2.6499999999999999,-1.9095779249322298,0.7213711817822217
2.6600000000000001,-1.9023389160385455,0.72620391587590083
2.6699999999999999,-1.8950510332825405,0.73114326487929981
2.6800000000000002,-1.8877131931075588,0.73619325993966556
2.6899999999999999,-1.8803243455151375,0.74135810891569742
2.7000000000000002,-1.8728832310249139,0.74664242017666904
2.71,-1.8653886350377678,0.75205091628790899
2.7200000000000002,-1.8578392929709602,0.75758863695031697
2.73,-1.8502339712934031,0.76326080839642985
2.7400000000000002,-1.8425711915895031,0.76907317370783324
2.75,-1.8348495482636906,0.77503169635027835
2.7600000000000002,-1.8270675562255949,0.78114265728309917
2.77,-1.8192236933078911,0.78741279993527991
2.7800000000000002,-1.811316280931855,0.79384928046082159
2.79,-1.8033436352783441,0.80045972261934517
2.8000000000000003,-1.7953040053955016,0.80725221483977339
2.8100000000000001,-1.7871954799098968,0.81423543217168803
2.8199999999999998,-1.779016133067896,0.82141859518408755
2.8300000000000001,-1.7707639235159833,0.82881161686769778
2.8399999999999999,-1.7624366687092816,0.83642507817412204
2.8500000000000001,-1.7540321717229828,0.84427026000318595
2.8599999999999999,-1.7455479821281945,0.85235947774689425
2.8700000000000001,-1.7369816337835444,0.86070577411653104
2.8799999999999999,-1.7283304530009835,0.86932329247590234
2.8900000000000001,-1.7195916922528014,0.87822722426705946
2.8999999999999999,-1.7107623892232791,0.88743411400288508
2.9100000000000001,-1.7018394282902998,0.89696176758469137
2.9199999999999999,-1.6928195029598336,0.90682949133655444
2.9300000000000002,-1.6836991116376825,0.91705837142171787
2.9399999999999999,-1.6744745267465804,0.92767128244149522
2.9500000000000002,-1.6651417877445291,0.93869315378520801
2.96,-1.655696672923453,0.95015138816958933
2.9700000000000002,-1.6461346650241546,0.96207593317271589
2.98,-1.6364509395243347,0.97449971929885615
2.9900000000000002,-1.6266403254545934,0.9874590401133867
3,-1.6166972761250265,1.0009939898975739
3.0100000000000002,-1.606615805380903,1.0151490584448892
3.02,-1.5963894766428366,1.0299736444428813
3.0300000000000002,-1.5860113190022802,1.0455229055855775
3.04,-1.5754737762589539,1.0618585799561731
3.0500000000000003,-1.5647686550540847,1.0790499473501038
3.0600000000000001,-1.5538870086595178,1.0971753295567765
3.0700000000000003,-1.5428190685315561,1.1163232784835442
3.0800000000000001,-1.531554111554861,1.1365947682263926
3.0899999999999999,-1.5200803367820026,1.1581051945988523
3.1000000000000001,-1.5083847062015807,1.1809872937897752
3.1099999999999999,-1.4964527490886679,1.205394636166083
3.1200000000000001,-1.4842683448520781,1.2315059118821958
3.1299999999999999,-1.4718134320079634,1.2595306433140092
3.1400000000000001,-1.4590676781455187,1.2897161463095639
3.1499999999999999,-1.4460080361933252,1.3223570027720377
3.1600000000000001,-1.4326082406113541,1.3578070361735788
3.1699999999999999,-1.418838116472233,1.39649576730725
3.1800000000000002,-1.4046627360193025,1.4389502175513285
3.1899999999999999,-1.3900412853916631,1.4858255396222197
3.2000000000000002,-1.3749255820334112,1.5379476898927809
3.21,-1.3592580921489548,1.5963747627780547
3.2200000000000002,-1.3429691683891487,1.6624880469786545
3.23,-1.32597319346312,1.7381295548553819
3.2400000000000002,-1.3081629582265273,1.8258188899673933
3.25,-1.2894012770723831,1.9291073711195899
3.2600000000000002,-1.2695079162424558,2.0531852392072119
3.27,-1.2482382486590462,2.2059848577725991
3.2800000000000002,-1.2252463492021339,2.400330244477729
3.29,-1.2000161774701057,2.6585245900478043
3.3000000000000003,-1.1717201811814077,3.0233677504209311
3.3100000000000001,-1.1388872764464872,3.5893013573649113
3.3200000000000003,-1.0984542935600579,4.6143487353062946
3.3300000000000001,-1.0420352127571531,7.1188297173657418
3.3399999999999999,-0.92760563821346376,20.391408300767122
3.3500000000000001,1.9637738045080488,123.87219559070958
3.3599999999999999,1.9994843593114919,-0.66682972749612002
3.3700000000000001,1.9927962355080795,-0.67056893558843611
3.3799999999999999,1.9860703535470956,-0.67437690045959464
3.3900000000000001,1.9793060326082528,-0.67825582866613754
3.3999999999999999,1.9725025391201532,-0.68220797810429989
3.4100000000000001,1.9656591392581795,-0.68623571597291844
3.4199999999999999,1.9587751513918925,-0.69034147467243034
3.4300000000000002,1.9518496853852054,-0.69452794501935999
3.4399999999999999,1.9448819180121053,-0.69879783148773189
3.4500000000000002,1.937871013913651,-0.70315400111734827
3.46,1.9308160854210747,-0.7075994502188514
3.4700000000000002,1.9237162306243316,-0.71213731750351261
3.48,1.9165705930163599,-0.71677084725101203
3.4900000000000002,1.9093781028766019,-0.72150361552822539
3.5,1.9021377543520956,-0.72633924823997553
3.5100000000000002,1.894848502748941,-0.73128160680254528
3.52,1.8875092639961364,-0.736334724391703
3.5300000000000002,1.8801189836902146,-0.7415028217725077
3.54,1.8726764053821507,-0.74679050705852679
3.5500000000000003,1.8651803103182498,-0.75220251133645732
3.5600000000000001,1.8576294349475257,-0.75774388267091175
3.5700000000000003,1.850022537648319,-0.76341985405090262
3.5800000000000001,1.8423581531546245,-0.76923619265244203
3.5899999999999999,1.8346348581491287,-0.77519884562200103
3.6000000000000001,1.8268511745671003,-0.78131412158579983
3.6099999999999999,1.8190055764505537,-0.78758876740299022
3.6200000000000001,1.811096381101073,-0.79402996634242862
3.6299999999999999,1.8031219038879784,-0.80064533717114539
3.6400000000000001,1.7950803922058709,-0.80744299111322071
3.6499999999999999,1.7869699315292407,-0.81443162101200384
3.6600000000000001,1.778788594774747,-0.82162045762451164
3.6699999999999999,1.7705343363294359,-0.8290194393007364
3.6800000000000002,1.76220497288108,-0.83663916038697994
3.6899999999999999,1.753798300769831,-0.84449093457795177
3.7000000000000002,1.7453118738583215,-0.85258708211883116
3.71,1.7367432179379982,-0.86094067621039883
3.7200000000000002,1.728089652150274,-0.86956593014173755
3.73,1.7193484448518144,-0.87847802082484494
3.7400000000000002,1.7105165828304227,-0.8876935420269908
3.75,1.701590994467687,-0.89723031472502213
3.7600000000000002,1.6925683478843558,-0.9071077459258523
3.77,1.6834451175610101,-0.91734695055853743
3.7800000000000002,1.674217610881797,-0.92797078852318737
3.79,1.664881825577504,-0.93900438376683948
3.8000000000000003,1.6554335342785014,-0.95047510990043149
3.8100000000000001,1.6458682239648945,-0.96241301593086737
3.8200000000000003,1.6361810569316366,-0.97485112373875216
3.8300000000000001,1.6263668532450541,-0.98782582190487811
3.8399999999999999,1.6164200495310597,-1.0013773321757951
3.8500000000000001,1.606334658819391,-1.0155502388679654
3.8599999999999999,1.5961042226371871,-1.0303941203726197
3.8700000000000001,1.5857217564266395,-1.0459642922825896
3.8799999999999999,1.5751796862518379,-1.0623226914850281
3.8900000000000001,1.5644698021407131,-1.0795388144033435
3.8999999999999999,1.5535831319808742,-1.0976912719707588
3.9100000000000001,1.5425098858389077,-1.1168689048265492
3.9199999999999999,1.5312393117572414,-1.1371730678019281
3.9300000000000002,1.5197595764407177,-1.1587195961622194
3.9399999999999999,1.5080576045073644,-1.1816417535885477
3.9500000000000002,1.4961188818982454,-1.2060937462975512
3.96,1.4839272414633466,-1.2322550134023997
3.9700000000000002,1.4714645623105214,-1.2603360405814288
3.98,1.4587104396645754,-1.2905853266957967
3.9900000000000002,1.4456417484693018,-1.3232989011927765
4,1.4322321249433336,-1.3588324260546283
4.0099999999999998,1.4184512739165824,-1.3976178163973414
4.0200000000000005,1.4042641274305079,-1.4401851558257348
4.0300000000000002,1.3896296792265006,-1.4871937136518236
4.04,1.3744995210843725,-1.5394749410330795
4.0499999999999998,1.3588158311701666,-1.598094453370039
4.0600000000000005,1.3425085708071527,-1.6644441778424492
4.0700000000000003,1.3254916069431093,-1.7403815998004468
4.0800000000000001,1.3076570394272282,-1.8284491301571708
4.0899999999999999,1.2888666923871284,-1.9322337870285233
4.0999999999999996,1.2689388820390513,-2.0569838283977999
4.1100000000000003,1.2476267773147067,-2.2107310555286395
4.1200000000000001,1.2245808726969512,-2.4064835926060679
4.1299999999999999,1.1992789010370091,-2.6669174094225196
4.1399999999999997,1.1708813407060956,-3.0356878619907377
4.1500000000000004,1.1378906374557296,-3.6095779490555748
4.1600000000000001,1.0971710217680188,-4.6550101119936986
4.1699999999999999,1.04004733520745,-7.2405817581089407
4.1799999999999997,0.92181008255048758,-21.487406164218577
4.1900000000000004,-1.9873144426315608,-54.990131073734759
4.2000000000000002,-1.9992996615057292,0.6669323627980992
4.21,-1.9926105003886398,0.6706734475934315
4.2199999999999998,-1.985883563070286,0.67448334656172537
4.2300000000000004,-1.97911816730138,0.67836427148680334
4.2400000000000002,-1.9723135785702195,0.68231848194357536
4.25,-1.9654690634842427,0.68634834696887004
4.2599999999999998,-1.9585839358632424,0.69045630722470741
4.2700000000000005,-1.9516573111931759,0.69464504954752659
4.2800000000000002,-1.9446883600219986,0.6989172851915133
4.29,-1.9376762489672612,0.70327588640113148
4.2999999999999998,-1.9306200885205209,0.70772385186106002
4.3100000000000005,-1.9235189772086003,0.71226432350808566
4.3200000000000003,-1.9163720539526437,0.71690055557876509
4.3300000000000001,-1.9091782535837143,0.72163612199913307
4.3399999999999999,-1.9019365646808408,0.72647465603483019
4.3500000000000005,-1.8946459434491747,0.73142002712442034
4.3600000000000003,-1.8873053053181224,0.73647627038849162
4.3700000000000001,-1.8799135911342195,0.74164762010928775
4.3799999999999999,-1.8724695478624245,0.74693868284526888
4.3899999999999997,-1.8649719528069202,0.75235419886769916
4.4000000000000004,-1.8574195431731026,0.75789922485218031
4.4100000000000001,-1.8498110729320316,0.76357900571626314
4.4199999999999999,-1.8421450778925024,0.76939931495396929
4.4299999999999997,-1.8344201303046204,0.77536610654278615
4.4400000000000004,-1.8266347533199585,0.78148570223911118
4.4500000000000002,-1.8187874169849458,0.78776485950686137
4.46,-1.8108764370986645,0.79421078069921525
4.4699999999999998,-1.8029001271974117,0.80083108625722932
4.4800000000000004,-1.7948567323451221,0.80763390805337498
4.4900000000000002,-1.7867443350347427,0.814627958061793
4.5,-1.7785610068000515,0.82182247566138555
4.5099999999999998,-1.7703046978556867,0.82922742528982107
4.5200000000000005,-1.7619732240643493,0.83685341477115138
4.5300000000000002,-1.7535643740875739,0.84471179254525619
4.54,-1.7450757078543411,0.85281487931374111
4.5499999999999998,-1.7365047363070734,0.86117580188230236
4.5600000000000005,-1.7278487831494591,0.86980878603269707
4.5700000000000003,-1.7191051118001068,0.87872903000028191
4.5800000000000001,-1.7102707068191199,0.88795319993689992
4.5899999999999999,-1.7013424623846058,0.89749917405677326
4.6000000000000005,-1.692317067067215,0.90738632862260893
4.6100000000000003,-1.6831910056390542,0.917635856739341
4.6200000000000001,-1.6739605357662439,0.92827074635962437
4.6299999999999999,-1.6646216862861387,0.93931604778648758
4.6399999999999997,-1.6551702184800678,0.95079929615507586
4.6500000000000004,-1.6456015995853226,0.96275059682108732
4.6600000000000001,-1.6359109862498857,0.9752030572644742
4.6699999999999999,-1.6260931873186344,0.98819316951711966
4.6799999999999997,-1.6161426284770146,1.0017612671970886
4.6900000000000004,-1.6060533101809396,1.0159520646529847
4.7000000000000002,-1.5958187600609666,1.0308152886120761
4.71,-1.5854319779817376,1.0464064256768295
4.7199999999999998,-1.5748853725159975,1.0627876105416429
4.7300000000000004,-1.5641707169807115,1.0800285574487507
4.7400000000000002,-1.5532790141023061,1.0982081658446738
4.75,-1.5422004614353761,1.1174155752413937
4.7599999999999998,-1.5309242647183585,1.1377524935718668
4.7700000000000005,-1.519438561824364,1.1593352165775206
4.7800000000000002,-1.5077302349156896,1.1822975580475503
4.79,-1.4957847324134357,1.2067943516107111
4.7999999999999998,-1.4835858397033852,1.2330057851119165
4.8100000000000005,-1.4711153762505111,1.2611433140088297
4.8200000000000003,-1.4583528671900643,1.2914566177805458
4.8300000000000001,-1.4452751036672145,1.3242432055446747
4.8399999999999999,-1.4318556258977739,1.3598605763675078
4.8500000000000005,-1.4180640215530866,1.3987430244532102
4.8600000000000003,-1.4038650705712037,1.4414238001555297
4.8700000000000001,-1.3892175835681593,1.4885662916476279
4.8799999999999999,-1.3740729257403719,1.5410074057652006
4.8899999999999997,-1.3583729685418313,1.5998205294901084
4.9000000000000004,-1.3420472979570124,1.6664082014075263
4.9100000000000001,-1.325009263385051,1.7426434530950226
4.9199999999999999,-1.3071502501413175,1.8310920716768349
4.9299999999999997,-1.2883310933313632,1.9353769897101056
4.9400000000000004,-1.2683686384943587,2.0608053613959854
4.9500000000000002,-1.2470138194813933,2.215510167973509
4.96,-1.2239135027401242,2.4126870266564322
4.9699999999999998,-1.1985390830067817,2.6753928039507113
4.9800000000000004,-1.1700388357669134,3.0481600942415708
4.9900000000000002,-1.136888061464548,3.6301885504337292
5,-1.0958759994793719,4.6966506558357421
5.0099999999999998,-1.03802449475238,7.3673680090879543
5.0200000000000005,-0.91569419122213069,22.695400020250108
5.0300000000000002,1.9976415601584279,23.766752121892402
5.04,1.9991149645809869,-0.66703502544415882
5.0499999999999998,1.9924247708477774,-0.67077798395673527
5.0600000000000005,1.9856967823138632,-0.67458982623764607
5.0700000000000003,1.9789303109314884,-0.67847274746124731
5.0800000000000001,1.9721246266537189,-0.68242902094230817
5.0899999999999999,1.9652789958682499,-0.68646101461588527
5.1000000000000005,1.95839272823779,-0.69057117796596945
5.1100000000000003,1.951464944092844,-0.69476219398909722
5.1200000000000001,1.9444948088085996,-0.6990367805223372
5.1299999999999999,1.9374814903464646,-0.70339781507851307
5.1399999999999997,1.9304240975004134,-0.70784829881649558
5.1500000000000004,1.9233217292010334,-0.7123913768483755
5.1600000000000001,1.9161735194928775,-0.71703031393570349
5.1699999999999999,1.9089784080751173,-0.72176868068346189
5.1799999999999997,1.9017353782520463,-0.72661011828904021
5.1900000000000004,1.8944433868229718,-0.73155850441121584
5.2000000000000002,1.8871013487285009,-0.73661787601573969
5.21,1.8797081997417495,-0.74179248152888788
5.2199999999999998,1.872262690546544,-0.74708692462579473
5.2300000000000004,1.8647635948169117,-0.75250595542246468
5.2400000000000002,1.8572096501977948,-0.75805463947131313
5.25,1.8495996054161921,-0.76373823479038605
5.2599999999999998,1.8419319987088223,-0.76956251814923393
5.2700000000000005,1.8342053976972872,-0.77553345223071035
5.2800000000000002,1.8264183264222364,-0.7816573720447163
5.29,1.8185692503471298,-0.78794104709278345
5.2999999999999998,1.8106564847440692,-0.79439169419551614
5.3100000000000005,1.8026783412899583,-0.8010169397973641
5.3200000000000003,1.794633062006521,-0.80782493502263952
5.3300000000000001,1.7865187269107889,-0.81482441169550845
5.3399999999999999,1.7783334059563833,-0.82202461675470384
5.3500000000000005,1.7700750452369947,-0.82943554134558617
5.3600000000000003,1.7617414597423777,-0.83706780683441551
5.3700000000000001,1.7533304295602994,-0.84493279839655422
5.3799999999999999,1.7448395223373065,-0.85304283266692937
5.3899999999999997,1.7362662339223855,-0.86141109420924866
5.4000000000000004,1.7276078906068228,-0.87005181931898024
5.4100000000000001,1.7188617483197606,-0.87898024960172438
5.4199999999999999,1.7100247916353397,-0.88821307563930652
5.4299999999999997,1.7010939020595035,-0.89776823132888628
5.4400000000000004,1.6920657681772666,-0.90766512509935826
5.4500000000000002,1.6829368677215217,-0.91792500233807051
5.46,1.6737034507044042,-0.92857091161859018
5.4699999999999998,1.6643615411953006,-0.93962795589335935
5.4800000000000004,1.6549068921416434,-0.95112374415251755
5.4900000000000002,1.6453349625542728,-0.9630884590227573
5.5,1.6356408997528757,-0.97555529664339802
5.5099999999999998,1.6258195024072448,-0.98856084895898821
5.5200000000000005,1.6158651849149968,-1.0021455634524266
5.5300000000000002,1.6057719352119684,-1.0163542844072833
5.54,1.5955332669698137,-1.0312368875670046
5.5499999999999998,1.5851421644342103,-1.0468490311449237
5.5600000000000005,1.574591018745892,-1.0632530478793378
5.5700000000000003,1.5638715996440793,-1.0805188511321588
5.5800000000000001,1.5529748612975154,-1.0987256535609879
5.5899999999999999,1.541890988162316,-1.1179628843060274
5.6000000000000005,1.5306091514121829,-1.1383326720253255
5.6100000000000003,1.5191174628541455,-1.1599517209968035
5.6200000000000001,1.5074027726556656,-1.182954360837398
5.6299999999999999,1.4954504794168253,-1.2074960797947816
5.6399999999999997,1.4832443222159246,-1.2337578292676894
5.6500000000000004,1.4707660605846129,-1.2619520364836954
5.6600000000000001,1.4579951492451464,-1.2923295691112475
5.6699999999999999,1.4449082960597786,-1.3251894176514243
5.6799999999999997,1.4314789557280065,-1.3608908960740098
5.6900000000000004,1.4176765748037563,-1.3998707974910731
5.7000000000000002,1.4034657873738969,-1.4426655053454838
5.71,1.3888052265808515,-1.489942526613071
5.7199999999999998,1.373646027595764,-1.5425443064313529
5.7300000000000004,1.3579297574337892,-1.6015520346463521
5.7400000000000002,1.3415856202582792,-1.6683789807629943
5.75,1.3245264369174645,-1.7449139449813427
5.7599999999999998,1.3066428833181885,-1.8337461903240404
5.7700000000000005,1.2877947785542394,-1.9385353128957408
5.7800000000000002,1.2677975013517375,-2.0646479025717266
5.79,1.2463997140084548,-2.2203198872242966
5.7999999999999998,1.2232446040985221,-2.4189376545123302
5.8100000000000005,1.1977971292676646,-2.683946987569624
5.8200000000000003,1.1691931071124848,-3.06078035377553
5.8300000000000001,1.1358800320221485,-3.651129651474144
5.8399999999999999,1.0945696964016161,-4.7392820213439188
5.8500000000000005,1.0359664307824936,-7.4994184795151133
5.8600000000000003,0.90922842742602117,-24.030610648361431
5.8700000000000001,-2.002053138144527,-9.9809316492215423
5.8799999999999999,-1.9989302511309066,0.66713774115359425
5.8899999999999997,-1.9922390134127816,0.67088257624811365
5.9000000000000004,-1.98550997171916,0.67469636041426184
5.9100000000000001,-1.9787424242332619,0.6785812799272346
5.9199999999999999,-1.9719356438175957,0.68253961813375075
5.9299999999999997,-1.9650888967645426,0.68657374237634405
5.9400000000000004,-1.9582014882642291,0.6906861112850794
5.9500000000000002,-1.9512725437270566,0.69487940310948937
5.96,-1.9443012236446171,0.69915634262188098
5.9699999999999998,-1.9372866970875346,0.70351981285196508
5.9800000000000004,-1.930228071135317,0.70797281729839545
5.9900000000000002,-1.923124445115775,0.71251850428733998
6,-1.915974947893972,0.71716014968475361
6.0099999999999998,-1.9087785242863582,0.72190131954607495
6.0200000000000005,-1.9015341527168452,0.72674566356761561
6.0300000000000002,-1.8942407902327671,0.73169706786766431
6.04,-1.8868973512955221,0.73675957113835699
6.0499999999999998,-1.8795027662874983,0.7419374366213709
6.0600000000000005,-1.8720557897989811,0.74723526389467776
6.0700000000000003,-1.8645551923700432,0.75265781307440605
6.0800000000000001,-1.8569997117444756,0.75821015936918179
6.0899999999999999,-1.8493880905076716,0.76389757501104083
6.1000000000000005,-1.8417188706169245,0.76972583684166107
6.1100000000000003,-1.8339906149868221,0.77570091810182984
6.1200000000000001,-1.8262018481809386,0.78182916734082208
6.1299999999999999,-1.8183510311443534,0.78811736728898407
6.1400000000000006,-1.8104364782481268,0.79457274441850345
6.1500000000000004,-1.8024565000747255,0.80120293650124397
6.1600000000000001,-1.7944093345423369,0.80801611232406467
6.1699999999999999,-1.7862930600722944,0.81502102299294776
6.1799999999999997,-1.77810574476775,0.82222692320897528
6.1900000000000004,-1.7698453305676229,0.829643831035351
6.2000000000000002,-1.7615096315705152,0.83728238146685585
6.21,-1.7530964184178646,0.84515399850610384
6.2199999999999998,-1.7446032786916446,0.85327097752492365
6.2300000000000004,-1.7360276689958962,0.86164658951812978
6.2400000000000002,-1.727366935504314,0.87029506649132393
6.25,-1.7186183128169834,0.87923171334608363
6.2599999999999998,-1.7097788051490139,0.88847319729923158
6.2700000000000005,-1.7008452679058057,0.89803754844366046
6.2800000000000002,-1.6918143929252694,0.90794419879623633
6.29,-1.6826826505009145,0.91821444290697674
6.2999999999999998,-1.6734462832618153,0.92887139108425665
6.3100000000000005,-1.6641013104331128,0.93994019933639106
6.3200000000000003,-1.6546434766314284,0.9514485506252498
6.3300000000000001,-1.6450682326037629,0.96342670516268192
6.3399999999999999,-1.6353707163220177,0.97590794801170722
6.3500000000000005,-1.6255457162486968,0.98892897140220481
6.3600000000000003,-1.6155876354608643,1.0025303370884793
6.3700000000000001,-1.6054904493351818,1.0167570197808071
6.3799999999999999,-1.5952476575401429,1.0316590448154708
6.3900000000000006,-1.5848522286514684,1.0472922427041864
6.4000000000000004,-1.574296539071429,1.0637191324035749
6.4100000000000001,-1.5635723334308071,1.0810098860072497
6.4199999999999999,-1.5526705513239349,1.0992439552120061
6.4299999999999997,-1.5415813476219626,1.1185111140663602
6.4400000000000004,-1.5302938668235095,1.1389138421331657
6.4500000000000002,-1.5187961869243152,1.1605693007871416
6.46,-1.5070751212852924,1.183612356132909
6.4699999999999998,-1.4951160266409997,1.2081991276103579
6.4800000000000004,-1.4829025991397755,1.2345113463408648
6.4900000000000002,-1.4704165234625057,1.2627624248373714
6.5,-1.4576371917104303,1.293204415404362
6.5099999999999998,-1.4445412320770301,1.326137769539113
6.5200000000000005,-1.4311019929250648,1.3619237495018899
6.5300000000000002,-1.4172888062194491,1.4010015204455608
6.54,-1.4030661546291816,1.4439106445321943
6.5499999999999998,-1.3883924858601471,1.4913228102025571
6.5600000000000005,-1.3732187027978995,1.5440861278166405
6.5700000000000003,-1.3574860751012519,1.6032894333247787
6.5800000000000001,-1.3411233979010704,1.6703571470367975
6.5899999999999999,-1.3240429794721225,1.7471938352527483
6.6000000000000005,-1.3061347745199294,1.8364125107901368
6.6100000000000003,-1.2872575838008751,1.9417098406901723
6.6200000000000001,-1.2672252900957572,2.0685128884581512
6.6299999999999999,-1.245784266490066,2.2251619968088945
6.6400000000000006,-1.2225739622860197,2.4252379774764821
6.6500000000000004,-1.1970527869412719,2.692583977529579
6.6600000000000001,-1.1683438567259865,3.0735552215165378
6.6699999999999999,-1.134866149574316,3.6724162505160725
6.6799999999999997,-1.093251437635933,4.7829538392906867
6.6900000000000004,-1.0338710193292626,7.6370980141578677
6.7000000000000002,-0.90237312235221767,25.512221893848924
6.71,2.0038683501778314,3.9592042394232454
6.7199999999999998,1.9987454686365849,-0.6672405397805875
6.7300000000000004,1.9920531820437217,-0.67098724812283883
6.7400000000000002,1.9853230857633055,-0.67480297532789402
6.75,1.9785544613549904,-0.67868989533742163
6.7599999999999998,1.9717465839505162,-0.6826503005791531
6.7700000000000005,1.9648987197692798,-0.68668655783674237
6.7800000000000002,1.9580101693194045,-0.69080113527057363
6.79,1.951080062762242,-0.69499670735351893
6.7999999999999998,1.9441075559647614,-0.6992760012914272
6.8100000000000005,1.9370918204275906,-0.70364191046503877
6.8200000000000003,1.9300319603402869,-0.70809743852911378
6.8300000000000001,1.9229270755811347,-0.71264573770283979
6.8399999999999999,1.9157762893867663,-0.7172900955581667
6.8500000000000005,1.9085785520567311,-0.72203407201622516
6.8600000000000003,1.9013328375607974,-0.72688132597941679
6.8700000000000001,1.8940381028197175,-0.7318357523774861
6.8799999999999999,1.886693261804244,-0.73690139143255651
6.8900000000000006,1.8792972392159129,-0.74208252190665602
6.9000000000000004,1.8718487975602613,-0.74738373106347167
6.9100000000000001,1.864346748006773,-0.75280976225644547
6.9199999999999999,1.8567897392225365,-0.758365770769867
6.9299999999999997,1.8491765301655201,-0.76405703957866256
6.9400000000000004,1.8415056852166771,-0.7698892649772433
6.9500000000000002,1.8337757743781369,-0.7758685147789216
6.96,1.825985308502164,-0.78200109726049627
6.9699999999999998,1.8181327492186168,-0.78829382734692377
6.9800000000000004,1.8102164075312708,-0.79475394008667366
6.9900000000000002,1.8022345932160044,-0.80138908529299313
7,1.7941855398587219,-0.8082074508349133
7.0099999999999998,1.7860673242326379,-0.81521780049660564
7.0200000000000005,1.7778780130612244,-0.82242940419404165
7.0300000000000002,1.7696155435836594,-0.82985230381611408
7.04,1.7612777292108077,-0.83749714844008394
7.0499999999999998,1.7528623301571669,-0.84537540330346883
7.0600000000000005,1.7443669363126546,-0.85349937765137529
7.0700000000000003,1.7357890003414602,-0.86188233247947321
7.0800000000000001,1.7271258746121638,-0.8705385733096388
7.0899999999999999,1.7183747624536687,-0.87948346752983264
7.1000000000000005,1.709532675563338,-0.88873365307975372
7.1100000000000003,1.7005964863910514,-0.89830721612715037
7.1200000000000001,1.6915628654006092,-0.90822363448581844
7.1299999999999999,1.6824282777266271,-0.91850426538436891
7.1400000000000006,1.6731889569317648,-0.92917227323821916
7.1500000000000004,1.6638409348598295,-0.94025286633312233
7.1600000000000001,1.6543799087567741,-0.95177379416923324
7.1699999999999999,1.6448013465922022,-0.96376541568107044
7.1799999999999997,1.6351003717518551,-0.97626109610228584
7.1900000000000004,1.6252717638352718,-0.98929762504719077
7.2000000000000002,1.6153099141883105,-1.0029156804450263
7.21,1.6052087856813577,-1.017160367481309
7.2199999999999998,1.5949618639105183,-1.0320818618163072
7.2300000000000004,1.5845621017306799,-1.047736166972717
7.2400000000000002,1.5740018607520405,-1.0641859891991108
7.25,1.5632728627725314,-1.0815017631752539
7.2599999999999998,1.5523660302124538,-1.0997631604824698
7.2700000000000005,1.5412714748929512,-1.1190603753379922
7.2800000000000002,1.5299783363418009,-1.1394961255251621
7.29,1.518474653584142,-1.1611881099567229
7.2999999999999998,1.5067471993531483,-1.1842717112571794
7.3100000000000005,1.4947812904666529,-1.2089036765547017
7.3200000000000003,1.4825605672652129,-1.2352665759592651
7.3300000000000001,1.47006665997953,-1.2635747285313716
7.3399999999999999,1.4572788870494355,-1.2940814254716515
7.3500000000000005,1.4441737974558091,-1.3270885850320693
7.3600000000000003,1.4307246269906215,-1.3629594562080778
7.3700000000000001,1.4169006050809139,-1.402135528411542
7.3799999999999999,1.4026660529561208,-1.4451596161995539
7.3900000000000006,1.3879792356960174,-1.4927075987081435
7.4000000000000004,1.3727908120368046,-1.54563334089389
7.4100000000000001,1.3570417554029806,-1.6050334532052277
7.4199999999999999,1.3406604702235767,-1.6723434172133349
7.4299999999999997,1.3235587299667857,-1.7494838573035807
7.4400000000000004,1.3056257616406595,-1.8390918803206779
7.4500000000000002,1.286719337333625,-1.9449016538649155
7.46,1.2666518289711801,-2.0724015706769205
7.4699999999999998,1.2451672780356804,-2.2300383328199977
7.4800000000000004,1.2219013554890172,-2.4315906088037607
7.4900000000000002,1.1963058053118687,-2.7013076635446271
7.5,1.1674907720106891,-3.0864919967532596
7.5099999999999998,1.1338459951255497,-3.6940642567261759
7.5200000000000005,1.0919205070406903,-4.8277195684079741
7.5300000000000002,1.0317359705698417,-7.7808065506627333
7.54,0.89508233656236069,-27.163198555263293
7.5499999999999998,-2.0045522744716364,-1.340822393482465
7.5600000000000005,-1.9985606034557146,0.66734341769920835
7.5700000000000003,-1.9918672732190261,0.67109200226154186
7.5800000000000001,-1.9851361200563742,0.67490967275408298
7.5899999999999999,-1.9783664181075067,0.6787985963684654
7.6000000000000005,-1.9715574428277411,0.68276107078289738
7.6100000000000003,-1.9647084606730503,0.68679946355202892
7.6200000000000001,-1.9578187670219507,0.69091625278473345
7.6299999999999999,-1.9508874879189206,0.6951141186930655
7.6400000000000006,-1.9439137909656168,0.69939576551072202
7.6500000000000004,-1.9368968455585267,0.70376411747129608
7.6600000000000001,-1.9298357501971479,0.70822217204758342
7.6699999999999999,-1.9227296056170435,0.71277308683864737
7.6799999999999997,-1.9155775287594936,0.71742016181690782
7.6900000000000004,-1.9083784665611101,0.72216696378655187
7.7000000000000002,-1.9011314050401742,0.7270171230598349
7.71,-1.8938352967071863,0.73197457766628848
7.7199999999999998,-1.8864890518046391,0.73704335700963197
7.7300000000000004,-1.8790915912820405,0.74222775533430874
7.7400000000000002,-1.8716416956458495,0.74753233314082457
7.75,-1.8641381020349301,0.75296194721538245
7.7599999999999998,-1.8565795816543404,0.75852161021364006
7.7700000000000005,-1.8489647670216673,0.76421669715638718
7.7800000000000002,-1.8412923150459453,0.77005293268542829
7.79,-1.8335607458374983,0.77603633194067534
7.7999999999999998,-1.825768582344101,0.78217325860506337
7.8100000000000005,-1.8179142782981084,0.7884705281834381
7.8200000000000003,-1.8099961454440776,0.7949353864954285
7.8300000000000001,-1.8020124923025738,0.80157549424182939
7.8399999999999999,-1.7939615484670568,0.80839905948271895
7.8500000000000005,-1.7858413889127476,0.81541485876239184
7.8600000000000003,-1.7776500790013179,0.82263217729296778
7.8700000000000001,-1.7693855512548742,0.83006108074880891
7.8799999999999999,-1.7610456183820644,0.8377122324664511
7.8900000000000006,-1.7526280293174334,0.84559714136458008
7.9000000000000004,-1.7441303796516616,0.85372810489335849
7.9100000000000001,-1.7355501456689213,0.86211840571386988
7.9199999999999999,-1.7268846264550513,0.87078242152975227
7.9300000000000006,-1.7181310360660123,0.8797355375711744
7.9400000000000004,-1.7092863885378589,0.88899443537916967
7.9500000000000002,-1.7003475449184833,0.89857723127548783
7.96,-1.6913111753890426,0.90850344398709126
7.9699999999999998,-1.6821737382162427,0.91879448375807249
7.9800000000000004,-1.672931460999955,0.92947357029606781
7.9900000000000002,-1.6635803649743333,0.94056598323667351
8,-1.6541161566304485,0.95209952951105514
8.0099999999999998,-1.6445342798298561,0.96410463142265546
8.0199999999999996,-1.6348298362644049,0.97661478415119785
8.0299999999999994,-1.6249976160870683,0.9896668492923234
8.0400000000000009,-1.6150319913411288,1.0033016360817204
8.0500000000000007,-1.604926914110355,1.0175643718820657
8.0600000000000005,-1.5946758554772849,1.0325053851976982
8.0700000000000003,-1.5842717525890648,1.0481808530237913
8.0800000000000001,-1.573706952199458,1.0646536699927203
8.0899999999999999,-1.5629731488439238,1.0819945489789387
8.0999999999999996,-1.5520612616270324,1.1002833471118523
8.1099999999999994,-1.5409613539649742,1.1196106444738394
8.120000000000001,-1.5296625493094214,1.140079550155032
8.1300000000000008,-1.5181528512506592,1.1618081733860219
8.1400000000000006,-1.5064189950566733,1.1849324537076147
8.1500000000000004,-1.4944462570698431,1.2096097672848989
8.1600000000000001,-1.482218215626633,1.2360235488721567
8.1699999999999999,-1.4697164556722668,1.2643889832157007
8.1799999999999997,-1.4569202205532827,1.2949606429260947
8.1899999999999995,-1.4438059769943641,1.3280419117390203
8.1999999999999993,-1.4303468578484984,1.3639979889411744
8.2100000000000009,-1.4165119661794254,1.403272837885944
8.2200000000000006,-1.4022654772158356,1.4464124517637822
8.2300000000000004,-1.3875654684654426,1.4940969514268341
8.2400000000000002,-1.3723623573170223,1.5471860000993141
8.25,-1.3565968202867653,1.6067840368727673
8.2599999999999998,-1.3401968515669545,1.6743378080400055
8.2699999999999996,-1.3230736975840587,1.7517840847544557
8.2799999999999994,-1.3051158487903327,1.8417844051348109
8.2900000000000009,-1.2861800363494076,1.9481109600264568
8.3000000000000007,-1.2660771057823093,2.0763143193583669
8.3100000000000005,-1.2445487422271648,2.2349492586849196
8.3200000000000003,-1.2212267680771611,2.4379962387950953
8.3300000000000001,-1.1955561585688841,2.710119451417845
8.3399999999999999,-1.1666338151053328,3.0995936476032533
8.3499999999999996,-1.1328194724413569,3.7160830762225965
8.3599999999999994,-1.0905766012592899,4.873620755360629
8.370000000000001,-1.0295595594971236,7.930930770982882
8.3800000000000008,-0.88730532387946937,29.010542330394362
8.3900000000000006,2.0047446353160705,0.20479504433981702
8.4000000000000004,1.9983757197346972,-0.66744631089243267
8.4100000000000001,1.9916813722377016,-0.67119679586553482
8.4199999999999999,1.9849491568395004,-0.67501640345342406
8.4299999999999997,1.9781783778344495,-0.67890733549758153
8.4399999999999995,1.9713683042468404,-0.68287187958366102
8.4499999999999993,1.9645182038959195,-0.68691240942002496
8.4600000000000009,1.9576273657792467,-0.69103141364673926
8.4700000000000006,1.9506949422405191,-0.69523153138065308
8.4800000000000004,1.9437200757143318,-0.69951555980678215
8.4900000000000002,1.9367019151256379,-0.70388633951538482
8.5,1.9296395846373158,-0.70834692771197472
8.5099999999999998,1.9225321789511505,-0.71290045962166293
8.5199999999999996,1.9153788147841799,-0.71755024750674712
8.5299999999999994,1.9081784369330963,-0.722299862592374
8.5400000000000009,1.9009300316003759,-0.72715293881517917
8.5500000000000007,1.8936325494033919,-0.73211342111782385
8.5600000000000005,1.8862849008921372,-0.73718534261645041
8.5700000000000003,1.878886000273875,-0.74237301460816185
8.5800000000000001,1.8714346478967379,-0.74768097177443871
8.5899999999999999,1.8639295413286856,-0.7531141307452579
8.5999999999999996,1.8563694390842018,-0.75867749257846651
8.6099999999999994,1.8487530905049487,-0.76437638151787435
8.620000000000001,1.8410790210275971,-0.7702166095362335
8.6300000000000008,1.8333457937146089,-0.77620417488059346
8.6400000000000006,1.8255519303965873,-0.78234544697712616
8.6500000000000004,1.8176958813791786,-0.78864725854628392
8.6600000000000001,1.8097759569870784,-0.79511686513890301
8.6699999999999999,1.8017904647337395,-0.80176193898262949
8.6799999999999997,1.7937376300353505,-0.80859070770854724
8.6899999999999995,1.785615526121541,-0.81561196074012676
8.7000000000000011,1.7774222169968277,-0.82283499858183662
8.7100000000000009,1.769155630465757,-0.83026991069743317
8.7200000000000006,1.7608135785166059,-0.83792737483168989
8.7300000000000004,1.7523938058567381,-0.84581892553785021
8.7400000000000002,1.7438938732346019,-0.85395692173346205
8.75,1.7353113148062214,-0.86235460274599007
8.7599999999999998,1.7266433921153002,-0.87102641557082605
8.7699999999999996,1.7178873202102996,-0.87998777090994951
8.7799999999999994,1.709040107281478,-0.88925538556913242
8.7900000000000009,1.7000986086321928,-0.89884742158258191
8.8000000000000007,1.6910595129599884,-0.90878341779332639
8.8100000000000005,1.6819192278126027,-0.9190848729843587
8.8200000000000003,1.6726739909194233,-0.92977505845444308
8.8300000000000001,1.6633198190682075,-0.94087931013982906
8.8399999999999999,1.6538524207263008,-0.95242546526096949
8.8499999999999996,1.6442672087702199,-0.96444410450404316
8.8599999999999994,1.6345593039178326,-0.97696874806992562
8.870000000000001,1.6247234660469265,-0.9900363873335063
8.8800000000000008,1.6147540634742643,-1.0036879313015543
8.8900000000000006,1.6046450337920586,-1.0179687484600577
8.9000000000000004,1.5943898343472156,-1.0329293167069296
8.9100000000000001,1.5839813863869172,-1.0486259877690889
8.9199999999999999,1.573412021783368,-1.0651218456120968
8.9299999999999997,1.5626734106599012,-1.0824878615532321
8.9399999999999995,1.5517564424636014,-1.100804163917168
8.9500000000000011,1.5406511824338553,-1.1201616261456209
8.9600000000000009,1.5293467138113881,-1.1406637305238019
8.9700000000000006,1.517830993259768,-1.1624290861427247
8.9800000000000004,1.5060907258665508,-1.1855941479116399
8.9900000000000002,1.4941111484439993,-1.2103169352056371
9,1.4818757831018841,-1.2367817073644025
9.0099999999999998,1.4693661589038514,-1.265204620596035
9.0199999999999996,1.4565614463139818,-1.2958414495601842
9.0299999999999994,1.443438031240833,-1.3289970810244658
9.0400000000000009,1.4299689429849956,-1.3650386733104896
9.0500000000000007,1.4161231588231875,-1.4044126808993473
9.0600000000000005,1.4018647045014756,-1.4476682970643084
9.0700000000000003,1.387151470247882,-1.4954899238775583
9.0800000000000001,1.3719336357341056,-1.5487430073555686
9.0899999999999999,1.356151557786121,-1.6085401032410402
9.0999999999999996,1.3397328431106188,-1.6763390470900463
9.1099999999999994,1.322588199871034,-1.7540930775490851
9.120000000000001,1.304605367814351,-1.8444884263632104
9.1300000000000008,1.285640037584441,-1.9513357121240134
9.1400000000000006,1.2655015041017379,-2.0802486732949577
9.1500000000000004,1.2439290672914725,-2.2398918083207349
9.1600000000000001,1.2205506475961017,-2.4444511752592879
9.1699999999999999,1.1948043334891534,-2.7190147523968262
9.1799999999999997,1.1657735188418956,-3.1128546709957066
9.1899999999999995,1.1317871735193594,-3.7384675594743273
9.2000000000000011,1.0892203146260715,-4.9206693768128531
9.2100000000000009,1.0273414403716092,-8.0877831407467422
9.2200000000000006,0.87898881091321368,-31.085331231739993
9.2300000000000004,-2.0047237761581309,0.28741306276256484
9.2400000000000002,-1.9981908365902543,0.66754926576370621
9.25,-1.9914954417450477,0.67130163283068667
9.2599999999999998,-1.984762170146174,0.6751231890486552
9.2699999999999996,-1.9779903125365832,0.67901612711115544
9.2799999999999994,-1.971179140155213,0.68298274384911972
9.2900000000000009,-1.9643279208270941,0.68702541263054873
9.3000000000000007,-1.9574359383110984,0.69114663311896818
9.3100000000000005,-1.95050236614145,0.69534901996707787
9.3200000000000003,-1.9435263118684689,0.69963540942615154
9.3300000000000001,-1.9365069423421588,0.70400864131199792
9.3399999999999999,-1.92944337556279,0.70847175881666968
9.3499999999999996,-1.9223347092999825,0.71302791055280856
9.3599999999999994,-1.9151800521548374,0.71768042253010422
9.370000000000001,-1.9079783910407035,0.72243280247744091
9.3800000000000008,-1.9007286504877348,0.72728882804928097
9.3900000000000006,-1.8934297929053476,0.73225232676811414
9.4000000000000004,-1.8860807424715127,0.73732739366925593
9.4100000000000001,-1.8786804024278958,0.74251834432666086
9.4199999999999999,-1.8712275340476099,0.74782972890460297
9.4299999999999997,-1.8637209216701862,0.75326642132380561
9.4399999999999995,-1.8561592798560609,0.75883346280989949
9.4500000000000011,-1.8485413488318576,0.7645361927003067
9.4600000000000009,-1.8408656612856114,0.770380419125687
9.4700000000000006,-1.8331307742905685,0.7763721508786432
9.4800000000000004,-1.8253352102969489,0.78251777450435289
9.4900000000000002,-1.8174774148602215,0.78882413413496644
9.5,-1.8095556974426326,0.79529849551905252
9.5099999999999998,-1.8015683645020304,0.80194854224139567
9.5199999999999996,-1.7935136373140104,0.80878252164618902
9.5299999999999994,-1.7853895873290209,0.81580923613377276
9.5400000000000009,-1.7771942772037121,0.82303800153778384
9.5500000000000007,-1.7689256300171901,0.83047893110096316
9.5600000000000005,-1.7605814570208476,0.83814271713538102
9.5700000000000003,-1.7521594988232572,0.84604091818062666
9.5800000000000001,-1.7436573138303526,0.85418592295629947
9.5899999999999999,-1.7350724273239477,0.86259100078123241
9.5999999999999996,-1.7264021078426599,0.87127060815889756
9.6099999999999994,-1.717643552208457,0.88024021796406848
9.620000000000001,-1.708793772384444,0.88951656433140536
9.6300000000000008,-1.6998496162881269,0.89911785520028675
9.6400000000000006,-1.6908077575022598,0.90906371381028894
9.6500000000000004,-1.6816646051340851,0.91937560695245668
9.6600000000000001,-1.6724164116034883,0.93007688564267565
9.6699999999999999,-1.6630591683126639,0.94119297020061232
9.6799999999999997,-1.6535885593777009,0.95275182428442085
9.6899999999999995,-1.6440000143146967,0.9647840113259164
9.7000000000000011,-1.634288639295377,0.97732317644943101
9.7100000000000009,-1.6244491799480922,0.99040641770967452
9.7200000000000006,-1.6144759941351756,1.004074757007591
9.7300000000000004,-1.6043630064881815,1.0183736962733287
9.7400000000000002,-1.594103660217832,1.0333538651664707
9.75,-1.5836908606815956,1.0490717905842308
9.7599999999999998,-1.573116924808923,1.0655907468763257
9.7699999999999996,-1.5623734993169476,1.0829819496182971
9.7799999999999994,-1.5514514564216817,1.1013258143082139
9.7900000000000009,-1.5403408237782075,1.1207135508023391
9.8000000000000007,-1.5290306605683324,1.1412489822676426
9.8100000000000005,-1.5175089042424603,1.1630511787659581
9.8200000000000003,-1.5057622130548678,1.1862571583776196
9.8300000000000001,-1.4937757820310422,1.2110255688317049
9.8399999999999999,-1.481533077108679,1.2375415185658214
9.8499999999999996,-1.4690155706995809,1.2660221062693058
9.8599999999999994,-1.4562023605816574,1.296724351358552
9.870000000000001,-1.443069751150803,1.3299546420351167
9.8800000000000008,-1.429590667609949,1.3660821087106014
9.8900000000000006,-1.4157339606662098,1.4055557156991543
9.9000000000000004,-1.4014635056000651,1.4489278828059959
9.9100000000000001,-1.3867370040960805,1.4968873291011431
9.9199999999999999,-1.3715043963822284,1.5503053354345067
9.9299999999999997,-1.3557057287857313,1.6103025361638219
9.9399999999999995,-1.3392682030251495,1.6783481565612208
9.9500000000000011,-1.3221019754086014,1.756412083653603
9.9600000000000009,-1.3040940512966797,1.8472053505148478
9.9700000000000006,-1.2850990490295369,1.9545777403327822
9.9800000000000004,-1.2649247050943162,2.0842069660699702
9.9900000000000002,-1.2433079058381868,2.2448690804373359
10,-1.2198726115644065,2.4509595284642409
10.01,-1.1940498991454185,2.7279997166066279
10.02,-1.1649093772863002,3.1262853793457048
10.029999999999999,-1.1307484451055796,3.7612393467318341
10.040000000000001,-1.0878505922569748,4.96893564578337
10.050000000000001,-1.0250784921480074,8.2518954815227588
10.06,-0.87006002927618786,33.427835179660342
10.07,2.0046105233556979,-0.50079492436324136
10.08,1.9980059021694736,-0.66765227654715176
10.09,1.9913094723721887,-0.67140653375182668
10.1,1.9845751406116667,-0.67523003520005842
10.109999999999999,1.9778022042350882,-0.67912498315833603
10.120000000000001,1.9709899323789635,-0.68309367394737142
10.130000000000001,1.964137593503426,-0.68713848375835218
10.140000000000001,1.9572444653162566,-0.69126192399745434
10.15,1.9503097292740679,-0.69546660232982338
10.16,1.9433324787709854,-0.69975534995441757
10.17,1.9363118988523127,-0.70413103528218213
10.18,1.9292470948264486,-0.70859668488201055
10.19,1.9221371670054432,-0.71315545953137882
10.200000000000001,1.9149812154750547,-0.71781070021866955
10.210000000000001,1.9077782391836668,-0.72256589876733623
10.220000000000001,1.9005271493375837,-0.72742483597238905
10.23,1.893226916587444,-0.73239137888697781
10.24,1.8858764589220962,-0.73746959524203803
10.25,1.878474679018995,-0.74266382163172584
10.26,1.8710203385609467,-0.7479786092893026
10.27,1.8635122191279792,-0.75341884328027031
10.279999999999999,1.8559490352687154,-0.75898956923648553
10.290000000000001,1.8483295215445015,-0.76469614341438163
10.300000000000001,1.8406522138228896,-0.77054437312720081
10.31,1.8329156657384709,-0.77654027856904861
10.32,1.8251183993245292,-0.78269025970548289
10.33,1.8172588558635334,-0.78900117380524903
10.34,1.8093353437271049,-0.79548029680592547
10.35,1.8013461683511496,-0.80213532373705798
10.359999999999999,1.793289546845882,-0.80897452157996874
10.370000000000001,1.7851635488723578,-0.81600670582115209
10.380000000000001,1.7769662357466711,-0.82324120765363162
10.390000000000001,1.7686955258154433,-0.83068816410074742
10.4,1.7603492295762837,-0.83835828219880049
10.41,1.7519250825093096,-0.8462631466925602
10.42,1.7434206423167433,-0.85441517132133471
10.43,1.7348334211412153,-0.86282766712828496
10.44,1.7261607013957754,-0.87151507982494625
10.450000000000001,1.7173996591028204,-0.88049295753640411
10.460000000000001,1.7085473092917454,-0.88977805157056988
10.470000000000001,1.6996004926038548,-0.89938861431966621
10.48,1.690555885656321,-0.90934428397817957
10.49,1.6814098824788515,-0.91966664805261722
10.5,1.6721587213834408,-0.93037907284038146
10.51,1.662798399082263,-0.94150702790051843
10.52,1.6533245855893801,-0.95307857043304256
10.529999999999999,1.6437327061409892,-0.96512433114981988
10.540000000000001,1.6340178558982512,-0.97767804936003522
10.550000000000001,1.6241747706109821,-0.9907769245832212
10.56,1.6141977965213525,-1.0044620956213652
10.57,1.6040808455314979,-1.0187791972225622
10.58,1.5938173466121353,-1.0337790116671015
10.59,1.5834001891878371,-1.0495182417076905
10.6,1.5728216751918773,-1.0660603531106176
10.609999999999999,1.5620734278076887,-1.0834768201585909
10.620000000000001,1.5511463006712767,-1.1018483100146528
10.630000000000001,1.5400302942523021,-1.1212663714568087
10.640000000000001,1.5287144478605565,-1.1418351988330078
10.65,1.5171866463503554,-1.1636743440755637
10.66,1.5054335198216104,-1.1869213591726104
10.67,1.4934402223832786,-1.2117355353236654
10.68,1.4811901652466735,-1.2383028168983095
10.69,1.4686647677144273,-1.2668412790389298
10.700000000000001,1.4558430446103374,-1.2976091393110964
10.710000000000001,1.4427012268062649,-1.3309143669665107
10.720000000000001,1.4292121244465319,-1.3671280487039712
10.73,1.4153444706002087,-1.4067016407207307
10.74,1.4010619957528043,-1.450190816590424
10.75,1.386322189003848,-1.4982887847930262
10.76,1.3710747622595352,-1.5518725587147653
10.77,1.355259450132301,-1.6120709636487196
10.779999999999999,1.3388030428355517,-1.6803647701424509
10.790000000000001,1.3216151507081628,-1.7587405741142343
10.800000000000001,1.3035820209606752,-1.8499347189613191
10.81,1.2845572065378186,-1.9578363700507351
10.82,1.2643468572903989,-2.088188396037352
10.83,1.2426854153575968,-2.2498801187443771
10.84,1.2191928242313839,-2.4575203440872366
10.85,1.193293029999045,-2.7370733174469581
10.859999999999999,1.164041561181145,-3.1398857940060849
10.870000000000001,1.1297034368207157,-3.784403346667903
10.880000000000001,1.0864674390568556,-5.0184550980790759
10.890000000000001,1.0227692132041466,-8.4237153255824744
10.9,0.86044070809012907,-36.085383065309294
10.91,-2.0044572326551702,0.59331390650409166
10.92,-1.9978209146746788,0.66775535775303263
10.93,-1.9911234491279246,0.67151150830480688
10.94,-1.9843880534165441,0.6753369509759175
10.950000000000001,-1.9776140378369507,0.6792339123148976
10.960000000000001,-1.9708006657464683,0.68320467885719016
10.970000000000001,-1.9639472066334098,0.68725163196101624
10.98,-1.9570529318656862,0.69137729514791313
10.99,-1.950116972234784,0.69558428652173843
11,-1.9431385407157389,0.69987541109850815
11.01,-1.936116746036356,0.70425354246360927
11.02,-1.9290507037843323,0.70872173140143346
11.029999999999999,-1.9219395125099668,0.7132831325072605
11.040000000000001,-1.9147822679399924,0.71794110109458353
11.050000000000001,-1.9075779827095003,0.72269910584775354
11.06,-1.9003255489819486,0.72756098104200595
11.07,-1.8930239387004959,0.73253055660822175
11.08,-1.8856720749343072,0.73761192714720303
11.09,-1.8782688599548365,0.74280942593744292
11.1,-1.8708130475305971,0.74812762536712607
11.109999999999999,-1.8633034196357534,0.75357140504354203
11.120000000000001,-1.8557386924900579,0.75914582063354974
11.130000000000001,-1.8481175935743983,0.7648562465292954
11.140000000000001,-1.8404386636043062,0.77070848501136802
11.15,-1.8327004527957096,0.77670856961591062
11.16,-1.8249014823117276,0.78286291474227487
11.17,-1.8170401890887773,0.789178390093627
11.18,-1.8091148804173838,0.79566228194170452
11.19,-1.801123860720039,0.80232229676957634
11.200000000000001,-1.7930653429350387,0.80916672118940347
11.210000000000001,-1.7849373949167473,0.81620438387925354
11.220000000000001,-1.7767380766479981,0.82344463142629787
11.23,-1.7684653017354151,0.83089762463598782
11.24,-1.7601168799061522,0.83857408542467782
11.25,-1.7516905409429109,0.84648562852470588
11.26,-1.743183841702735,0.85464468423213769
11.27,-1.7345942840506625,0.86306460888194347
11.279999999999999,-1.7259191632497706,0.87175984042541133
11.290000000000001,-1.7171556310252951,0.880745999066748
11.300000000000001,-1.7083007083704229,0.89003985781064476
11.31,-1.6993512276872309,0.89965971037659198
11.32,-1.6903038603096061,0.90962523947344021
11.33,-1.6811549984459084,0.91995808415981195
11.34,-1.67190086716277,0.9306816711581769
11.35,-1.6625374597404319,0.94182152795935747
11.359999999999999,-1.6530604380599347,0.95340578432940803
11.370000000000001,-1.6434652190255716,0.96546514848209719
11.380000000000001,-1.6337468884637023,0.97803345276738562
11.390000000000001,-1.6239001716843506,0.99114799859639102
11.4,-1.6139194034008935,1.0048500417560335
11.41,-1.6037984827116605,1.0191853504744428
11.42,-1.5935308243038682,1.0342048602704115
11.43,-1.5831093016109588,1.0499654505199352
11.44,-1.5725262015140635,1.0665307794855452
11.450000000000001,-1.5617731237606485,1.0839725812593279
11.460000000000001,-1.5508409028827053,1.1023717750997311
11.470000000000001,-1.5397195129734396,1.1218202484447806
11.48,-1.5283979661021827,1.1424225752670907
11.49,-1.5168641071584421,1.1642988016868892
11.5,-1.5051045340009948,1.1875869704601671
11.51,-1.4931043618196083,1.2124470696372462
11.52,-1.4808469385509435,1.2390658456065917
11.529999999999999,-1.4683136301503024,1.2676623621446799
11.540000000000001,-1.4554833769393145,1.2984961217352997
11.550000000000001,-1.4423323141170483,1.3318766456210605
11.56,-1.428833164456154,1.3681769125043921
11.57,-1.414954533697089,1.4078509334661444
11.58,-1.4006599883295372,1.4514577538713604
11.59,-1.3859068371586545,1.4996949061041773
11.6,-1.3706445429046092,1.5534453985329406
11.609999999999999,-1.3548125236805062,1.6138462365945014
11.620000000000001,-1.3383371567272504,1.6823898148806167
11.630000000000001,-1.3211275023516342,1.7610797103277467
11.640000000000001,-1.3030690497653896,1.8526777304483519
11.65,-1.2840142624922435,1.9611132582926256
11.66,-1.2637676925663839,2.0921949965267266
11.67,-1.2420613042773947,2.2549275888730342
11.68,-1.2185109624826367,2.4641373229149952
11.69,-1.1925333560734959,2.7462412667416376
11.700000000000001,-1.1631696372718803,3.153665483259994
11.710000000000001,-1.128651573766412,3.8079806748512528
11.720000000000001,-1.0850698796028837,5.0693004556185564
11.73,-1.0204103474693502,8.6038531907519804
11.74,-0.8500310157792812,39.118260384855134
11.75,2.0042865088349129,-0.63348480093676329
11.76,1.9976358234900355,-0.66785853988280031
11.77,1.9909373582320011,-0.67161653471898985
11.779999999999999,1.9842009105740999,-0.67544394362313098
11.790000000000001,1.977425813316974,-0.6793429123152116
11.800000000000001,1.9706113403373982,-0.6833157590868113
11.81,1.9637567598351784,-0.68736485771501898
11.82,1.9568613437437794,-0.69149273688504909
11.83,1.9499242188600785,-0.69570202118117663
11.84,1.9429445977122988,-0.69999551675027227
11.85,1.935921589370909,-0.70437610141578144
11.859999999999999,1.9288543082740428,-0.70884682985079817
11.870000000000001,1.9217418533434227,-0.71341085962052264
11.880000000000001,1.9145833183077057,-0.71807155419810642
11.890000000000001,1.9073776577731862,-0.72283242164894912
11.9,1.9001238753048839,-0.72769722611331411
11.91,1.8928208869286471,-0.73266984610386254
11.92,1.8854676146775156,-0.73775437447276115
11.93,1.8780629599719272,-0.74295515405968116
11.94,1.8706056735636447,-0.74827676753628003
11.950000000000001,1.8630945359294224,-0.75372409789003136
11.960000000000001,1.8555282640514079,-0.7593022080269648
11.970000000000001,1.8479055783216529,-0.76501649153120999
11.98,1.840225038883974,-0.7708727188468526
11.99,1.8324852091152677,-0.77687694630507342
12,1.8246845565281016,-0.78303565822666088
12.01,1.816821510217439,-0.78935570049751225
12.02,1.8088944042885147,-0.79584437282660747
12.030000000000001,1.8009015384884677,-0.8025093802996327
12.040000000000001,1.7928411232969661,-0.8093590370541377
12.050000000000001,1.7847112240234542,-0.81640218429664346
12.06,1.7765098993535666,-0.82364818438667897
12.07,1.7682350581211677,-0.83110722162105799
12.08,1.7598845092799567,-0.83879003298052612
12.09,1.7514559769252902,-0.84670826308594094
12.1,1.7429470170401997,-0.85487435904614184
12.109999999999999,1.7343551201802121,-0.86330172512041392
12.120000000000001,1.7256775881015616,-0.87200481347164194
12.130000000000001,1.7169115615843904,-0.88099924333497281
12.140000000000001,1.7080540651173171,-0.89030188178225367
12.15,1.6991019176572588,-0.89993103971812205
12.16,1.6900517884583817,-0.90990644510909746
12.17,1.6809000632372639,-0.92024978752391795
12.18,1.6716429598202294,-0.93098455181910633
12.19,1.6622764630026829,-0.94213633424527443
12.200000000000001,1.652796230329137,-0.95373332575632874
12.210000000000001,1.6431976681210421,-0.96580631721596966
12.220000000000001,1.6334758535861478,-0.97838923454142024
12.23,1.6236255013288881,-0.99151948091066155
12.24,1.6136409345542964,-1.0052384294326291
12.25,1.6035160395067656,-1.0195919823329755
12.26,1.5932442165483942,-1.0346312289446031
12.27,1.5828183230706911,-1.0504132259591552
12.280000000000001,1.5722306308526346,-1.067001825130991
12.290000000000001,1.5614727161528883,-1.0844690208408232
12.300000000000001,1.550535394294775,-1.102895986357836
12.31,1.5394086129443079,-1.1223749486737644
12.32,1.528081351731049,-1.1430108837960271
12.33,1.5165414251190252,-1.1649242842395049
12.34,1.5047753954453031,-1.1882537187042677
12.35,1.492768326524063,-1.2131599228930827
12.359999999999999,1.4805035285086035,-1.2398303360057943
12.370000000000001,1.4679622752785744,-1.2684851924400571
12.380000000000001,1.4551234766689705,-1.2993850347391733
12.390000000000001,1.4419631532687591,-1.3328411103804056
12.4,1.4284539325730965,-1.3692283102821483
12.41,1.4145642968037808,-1.409003185452643
12.42,1.4002576536772746,-1.4527281605615039
12.43,1.3854911201195927,-1.5011051556041726
12.44,1.3702139049568283,-1.5550232500141166
12.450000000000001,1.3543651256246994,-1.6156275869632706
12.460000000000001,1.3378707332960551,-1.6844224711044238
12.470000000000001,1.3206392384948442,-1.7634284718546616
12.48,1.3025553515382087,-1.8554333802420053
12.49,1.2834704480728836,-1.9644070484901939
12.5,1.2631874606314233,-2.0962251740203466
12.51,1.2414358396273855,-2.2600096539712378
12.52,1.2178273133346633,-2.4708082716490343
12.530000000000001,1.1917711878944703,-2.7555010009099354
12.540000000000001,1.162293937900206,-3.1676220796322596
12.550000000000001,1.1275932017092929,-3.8319722580634599
12.56,1.0836581536276682,-5.1215026967205759
12.57,1.0180005429467716,-8.7928126362998942
12.58,0.83872171518293814,-42.598458883865241
12.59,-2.0041082508221644,0.65095460086476209
12.6,-1.9974508046349682,0.6679616977011491
12.609999999999999,-1.9907512507288709,0.67172162821895953
12.620000000000001,-1.9840137380382239,0.67555098251532908
12.630000000000001,-1.9772375606907011,0.67945197000872104
12.640000000000001,-1.97042198616231,0.68342689618583641
12.65,-1.9635662841287524,0.68747814229543081
12.66,-1.9566697273525206,0.69160823828706597
12.67,-1.9497314369316339,0.69581981798794668
12.68,-1.9427506254812725,0.70011568667756019
12.69,-1.9357264028298946,0.70449872697387339
12.700000000000001,-1.9286578822055047,0.70897199729125482
12.710000000000001,-1.9215441629135601,0.71353865825905671
12.720000000000001,-1.9143843390449407,0.71820207743097908
12.73,-1.907177359876709,0.72296577380209381
12.74,-1.8999222287298125,0.72783351158814369
12.75,-1.8926178617279839,0.73280917644776977
12.76,-1.8852631808178328,0.7378968650305634
12.77,-1.8778570861130846,0.74310092744343992
12.780000000000001,-1.8703983253783332,0.74842595796784117
12.790000000000001,-1.8628856775019265,0.75387684167715663
12.800000000000001,-1.855317860376376,0.75945864935783414
12.81,-1.8476935867346,0.76517679504104952
12.82,-1.8400114445179168,0.77103700936378006
12.83,-1.8322699154768463,0.77704548258511663
12.84,-1.8244675666102101,0.78320855169926662
12.85,-1.8166027706095587,0.789533163060813
12.859999999999999,-1.8086738651616698,0.7960266053399575
12.870000000000001,-1.8006791535073361,0.80269661400964176
12.880000000000001,-1.7926168393311128,0.80955151039713136
12.890000000000001,-1.7844849871750748,0.816600150251797
12.9,-1.7762816543648097,0.82385191086014442
12.91,-1.7680047450226408,0.83131700071259274
12.92,-1.7596520672802647,0.83900617190803839
12.93,-1.7512213395608172,0.8469310988858213
12.94,-1.7427101169406196,0.85510424581557631
12.950000000000001,-1.7341158776662096,0.86353906768075517
12.960000000000001,-1.7254359409106741,0.8722499917291946
12.970000000000001,-1.7166674212581938,0.88125273156004413
12.98,-1.7078073462429519,0.89056416031616159
12.99,-1.6988525303907638,0.90020263575058557
13,-1.6897996368156636,0.91018793460189962
13.01,-1.6806450464773599,0.92054179170872197
13.02,-1.6713849673043868,0.93128775447592615
13.030000000000001,-1.6620153781140385,0.94245148276821167
13.040000000000001,-1.6525319305043635,0.95406123374157381
13.050000000000001,-1.6429300214011235,0.96614787875171615
13.06,-1.6332047187511936,0.97874543801010583
13.07,-1.6233507266016376,0.9918914167771512
13.08,-1.6133623565715545,1.0056273060308958
13.09,-1.6032334820211964,1.019999142470698
13.1,-1.5929574889398652,1.0350581698517358
13.109999999999999,-1.5825272186249286,1.0508616228978453
13.120000000000001,-1.5719349277010035,1.0674735478718069
13.130000000000001,-1.5611721688813871,1.0849661999780333
13.140000000000001,-1.5502297381748078,1.1034210084179106
13.15,-1.5390975567638046,1.1229305407112622
13.16,-1.5277645661668846,1.1436001964323688
13.17,-1.516218573097933,1.1655508154673406
13.18,-1.5044460799624111,1.1889216530998203
13.19,-1.4924321023488603,1.2138740677292772
13.200000000000001,-1.4801599020491911,1.2405963475219639
13.210000000000001,-1.4676107064979167,1.2693096652186464
13.220000000000001,-1.4547633353615201,1.3002758829259879
13.23,-1.4415937300029713,1.3338078064899466
13.24,-1.4280744136885846,1.3702822918301645
13.25,-1.4141737443161917,1.4101584530548037
13.26,-1.3998549698801095,1.4540021212478682
13.27,-1.3850750141050043,1.5025196421140994
13.280000000000001,-1.3697828394780613,1.5566061419023731
13.290000000000001,-1.3539172352576203,1.6174152246082893
13.300000000000001,-1.337403752368052,1.6864628799271557
13.31,-1.3201503208798087,1.765787169530616
13.32,-1.3020408845215297,1.8582019721605953
13.33,-1.2829257167567854,1.9677182120762395
13.34,-1.2626061039586638,2.1002796010408051
13.35,-1.2408089566019935,2.2651271566431697
13.359999999999999,-1.2171418054815495,2.4775344270902413
13.370000000000001,-1.191006437666152,2.7648547687136529
13.380000000000001,-1.1614143412238631,3.1817604006930993
13.390000000000001,-1.1265281206316382,3.8563914424037331
13.4,-1.0822317634302094,5.1751213650960013
13.41,-1.0155370798865107,8.9912388122643687
13.42,-0.82637578174966031,46.617794348628024
13.43,2.0039267049344134,-0.65858848240535839
13.44,1.9972657028938552,-0.66806494585188536
13.450000000000001,1.9905651124211852,-0.67182677402364144
13.460000000000001,1.9838265360234075,-0.675658078557827
13.470000000000001,1.977049277438508,-0.67956108415850225
13.48,1.9702326007994833,-0.68353809221004458
13.49,1.9633757765270627,-0.68759148774520928
13.5,1.9564780777683219,-0.69172380312586879
13.51,1.9495386210765266,-0.69593768025157299
13.52,1.9425566186660936,-0.7002359243030194
13.530000000000001,1.9355311810059588,-0.70462142257399851
13.540000000000001,1.928461420137169,-0.70909723724991758
13.550000000000001,1.9213464357401606,-0.71366653202539043
13.56,1.9141853219087446,-0.71833267879319718
13.57,1.906977023294681,-0.723099206935501
13.58,1.8997205426417805,-0.72796988105630822
13.59,1.8924147961505062,-0.73294859397722478
13.6,1.8850587056884325,-0.73803944615199413
13.609999999999999,1.8776511697017579,-0.7432467952375077
13.620000000000001,1.8701909336516271,-0.74857524654608498
13.630000000000001,1.8626767745275352,-0.75402968756019195
13.640000000000001,1.8551074111015644,-0.759615197018083
13.65,1.8474815479993583,-0.76533721072882344
13.66,1.8397977723840069,-0.77120146082824725
13.67,1.832054567409757,-0.77721413115611282
13.68,1.8242504760403346,-0.78338159753778747
13.69,1.8163839262212875,-0.78971078923293281
13.700000000000001,1.8084532201655279,-0.79620902224722745
13.710000000000001,1.8004566594542479,-0.80288403829785082
13.720000000000001,1.7923924443668318,-0.80974418223527467
13.73,1.7842586372837099,-0.81679832296666188
13.74,1.7760532942292855,-0.82405585342582799
13.75,1.7677743145565794,-0.83152700575885619
13.76,1.7594195055837556,-0.83922254740389923
13.77,1.7509865800668527,-0.84715418253740415
13.780000000000001,1.7424730921486242,-0.8553343926410989
13.790000000000001,1.7338765138123562,-0.86377666702451283
13.800000000000001,1.7251941294245952,-0.87249548886697248
13.81,1.7164231148411768,-0.88150657060843118
13.82,1.7075604544434315,-0.8908267974173022
13.83,1.6986029679045698,-0.9004746053665994
13.84,1.6895473027227526,-0.9104698276114519
13.85,1.6803898447062386,-0.92083421626871731
13.859999999999999,1.6711267846755651,-0.93159140330594781
13.870000000000001,1.6617541001197247,-0.94276709947396498
13.880000000000001,1.6522674323260673,-0.95438964035014084
13.890000000000001,1.6426621712893064,-0.96648997119545133
13.9,1.6329333749658124,-0.97910220721599295
13.91,1.6230757370371474,-0.99226395667273215
13.92,1.6130835574472071,-1.0060168289499951
13.93,1.6029506966372919,-1.0204069957692254
13.94,1.5926705261703931,-1.0354858559769993
13.950000000000001,1.5822358721706684,-1.0513108187162847
13.960000000000001,1.5716389844695473,-1.0679461361963758
13.970000000000001,1.5608713862957231,-1.0854642596650599
13.98,1.5499238407155305,-1.1039470044412161
13.99,1.5387862482023487,-1.1234871996978295
14,1.5274475201910103,-1.1441906652794704
14.01,1.5158954439240686,-1.1661786510284717
14.02,1.5041164669390239,-1.1895910396698994
14.030000000000001,1.4920955667207207,-1.2145898344603931
14.040000000000001,1.4798159540721203,-1.2413641338560162
14.050000000000001,1.4672587936721417,-1.2701361449553805
14.06,1.4544028298990554,-1.3011689967745301
14.07,1.4412239210585911,-1.3347770524267371
14.08,1.4276944926778594,-1.3713391584601526
14.09,1.4137827579276372,-1.4113170981669987
14.1,1.3994518147985822,-1.4552800367885756
14.109999999999999,1.384658392716684,-1.5039388136936647
14.120000000000001,1.3693512059943063,-1.5581946564581106
14.130000000000001,1.3534687223272808,-1.6192096280701105
14.140000000000001,1.3369360646093793,-1.6885117541801642
14.15,1.3196606020154802,-1.7681565740997924
14.16,1.3015254980306392,-1.8609843461674667
14.17,1.2823798993108229,-1.9710478720336275
14.18,1.2620234422549967,-2.1043597092914137
14.19,1.2401804578687536,-2.2702820448739671
14.200000000000001,1.2164542116723243,-2.4843186817670366
14.210000000000001,1.1902388487356679,-2.7743068712935703
14.220000000000001,1.1605305334620573,-3.1960884749610177
14.23,1.1254558811563806,-3.8812580219683648
14.24,1.0807898701822882,-5.2302321389975539
14.25,1.0130164658586422,-9.1998871600916665
14.26,0.81282412832563644,-51.293509804687531
14.27,-2.0037436613684303,0.66195910609409436
14.280000000000001,-1.9970804759769387,0.66816832239099422
14.290000000000001,-1.9903788890906622,0.67193199492607336
14.300000000000001,-1.9836392533049803,0.67576526146911475
14.31,-1.9768609120250282,0.67967028445587185
14.32,-1.9700431324162302,0.68364937769256673
14.33,-1.9631851848564501,0.68770492517739146
14.34,-1.9562863425324375,0.69183946313069955
14.35,-1.9493457184883325,0.69605564031504685
14.359999999999999,-1.9423625241371394,0.70035626262914563
14.370000000000001,-1.935335870435372,0.70474422189173747
14.380000000000001,-1.9282648682648236,0.70922258410428274
14.390000000000001,-1.9211486176715926,0.71379451602214539
14.4,-1.9139862124074976,0.71846339412917315
14.41,-1.9067765931726952,0.72323275767523476
14.42,-1.899518761815935,0.72810637195274375
14.43,-1.892211634592688,0.73308813696723718
14.44,-1.8848541332986979,0.73818215698393019
14.450000000000001,-1.8774451543591293,0.74339279749068377
14.460000000000001,-1.8699834415981849,0.7487246742641811
14.470000000000001,-1.8624677698058782,0.75418267751271195
14.48,-1.85489685860202,0.7597718940016277
14.49,-1.8472694061297157,0.76549777879895786
14.5,-1.8395839710743576,0.77136607058499629
14.51,-1.8318390982733064,0.77738295408773372
14.52,-1.8240333484760141,0.78355476045724481
14.530000000000001,-1.8161650409427958,0.78988853525461822
14.540000000000001,-1.8082325330415707,0.79639156911186992
14.550000000000001,-1.800234121501568,0.80307159807005835
14.56,-1.7921680041119903,0.80993699612265135
14.57,-1.7840322406321885,0.81699664467481981
14.58,-1.7758248857987848,0.82425995260287777
14.59,-1.7675438341779215,0.83173717552366255
14.6,-1.7591868922651461,0.83943909638228342
14.609999999999999,-1.7507517671585531,0.84737744901274825
14.620000000000001,-1.7422360120395854,0.85556473244738429
14.630000000000001,-1.7336370937674019,0.86401446569546969
14.640000000000001,-1.724952294261517,0.87274116945543678
14.65,-1.7161787806890432,0.88176058725573359
14.66,-1.7073135367505654,0.89108963481865533
14.67,-1.6983533758087204,0.90074679375421784
14.68,-1.6892949370540011,0.91075195171374412
14.69,-1.6801346067577556,0.92112689173421647
14.700000000000001,-1.6708685641745813,0.93189531793066249
14.710000000000001,-1.6614927792897121,0.94308300736371775
14.720000000000001,-1.6520028885944276,0.95471835831491014
14.73,-1.6423942721971037,0.96683239799886334
14.74,-1.6326619787162271,0.97945933719419054
14.75,-1.6228006911996564,0.99263688665353167
14.76,-1.6128046979349775,1.006406774555286
14.77,-1.6026678463955839,1.0208153081471256
14.780000000000001,-1.5923834936765882,1.0359140419456592
14.790000000000001,-1.5819444525073936,1.0517605521411431
14.800000000000001,-1.5713429526838005,1.068419306947334
14.81,-1.5605704812012113,1.0859630735882915
14.82,-1.5496178060756924,1.1044737970690435
14.83,-1.5384747954740599,1.1240447312621518
14.84,-1.5271303260521611,1.1447820803904973
14.85,-1.5155721483964897,1.166807569964762
14.859999999999999,-1.5037866790319516,1.1902616179821777
14.870000000000001,-1.4917588431832347,1.2153069404474455
14.880000000000001,-1.4794718037197325,1.2421334294691575
14.890000000000001,-1.4669066620966786,1.2709643346867587
14.9,-1.4540420884120804,1.3020640562490429
14.91,-1.4408538567509721,1.3357485179468551
14.92,-1.4273142834964101,1.3723986281606686
14.93,-1.413391454577164,1.4124787877122156
14.94,-1.3990483088710448,1.4565615399231362
14.950000000000001,-1.3842413802262861,1.5053622655497865
14.960000000000001,-1.3689191330109209,1.5597883446868981
14.970000000000001,-1.35301971086995,1.621010380087466
14.98,-1.3364678077681127,1.6905685528716758
14.99,-1.3191702287990414,1.7705359682797432
15,-1.3010093378594167,1.8637798976402278
15.01,-1.2818331563333645,1.9743952224099564
15.02,-1.2614396492988666,2.1084644233126348
15.030000000000001,-1.2395505300359184,2.2754731040795519
15.040000000000001,-1.2157647356139027,2.4911595655802152
15.050000000000001,-1.1894686259303404,2.7838561994401485
15.06,-1.159642728242037,3.2106059439055201
15.07,-1.1243766908948956,3.9065767584036251
15.08,-1.0793324909096158,5.2868807187247908
15.09,-1.010436531642259,9.4194537363427813
15.1,-0.79786915121564272,56.772275657847288
15.109999999999999,2.0035599765575598,-0.66347984003766025
15.120000000000001,1.9968953139588739,-0.66827166341832633
15.130000000000001,1.990192626300022,-0.6720372801916723
15.140000000000001,1.9834519277773597,-0.6758725055764182
15.15,1.9766725034841088,-0.67977954946863928
15.16,1.9698536202344785,-0.68376072942446953
15.17,1.9629945487844189,-0.68781843096754558
15.18,1.9560945621461168,-0.69195519366067282
15.19,1.9491527700796871,-0.69617367324544466
15.200000000000001,1.9421683830386915,-0.70047667620146747
15.210000000000001,1.935140512525654,-0.70486709897766409
15.220000000000001,1.9280682682580828,-0.70934801136202297
15.23,1.9209507506461965,-0.71392258320224788
15.24,1.9137870527673559,-0.71859419580545125
15.25,1.9065761120165103,-0.72336639779488932
15.26,1.8993169290434018,-0.7282429554322386
15.27,1.8920084201374752,-0.73322777593128541
15.280000000000001,1.8846495070295513,-0.73832496737393638
15.290000000000001,1.8772390837771276,-0.74353890335560169
15.300000000000001,1.869775893220444,-0.74887420955665462
15.31,1.8622587076588806,-0.75433577922033179
15.32,1.8546862475266714,-0.75992870721508143
15.33,1.8470572105686238,-0.76565845594750259
15.34,1.8393701489829983,-0.77153078309305101
15.35,1.8316236081698669,-0.77755187211932297
15.359999999999999,1.8238161484465802,-0.78372807207427486
15.370000000000001,1.8159460833693597,-0.79006643470213767
15.380000000000001,1.8080117718302637,-0.79657426988834024
15.390000000000001,1.8000115084604575,-0.80325931940963335
15.4,1.791943487099072,-0.81012997900634276
15.41,1.7838057654765946,-0.8171951434315976
15.42,1.7755963970282436,-0.82446423722151574
15.43,1.7673132715480411,-0.83194753970849078
15.44,1.7589541946828906,-0.83965584945295846
15.450000000000001,1.7505168678830936,-0.84760092988417646
15.460000000000001,1.7419988433399916,-0.85579529781763164
15.470000000000001,1.7333975815230955,-0.86425250843772095
15.48,1.7247103629536498,-0.87298710424240267
15.49,1.7159343476958411,-0.88201487165509207
15.5,1.7070665173458266,-0.89135275485577403
15.51,1.698103679121145,-0.90101928108264018
15.52,1.6890424627518283,-0.91103439502540606
15.530000000000001,1.6798792583518605,-0.9214199042120641
15.540000000000001,1.6706102286964206,-0.93219959167886091
15.550000000000001,1.6612313422958607,-0.94339929079987694
15.56,1.6517382243839498,-0.95504747903490039
15.57,1.6421262485888963,-0.96717525639842339
15.58,1.6323904534005722,-0.97981692939678977
15.59,1.6225255114652846,-0.99301031270074303
15.6,1.6125256993230375,-1.0067972537276453
15.610000000000001,1.6023848514485906,-1.0212241957788821
15.620000000000001,1.5920963104195722,-1.0363428496672542
15.630000000000001,1.5816528755250385,-1.0522109595679641
15.640000000000001,1.5710467533587131,-1.0688932391495862
15.65,1.5602694297894375,-1.0864625943353192
15.66,1.5493116239148532,-1.1050014082128898
15.67,1.5381631850878019,-1.1246031652912296
15.68,1.5268129649015034,-1.14537448937412
15.69,1.515248670795404,-1.1674376073299937
15.700000000000001,1.5034566967963801,-1.1909334356372614
15.710000000000001,1.4914219120158747,-1.2160254316179051
15.720000000000001,1.4791274307558369,-1.2429042837954001
15.73,1.4665542910176701,-1.2717942881527795
15.74,1.4536810882207734,-1.3029611243107839
15.75,1.4404835117691766,-1.3367222879230889
15.76,1.4269337652004801,-1.3734607814023136
15.77,1.4129998120061582,-1.4136435963304155
15.780000000000001,1.3986444310711876,-1.4578466978221902
15.790000000000001,1.3838239626569224,-1.5067900414583426
15.800000000000001,1.3684866059008303,-1.5613872839649738
15.81,1.352570185376063,-1.6228175729384131
15.82,1.3359989716961074,-1.6926332710620602
15.83,1.318679186102401,-1.7729255325868247
15.84,1.3004923973741087,-1.866588621763299
15.85,1.2812854850047533,-1.9777602982162246
15.860000000000001,1.2608547150663094,-2.1125940965625452
15.870000000000001,1.2389191587447275,-2.2807007962537247
15.880000000000001,1.2150733556714415,-2.4980580145012707
15.890000000000001,1.1886957457663021,-2.7935042652404318
15.9,1.158750875851158,-3.2253167925264687
15.91,1.1232904227424174,-3.932360633831927
15.92,1.0778591984578401,-5.3451319827262971
15.93,1.0077941445338867,-9.6507668158326947
15.94,0.78126303622605886,-63.244817818045732
15.950000000000001,-2.0033759980576078,0.66419811972712761
15.960000000000001,-1.9967100811913576,0.668375093148732
15.970000000000001,-1.990006350479766,0.67214261050865298
15.98,-1.9832645883433764,0.67597979548938603
15.99,-1.9764840806256145,0.67988886220785294
16,-1.9696640932447913,0.68387213048053253
16.010000000000002,-1.9628038974119633,0.68793198785618359
16.02,-1.9559027657138643,0.69207097727857125
16.030000000000001,-1.9489598050847188,0.69629176120458702
16.039999999999999,-1.9419742247908094,0.70059714682926244
16.050000000000001,-1.9349451368790109,0.70499003526421289
16.059999999999999,-1.9278716499068522,0.70947350007417243
16.07,-1.9207528646449588,0.71405071421961908
16.080000000000002,-1.913587873174486,0.718725064058514
16.09,-1.9063756102116463,0.72350010710548796
16.100000000000001,-1.8991150749138284,0.72837961086323177
16.109999999999999,-1.891805183583245,0.73336748977911992
16.120000000000001,-1.8844448578924951,0.73846785575548179
16.129999999999999,-1.8770329891910285,0.74368509076856548
16.140000000000001,-1.8695683199751361,0.74902382984646698
16.149999999999999,-1.8620496197717737,0.75448896957021083
16.16,-1.854475609794646,0.76008561298839405
16.170000000000002,-1.8468449867874657,0.76581923033808041
16.18,-1.8391562976398332,0.77169559716983904
16.190000000000001,-1.831408087777685,0.77772089635101482
16.199999999999999,-1.8235989060563544,0.78390150365441569
16.210000000000001,-1.8157270871232709,0.79024446479547139
16.219999999999999,-1.8077909705036663,0.79675709500686553
16.23,-1.7997888551187791,0.80344717300543855
16.240000000000002,-1.7917189284133983,0.81032310076478831
16.25,-1.7835792485899411,0.81739378526936879
16.260000000000002,-1.7753679007750289,0.8246686422164049
16.27,-1.7670827002602976,0.83215803083057616
16.280000000000001,-1.7587214872590007,0.8398727374203554
16.289999999999999,-1.7502819573694159,0.84782455383606503
16.300000000000001,-1.7417616619158915,0.85602601520874411
16.309999999999999,-1.7331580549693884,0.86449071278396761
16.32,-1.7244684156316972,0.87323321106990826
16.330000000000002,-1.7156898968950918,0.88226933932356622
16.34,-1.7068194782077595,0.89161607048222613
16.350000000000001,-1.697853960668867,0.90129197734085931
16.359999999999999,-1.688789963628387,0.9113170641738968
16.370000000000001,-1.6796238770559251,0.92171318523096524
16.379999999999999,-1.6703518519734766,0.93250414328982045
16.390000000000001,-1.6609698623448086,0.94371586928462114
16.399999999999999,-1.6514735124004416,0.95537690881821979
16.41,-1.6418581745590493,0.96751845256149871
16.420000000000002,-1.6321188739782599,0.98017488571756517
16.43,-1.6222502738132236,0.99338413245460411
16.440000000000001,-1.6122466386331735,1.0071881594857173
16.449999999999999,-1.602101789912036,1.0216335467137652
16.460000000000001,-1.591809055660373,1.0367721618175549
16.469999999999999,-1.581361221685148,1.0526619178510053
16.48,-1.5707504689710468,1.0693677805965227
16.490000000000002,-1.5599682563113386,1.0869628778734097
16.5,-1.5490053058520845,1.1055298129550795
16.510000000000002,-1.5378514316307135,1.1251624744842976
16.52,-1.5264954511027264,1.145967868407628
16.530000000000001,-1.514925038164662,1.1680686946090253
16.539999999999999,-1.5031265470037158,1.1916064407753846
16.550000000000001,-1.4910848005313726,1.2167452535525451
16.559999999999999,-1.4787828630471349,1.2436766385758558
16.57,-1.4662017088975079,1.2726259432313933
16.580000000000002,-1.4533198584227225,1.3038601345583709
16.59,-1.4401129158895991,1.3376982912004738
16.600000000000001,-1.4265529760784101,1.3745255013542375
16.609999999999999,-1.4126078710233161,1.4148114059348893
16.620000000000001,-1.3982402360015691,1.4591353243743612
16.629999999999999,-1.383406179493005,1.5082220431666358
16.640000000000001,-1.3680536704265076,1.5629913014916983
16.649999999999999,-1.3521202019328933,1.6246309680660496
16.66,-1.3355296058509054,1.6947058173829117
16.670000000000002,-1.3181875211783278,1.7753251228999896
16.68,-1.2999747164608479,1.869410494471182
16.690000000000001,-1.280736914778227,1.9811431846879108
16.699999999999999,-1.2602686767058142,2.1167486217824267
16.710000000000001,-1.238286380643782,2.2859651681011277
16.719999999999999,-1.2143801071319364,2.5050142593891493
16.73,-1.1879202360563883,2.8032520691942322
16.740000000000002,-1.1578549892916952,3.2402239952983987
16.75,-1.1221970272474644,3.9586211278587458
16.760000000000002,-1.0763696470748709,5.4050505693262592
16.77,-1.0050861295893956,9.8947177342100332
16.780000000000001,-0.76269888653573348,70.959534841060588
16.789999999999999,2.00319188998066,-0.66456808380173871
16.800000000000001,1.9965248030740712,-0.66847858491256529
16.809999999999999,1.9898200278497784,-0.67224800401539109
16.82,1.9830772016026905,-0.67608715075275783
16.830000000000002,1.9762956097730648,-0.6799982421559575
16.84,1.9694745175753714,-0.68398360083385812
16.850000000000001,1.962613196648032,-0.68804561620084947
16.859999999999999,1.9557109189064132,-0.69218683477795007
16.870000000000001,1.9487667889504068,-0.69640992538691482
16.879999999999999,1.941780014628016,-0.70071769613817336
16.890000000000001,1.9347497085109981,-0.70511305281958803
16.899999999999999,1.9276749780035667,-0.70959907276971668
16.91,1.9205549242326236,-0.71417893207943883
16.920000000000002,1.9133886379707541,-0.71885602238099511
16.93,1.9061750518610208,-0.72363390961390539
16.940000000000001,1.8989131632871772,-0.72851636278396792
16.949999999999999,1.8916018885417303,-0.73350730360108984
16.960000000000001,1.8842401492454506,-0.73861084779180797
16.969999999999999,1.8768268337040497,-0.74383138598678911
16.98,1.8693606846979707,-0.74917356201190566
16.990000000000002,1.8618404687081043,-0.7546422760846373
17,1.8542649076911304,-0.76024263951456106
17.010000000000002,1.8466326968114088,-0.76598013084333827
17.02,1.8389423787759791,-0.77186054242306867
17.030000000000001,1.8311924985271688,-0.7778900571520273
17.039999999999999,1.82338159296657,-0.78407509210028248
17.050000000000001,1.8155080422014662,-0.79042260393613495
17.059999999999999,1.8075701194000602,-0.79694006298182452
17.07,1.7995661963000078,-0.80363512936367176
17.080000000000002,1.791494361156921,-0.81051632686979447
17.09,1.7833527266046658,-0.81759253567445722
17.100000000000001,1.7751393598599379,-0.82487320120222274
17.109999999999999,1.7668520826899363,-0.83236868411677489
17.120000000000001,1.758488731799946,-0.84008979613668011
17.129999999999999,1.7500469970536601,-0.84804835781563204
17.140000000000001,1.7415244288088776,-0.85625692271607434
17.150000000000002,1.7329184747645818,-0.86472911803347974
17.16,1.7242264125628695,-0.87347953056869787
17.170000000000002,1.7154453881406491,-0.88252403229174503
17.18,1.706572378763173,-0.8918796252068637
17.190000000000001,1.6976041794348236,-0.90156492761002649
17.199999999999999,1.6885373982003449,-0.91160000605429081
17.210000000000001,1.6793684387595464,-0.92200669432709303
17.219999999999999,1.6700934360452784,-0.93280894346770193
17.23,1.6607083163344085,-0.94403278246721156
17.240000000000002,1.6512087466343666,-0.95570667680768839
17.25,1.6415900414156708,-0.96786199657252159
17.260000000000002,1.6318472321629969,-0.98053321785752134
17.27,1.6219749697327661,-0.99375835805597312
17.280000000000001,1.611967507247114,-1.0075795046114344
17.289999999999999,1.6018186530333718,-1.0220433743865041
17.300000000000001,1.5915217205075953,-1.0372019925671223
17.309999999999999,1.5810694819494102,-1.053113441955442
17.32,1.5704540995304428,-1.0698429012024036
17.330000000000002,1.5596670081007356,-1.0874637803211085
17.34,1.5486989209354247,-1.1060589100138596
17.350000000000001,1.5375396073175616,-1.1257225318821109
17.359999999999999,1.5261778577906711,-1.1465620830774872
17.370000000000001,1.514601317103782,-1.1687007153562665
17.379999999999999,1.5027962986848775,-1.1922804943981069
17.390000000000001,1.4907475791382072,-1.2174662587730536
17.400000000000002,1.4784381725322564,-1.2444503362282429
17.41,1.4658489893000117,-1.2734591308158343
17.420000000000002,1.4529584743300832,-1.3047609048922388
17.43,1.439742146309164,-1.3386763309601515
17.440000000000001,1.4261719907126447,-1.3755925956769586
17.449999999999999,1.4122157120264853,-1.4159819661556023
17.460000000000001,1.3978357757305901,-1.4604273306477369
17.469999999999999,1.3829881008499103,-1.5096580262791295
17.48,1.3676203931954025,-1.5646001764737982
17.490000000000002,1.3516698146281896,-1.6264504144452359
17.5,1.3350597652481833,-1.6967859890620978
17.510000000000002,1.3176953004367686,-1.7777343809133741
17.52,1.2994563697637944,-1.8722451311150199
17.530000000000001,1.28018753589513,-1.9845432999333648
17.539999999999999,1.2596816143013434,-2.1209276346840316
17.550000000000001,1.2376522795432348,-2.2912658563968509
17.559999999999999,1.213685080031673,-2.5120279589155743
17.57,1.1871421849202737,-2.8130997159552771
17.580000000000002,1.1569551386852146,-3.2553297096563005
17.59,1.1210965265008925,-3.985368150427095
17.600000000000001,1.0748635791784626,-5.4667002794860222
17.609999999999999,1.0023092518522603,-10.152267711259601
17.620000000000001,0.74179248740881198,-80.243866422512099
17.629999999999999,-2.0030077434944333,0.66478673902709262
17.640000000000001,-1.9963395597860489,0.66858208919432827
17.650000000000002,-1.9896337486541658,0.67235341880905741
17.66,-1.982889854066856,0.6761945195816047
17.670000000000002,-1.9761071783705528,0.68010763920536865
17.68,-1.9692849811726172,0.68409508867453683
17.690000000000001,-1.9624225350669251,0.68815926321640253
17.699999999999999,-1.9555191109914811,0.69230271215432237
17.710000000000001,-1.9485738115730813,0.69652811079955224
17.719999999999999,-1.9415858429910937,0.70083826801205684
17.73,-1.9345543184321947,0.70523609439249668
17.740000000000002,-1.9274783441374694,0.70972467100606595
17.75,-1.9203570215893275,0.71430717710961544
17.760000000000002,-1.9131894399479901,0.71898700982068731
17.77,-1.9059745303724493,0.72376774304781444
17.780000000000001,-1.8987112882013222,0.72865314755087929
17.789999999999999,-1.8913986296946526,0.73364715233065603
17.800000000000001,-1.8840354764279583,0.7387538769394888
17.809999999999999,-1.8766207135802588,0.74397772145214147
17.82,-1.8691530840695709,0.74932333621738623
17.830000000000002,-1.8616313518600554,0.75479562751019602
17.84,-1.8540542392885582,0.76039971379225568
17.850000000000001,-1.8464204394288211,0.76614108274275949
17.859999999999999,-1.8387284919162841,0.77202554217895969
17.870000000000001,-1.8309769407341248,0.77805927588196455
17.879999999999999,-1.8231643275386662,0.78424871287663922
17.890000000000001,-1.8152889808639425,0.79060086028272591
17.900000000000002,-1.8073492506457112,0.79712313472477903
17.91,-1.7993434238743711,0.80382328268893966
17.920000000000002,-1.7912696823599119,0.81070976631916625
17.93,-1.7831260822151476,0.817791510251201
17.940000000000001,-1.7749106982454064,0.82507799018570838
17.949999999999999,-1.7666213420278669,0.83257956381255627
17.960000000000001,-1.7582558526246916,0.84030709579569096
17.969999999999999,-1.7498119105992274,0.84827241426956079
17.98,-1.741287067098592,0.8564880954152887
17.990000000000002,-1.7326787632306528,0.86496780174818233
18,-1.7239842752922949,0.87372614292235296
18.010000000000002,-1.7152007421621887,0.88277903349128917
18.02,-1.7063251388987111,0.89214350486938476
18.030000000000001,-1.6973542544310323,0.90183822081671128
18.039999999999999,-1.6882846873252022,0.91188330437341258
18.050000000000001,-1.6791128222115996,0.9223006420312776
18.059999999999999,-1.6698348243953676,0.93311421186945798
18.07,-1.6604465927325942,0.94435012747524716
18.080000000000002,-1.6509437891472736,0.95603691174884287
18.09,-1.6413217145030554,0.9682060651349802
18.100000000000001,-1.6315753905192278,0.98089210739882537
18.109999999999999,-1.6216994601267516,0.99413317955336122
18.120000000000001,-1.6116881640901042,1.0079714878362986
18.129999999999999,-1.6015352977063653,1.022453887025828
18.140000000000001,-1.5912341597202786,1.0376325603869805
18.150000000000002,-1.5807775088366576,1.053565761478561
18.16,-1.570157484216602,1.0703188931026577
18.170000000000002,-1.5593655082312705,1.0879656074864295
18.18,-1.5483922630778808,1.1065890238693155
18.190000000000001,-1.5372274929652914,1.1262837355927107
18.199999999999999,-1.5258599634696324,1.1471575482191216
18.210000000000001,-1.5142772815904979,1.1693341138692313
18.219999999999999,-1.5024657212448722,1.1929560704388864
18.23,-1.4904100133733309,1.2181889478721775
18.240000000000002,-1.4780931291994825,1.245225904010592
18.25,-1.4654958975976637,1.2742944126010425
18.260000000000002,-1.4525966954680025,1.3056640406316671
18.27,-1.4393709562343699,1.3396570658185694
18.280000000000001,-1.4257905554126002,1.3766627842409322
18.289999999999999,-1.4118230691069289,1.4171561116083109
18.300000000000001,-1.3974307935963537,1.4617235176107271
18.309999999999999,-1.3825694538051507,1.5110989704201683
18.32,-1.3671864944685355,1.5662149843020037
18.330000000000002,-1.3512187436502328,1.6282770619967681
18.34,-1.334589162923822,1.6988750521785492
18.350000000000001,-1.3172022173100724,1.7801549614217229
18.359999999999999,-1.2989370320003151,1.8750944083662657
18.370000000000001,-1.2796369911794894,1.9879631239886733
18.379999999999999,-1.2590931609803826,2.1251339756035916
18.390000000000001,-1.2370164563703951,2.2966065547154151
18.400000000000002,-1.212987827505136,2.5191043734210266
18.41,-1.1863610849663717,2.8230551059668185
18.420000000000002,-1.1560507225991463,3.2706474212095804
18.43,-1.1199881122392479,4.0126326607431615
18.440000000000001,-1.0733395829292325,5.5301959677553807
18.449999999999999,-0.99945787300634614,10.42468032372804
18.460000000000001,-0.71803680006409454,91.545076057979045
18.469999999999999,2.0028234751045093,-0.66493965601987104
18.48,1.9961542120332074,-0.66868569504079145
18.490000000000002,1.9894473469801617,-0.6724589224105515
18.5,1.9827023910790063,-0.67630199703479876
18.510000000000002,1.975918629645149,-0.68021714266253808
18.52,1.9690953263718352,-0.68420668714433219
18.530000000000001,1.9622317537652598,-0.68827302377276345
18.539999999999999,1.9553271816865825,-0.69241870664410798
18.550000000000001,1.9483807114509377,-0.69664641637790814
18.559999999999999,1.9413915474103407,-0.70095896342691955
18.57,1.9343588031449839,-0.70535926299430884
18.580000000000002,1.9272815837696631,-0.70985039994771282
18.59,1.9201589911123029,-0.71443555669227587
18.600000000000001,1.9129901124247943,-0.71911813605620989
18.609999999999999,1.9057738779544828,-0.7239017194709968
18.620000000000001,1.8985092807312431,-0.72879007970158338
18.629999999999999,1.8911952369582947,-0.73378715307413067
18.640000000000001,1.8838306681721575,-0.73889706297103164
18.650000000000002,1.8764144565645793,-0.74412421942695106
18.66,1.8689453446452493,-0.7494732776925972
18.670000000000002,1.8614220945130668,-0.7549491520664372
18.68,1.8538434285810903,-0.7605569671550052
18.690000000000001,1.8462080373816609,-0.76630222054220898
18.699999999999999,1.8385144584425626,-0.77219073435314156
18.710000000000001,1.8307612343815944,-0.77822869399196626
18.719999999999999,1.8229469137374883,-0.78442252929556977
18.73,1.8150698082264243,-0.79077929810765923
18.740000000000002,1.8071282689401251,-0.79730639423913396
18.75,1.7991205850363308,-0.80401158972265008
18.760000000000002,1.7910449335225684,-0.81090336268553775
18.77,1.7828993706377452,-0.81799064854795234
18.780000000000001,1.7746819649774097,-0.82528294270876723
18.789999999999999,1.7663905282084797,-0.8327906412496856
18.800000000000001,1.7580228950960728,-0.84052459606775076
18.809999999999999,1.7495767436210994,-0.84849668148667812
18.82,1.7410496224090495,-0.85671948941471232
18.830000000000002,1.7324389664212927,-0.8652067185455844
18.84,1.7237420503039622,-0.87397300116965371
18.850000000000001,1.7149560060733122,-0.88303429394460331
18.859999999999999,1.706077835611751,-0.89240763068166107
18.870000000000001,1.6971042577748967,-0.90211178386442736
18.879999999999999,1.6880319224887768,-0.91216683340841387
18.890000000000001,1.6788571795623919,-0.92259483126200625
18.900000000000002,1.6695761799989566,-0.9334197464115872
18.91,1.6601848352096618,-0.94466775105332557
18.920000000000002,1.6506787938825653,-0.95636746034494291
18.93,1.6410533460332035,-0.96855046223946684
18.940000000000001,1.6313035039146322,-0.98125135094753169
18.949999999999999,1.6214239018059882,-0.99450838440878098
18.960000000000001,1.6114087681683529,-1.008363886996628
18.969999999999999,1.6012518852070536,-1.0228648520233377
18.98,1.5909465369560882,-1.0380636214011218
18.990000000000002,1.5804854685018652,-1.0540186203199893
19,1.5698607973231673,-1.0707954850209289
19.010000000000002,1.5590639286937624,-1.088468088694172
19.02,1.5480855144683059,-1.1071198832234037
19.030000000000001,1.5369152857233239,-1.1268457365488462
19.039999999999999,1.525541966426988,-1.147753897394149
19.050000000000001,1.5139531340128611,-1.1699684972215603
19.059999999999999,1.5021350210981579,-1.1936327504073894
19.07,1.4900723158599798,-1.2189128617607947
19.080000000000002,1.4777479317047439,-1.2460028732119273
19.09,1.4651426350918122,-1.2751313133498348
19.100000000000001,1.4522347287747095,-1.3065690289390768
19.109999999999999,1.4389995665258926,-1.3406399201479069
19.120000000000001,1.425408897287062,-1.3777354414931469
19.129999999999999,1.4114301758843828,-1.4183331555026655
19.140000000000001,1.3970255321592606,-1.4630231336354325
19.150000000000002,1.3821504885114155,-1.5125440333958848
19.16,1.3667522306890483,-1.5678348042216739
19.170000000000002,1.3507672501006656,-1.6301099037879994
19.18,1.3341180705084221,-1.7009718515851331
19.190000000000001,1.316708549970053,-1.7825855159081669
19.199999999999999,1.2984169928254639,-1.8779568627880368
19.210000000000001,1.279085598701001,-1.9914007120189285
19.219999999999999,1.2585036415096427,-2.1293655128467202
19.23,1.2363792615012925,-2.301984696113196
19.240000000000002,1.2122887283275285,-2.5262403421318327
19.25,1.1855773490956321,-2.8331143671025796
19.260000000000002,1.1551421943256743,-3.2861729732144105
19.27,1.1188722704869773,-4.0404142126841123
19.280000000000001,1.0717980055881491,-5.595583518917274
19.289999999999999,0.99652933370806385,-10.713024608510693
19.300000000000001,0.69080776035576696,-105.45722779754573
19.309999999999999,-2.0026392015229413,0.66506387915870824
19.32,-1.9959688344294531,0.66878936173710368
19.330000000000002,-1.9892609146253166,0.67256448670514801
19.34,-1.9825148941076807,0.67640953112684499
19.350000000000001,-1.9757300465636036,0.68032670591787781
19.359999999999999,-1.9689056365989965,0.68431834692429949
19.370000000000001,-1.9620409369232266,0.68838684766171399
19.379999999999999,-1.9551352160707975,0.69253476660392677
19.390000000000001,-1.9481875743870225,0.69676478966097943
19.400000000000002,-1.9411972141917553,0.70107972882969694
19.41,-1.9341632495030903,0.70548250400704227
19.420000000000002,-1.9270847843058743,0.70997620383506943
19.43,-1.9199609207718207,0.7145640138954209
19.440000000000001,-1.9127907439543512,0.71924934293472709
19.449999999999999,-1.9055731837477738,0.72403577947249254
19.460000000000001,-1.8983072306183506,0.72892709851700166
19.469999999999999,-1.8909918006883293,0.73392724375577578
19.48,-1.883625815461224,0.73904034240215732
19.490000000000002,-1.876208154139543,0.74427081442942034
19.5,-1.8687375588119943,0.74962332004386378
19.510000000000002,-1.8612127897215598,0.75510278156456967
19.52,-1.8536325693497655,0.760714329780248
19.530000000000001,-1.8459955852255692,0.7664634725922006
19.539999999999999,-1.8383003736492014,0.77235604557900372
19.550000000000001,-1.8305454754932791,0.7783982362550218
19.559999999999999,-1.8227294388252226,0.78459648379875657
19.57,-1.8148505728722799,0.79095787813454044
19.580000000000002,-1.8069072230492069,0.79748980157398475
19.59,-1.7988976805091372,0.80420005143793938
19.600000000000001,-1.7908201174066924,0.81109712091075992
19.609999999999999,-1.7826725901085247,0.81818995646448267
19.620000000000001,-1.7744531628017239,0.82548807766001475
19.629999999999999,-1.7661596431100255,0.83300190176317768
19.640000000000001,-1.7577898651870505,0.84074229019186519
19.650000000000002,-1.7493415022815682,0.84872115265664994
19.66,-1.7408121013120526,0.8569510983937334
19.670000000000002,-1.7321990909849792,0.86544586198872853
19.68,-1.7234997443374631,0.87422009874505235
19.690000000000001,-1.7147111878199577,0.88328980367815302
19.699999999999999,-1.7058304135601476,0.8926720576300271
19.710000000000001,-1.6968541560295551,0.90238563362669932
19.719999999999999,-1.6877790150795793,0.91245076075999032
19.73,-1.678601371348813,0.92288941936534441
19.740000000000002,-1.6693173732922746,0.93372569182926912
19.75,-1.6599229082431157,0.94498582404123022
19.760000000000002,-1.650413622025503,0.95669849052307587
19.77,-1.6407847946064782,0.96889536732923509
19.780000000000001,-1.6310314293868036,0.98161113840467173
19.789999999999999,-1.6211481498204063,0.99488417076314362
19.800000000000001,-1.6111291725105081,1.008756909442043
19.809999999999999,-1.600968266439794,1.0232764865995909
19.82,-1.5906587008925013,1.0384954035440481
19.830000000000002,-1.5801932072849239,1.0544722580360453
19.84,-1.5695638813596946,1.0712729202225379
19.850000000000001,-1.5587621111877923,1.0889714861309752
19.859999999999999,-1.5477785146637091,1.1076517515803428
19.870000000000001,-1.5366028070348294,1.1274088415573094
19.879999999999999,-1.525223688310654,1.148351465094493
19.890000000000001,-1.5136286921420958,1.1706042250136328
19.900000000000002,-1.5018040123258449,1.1943109180952778
19.91,-1.4897342937893636,1.2196384304215568
19.920000000000002,-1.4774023856989857,1.2467817336719627
19.93,-1.464789013874902,1.2759702729187721
19.940000000000001,-1.4518723868613204,1.3074763231217614
19.949999999999999,-1.4386277618844083,1.3416254867132271
19.960000000000001,-1.4250268039060401,1.3788111473971092
19.969999999999999,-1.4110368140261567,1.4195137638269058
19.98,-1.3966197626278742,1.4643269263869176
19.990000000000002,-1.3817309685339891,1.5139940490695192
20,-1.3663173565256783,1.5694605757764606
