x,u,up,v,vp
0,48.53208478977485,0,48.53208478977485,0
0.00025,48.5320874258166,0.02108832637984611,48.5320874258166,0.02108832637984611
0.0005,48.53209533393425,0.04217660730315351,48.53209533393425,0.04217660730315351
0.00075,48.53210851411649,0.06326484312864682,48.53210851411649,0.06326484312864682
0.001,48.53212696635208,0.08435303421505976,48.53212696635208,0.08435303421505976
0.00125,48.53215069062989,0.1054411809211349,48.53215069062989,0.1054411809211349
0.0015,48.53217968693887,0.1265292836056237,48.53217968693887,0.1265292836056237
0.00175,48.53221395526806,0.1476173426272859,48.53221395526806,0.1476173426272859
0.002,48.53225349560658,0.1687053583448897,48.53225349560658,0.1687053583448897
0.00225,48.53229830794365,0.1897933311172114,48.53229830794365,0.1897933311172114
0.0025,48.53234839226858,0.2108812613030353,48.53234839226858,0.2108812613030353
0.002750000000000001,48.53240374857078,0.2319691492611534,48.53240374857078,0.2319691492611534
0.003000000000000001,48.53246437683973,0.2530569953503654,48.53246437683973,0.2530569953503654
0.003250000000000001,48.532530277065,0.274144799929478,48.532530277065,0.274144799929478
0.003500000000000001,48.53260144923627,0.2952325633573055,48.53260144923627,0.2952325633573055
0.003750000000000002,48.53267789334328,0.316320285992669,48.53267789334328,0.316320285992669
0.004000000000000002,48.53275960937589,0.3374079681943964,48.53275960937589,0.3374079681943964
0.004250000000000002,48.53284659732404,0.3584956103213223,48.53284659732404,0.3584956103213223
0.004500000000000002,48.53293885717775,0.3795832127322876,48.53293885717775,0.3795832127322876
0.004750000000000002,48.53303638892713,0.4006707757861394,48.53303638892713,0.4006707757861394
0.005000000000000003,48.53313919256239,0.421758299841731,48.53313919256239,0.421758299841731
0.005250000000000003,48.53324726807384,0.4428457852579215,48.53324726807384,0.4428457852579215
0.005500000000000003,48.53336061545183,0.4639332323935754,48.53336061545183,0.4639332323935754
0.005750000000000003,48.53347923468687,0.4850206416075629,48.53347923468687,0.4850206416075629
0.006000000000000004,48.53360312576951,0.5061080132587595,48.53360312576951,0.5061080132587595
0.006250000000000004,48.5337322886904,0.5271953477060457,48.5337322886904,0.5271953477060457
0.006500000000000004,48.53386672344029,0.5482826453083068,48.53386672344029,0.5482826453083068
0.006750000000000004,48.53400643001002,0.5693699064244331,48.53400643001002,0.5693699064244331
0.007000000000000004,48.53415140839049,0.5904571314133189,48.53415140839049,0.5904571314133189
0.007250000000000005,48.53430165857274,0.6115443206338632,48.53430165857274,0.6115443206338632
0.007500000000000005,48.53445718054785,0.632631474444969,48.53445718054785,0.632631474444969
0.007750000000000005,48.53461797430704,0.6537185932055433,48.53461797430704,0.6537185932055433
0.008000000000000005,48.53478403984157,0.6748056772744966,48.53478403984157,0.6748056772744966
0.008250000000000006,48.53495537714281,0.6958927270107432,48.53495537714281,0.6958927270107432
0.008500000000000006,48.53513198620225,0.7169797427732009,48.53513198620225,0.7169797427732009
0.008750000000000006,48.5353138670114,0.7380667249207901,48.5353138670114,0.7380667249207901
0.009000000000000006,48.53550101956193,0.7591536738124347,48.53550101956193,0.7591536738124347
0.009250000000000006,48.53569344384557,0.7802405898070611,48.53569344384557,0.7802405898070611
0.009500000000000007,48.53589113985412,0.8013274732635984,48.53589113985412,0.8013274732635984
0.009750000000000007,48.53609410757952,0.8224143245409782,48.53609410757952,0.8224143245409782
0.01000000000000001,48.53630234701374,0.843501143998134,48.53630234701374,0.843501143998134
0.01025000000000001,48.5365158581489,0.8645879319940016,48.5365158581489,0.8645879319940016
0.01050000000000001,48.53673464097715,0.8856746888875185,48.53673464097715,0.8856746888875185
0.01075000000000001,48.53695869549078,0.9067614150376239,48.53695869549078,0.9067614150376239
0.01100000000000001,48.53718802168214,0.9278481108032582,48.53718802168214,0.9278481108032582
0.01125000000000001,48.53742261954368,0.9489347765433636,48.53742261954368,0.9489347765433636
0.01150000000000001,48.53766248906794,0.9700214126168827,48.53766248906794,0.9700214126168827
0.01175000000000001,48.53790763024755,0.9911080193827594,48.53790763024755,0.9911080193827594
0.01200000000000001,48.53815804307522,1.012194597199938,48.53815804307522,1.012194597199938
0.01225000000000001,48.53841372754377,1.033281146427364,48.53841372754377,1.033281146427364
0.01250000000000001,48.53867468364609,1.054367667423981,48.53867468364609,1.054367667423981
0.01275000000000001,48.53894091137516,1.075454160548737,48.53894091137516,1.075454160548737
0.01300000000000001,48.53921241072406,1.096540626160575,48.53921241072406,1.096540626160575
0.01325000000000001,48.53948918168597,1.117627064618441,48.53948918168597,1.117627064618441
0.01350000000000001,48.53977122425414,1.138713476281279,48.53977122425414,1.138713476281279
0.01375000000000001,48.54005853842191,1.159799861508033,48.54005853842191,1.159799861508033
0.01400000000000001,48.54035112418272,1.180886220657646,48.54035112418272,1.180886220657646
0.01425000000000001,48.5406489815301,1.20197255408906,48.5406489815301,1.20197255408906
0.01450000000000001,48.54095211045765,1.223058862161216,48.54095211045765,1.223058862161216
0.01475000000000001,48.54126051095909,1.244145145233052,48.54126051095909,1.244145145233052
0.01500000000000001,48.54157418302821,1.265231403663507,48.54157418302821,1.265231403663507
0.01525000000000001,48.5418931266589,1.286317637811517,48.5418931266589,1.286317637811517
0.01550000000000001,48.54221734184512,1.307403848036015,48.54221734184512,1.307403848036015
0.01575000000000001,48.54254682858095,1.328490034695932,48.54254682858095,1.328490034695932
0.01600000000000001,48.54288158686054,1.349576198150199,48.54288158686054,1.349576198150199
0.01625000000000001,48.54322161667812,1.370662338757742,48.54322161667812,1.370662338757742
0.01650000000000001,48.54356691802804,1.391748456877484,48.54356691802804,1.391748456877484
0.01675000000000001,48.54391749090472,1.412834552868347,48.54391749090472,1.412834552868347
0.01700000000000001,48.54427333530266,1.433920627089249,48.54427333530266,1.433920627089249
0.01725000000000001,48.54463445121648,1.455006679899103,48.54463445121648,1.455006679899103
0.01750000000000001,48.54500083864086,1.476092711656822,48.54500083864086,1.476092711656822
0.01775000000000001,48.54537249757058,1.497178722721312,48.54537249757058,1.497178722721312
0.01800000000000001,48.54574942800053,1.518264713451476,48.54574942800053,1.518264713451476
0.01825000000000001,48.54613162992565,1.539350684206214,48.54613162992565,1.539350684206214
0.01850000000000001,48.546519103341,1.560436635344421,48.546519103341,1.560436635344421
0.01875000000000001,48.54691184824172,1.581522567224987,48.54691184824172,1.581522567224987
0.01900000000000001,48.54730986462304,1.602608480206798,48.54730986462304,1.602608480206798
0.01925000000000001,48.54771315248028,1.623694374648735,48.54771315248028,1.623694374648735
0.01950000000000001,48.54812171180885,1.644780250909673,48.54812171180885,1.644780250909673
0.01975000000000001,48.54853554260425,1.665866109348484,48.54853554260425,1.665866109348484
0.02000000000000001,48.54895464486207,1.686951950324032,48.54895464486207,1.686951950324032
0.02025000000000001,48.54937901857799,1.708037774195177,48.54937901857799,1.708037774195177
0.02050000000000001,48.54980866374777,1.729123581320773,48.54980866374777,1.729123581320773
0.02075000000000001,48.55024358036728,1.750209372059667,48.55024358036728,1.750209372059667
0.02100000000000002,48.55068376843246,1.7712951467707,48.55068376843246,1.7712951467707
0.02125000000000002,48.55112922793936,1.792380905812709,48.55112922793936,1.792380905812709
0.02150000000000002,48.55157995888409,1.813466649544521,48.55157995888409,1.813466649544521
0.02175000000000002,48.55203596126288,1.834552378324958,48.55203596126288,1.834552378324958
0.02200000000000002,48.55249723507204,1.855638092512836,48.55249723507204,1.855638092512836
0.02225000000000002,48.55296378030796,1.87672379246696,48.55296378030796,1.87672379246696
0.02250000000000002,48.55343559696712,1.897809478546133,48.55343559696712,1.897809478546133
0.02275000000000002,48.55391268504611,1.918895151109146,48.55391268504611,1.918895151109146
0.02300000000000002,48.55439504454158,1.939980810514785,48.55439504454158,1.939980810514785
0.02325000000000002,48.55488267545029,1.961066457121826,48.55488267545029,1.961066457121826
0.02350000000000002,48.5553755777691,1.982152091289039,48.5553755777691,1.982152091289039
0.02375000000000002,48.55587375149493,2.003237713375184,48.55587375149493,2.003237713375184
0.02400000000000002,48.55637719662481,2.024323323739013,48.55637719662481,2.024323323739013
0.02425000000000002,48.55688591315585,2.045408922739271,48.55688591315585,2.045408922739271
0.02450000000000002,48.55739990108526,2.066494510734691,48.55739990108526,2.066494510734691
0.02475000000000002,48.55791916041033,2.087580088083999,48.55791916041033,2.087580088083999
0.02500000000000002,48.55844369112845,2.108665655145912,48.55844369112845,2.108665655145912
0.02525000000000002,48.55897349323708,2.129751212279135,48.55897349323708,2.129751212279135
0.02550000000000002,48.55950856673379,2.150836759842368,48.55950856673379,2.150836759842368
0.02575000000000002,48.56004891161624,2.171922298194296,48.56004891161624,2.171922298194296
0.02600000000000002,48.56059452788215,2.193007827693597,48.56059452788215,2.193007827693597
0.02625000000000002,48.56114541552937,2.214093348698939,48.56114541552937,2.214093348698939
0.02650000000000002,48.56170157455583,2.235178861568977,48.56170157455583,2.235178861568977
0.02675000000000002,48.56226300495951,2.256264366662359,48.56226300495951,2.256264366662359
0.02700000000000002,48.56282970673854,2.27734986433772,48.56282970673854,2.27734986433772
0.02725000000000002,48.56340167989109,2.298435354953684,48.56340167989109,2.298435354953684
0.02750000000000002,48.56397892441546,2.319520838868865,48.56397892441546,2.319520838868865
0.02775000000000002,48.56456144031,2.340606316441864,48.56456144031,2.340606316441864
0.02800000000000002,48.56514922757318,2.361691788031271,48.56514922757318,2.361691788031271
0.02825000000000002,48.56574228620354,2.382777253995666,48.56574228620354,2.382777253995666
0.02850000000000002,48.56634061619974,2.403862714693616,48.56634061619974,2.403862714693616
0.02875000000000002,48.56694421756048,2.424948170483674,48.56694421756048,2.424948170483674
0.02900000000000002,48.5675530902846,2.446033621724383,48.5675530902846,2.446033621724383
0.02925000000000002,48.568167234371,2.467119068774272,48.568167234371,2.467119068774272
0.02950000000000002,48.56878664981867,2.48820451199186,48.56878664981867,2.48820451199186
0.02975000000000002,48.5694113366267,2.50928995173565,48.5694113366267,2.50928995173565
0.03000000000000002,48.57004129479427,2.530375388364134,48.57004129479427,2.530375388364134
0.03025000000000002,48.57067652432065,2.551460822235789,48.57067652432065,2.551460822235789
0.03050000000000002,48.57131702520519,2.57254625370908,48.57131702520519,2.57254625370908
0.03075000000000002,48.57196279744733,2.593631683142459,48.57196279744733,2.593631683142459
0.03100000000000002,48.57261384104662,2.614717110894361,48.57261384104662,2.614717110894361
0.03125000000000002,48.57327015600267,2.63580253732321,48.57327015600267,2.63580253732321
0.03150000000000002,48.5739317423152,2.656887962787415,48.5739317423152,2.656887962787415
0.03175000000000002,48.57459859998401,2.677973387645371,48.57459859998401,2.677973387645371
0.03200000000000002,48.57527072900901,2.699058812255456,48.57527072900901,2.699058812255456
0.03225000000000002,48.57594812939016,2.720144236976037,48.57594812939016,2.720144236976037
0.03250000000000002,48.57663080112754,2.741229662165463,48.57663080112754,2.741229662165463
0.03275000000000002,48.57731874422131,2.76231508818207,48.57731874422131,2.76231508818207
0.03300000000000002,48.57801195867172,2.783400515384176,48.57801195867172,2.783400515384176
0.03325000000000002,48.57871044447913,2.804485944130087,48.57871044447913,2.804485944130087
0.03350000000000002,48.57941420164395,2.82557137477809,48.57941420164395,2.82557137477809
0.03375000000000002,48.58012323016671,2.846656807686458,48.58012323016671,2.846656807686458
0.03400000000000002,48.58083753004801,2.867742243213447,48.58083753004801,2.867742243213447
0.03425000000000002,48.58155710128856,2.888827681717298,48.58155710128856,2.888827681717298
0.03450000000000002,48.58228194388914,2.909913123556234,48.58228194388914,2.909913123556234
0.03475000000000002,48.58301205785065,2.930998569088462,48.58301205785065,2.930998569088462
0.03500000000000002,48.58374744317403,2.952084018672172,48.58374744317403,2.952084018672172
0.03525000000000002,48.58448809986034,2.973169472665537,48.58448809986034,2.973169472665537
0.03550000000000002,48.58523402791075,2.994254931426713,48.58523402791075,2.994254931426713
0.03575000000000002,48.58598522732648,3.015340395313838,48.58598522732648,3.015340395313838
0.03600000000000003,48.58674169810887,3.036425864685033,48.58674169810887,3.036425864685033
0.03625000000000003,48.58750344025931,3.0575113398984,48.58750344025931,3.0575113398984
0.03650000000000003,48.58827045377933,3.078596821312026,48.58827045377933,3.078596821312026
0.03675000000000003,48.58904273867051,3.099682309283976,48.58904273867051,3.099682309283976
0.03700000000000003,48.58982029493455,3.120767804172299,48.58982029493455,3.120767804172299
0.03725000000000003,48.59060312257321,3.141853306335024,48.59060312257321,3.141853306335024
0.03750000000000003,48.59139122158835,3.162938816130163,48.59139122158835,3.162938816130163
0.03775000000000003,48.59218459198194,3.184024333915708,48.59218459198194,3.184024333915708
0.03800000000000003,48.59298323375601,3.205109860049632,48.59298323375601,3.205109860049632
0.03825000000000003,48.59378714691269,3.226195394889888,48.59378714691269,3.226195394889888
0.03850000000000003,48.59459633145421,3.247280938794411,48.59459633145421,3.247280938794411
0.03875000000000003,48.59541078738287,3.268366492121114,48.59541078738287,3.268366492121114
0.03900000000000003,48.59623051470108,3.289452055227893,48.59623051470108,3.289452055227893
0.03925000000000003,48.59705551341133,3.310537628472622,48.59705551341133,3.310537628472622
0.03950000000000003,48.59788578351619,3.331623212213155,48.59788578351619,3.331623212213155
0.03975000000000003,48.59872132501834,3.352708806807325,48.59872132501834,3.352708806807325
0.04000000000000003,48.59956213792053,3.373794412612947,48.59956213792053,3.373794412612947
0.04025000000000003,48.60040822222561,3.394880029987811,48.60040822222561,3.394880029987811
0.04050000000000003,48.60125957793652,3.415965659289691,48.60125957793652,3.415965659289691
0.04075000000000003,48.60211620505628,3.437051300876334,48.60211620505628,3.437051300876334
0.04100000000000003,48.60297810358801,3.458136955105471,48.60297810358801,3.458136955105471
0.04125000000000003,48.60384527353492,3.479222622334807,48.60384527353492,3.479222622334807
0.04150000000000003,48.60471771490029,3.500308302922029,48.60471771490029,3.500308302922029
0.04175000000000003,48.60559542768752,3.521393997224799,48.60559542768752,3.521393997224799
0.04200000000000003,48.60647841190008,3.542479705600759,48.60647841190008,3.542479705600759
0.04225000000000003,48.60736666754153,3.563565428407528,48.60736666754153,3.563565428407528
0.04250000000000003,48.60826019461552,3.584651166002701,48.60826019461552,3.584651166002701
0.04275000000000003,48.60915899312579,3.605736918743851,48.60915899312579,3.605736918743851
0.04300000000000003,48.61006306307618,3.626822686988531,48.61006306307618,3.626822686988531
0.04325000000000003,48.6109724044706,3.647908471094267,48.6109724044706,3.647908471094267
0.04350000000000003,48.61188701731307,3.668994271418563,48.61188701731307,3.668994271418563
0.04375000000000003,48.61280690160769,3.690080088318901,48.61280690160769,3.690080088318901
0.04400000000000003,48.61373205735865,3.711165922152736,48.61373205735865,3.711165922152736
0.04425000000000003,48.61466248457021,3.732251773277503,48.61466248457021,3.732251773277503
0.04450000000000003,48.61559818324675,3.753337642050611,48.61559818324675,3.753337642050611
0.04475000000000003,48.61653915339274,3.774423528829443,48.61653915339274,3.774423528829443
0.04500000000000003,48.6174853950127,3.795509433971362,48.6174853950127,3.795509433971362
0.04525000000000003,48.61843690811128,3.816595357833703,48.61843690811128,3.816595357833703
0.04550000000000003,48.61939369269321,3.837681300773776,48.61939369269321,3.837681300773776
0.04575000000000003,48.62035574876329,3.858767263148869,48.62035574876329,3.858767263148869
0.04600000000000003,48.62132307632643,3.879853245316241,48.62132307632643,3.879853245316241
0.04625000000000003,48.62229567538762,3.90093924763313,48.62229567538762,3.90093924763313
0.04650000000000003,48.62327354595195,3.922025270456744,48.62327354595195,3.922025270456744
0.04675000000000003,48.62425668802458,3.943111314144268,48.62425668802458,3.943111314144268
0.04700000000000003,48.62524510161079,3.96419737905286,48.62524510161079,3.96419737905286
0.04725000000000004,48.62623878671591,3.985283465539653,48.62623878671591,3.985283465539653
0.04750000000000004,48.62723774334538,4.006369573961752,48.62723774334538,4.006369573961752
0.04775000000000004,48.62824197150474,4.027455704676237,48.62824197150474,4.027455704676237
0.04800000000000004,48.62925147119961,4.048541858040162,48.62925147119961,4.048541858040162
0.04825000000000004,48.63026624243568,4.069628034410551,48.63026624243568,4.069628034410551
0.04850000000000004,48.63128628521876,4.090714234144404,48.63128628521876,4.090714234144404
0.04875000000000004,48.63231159955473,4.111800457598692,48.63231159955473,4.111800457598692
0.04900000000000004,48.63334218544957,4.132886705130359,48.63334218544957,4.132886705130359
0.04925000000000004,48.63437804290934,4.153972977096323,48.63437804290934,4.153972977096323
0.04950000000000004,48.63541917194019,4.175059273853472,48.63541917194019,4.175059273853472
0.04975000000000004,48.63646557254836,4.196145595758666,48.63646557254836,4.196145595758666
0.05000000000000004,48.63751724474019,4.217231943168739,48.63751724474019,4.217231943168739
0.05025000000000004,48.6385741885221,4.238318316440494,48.6385741885221,4.238318316440494
0.05050000000000004,48.6396364039006,4.259404715930708,48.6396364039006,4.259404715930708
0.05075000000000004,48.64070389088228,4.280491141996126,48.64070389088228,4.280491141996126
0.05100000000000004,48.64177664947384,4.301577594993469,48.64177664947384,4.301577594993469
0.05125000000000004,48.64285467968205,4.322664075279423,48.64285467968205,4.322664075279423
0.05150000000000004,48.64393798151379,4.34375058321065,48.64393798151379,4.34375058321065
0.05175000000000004,48.64502655497599,4.36483711914378,48.64502655497599,4.36483711914378
0.05200000000000004,48.64612040007572,4.385923683435411,48.64612040007572,4.385923683435411
0.05225000000000004,48.6472195168201,4.407010276442116,48.6472195168201,4.407010276442116
0.05250000000000004,48.64832390521637,4.428096898520435,48.64832390521637,4.428096898520435
0.05275000000000004,48.64943356527181,4.449183550026878,48.64943356527181,4.449183550026878
0.05300000000000004,48.65054849699386,4.470270231317925,48.65054849699386,4.470270231317925
0.05325000000000004,48.65166870038998,4.491356942750025,48.65166870038998,4.491356942750025
0.05350000000000004,48.65279417546778,4.512443684679598,48.65279417546778,4.512443684679598
0.05375000000000004,48.6539249222349,4.533530457463029,48.6539249222349,4.533530457463029
0.05400000000000004,48.65506094069911,4.554617261456676,48.65506094069911,4.554617261456676
0.05425000000000004,48.65620223086825,4.575704097016865,48.65620223086825,4.575704097016865
0.05450000000000004,48.65734879275028,4.596790964499887,48.65734879275028,4.596790964499887
0.05475000000000004,48.6585006263532,4.617877864262006,48.6585006263532,4.617877864262006
0.05500000000000004,48.65965773168513,4.63896479665945,48.65965773168513,4.63896479665945
0.05525000000000004,48.66082010875428,4.660051762048417,48.66082010875428,4.660051762048417
0.05550000000000004,48.66198775756894,4.681138760785074,48.66198775756894,4.681138760785074
0.05575000000000004,48.66316067813748,4.702225793225551,48.66316067813748,4.702225793225551
0.05600000000000004,48.66433887046838,4.723312859725951,48.66433887046838,4.723312859725951
0.05625000000000004,48.66552233457021,4.74439996064234,48.66552233457021,4.74439996064234
0.05650000000000004,48.6667110704516,4.765487096330753,48.6667110704516,4.765487096330753
0.05675000000000004,48.6679050781213,4.786574267147191,48.6679050781213,4.786574267147191
0.05700000000000004,48.66910435758813,4.807661473447622,48.66910435758813,4.807661473447622
0.05725000000000004,48.67030890886101,4.82874871558798,48.67030890886101,4.82874871558798
0.05750000000000004,48.67151873194894,4.849835993924165,48.67151873194894,4.849835993924165
0.05775000000000004,48.67273382686102,4.870923308812044,48.67273382686102,4.870923308812044
0.05800000000000004,48.67395419360643,4.892010660607449,48.67395419360643,4.892010660607449
0.05825000000000004,48.67517983219443,4.913098049666178,48.67517983219443,4.913098049666178
0.05850000000000005,48.6764107426344,4.934185476343994,48.6764107426344,4.934185476343994
0.05875000000000005,48.67764692493577,4.955272940996626,48.67764692493577,4.955272940996626
0.05900000000000005,48.67888837910809,4.976360443979768,48.67888837910809,4.976360443979768
0.05925000000000005,48.68013510516099,4.997447985649079,48.68013510516099,4.997447985649079
0.05950000000000005,48.68138710310417,5.018535566360182,48.68138710310417,5.018535566360182
0.05975000000000005,48.68264437294745,5.039623186468665,48.68264437294745,5.039623186468665
0.06000000000000005,48.68390691470072,5.060710846330081,48.68390691470072,5.060710846330081
0.06025000000000005,48.68517472837396,5.081798546299945,48.68517472837396,5.081798546299945
0.06050000000000005,48.68644781397724,5.102886286733739,48.68644781397724,5.102886286733739
0.06075000000000005,48.68772617152072,5.123974067986906,48.68772617152072,5.123974067986906
0.06100000000000005,48.68900980101466,5.145061890414856,48.68900980101466,5.145061890414856
0.06125000000000005,48.69029870246939,5.166149754372959,48.69029870246939,5.166149754372959
0.06150000000000005,48.69159287589534,5.18723766021655,48.69159287589534,5.18723766021655
0.06175000000000005,48.69289232130302,5.208325608300926,48.69289232130302,5.208325608300926
0.06200000000000005,48.69419703870304,5.229413598981349,48.69419703870304,5.229413598981349
0.06225000000000005,48.69550702810609,5.250501632613041,48.69550702810609,5.250501632613041
0.06250000000000004,48.69682228952295,5.271589709551188,48.69682228952295,5.271589709551188
0.06275000000000004,48.6981428229645,5.292677830150939,48.6981428229645,5.292677830150939
0.06300000000000004,48.69946862844169,5.313765994767405,48.69946862844169,5.313765994767405
0.06325000000000004,48.70079970596558,5.334854203755655,48.70079970596558,5.334854203755655
0.06350000000000004,48.7021360555473,5.355942457470726,48.7021360555473,5.355942457470726
0.06375000000000004,48.70347767719807,5.377030756267613,48.70347767719807,5.377030756267613
0.06400000000000004,48.70482457092922,5.398119100501272,48.70482457092922,5.398119100501272
0.06425000000000004,48.70617673675214,5.419207490526621,48.70617673675214,5.419207490526621
0.06450000000000004,48.70753417467833,5.440295926698541,48.70753417467833,5.440295926698541
0.06475000000000004,48.70889688471937,5.461384409371871,48.70889688471937,5.461384409371871
0.06500000000000004,48.71026486688692,5.482472938901412,48.71026486688692,5.482472938901412
0.06525000000000004,48.71163812119275,5.503561515641925,48.71163812119275,5.503561515641925
0.06550000000000004,48.7130166476487,5.524650139948132,48.7130166476487,5.524650139948132
0.06575000000000004,48.71440044626672,5.545738812174713,48.71440044626672,5.545738812174713
0.06600000000000004,48.71578951705881,5.566827532676312,48.71578951705881,5.566827532676312
0.06625000000000004,48.7171838600371,5.587916301807529,48.7171838600371,5.587916301807529
0.06650000000000005,48.7185834752138,5.609005119922926,48.7185834752138,5.609005119922926
0.06675000000000005,48.71998836260118,5.630093987377021,48.71998836260118,5.630093987377021
0.06700000000000005,48.72139852221163,5.651182904524296,48.72139852221163,5.651182904524296
0.06725000000000005,48.72281395405761,5.672271871719187,48.72281395405761,5.672271871719187
0.06750000000000005,48.72423465815169,5.693360889316093,48.72423465815169,5.693360889316093
0.06775000000000005,48.7256606345065,5.714449957669369,48.7256606345065,5.714449957669369
0.06800000000000005,48.72709188313478,5.73553907713333,48.72709188313478,5.73553907713333
0.06825000000000005,48.72852840404935,5.756628248062248,48.72852840404935,5.756628248062248
0.06850000000000005,48.72997019726313,5.777717470810354,48.72997019726313,5.777717470810354
0.06875000000000005,48.73141726278911,5.798806745731837,48.73141726278911,5.798806745731837
0.06900000000000005,48.73286960064038,5.819896073180843,48.73286960064038,5.819896073180843
0.06925000000000005,48.73432721083011,5.840985453511475,48.73432721083011,5.840985453511475
0.06950000000000005,48.73579009337157,5.862074887077797,48.73579009337157,5.862074887077797
0.06975000000000005,48.73725824827812,5.883164374233824,48.73725824827812,5.883164374233824
0.07000000000000005,48.73873167556319,5.904253915333534,48.73873167556319,5.904253915333534
0.07025000000000005,48.74021037524031,5.925343510730857,48.74021037524031,5.925343510730857
0.07050000000000005,48.7416943473231,5.946433160779685,48.7416943473231,5.946433160779685
0.07075000000000005,48.74318359182528,5.967522865833859,48.74318359182528,5.967522865833859
0.07100000000000005,48.74467810876063,5.988612626247185,48.74467810876063,5.988612626247185
0.07125000000000005,48.74617789814305,6.009702442373417,48.74617789814305,6.009702442373417
0.07150000000000005,48.74768295998649,6.03079231456627,48.74768295998649,6.03079231456627
0.07175000000000005,48.74919329430503,6.051882243179413,48.74919329430503,6.051882243179413
0.07200000000000005,48.75070890111281,6.072972228566471,48.75070890111281,6.072972228566471
0.07225000000000005,48.75222978042407,6.094062271081023,48.75222978042407,6.094062271081023
0.07250000000000005,48.75375593225314,6.115152371076606,48.75375593225314,6.115152371076606
0.07275000000000005,48.75528735661443,6.136242528906709,48.75528735661443,6.136242528906709
0.07300000000000005,48.75682405352244,6.157332744924776,48.75682405352244,6.157332744924776
0.07325000000000005,48.75836602299177,6.178423019484209,48.75836602299177,6.178423019484209
0.07350000000000005,48.75991326503709,6.199513352938361,48.75991326503709,6.199513352938361
0.07375000000000005,48.76146577967317,6.220603745640539,48.76146577967317,6.220603745640539
0.07400000000000005,48.76302356691487,6.241694197944007,48.76302356691487,6.241694197944007
0.07425000000000005,48.76458662677714,6.262784710201981,48.76458662677714,6.262784710201981
0.07450000000000005,48.766154959275,6.28387528276763,48.766154959275,6.28387528276763
0.07475000000000005,48.76772856442358,6.304965915994078,48.76772856442358,6.304965915994078
0.07500000000000005,48.76930744223808,6.326056610234402,48.76930744223808,6.326056610234402
0.07525000000000005,48.77089159273381,6.347147365841631,48.77089159273381,6.347147365841631
0.07550000000000005,48.77248101592615,6.368238183168749,48.77248101592615,6.368238183168749
0.07575000000000005,48.77407571183057,6.389329062568692,48.77407571183057,6.389329062568692
0.07600000000000005,48.77567568046263,6.410420004394346,48.77567568046263,6.410420004394346
0.07625000000000005,48.777280921838,6.431511008998555,48.777280921838,6.431511008998555
0.07650000000000005,48.7788914359724,6.45260207673411,48.7788914359724,6.45260207673411
0.07675000000000005,48.78050722288166,6.473693207953756,48.78050722288166,6.473693207953756
0.07700000000000005,48.7821282825817,6.494784403010191,48.7821282825817,6.494784403010191
0.07725000000000005,48.78375461508851,6.515875662256062,48.78375461508851,6.515875662256062
0.07750000000000005,48.7853862204182,6.536966986043971,48.7853862204182,6.536966986043971
0.07775000000000006,48.78702309858694,6.558058374726468,48.78702309858694,6.558058374726468
0.07800000000000006,48.788665249611,6.579149828656056,48.788665249611,6.579149828656056
0.07825000000000006,48.79031267350673,6.60024134818519,48.79031267350673,6.60024134818519
0.07850000000000006,48.79196537029059,6.621332933666272,48.79196537029059,6.621332933666272
0.07875000000000006,48.79362333997909,6.64242458545166,48.79362333997909,6.64242458545166
0.07900000000000006,48.79528658258887,6.663516303893656,48.79528658258887,6.663516303893656
0.07925000000000006,48.79695509813662,6.684608089344519,48.79695509813662,6.684608089344519
0.07950000000000006,48.79862888663915,6.705699942156453,48.79862888663915,6.705699942156453
0.07975000000000006,48.80030794811334,6.726791862681615,48.80030794811334,6.726791862681615
0.08000000000000006,48.80199228257617,6.747883851272109,48.80199228257617,6.747883851272109
0.08025000000000006,48.80368189004468,6.76897590827999,48.80368189004468,6.76897590827999
0.08050000000000006,48.80537677053604,6.790068034057263,48.80537677053604,6.790068034057263
0.08075000000000006,48.80707692406747,6.811160228955882,48.80707692406747,6.811160228955882
0.08100000000000006,48.8087823506563,6.832252493327748,48.8087823506563,6.832252493327748
0.08125000000000006,48.81049305031995,6.853344827524714,48.81049305031995,6.853344827524714
0.08150000000000006,48.81220902307591,6.874437231898578,48.81220902307591,6.874437231898578
0.08175000000000006,48.81393026894177,6.895529706801089,48.81393026894177,6.895529706801089
0.08200000000000006,48.81565678793522,6.916622252583945,48.81565678793522,6.916622252583945
0.08225000000000006,48.817388580074,6.937714869598789,48.817388580074,6.937714869598789
0.08250000000000006,48.81912564537598,6.958807558197215,48.81912564537598,6.958807558197215
0.08275000000000006,48.8208679838591,6.979900318730762,48.8208679838591,6.979900318730762
0.08300000000000006,48.82261559554137,7.00099315155092,48.82261559554137,7.00099315155092
0.08325000000000006,48.82436848044092,7.022086057009122,48.82436848044092,7.022086057009122
0.08350000000000006,48.82612663857596,7.043179035456751,48.82612663857596,7.043179035456751
0.08375000000000006,48.82789006996477,7.064272087245137,48.82789006996477,7.064272087245137
0.08400000000000006,48.82965877462573,7.085365212725557,48.82965877462573,7.085365212725557
0.08425000000000006,48.8314327525773,7.106458412249232,48.8314327525773,7.106458412249232
0.08450000000000006,48.83321200383805,7.127551686167333,48.83321200383805,7.127551686167333
0.08475000000000006,48.83499652842661,7.148645034830976,48.83499652842661,7.148645034830976
0.08500000000000006,48.83678632636173,7.169738458591222,48.83678632636173,7.169738458591222
0.08525000000000006,48.8385813976622,7.190831957799078,48.8385813976622,7.190831957799078
0.08550000000000006,48.84038174234694,7.2119255328055,48.84038174234694,7.2119255328055
0.08575000000000006,48.84218736043495,7.233019183961386,48.84218736043495,7.233019183961386
0.08600000000000006,48.8439982519453,7.254112911617581,48.8439982519453,7.254112911617581
0.08625000000000006,48.84581441689716,7.275206716124873,48.84581441689716,7.275206716124873
0.08650000000000006,48.8476358553098,7.296300597833999,48.8476358553098,7.296300597833999
0.08675000000000006,48.84946256720254,7.317394557095636,48.84946256720254,7.317394557095636
0.08700000000000006,48.85129455259484,7.338488594260411,48.85129455259484,7.338488594260411
0.08725000000000006,48.85313181150619,7.359582709678893,48.85313181150619,7.359582709678893
0.08750000000000006,48.85497434395623,7.380676903701594,48.85497434395623,7.380676903701594
0.08775000000000006,48.85682214996463,7.401771176678971,48.85682214996463,7.401771176678971
0.08800000000000006,48.85867522955117,7.422865528961426,48.85867522955117,7.422865528961426
0.08825000000000006,48.86053358273574,7.443959960899304,48.86053358273574,7.443959960899304
0.08850000000000006,48.86239720953829,7.465054472842893,48.86239720953829,7.465054472842893
0.08875000000000006,48.86426610997886,7.486149065142427,48.86426610997886,7.486149065142427
0.08900000000000007,48.86614028407758,7.50724373814808,48.86614028407758,7.50724373814808
0.08925000000000007,48.86801973185468,7.528338492209972,48.86801973185468,7.528338492209972
0.08950000000000007,48.86990445333047,7.549433327678163,48.86990445333047,7.549433327678163
0.08975000000000007,48.87179444852534,7.570528244902658,48.87179444852534,7.570528244902658
0.09000000000000007,48.87368971745976,7.591623244233403,48.87368971745976,7.591623244233403
0.09025000000000007,48.87559026015432,7.612718326020287,48.87559026015432,7.612718326020287
0.09050000000000007,48.87749607662967,7.633813490613143,48.87749607662967,7.633813490613143
0.09075000000000007,48.87940716690655,7.654908738361743,48.87940716690655,7.654908738361743
0.09100000000000007,48.8813235310058,7.676004069615803,48.8813235310058,7.676004069615803
0.09125000000000007,48.88324516894835,7.697099484724978,48.88324516894835,7.697099484724978
0.09150000000000007,48.88517208075519,7.718194984038868,48.88517208075519,7.718194984038868
0.09175000000000007,48.88710426644742,7.739290567907012,48.88710426644742,7.739290567907012
0.09200000000000007,48.88904172604622,7.760386236678891,48.88904172604622,7.760386236678891
0.09225000000000007,48.89098445957286,7.781481990703927,48.89098445957286,7.781481990703927
0.09250000000000007,48.89293246704869,7.802577830331482,48.89293246704869,7.802577830331482
0.09275000000000007,48.89488574849518,7.82367375591086,48.89488574849518,7.82367375591086
0.09300000000000007,48.89684430393385,7.844769767791303,48.89684430393385,7.844769767791303
0.09325000000000007,48.8988081333863,7.865865866321997,48.8988081333863,7.865865866321997
0.09350000000000007,48.90077723687426,7.886962051852064,48.90077723687426,7.886962051852064
0.09375000000000007,48.90275161441951,7.908058324730568,48.90275161441951,7.908058324730568
0.09400000000000007,48.90473126604394,7.929154685306513,48.90473126604394,7.929154685306513
0.09425000000000007,48.9067161917695,7.950251133928843,48.9067161917695,7.950251133928843
0.09450000000000007,48.90870639161827,7.971347670946439,48.90870639161827,7.971347670946439
0.09475000000000007,48.91070186561237,7.992444296708122,48.91070186561237,7.992444296708122
0.09500000000000007,48.91270261377405,8.013541011562655,48.91270261377405,8.013541011562655
0.09525000000000007,48.91470863612561,8.034637815858735,48.91470863612561,8.034637815858735
0.09550000000000007,48.91671993268946,8.055734709945002,48.91671993268946,8.055734709945002
0.09575000000000007,48.91873650348809,8.076831694170032,48.91873650348809,8.076831694170032
0.09600000000000007,48.92075834854408,8.09792876888234,48.92075834854408,8.09792876888234
0.09625000000000007,48.9227854678801,8.119025934430379,48.9227854678801,8.119025934430379
0.09650000000000007,48.9248178615189,8.140123191162539,48.9248178615189,8.140123191162539
0.09675000000000007,48.92685552948331,8.16122053942715,48.92685552948331,8.16122053942715
0.09700000000000007,48.92889847179627,8.182317979572479,48.92889847179627,8.182317979572479
0.09725000000000007,48.93094668848078,8.20341551194673,48.93094668848078,8.20341551194673
0.09750000000000007,48.93300017955995,8.224513136898043,48.93300017955995,8.224513136898043
0.09775000000000007,48.93505894505697,8.245610854774498,48.93505894505697,8.245610854774498
0.09800000000000007,48.93712298499511,8.266708665924106,48.93712298499511,8.266708665924106
0.09825000000000007,48.93919229939774,8.287806570694825,48.93919229939774,8.287806570694825
0.09850000000000007,48.9412668882883,8.308904569434539,48.9412668882883,8.308904569434539
0.09875000000000007,48.94334675169032,8.330002662491074,48.94334675169032,8.330002662491074
0.09900000000000007,48.94543188962744,8.351100850212191,48.94543188962744,8.351100850212191
0.09925000000000007,48.94752230212335,8.372199132945587,48.94752230212335,8.372199132945587
0.09950000000000007,48.94961798920185,8.393297511038897,48.94961798920185,8.393297511038897
0.09975000000000007,48.95171895088684,8.414395984839688,48.95171895088684,8.414395984839688
0.1000000000000001,48.95382518720228,8.435494554695463,48.95382518720228,8.435494554695463
0.1002500000000001,48.95593669817222,8.456593220953664,48.95593669817222,8.456593220953664
0.1005000000000001,48.95805348382082,8.477691983961664,48.95805348382082,8.477691983961664
0.1007500000000001,48.96017554417229,8.498790844066775,48.96017554417229,8.498790844066775
0.1010000000000001,48.96230287925097,8.519889801616239,48.96230287925097,8.519889801616239
0.1012500000000001,48.96443548908125,8.540988856957236,48.96443548908125,8.540988856957236
0.1015000000000001,48.96657337368763,8.562088010436881,48.96657337368763,8.562088010436881
0.1017500000000001,48.96871653309468,8.583187262402221,48.96871653309468,8.583187262402221
0.1020000000000001,48.97086496732707,8.604286613200237,48.97086496732707,8.604286613200237
0.1022500000000001,48.97301867640954,8.625386063177848,48.97301867640954,8.625386063177848
0.1025000000000001,48.97517766036695,8.6464856126819,48.97517766036695,8.6464856126819
0.1027500000000001,48.97734191922421,8.66758526205918,48.97734191922421,8.66758526205918
0.1030000000000001,48.97951145300633,8.688685011656403,48.97951145300633,8.688685011656403
0.1032500000000001,48.98168626173842,8.70978486182022,48.98168626173842,8.70978486182022
0.1035000000000001,48.98386634544565,8.730884812897214,48.98386634544565,8.730884812897214
0.1037500000000001,48.9860517041533,8.751984865233901,48.9860517041533,8.751984865233901
0.1040000000000001,48.98824233788674,8.77308501917673,48.98824233788674,8.77308501917673
0.1042500000000001,48.9904382466714,8.794185275072083,48.9904382466714,8.794185275072083
0.1045000000000001,48.9926394305328,8.815285633266274,48.9926394305328,8.815285633266274
0.1047500000000001,48.99484588949658,8.836386094105549,48.99484588949658,8.836386094105549
0.1050000000000001,48.99705762358844,8.857486657936086,48.99705762358844,8.857486657936086
0.1052500000000001,48.99927463283417,8.878587325103993,48.99927463283417,8.878587325103993
0.1055000000000001,49.00149691725964,8.899688095955314,49.00149691725964,8.899688095955314
0.1057500000000001,49.00372447689082,8.920788970836023,49.00372447689082,8.920788970836023
0.1060000000000001,49.00595731175375,8.941889950092024,49.00595731175375,8.941889950092024
0.1062500000000001,49.00819542187459,8.962991034069153,49.00819542187459,8.962991034069153
0.1065000000000001,49.01043880727954,8.984092223113176,49.01043880727954,8.984092223113176
0.1067500000000001,49.01268746799493,9.005193517569792,49.01268746799493,9.005193517569792
0.1070000000000001,49.01494140404714,9.026294917784629,49.01494140404714,9.026294917784629
0.1072500000000001,49.01720061546266,9.047396424103246,49.01720061546266,9.047396424103246
0.1075000000000001,49.01946510226806,9.068498036871132,49.01946510226806,9.068498036871132
0.1077500000000001,49.02173486449,9.089599756433707,49.02173486449,9.089599756433707
0.1080000000000001,49.02400990215521,9.11070158313632,49.02400990215521,9.11070158313632
0.1082500000000001,49.02629021529053,9.131803517324251,49.02629021529053,9.131803517324251
0.1085000000000001,49.02857580392286,9.152905559342708,49.02857580392286,9.152905559342708
0.1087500000000001,49.03086666807921,9.174007709536831,49.03086666807921,9.174007709536831
0.1090000000000001,49.03316280778667,9.195109968251685,49.03316280778667,9.195109968251685
0.1092500000000001,49.03546422307241,9.216212335832269,49.03546422307241,9.216212335832269
0.1095000000000001,49.03777091396369,9.237314812623509,49.03777091396369,9.237314812623509
0.1097500000000001,49.04008288048785,9.258417398970259,49.04008288048785,9.258417398970259
0.1100000000000001,49.04240012267233,9.279520095217302,49.04240012267233,9.279520095217302
0.1102500000000001,49.04472264054465,9.300622901709351,49.04472264054465,9.300622901709351
0.1105000000000001,49.0470504341324,9.321725818791045,49.0470504341324,9.321725818791045
0.1107500000000001,49.04938350346329,9.342828846806952,49.04938350346329,9.342828846806952
0.1110000000000001,49.05172184856508,9.363931986101569,49.05172184856508,9.363931986101569
0.1112500000000001,49.05406546946564,9.38503523701932,49.05406546946564,9.38503523701932
0.1115000000000001,49.05641436619292,9.406138599904555,49.05641436619292,9.406138599904555
0.1117500000000001,49.05876853877495,9.427242075101553,49.05876853877495,9.427242075101553
0.1120000000000001,49.06112798723986,9.448345662954523,49.06112798723986,9.448345662954523
0.1122500000000001,49.06349271161584,9.469449363807595,49.06349271161584,9.469449363807595
0.1125000000000001,49.0658627119312,9.490553178004831,49.0658627119312,9.490553178004831
0.1127500000000001,49.06823798821432,9.511657105890217,49.06823798821432,9.511657105890217
0.1130000000000001,49.07061854049365,9.532761147807669,49.07061854049365,9.532761147807669
0.1132500000000001,49.07300436879775,9.553865304101025,49.07300436879775,9.553865304101025
0.1135000000000001,49.07539547315526,9.574969575114052,49.07539547315526,9.574969575114052
0.1137500000000001,49.0777918535949,9.596073961190442,49.0777918535949,9.596073961190442
0.1140000000000001,49.08019351014547,9.617178462673811,49.08019351014547,9.617178462673811
0.1142500000000001,49.08260044283588,9.638283079907707,49.08260044283588,9.638283079907707
0.1145000000000001,49.0850126516951,9.659387813235597,49.0850126516951,9.659387813235597
0.1147500000000001,49.0874301367522,9.680492663000877,49.0874301367522,9.680492663000877
0.1150000000000001,49.08985289803633,9.701597629546868,49.08985289803633,9.701597629546868
0.1152500000000001,49.09228093557673,9.722702713216814,49.09228093557673,9.722702713216814
0.1155000000000001,49.09471424940273,9.743807914353885,49.09471424940273,9.743807914353885
0.1157500000000001,49.09715283954372,9.764913233301177,49.09715283954372,9.764913233301177
0.1160000000000001,49.09959670602922,9.786018670401711,49.09959670602922,9.786018670401711
0.1162500000000001,49.1020458488888,9.807124225998429,49.1020458488888,9.807124225998429
0.1165000000000001,49.10450026815212,9.828229900434199,49.10450026815212,9.828229900434199
0.1167500000000001,49.10695996384894,9.849335694051813,49.10695996384894,9.849335694051813
0.1170000000000001,49.10942493600911,9.870441607193989,49.10942493600911,9.870441607193989
0.1172500000000001,49.11189518466253,9.891547640203365,49.11189518466253,9.891547640203365
0.1175000000000001,49.11437070983922,9.912653793422505,49.11437070983922,9.912653793422505
0.1177500000000001,49.11685151156928,9.933760067193896,49.11685151156928,9.933760067193896
0.1180000000000001,49.11933758988289,9.954866461859949,49.11933758988289,9.954866461859949
0.1182500000000001,49.12182894481031,9.975972977762995,49.12182894481031,9.975972977762995
0.1185000000000001,49.1243255763819,9.997079615245292,49.1243255763819,9.997079615245292
0.1187500000000001,49.12682748462809,10.01818637464902,49.12682748462809,10.01818637464902
0.1190000000000001,49.12933466957941,10.03929325631628,49.12933466957941,10.03929325631628
0.1192500000000001,49.13184713126647,10.06040026058909,49.13184713126647,10.06040026058909
0.1195000000000001,49.13436486971995,10.0815073878094,49.13436486971995,10.0815073878094
0.1197500000000001,49.13688788497065,10.10261463831908,49.13688788497065,10.10261463831908
0.1200000000000001,49.13941617704942,10.12372201245991,49.13941617704942,10.12372201245991
0.1202500000000001,49.14194974598721,10.14482951057362,49.14194974598721,10.14482951057362
0.1205000000000001,49.14448859181507,10.16593713300183,49.14448859181507,10.16593713300183
0.1207500000000001,49.14703271456411,10.1870448800861,49.14703271456411,10.1870448800861
0.1210000000000001,49.14958211426553,10.2081527521679,49.14958211426553,10.2081527521679
0.1212500000000001,49.15213679095064,10.22926074958863,49.15213679095064,10.22926074958863
0.1215000000000001,49.1546967446508,10.2503688726896,49.1546967446508,10.2503688726896
0.1217500000000001,49.15726197539748,10.27147712181207,49.15726197539748,10.27147712181207
0.1220000000000001,49.15983248322223,10.29258549729718,49.15983248322223,10.29258549729718
0.1222500000000001,49.16240826815669,10.31369399948601,49.16240826815669,10.31369399948601
0.1225000000000001,49.16498933023257,10.33480262871957,49.16498933023257,10.33480262871957
0.1227500000000001,49.16757566948166,10.35591138533878,49.16757566948166,10.35591138533878
0.1230000000000001,49.17016728593588,10.37702026968446,49.17016728593588,10.37702026968446
0.1232500000000001,49.17276417962718,10.3981292820974,49.17276417962718,10.3981292820974
0.1235000000000001,49.17536635058763,10.41923842291825,49.17536635058763,10.41923842291825
0.1237500000000001,49.17797379884937,10.44034769248763,49.17797379884937,10.44034769248763
0.1240000000000001,49.18058652444464,10.46145709114604,49.18058652444464,10.46145709114604
0.1242500000000001,49.18320452740574,10.48256661923393,49.18320452740574,10.48256661923393
0.1245000000000001,49.18582780776507,10.50367627709165,49.18582780776507,10.50367627709165
0.1247500000000001,49.18845636555512,10.52478606505948,49.18845636555512,10.52478606505948
0.1250000000000001,49.19109020080847,10.5458959834776,49.19109020080847,10.5458959834776
0.1252500000000001,49.19372931355776,10.56700603268614,49.19372931355776,10.56700603268614
0.1255000000000001,49.19637370383574,10.58811621302512,49.19637370383574,10.58811621302512
0.1257500000000001,49.19902337167523,10.60922652483448,49.19902337167523,10.60922652483448
0.1260000000000001,49.20167831710914,10.63033696845409,49.20167831710914,10.63033696845409
0.1262500000000001,49.20433854017047,10.65144754422375,49.20433854017047,10.65144754422375
0.1265000000000001,49.20700404089229,10.67255825248314,49.20700404089229,10.67255825248314
0.1267500000000001,49.20967481930778,10.69366909357188,49.20967481930778,10.69366909357188
0.1270000000000001,49.21235087545018,10.71478006782952,49.21235087545018,10.71478006782952
0.1272500000000001,49.21503220935282,10.73589117559551,49.21503220935282,10.73589117559551
0.1275000000000001,49.21771882104913,10.75700241720921,49.21771882104913,10.75700241720921
0.1277500000000001,49.22041071057261,10.77811379300991,49.22041071057261,10.77811379300991
0.1280000000000001,49.22310787795684,10.79922530333682,49.22310787795684,10.79922530333682
0.1282500000000001,49.22581032323551,10.82033694852906,49.22581032323551,10.82033694852906
0.1285000000000001,49.22851804644237,10.84144872892565,49.22851804644237,10.84144872892565
0.1287500000000001,49.23123104761127,10.86256064486556,49.23123104761127,10.86256064486556
0.1290000000000001,49.23394932677613,10.88367269668765,49.23394932677613,10.88367269668765
0.1292500000000001,49.23667288397097,10.90478488473071,49.23667288397097,10.90478488473071
0.1295000000000001,49.23940171922987,10.92589720933343,49.23940171922987,10.92589720933343
0.1297500000000001,49.24213583258704,10.94700967083443,49.24213583258704,10.94700967083443
0.1300000000000001,49.24487522407673,10.96812226957224,49.24487522407673,10.96812226957224
0.1302500000000001,49.24761989373329,10.98923500588531,49.24761989373329,10.98923500588531
0.1305000000000001,49.25036984159117,11.010347880112,49.25036984159117,11.010347880112
0.1307500000000001,49.25312506768487,11.03146089259057,49.25312506768487,11.03146089259057
0.1310000000000001,49.25588557204901,11.05257404365924,49.25588557204901,11.05257404365924
0.1312500000000001,49.25865135471827,11.07368733365609,49.25865135471827,11.07368733365609
0.1315000000000001,49.26142241572744,11.09480076291914,49.26142241572744,11.09480076291914
0.1317500000000001,49.26419875511137,11.11591433178634,49.26419875511137,11.11591433178634
0.1320000000000001,49.266980372905,11.13702804059552,49.266980372905,11.13702804059552
0.1322500000000001,49.26976726914337,11.15814188968445,49.26976726914337,11.15814188968445
0.1325000000000001,49.27255944386157,11.17925587939081,49.27255944386157,11.17925587939081
0.1327500000000001,49.27535689709481,11.20037001005218,49.27535689709481,11.20037001005218
0.1330000000000001,49.27815962887837,11.22148428200606,49.27815962887837,11.22148428200606
0.1332500000000001,49.28096763924761,11.24259869558987,49.28096763924761,11.24259869558987
0.1335000000000001,49.283780928238,11.26371325114093,49.283780928238,11.26371325114093
0.1337500000000001,49.28659949588504,11.2848279489965,49.28659949588504,11.2848279489965
0.1340000000000001,49.28942334222438,11.30594278949371,49.28942334222438,11.30594278949371
0.1342500000000001,49.29225246729171,11.32705777296965,49.29225246729171,11.32705777296965
0.1345000000000001,49.29508687112281,11.34817289976128,49.29508687112281,11.34817289976128
0.1347500000000001,49.29792655375356,11.36928817020549,49.29792655375356,11.36928817020549
0.1350000000000001,49.30077151521991,11.3904035846391,49.30077151521991,11.3904035846391
0.1352500000000001,49.30362175555791,11.41151914339882,49.30362175555791,11.41151914339882
0.1355000000000001,49.30647727480367,11.43263484682127,49.30647727480367,11.43263484682127
0.1357500000000001,49.30933807299341,11.45375069524299,49.30933807299341,11.45375069524299
0.1360000000000001,49.3122041501634,11.47486668900043,49.3122041501634,11.47486668900043
0.1362500000000001,49.31507550635004,11.49598282842995,49.31507550635004,11.49598282842995
0.1365000000000001,49.31795214158979,11.51709911386783,49.31795214158979,11.51709911386783
0.1367500000000001,49.32083405591917,11.53821554565025,49.32083405591917,11.53821554565025
0.1370000000000001,49.32372124937483,11.5593321241133,49.32372124937483,11.5593321241133
0.1372500000000001,49.32661372199348,11.58044884959299,49.32661372199348,11.58044884959299
0.1375000000000001,49.32951147381191,11.60156572242523,49.32951147381191,11.60156572242523
0.1377500000000001,49.332414504867,11.62268274294586,49.332414504867,11.62268274294586
0.1380000000000001,49.33532281519572,11.6437999114906,49.33532281519572,11.6437999114906
0.1382500000000001,49.33823640483511,11.6649172283951,49.33823640483511,11.6649172283951
0.1385000000000001,49.34115527382231,11.68603469399492,49.34115527382231,11.68603469399492
0.1387500000000001,49.34407942219453,11.70715230862552,49.34407942219453,11.70715230862552
0.1390000000000001,49.34700884998907,11.72827007262228,49.34700884998907,11.72827007262228
0.1392500000000001,49.34994355724331,11.74938798632048,49.34994355724331,11.74938798632048
0.1395000000000001,49.35288354399473,11.77050605005532,49.35288354399473,11.77050605005532
0.1397500000000001,49.35582881028087,11.79162426416191,49.35582881028087,11.79162426416191
0.1400000000000001,49.35877935613937,11.81274262897524,49.35877935613937,11.81274262897524
0.1402500000000001,49.36173518160794,11.83386114483025,49.36173518160794,11.83386114483025
0.1405000000000001,49.3646962867244,11.85497981206176,49.3646962867244,11.85497981206176
0.1407500000000001,49.36766267152662,11.87609863100451,49.36766267152662,11.87609863100451
0.1410000000000001,49.37063433605257,11.89721760199315,49.37063433605257,11.89721760199315
0.1412500000000001,49.37361128034031,11.91833672536223,49.37361128034031,11.91833672536223
0.1415000000000001,49.37659350442797,11.93945600144621,49.37659350442797,11.93945600144621
0.1417500000000001,49.37958100835378,11.96057543057947,49.37958100835378,11.96057543057947
0.1420000000000001,49.38257379215604,11.98169501309628,49.38257379215604,11.98169501309628
0.1422500000000001,49.38557185587315,12.00281474933082,49.38557185587315,12.00281474933082
0.1425000000000001,49.38857519954355,12.0239346396172,49.38857519954355,12.0239346396172
0.1427500000000001,49.39158382320582,12.0450546842894,49.39158382320582,12.0450546842894
0.1430000000000001,49.39459772689859,12.06617488368134,49.39459772689859,12.06617488368134
0.1432500000000001,49.39761691066058,12.08729523812683,49.39761691066058,12.08729523812683
0.1435000000000001,49.4006413745306,12.1084157479596,49.4006413745306,12.1084157479596
0.1437500000000001,49.40367111854754,12.12953641351326,49.40367111854754,12.12953641351326
0.1440000000000001,49.40670614275036,12.15065723512135,49.40670614275036,12.15065723512135
0.1442500000000001,49.40974644717813,12.17177821311732,49.40974644717813,12.17177821311732
0.1445000000000001,49.41279203186998,12.1928993478345,49.41279203186998,12.1928993478345
0.1447500000000001,49.41584289686513,12.21402063960616,49.41584289686513,12.21402063960616
0.1450000000000001,49.4188990422029,12.23514208876544,49.4188990422029,12.23514208876544
0.1452500000000001,49.42196046792266,12.25626369564541,49.42196046792266,12.25626369564541
0.1455000000000001,49.42502717406389,12.27738546057905,49.42502717406389,12.27738546057905
0.1457500000000001,49.42809916066615,12.29850738389922,49.42809916066615,12.29850738389922
0.1460000000000001,49.43117642776907,12.31962946593871,49.43117642776907,12.31962946593871
0.1462500000000001,49.43425897541237,12.34075170703019,49.43425897541237,12.34075170703019
0.1465000000000001,49.43734680363586,12.36187410750627,49.43734680363586,12.36187410750627
0.1467500000000001,49.44043991247943,12.38299666769942,49.44043991247943,12.38299666769942
0.1470000000000001,49.44353830198305,12.40411938794206,49.44353830198305,12.40411938794206
0.1472500000000001,49.44664197218678,12.42524226856649,49.44664197218678,12.42524226856649
0.1475000000000001,49.44975092313073,12.44636530990491,49.44975092313073,12.44636530990491
0.1477500000000001,49.45286515485515,12.46748851228943,49.45286515485515,12.46748851228943
0.1480000000000001,49.45598466740032,12.48861187605207,49.45598466740032,12.48861187605207
0.1482500000000001,49.45910946080664,12.50973540152476,49.45910946080664,12.50973540152476
0.1485000000000001,49.46223953511458,12.5308590890393,49.46223953511458,12.5308590890393
0.1487500000000001,49.46537489036469,12.55198293892744,49.46537489036469,12.55198293892744
0.1490000000000001,49.46851552659761,12.57310695152079,49.46851552659761,12.57310695152079
0.1492500000000001,49.47166144385404,12.5942311271509,49.47166144385404,12.5942311271509
0.1495000000000001,49.4748126421748,12.6153554661492,49.4748126421748,12.6153554661492
0.1497500000000001,49.47796912160076,12.63647996884702,49.47796912160076,12.63647996884702
0.1500000000000001,49.48113088217289,12.65760463557561,49.48113088217289,12.65760463557561
0.1502500000000001,49.48429792393225,12.67872946666612,49.48429792393225,12.67872946666612
0.1505000000000001,49.48747024691995,12.69985446244959,49.48747024691995,12.69985446244959
0.1507500000000001,49.49064785117722,12.72097962325697,49.49064785117722,12.72097962325697
0.1510000000000001,49.49383073674536,12.74210494941911,49.49383073674536,12.74210494941911
0.1512500000000001,49.49701890366574,12.76323044126676,49.49701890366574,12.76323044126676
0.1515000000000001,49.50021235197983,12.78435609913059,49.50021235197983,12.78435609913059
0.1517500000000001,49.50341108172917,12.80548192334114,49.50341108172917,12.80548192334114
0.1520000000000001,49.50661509295539,12.82660791422887,49.50661509295539,12.82660791422887
0.1522500000000001,49.50982438570021,12.84773407212415,49.50982438570021,12.84773407212415
0.1525000000000001,49.5130389600054,12.86886039735723,49.5130389600054,12.86886039735723
0.1527500000000001,49.51625881591286,12.88998689025828,49.51625881591286,12.88998689025828
0.1530000000000001,49.51948395346453,12.91111355115737,49.51948395346453,12.91111355115737
0.1532500000000001,49.52271437270246,12.93224038038444,49.52271437270246,12.93224038038444
0.1535000000000001,49.52595007366877,12.95336737826937,49.52595007366877,12.95336737826937
0.1537500000000001,49.52919105640568,12.97449454514193,49.52919105640568,12.97449454514193
0.1540000000000001,49.53243732095546,12.99562188133177,49.53243732095546,12.99562188133177
0.1542500000000001,49.53568886736048,13.01674938716847,49.53568886736048,13.01674938716847
0.1545000000000001,49.53894569566321,13.03787706298148,49.53894569566321,13.03787706298148
0.1547500000000001,49.54220780590617,13.05900490910017,49.54220780590617,13.05900490910017
0.1550000000000001,49.54547519813197,13.08013292585382,49.54547519813197,13.08013292585382
0.1552500000000001,49.54874787238334,13.10126111357157,49.54874787238334,13.10126111357157
0.1555000000000001,49.55202582870304,13.1223894725825,49.55202582870304,13.1223894725825
0.1557500000000001,49.55530906713393,13.14351800321557,49.55530906713393,13.14351800321557
0.1560000000000001,49.55859758771897,13.16464670579965,49.55859758771897,13.16464670579965
0.1562500000000001,49.56189139050119,13.18577558066348,49.56189139050119,13.18577558066348
0.1565000000000001,49.56519047552369,13.20690462813574,49.56519047552369,13.20690462813574
0.1567500000000001,49.56849484282967,13.22803384854497,49.56849484282967,13.22803384854497
0.1570000000000001,49.5718044924624,13.24916324221964,49.5718044924624,13.24916324221964
0.1572500000000001,49.57511942446524,13.27029280948811,49.57511942446524,13.27029280948811
0.1575000000000001,49.57843963888163,13.29142255067863,49.57843963888163,13.29142255067863
0.1577500000000001,49.5817651357551,13.31255246611934,49.5817651357551,13.31255246611934
0.1580000000000001,49.58509591512924,13.3336825561383,49.58509591512924,13.3336825561383
0.1582500000000001,49.58843197704774,13.35481282106345,49.58843197704774,13.35481282106345
0.1585000000000001,49.59177332155437,13.37594326122265,49.59177332155437,13.37594326122265
0.1587500000000001,49.59511994869298,13.39707387694363,49.59511994869298,13.39707387694363
0.1590000000000001,49.5984718585075,13.41820466855404,49.5984718585075,13.41820466855404
0.1592500000000001,49.60182905104195,13.4393356363814,49.60182905104195,13.4393356363814
0.1595000000000001,49.60519152634041,13.46046678075317,49.60519152634041,13.46046678075317
0.1597500000000001,49.60855928444706,13.48159810199665,49.60855928444706,13.48159810199665
0.1600000000000001,49.61193232540617,13.50272960043909,49.61193232540617,13.50272960043909
0.1602500000000001,49.61531064926208,13.52386127640761,49.61531064926208,13.52386127640761
0.1605000000000001,49.6186942560592,13.54499313022923,49.6186942560592,13.54499313022923
0.1607500000000001,49.62208314584204,13.56612516223086,49.62208314584204,13.56612516223086
0.1610000000000001,49.62547731865519,13.58725737273933,49.62547731865519,13.58725737273933
0.1612500000000001,49.62887677454331,13.60838976208133,49.62887677454331,13.60838976208133
0.1615000000000001,49.63228151355116,13.62952233058347,49.63228151355116,13.62952233058347
0.1617500000000001,49.63569153572357,13.65065507857226,49.63569153572357,13.65065507857226
0.1620000000000001,49.63910684110544,13.6717880063741,49.63910684110544,13.6717880063741
0.1622500000000001,49.64252742974177,13.69292111431526,49.64252742974177,13.69292111431526
0.1625000000000001,49.64595330167764,13.71405440272194,49.64595330167764,13.71405440272194
0.1627500000000001,49.6493844569582,13.73518787192023,49.6493844569582,13.73518787192023
0.1630000000000001,49.65282089562869,13.7563215222361,49.65282089562869,13.7563215222361
0.1632500000000001,49.65626261773443,13.77745535399541,49.65626261773443,13.77745535399541
0.1635000000000001,49.65970962332084,13.79858936752395,49.65970962332084,13.79858936752395
0.1637500000000001,49.66316191243337,13.81972356314736,49.66316191243337,13.81972356314736
0.1640000000000001,49.66661948511761,13.84085794119121,49.66661948511761,13.84085794119121
0.1642500000000001,49.6700823414192,13.86199250198095,49.6700823414192,13.86199250198095
0.1645000000000001,49.67355048138386,13.88312724584191,49.67355048138386,13.88312724584191
0.1647500000000001,49.6770239050574,13.90426217309935,49.6770239050574,13.90426217309935
0.1650000000000001,49.68050261248572,13.92539728407838,49.68050261248572,13.92539728407838
0.1652500000000001,49.68398660371478,13.94653257910404,49.68398660371478,13.94653257910404
0.1655000000000001,49.68747587879064,13.96766805850124,49.68747587879064,13.96766805850124
0.1657500000000001,49.69097043775942,13.98880372259479,49.69097043775942,13.98880372259479
0.1660000000000001,49.69447028066735,14.00993957170941,49.69447028066735,14.00993957170941
0.1662500000000001,49.69797540756072,14.03107560616969,49.69797540756072,14.03107560616969
0.1665000000000001,49.70148581848591,14.05221182630013,49.70148581848591,14.05221182630013
0.1667500000000001,49.70500151348937,14.0733482324251,49.70500151348937,14.0733482324251
0.1670000000000001,49.70852249261765,14.09448482486888,49.70852249261765,14.09448482486888
0.1672500000000001,49.71204875591736,14.11562160395565,49.71204875591736,14.11562160395565
0.1675000000000001,49.7155803034352,14.13675857000947,49.7155803034352,14.13675857000947
0.1677500000000001,49.71911713521797,14.15789572335428,49.71911713521797,14.15789572335428
0.1680000000000001,49.72265925131251,14.17903306431394,49.72265925131251,14.17903306431394
0.1682500000000001,49.72620665176579,14.20017059321219,49.72620665176579,14.20017059321219
0.1685000000000001,49.72975933662481,14.22130831037266,49.72975933662481,14.22130831037266
0.1687500000000001,49.73331730593669,14.24244621611886,49.73331730593669,14.24244621611886
0.1690000000000001,49.73688055974861,14.26358431077422,49.73688055974861,14.26358431077422
0.1692500000000001,49.74044909810785,14.28472259466203,49.74044909810785,14.28472259466203
0.1695000000000001,49.74402292106174,14.30586106810549,49.74402292106174,14.30586106810549
0.1697500000000001,49.74760202865772,14.32699973142769,49.74760202865772,14.32699973142769
0.1700000000000001,49.75118642094331,14.34813858495161,49.75118642094331,14.34813858495161
0.1702500000000001,49.75477609796608,14.36927762900011,49.75477609796608,14.36927762900011
0.1705000000000001,49.75837105977372,14.39041686389597,49.75837105977372,14.39041686389597
0.1707500000000001,49.76197130641396,14.41155628996181,49.76197130641396,14.41155628996181
0.1710000000000001,49.76557683793465,14.4326959075202,49.76557683793465,14.4326959075202
0.1712500000000001,49.76918765438371,14.45383571689355,49.76918765438371,14.45383571689355
0.1715000000000001,49.77280375580911,14.47497571840419,49.77280375580911,14.47497571840419
0.1717500000000001,49.77642514225895,14.49611591237433,49.77642514225895,14.49611591237433
0.1720000000000001,49.78005181378137,14.51725629912606,49.78005181378137,14.51725629912606
0.1722500000000001,49.78368377042461,14.53839687898139,49.78368377042461,14.53839687898139
0.1725000000000001,49.78732101223698,14.55953765226219,49.78732101223698,14.55953765226219
0.1727500000000001,49.79096353926688,14.58067861929022,49.79096353926688,14.58067861929022
0.1730000000000001,49.7946113515628,14.60181978038716,49.7946113515628,14.60181978038716
0.1732500000000001,49.79826444917328,14.62296113587453,49.79826444917328,14.62296113587453
0.1735000000000001,49.80192283214696,14.6441026860738,49.80192283214696,14.6441026860738
0.1737500000000001,49.80558650053257,14.66524443130626,49.80558650053257,14.66524443130626
0.1740000000000001,49.8092554543789,14.68638637189315,49.8092554543789,14.68638637189315
0.1742500000000001,49.81292969373482,14.70752850815556,49.81292969373482,14.70752850815556
0.1745000000000001,49.8166092186493,14.72867084041449,49.8166092186493,14.72867084041449
0.1747500000000001,49.82029402917139,14.74981336899082,49.82029402917139,14.74981336899082
0.1750000000000001,49.82398412535019,14.7709560942053,49.82398412535019,14.7709560942053
0.1752500000000001,49.8276795072349,14.7920990163786,49.8276795072349,14.7920990163786
0.1755000000000001,49.83138017487482,14.81324213583127,49.83138017487482,14.81324213583127
0.1757500000000001,49.83508612831928,14.83438545288372,49.83508612831928,14.83438545288372
0.1760000000000001,49.83879736761775,14.85552896785629,49.83879736761775,14.85552896785629
0.1762500000000001,49.84251389281973,14.87667268106918,49.84251389281973,14.87667268106918
0.1765000000000001,49.84623570397483,14.89781659284247,49.84623570397483,14.89781659284247
0.1767500000000001,49.84996280113273,14.91896070349616,49.84996280113273,14.91896070349616
0.1770000000000001,49.85369518434318,14.9401050133501,49.85369518434318,14.9401050133501
0.1772500000000001,49.85743285365603,14.96124952272406,49.85743285365603,14.96124952272406
0.1775000000000001,49.86117580912119,14.98239423193768,49.86117580912119,14.98239423193768
0.1777500000000001,49.86492405078867,15.00353914131047,49.86492405078867,15.00353914131047
0.1780000000000001,49.86867757870855,15.02468425116187,49.86867757870855,15.02468425116187
0.1782500000000001,49.87243639293099,15.04582956181116,49.87243639293099,15.04582956181116
0.1785000000000001,49.87620049350622,15.06697507357754,49.87620049350622,15.06697507357754
0.1787500000000001,49.87996988048457,15.08812078678007,49.87996988048457,15.08812078678007
0.1790000000000001,49.88374455391642,15.10926670173773,49.88374455391642,15.10926670173773
0.1792500000000001,49.88752451385227,15.13041281876934,49.88752451385227,15.13041281876934
0.1795000000000001,49.89130976034267,15.15155913819365,49.89130976034267,15.15155913819365
0.1797500000000001,49.89510029343826,15.17270566032927,49.89510029343826,15.17270566032927
0.1800000000000001,49.89889611318976,15.1938523854947,49.89889611318976,15.1938523854947
0.1802500000000001,49.90269721964795,15.21499931400832,49.90269721964795,15.21499931400832
0.1805000000000001,49.90650361286373,15.23614644618841,49.90650361286373,15.23614644618841
0.1807500000000001,49.91031529288804,15.25729378235313,49.91031529288804,15.25729378235313
0.1810000000000001,49.91413225977193,15.27844132282051,49.91413225977193,15.27844132282051
0.1812500000000001,49.91795451356651,15.29958906790849,49.91795451356651,15.29958906790849
0.1815000000000001,49.92178205432296,15.32073701793486,49.92178205432296,15.32073701793486
0.1817500000000001,49.92561488209257,15.34188517321734,49.92561488209257,15.34188517321734
0.1820000000000001,49.9294529969267,15.3630335340735,49.9294529969267,15.3630335340735
0.1822500000000001,49.93329639887677,15.38418210082079,49.93329639887677,15.38418210082079
0.1825000000000001,49.9371450879943,15.40533087377658,49.9371450879943,15.40533087377658
0.1827500000000001,49.94099906433087,15.42647985325809,49.94099906433087,15.42647985325809
0.1830000000000001,49.94485832793816,15.44762903958244,49.94485832793816,15.44762903958244
0.1832500000000001,49.94872287886792,15.46877843306662,49.94872287886792,15.46877843306662
0.1835000000000001,49.95259271717198,15.48992803402752,49.95259271717198,15.48992803402752
0.1837500000000001,49.95646784290225,15.5110778427819,49.95646784290225,15.5110778427819
0.1840000000000001,49.96034825611071,15.53222785964642,49.96034825611071,15.53222785964642
0.1842500000000001,49.96423395684944,15.5533780849376,49.96423395684944,15.5533780849376
0.1845000000000001,49.96812494517058,15.57452851897187,49.96812494517058,15.57452851897187
0.1847500000000001,49.97202122112635,15.59567916206551,49.97202122112635,15.59567916206551
0.1850000000000001,49.97592278476905,15.61683001453471,49.97592278476905,15.61683001453471
0.1852500000000001,49.97982963615109,15.63798107669553,49.97982963615109,15.63798107669553
0.1855000000000001,49.9837417753249,15.65913234886392,49.9837417753249,15.65913234886392
0.1857500000000001,49.98765920234305,15.68028383135571,49.98765920234305,15.68028383135571
0.1860000000000001,49.99158191725814,15.7014355244866,49.99158191725814,15.7014355244866
0.1862500000000001,49.99550992012287,15.72258742857219,49.99550992012287,15.72258742857219
0.1865000000000001,49.99944321099003,15.74373954392795,49.99944321099003,15.74373954392795
0.1867500000000001,50.00338178991247,15.76489187086924,50.00338178991247,15.76489187086924
0.1870000000000001,50.00732565694312,15.78604440971129,50.00732565694312,15.78604440971129
0.1872500000000001,50.01127481213501,15.80719716076923,50.01127481213501,15.80719716076923
0.1875000000000001,50.01522925554121,15.82835012435805,50.01522925554121,15.82835012435805
0.1877500000000001,50.01918898721492,15.84950330079263,50.01918898721492,15.84950330079263
0.1880000000000001,50.02315400720937,15.87065669038775,50.02315400720937,15.87065669038775
0.1882500000000001,50.0271243155779,15.89181029345803,50.0271243155779,15.89181029345803
0.1885000000000001,50.03109991237392,15.91296411031801,50.03109991237392,15.91296411031801
0.1887500000000001,50.03508079765091,15.93411814128209,50.03508079765091,15.93411814128209
0.1890000000000001,50.03906697146243,15.95527238666455,50.03906697146243,15.95527238666455
0.1892500000000001,50.04305843386214,15.97642684677957,50.04305843386214,15.97642684677957
0.1895000000000001,50.04705518490374,15.99758152194119,50.04705518490374,15.99758152194119
0.1897500000000001,50.05105722464105,16.01873641246333,50.05105722464105,16.01873641246333
0.1900000000000001,50.05506455312794,16.0398915186598,50.05506455312794,16.0398915186598
0.1902500000000001,50.05907717041838,16.06104684084428,50.05907717041838,16.06104684084428
0.1905000000000001,50.06309507656639,16.08220237933035,50.06309507656639,16.08220237933035
0.1907500000000001,50.06711827162609,16.10335813443146,50.06711827162609,16.10335813443146
0.1910000000000001,50.07114675565168,16.12451410646091,50.07114675565168,16.12451410646091
0.1912500000000001,50.07518052869743,16.14567029573193,50.07518052869743,16.14567029573193
0.1915000000000001,50.07921959081768,16.16682670255758,50.07921959081768,16.16682670255758
0.1917500000000001,50.08326394206686,16.18798332725085,50.08326394206686,16.18798332725085
0.1920000000000001,50.08731358249949,16.20914017012456,50.08731358249949,16.20914017012456
0.1922500000000001,50.09136851217013,16.23029723149145,50.09136851217013,16.23029723149145
0.1925000000000001,50.09542873113347,16.2514545116641,50.09542873113347,16.2514545116641
0.1927500000000001,50.09949423944423,16.272612010955,50.09949423944423,16.272612010955
0.1930000000000001,50.10356503715723,16.29376972967651,50.10356503715723,16.29376972967651
0.1932500000000001,50.10764112432738,16.31492766814086,50.10764112432738,16.31492766814086
0.1935000000000001,50.11172250100964,16.33608582666016,50.11172250100964,16.33608582666016
0.1937500000000001,50.11580916725907,16.35724420554641,50.11580916725907,16.35724420554641
0.1940000000000001,50.1199011231308,16.37840280511147,50.1199011231308,16.37840280511147
0.1942500000000001,50.12399836868004,16.39956162566709,50.12399836868004,16.39956162566709
0.1945000000000001,50.12810090396208,16.4207206675249,50.12810090396208,16.4207206675249
0.1947500000000001,50.13220872903227,16.4418799309964,50.13220872903227,16.4418799309964
0.1950000000000001,50.13632184394607,16.46303941639297,50.13632184394607,16.46303941639297
0.1952500000000001,50.14044024875899,16.48419912402587,50.14044024875899,16.48419912402587
0.1955000000000001,50.14456394352663,16.50535905420623,50.14456394352663,16.50535905420623
0.1957500000000001,50.14869292830467,16.52651920724507,50.14869292830467,16.52651920724507
0.1960000000000001,50.15282720314885,16.54767958345326,50.15282720314885,16.54767958345326
0.1962500000000001,50.15696676811502,16.56884018314159,50.15696676811502,16.56884018314159
0.1965000000000001,50.16111162325907,16.59000100662069,50.16111162325907,16.59000100662069
0.1967500000000001,50.165261768637,16.61116205420107,50.165261768637,16.61116205420107
0.1970000000000001,50.16941720430487,16.63232332619314,50.16941720430487,16.63232332619314
0.1972500000000001,50.17357793031882,16.65348482290716,50.17357793031882,16.65348482290716
0.1975000000000001,50.17774394673508,16.67464654465329,50.17774394673508,16.67464654465329
0.1977500000000001,50.18191525360993,16.69580849174155,50.18191525360993,16.69580849174155
0.1980000000000001,50.18609185099975,16.71697066448183,50.18609185099975,16.71697066448183
0.1982500000000001,50.190273738961,16.73813306318392,50.190273738961,16.73813306318392
0.1985000000000001,50.1944609175502,16.75929568815746,50.1944609175502,16.75929568815746
0.1987500000000001,50.19865338682396,16.78045853971198,50.19865338682396,16.78045853971198
0.1990000000000001,50.20285114683896,16.80162161815689,50.20285114683896,16.80162161815689
0.1992500000000001,50.20705419765197,16.82278492380146,50.20705419765197,16.82278492380146
0.1995000000000001,50.21126253931982,16.84394845695484,50.21126253931982,16.84394845695484
0.1997500000000001,50.21547617189943,16.86511221792606,50.21547617189943,16.86511221792606
0.2000000000000001,50.2196950954478,16.88627620702402,50.2196950954478,16.88627620702402
0.2002500000000002,50.22391931002198,16.90744042455751,50.22391931002198,16.90744042455751
0.2005000000000002,50.22814881567914,16.92860487083517,50.22814881567914,16.92860487083517
0.2007500000000002,50.23238361247649,16.94976954616553,50.23238361247649,16.94976954616553
0.2010000000000002,50.23662370047133,16.970934450857,50.23662370047133,16.970934450857
0.2012500000000002,50.24086907972106,16.99209958521784,50.24086907972106,16.99209958521784
0.2015000000000002,50.24511975028311,17.01326494955621,50.24511975028311,17.01326494955621
0.2017500000000002,50.24937571221503,17.03443054418013,50.24937571221503,17.03443054418013
0.2020000000000002,50.25363696557442,17.0555963693975,50.25363696557442,17.0555963693975
0.2022500000000002,50.25790351041896,17.07676242551609,50.25790351041896,17.07676242551609
0.2025000000000002,50.26217534680644,17.09792871284355,50.26217534680644,17.09792871284355
0.2027500000000002,50.26645247479468,17.11909523168739,50.26645247479468,17.11909523168739
0.2030000000000002,50.2707348944416,17.14026198235501,50.2707348944416,17.14026198235501
0.2032500000000002,50.2750226058052,17.16142896515367,50.2750226058052,17.16142896515367
0.2035000000000002,50.27931560894355,17.18259618039051,50.27931560894355,17.18259618039051
0.2037500000000002,50.28361390391479,17.20376362837255,50.28361390391479,17.20376362837255
0.2040000000000002,50.28791749077715,17.22493130940666,50.28791749077715,17.22493130940666
0.2042500000000002,50.29222636958894,17.24609922379961,50.29222636958894,17.24609922379961
0.2045000000000002,50.29654054040852,17.26726737185803,50.29654054040852,17.26726737185803
0.2047500000000002,50.30086000329436,17.28843575388842,50.30086000329436,17.28843575388842
0.2050000000000002,50.30518475830499,17.30960437019715,50.30518475830499,17.30960437019715
0.2052500000000002,50.30951480549901,17.33077322109047,50.30951480549901,17.33077322109047
0.2055000000000002,50.3138501449351,17.35194230687451,50.3138501449351,17.35194230687451
0.2057500000000002,50.31819077667204,17.37311162785526,50.31819077667204,17.37311162785526
0.2060000000000002,50.32253670076865,17.39428118433857,50.32253670076865,17.39428118433857
0.2062500000000002,50.32688791728386,17.41545097663018,50.32688791728386,17.41545097663018
0.2065000000000002,50.33124442627664,17.43662100503571,50.33124442627664,17.43662100503571
0.2067500000000002,50.33560622780607,17.45779126986064,50.33560622780607,17.45779126986064
0.2070000000000002,50.3399733219313,17.4789617714103,50.3399733219313,17.4789617714103
0.2072500000000002,50.34434570871153,17.50013250998994,50.34434570871153,17.50013250998994
0.2075000000000002,50.34872338820607,17.52130348590463,50.34872338820607,17.52130348590463
0.2077500000000002,50.35310636047429,17.54247469945935,50.35310636047429,17.54247469945935
0.2080000000000002,50.35749462557563,17.56364615095892,50.35749462557563,17.56364615095892
0.2082500000000002,50.36188818356962,17.58481784070807,50.36188818356962,17.58481784070807
0.2085000000000002,50.36628703451586,17.60598976901135,50.36628703451586,17.60598976901135
0.2087500000000002,50.37069117847403,17.62716193617323,50.37069117847403,17.62716193617323
0.2090000000000002,50.37510061550388,17.64833434249802,50.37510061550388,17.64833434249802
0.2092500000000002,50.37951534566524,17.66950698828991,50.37951534566524,17.66950698828991
0.2095000000000002,50.38393536901801,17.69067987385296,50.38393536901801,17.69067987385296
0.2097500000000002,50.38836068562217,17.7118529994911,50.38836068562217,17.7118529994911
0.2100000000000002,50.39279129553779,17.73302636550813,50.39279129553779,17.73302636550813
0.2102500000000002,50.39722719882499,17.75419997220771,50.39722719882499,17.75419997220771
0.2105000000000002,50.40166839554397,17.77537381989339,50.40166839554397,17.77537381989339
0.2107500000000002,50.40611488575504,17.79654790886858,50.40611488575504,17.79654790886858
0.2110000000000002,50.41056666951854,17.81772223943656,50.41056666951854,17.81772223943656
0.2112500000000002,50.41502374689491,17.83889681190047,50.41502374689491,17.83889681190047
0.2115000000000002,50.41948611794467,17.86007162656333,50.41948611794467,17.86007162656333
0.2117500000000002,50.4239537827284,17.88124668372802,50.4239537827284,17.88124668372802
0.2120000000000002,50.42842674130677,17.90242198369731,50.42842674130677,17.90242198369731
0.2122500000000002,50.43290499374051,17.92359752677382,50.43290499374051,17.92359752677382
0.2125000000000002,50.43738854009045,17.94477331326004,50.43738854009045,17.94477331326004
0.2127500000000002,50.44187738041745,17.96594934345834,50.44187738041745,17.96594934345834
0.2130000000000002,50.44637151478251,17.98712561767094,50.44637151478251,17.98712561767094
0.2132500000000002,50.45087094324665,18.00830213619995,50.45087094324665,18.00830213619995
0.2135000000000002,50.455375665871,18.02947889934734,50.455375665871,18.02947889934734
0.2137500000000002,50.45988568271674,18.05065590741494,50.45988568271674,18.05065590741494
0.2140000000000002,50.46440099384514,18.07183316070445,50.46440099384514,18.07183316070445
0.2142500000000002,50.46892159931755,18.09301065951745,50.46892159931755,18.09301065951745
0.2145000000000002,50.47344749919538,18.11418840415538,50.47344749919538,18.11418840415538
0.2147500000000002,50.47797869354013,18.13536639491955,50.47797869354013,18.13536639491955
0.2150000000000002,50.48251518241337,18.15654463211114,50.48251518241337,18.15654463211114
0.2152500000000002,50.48705696587675,18.17772311603118,50.48705696587675,18.17772311603118
0.2155000000000002,50.49160404399198,18.19890184698059,50.49160404399198,18.19890184698059
0.2157500000000002,50.49615641682085,18.22008082526015,50.49615641682085,18.22008082526015
0.2160000000000002,50.50071408442525,18.24126005117051,50.50071408442525,18.24126005117051
0.2162500000000002,50.5052770468671,18.26243952501217,50.5052770468671,18.26243952501217
0.2165000000000002,50.50984530420844,18.28361924708553,50.50984530420844,18.28361924708553
0.2167500000000002,50.51441885651136,18.30479921769081,50.51441885651136,18.30479921769081
0.2170000000000002,50.51899770383802,18.32597943712815,50.51899770383802,18.32597943712815
0.2172500000000002,50.52358184625068,18.34715990569752,50.52358184625068,18.34715990569752
0.2175000000000002,50.52817128381165,18.36834062369877,50.52817128381165,18.36834062369877
0.2177500000000002,50.53276601658334,18.38952159143161,50.53276601658334,18.38952159143161
0.2180000000000002,50.53736604462821,18.41070280919562,50.53736604462821,18.41070280919562
0.2182500000000002,50.5419713680088,18.43188427729025,50.5419713680088,18.43188427729025
0.2185000000000002,50.54658198678774,18.45306599601482,50.54658198678774,18.45306599601482
0.2187500000000002,50.55119790102772,18.47424796566849,50.55119790102772,18.47424796566849
0.2190000000000002,50.55581911079151,18.49543018655032,50.55581911079151,18.49543018655032
0.2192500000000002,50.56044561614195,18.5166126589592,50.56044561614195,18.5166126589592
0.2195000000000002,50.56507741714197,18.53779538319393,50.56507741714197,18.53779538319393
0.2197500000000002,50.56971451385456,18.55897835955314,50.56971451385456,18.55897835955314
0.2200000000000002,50.57435690634278,18.58016158833534,50.57435690634278,18.58016158833534
0.2202500000000002,50.57900459466978,18.6013450698389,50.57900459466978,18.6013450698389
0.2205000000000002,50.58365757889879,18.62252880436206,50.58365757889879,18.62252880436206
0.2207500000000002,50.58831585909308,18.64371279220291,50.58831585909308,18.64371279220291
0.2210000000000002,50.59297943531602,18.66489703365944,50.59297943531602,18.66489703365944
0.2212500000000002,50.59764830763107,18.68608152902947,50.59764830763107,18.68608152902947
0.2215000000000002,50.60232247610173,18.70726627861069,50.60232247610173,18.70726627861069
0.2217500000000002,50.60700194079158,18.72845128270068,50.60700194079158,18.72845128270068
0.2220000000000002,50.61168670176431,18.74963654159685,50.61168670176431,18.74963654159685
0.2222500000000002,50.61637675908364,18.7708220555965,50.61637675908364,18.7708220555965
0.2225000000000002,50.62107211281339,18.79200782499678,50.62107211281339,18.79200782499678
0.2227500000000002,50.62577276301744,18.81319385009472,50.62577276301744,18.81319385009472
0.2230000000000002,50.63047870975977,18.83438013118719,50.63047870975977,18.83438013118719
0.2232500000000002,50.6351899531044,18.85556666857095,50.6351899531044,18.85556666857095
0.2235000000000002,50.63990649311544,18.8767534625426,50.63990649311544,18.8767534625426
0.2237500000000002,50.64462832985708,18.89794051339862,50.64462832985708,18.89794051339862
0.2240000000000002,50.64935546339357,18.91912782143535,50.64935546339357,18.91912782143535
0.2242500000000002,50.65408789378925,18.94031538694898,50.65408789378925,18.94031538694898
0.2245000000000002,50.65882562110853,18.9615032102356,50.65882562110853,18.9615032102356
0.2247500000000002,50.66356864541588,18.98269129159113,50.66356864541588,18.98269129159113
0.2250000000000002,50.66831696677585,19.00387963131135,50.66831696677585,19.00387963131135
0.2252500000000002,50.67307058525309,19.02506822969193,50.67307058525309,19.02506822969193
0.2255000000000002,50.67782950091228,19.04625708702839,50.67782950091228,19.04625708702839
0.2257500000000002,50.68259371381821,19.0674462036161,50.68259371381821,19.0674462036161
0.2260000000000002,50.68736322403572,19.08863557975031,50.68736322403572,19.08863557975031
0.2262500000000002,50.69213803162974,19.10982521572613,50.69213803162974,19.10982521572613
0.2265000000000002,50.69691813666526,19.13101511183852,50.69691813666526,19.13101511183852
0.2267500000000002,50.70170353920736,19.15220526838232,50.70170353920736,19.15220526838232
0.2270000000000002,50.70649423932118,19.17339568565223,50.70649423932118,19.17339568565223
0.2272500000000002,50.71129023707194,19.1945863639428,50.71129023707194,19.1945863639428
0.2275000000000002,50.71609153252493,19.21577730354845,50.71609153252493,19.21577730354845
0.2277500000000002,50.72089812574552,19.23696850476346,50.72089812574552,19.23696850476346
0.2280000000000002,50.72571001679914,19.25815996788197,50.72571001679914,19.25815996788197
0.2282500000000002,50.73052720575131,19.27935169319799,50.73052720575131,19.27935169319799
0.2285000000000002,50.73534969266761,19.30054368100538,50.73534969266761,19.30054368100538
0.2287500000000002,50.74017747761371,19.32173593159788,50.74017747761371,19.32173593159788
0.2290000000000002,50.74501056065533,19.34292844526907,50.74501056065533,19.34292844526907
0.2292500000000002,50.74984894185829,19.3641212223124,50.74984894185829,19.3641212223124
0.2295000000000002,50.75469262128846,19.38531426302119,50.75469262128846,19.38531426302119
0.2297500000000002,50.7595415990118,19.4065075676886,50.7595415990118,19.4065075676886
0.2300000000000002,50.76439587509432,19.42770113660768,50.76439587509432,19.42770113660768
0.2302500000000002,50.76925544960214,19.44889497007132,50.76925544960214,19.44889497007132
0.2305000000000002,50.77412032260143,19.47008906837228,50.77412032260143,19.47008906837228
0.2307500000000002,50.77899049415842,19.49128343180316,50.77899049415842,19.49128343180316
0.2310000000000002,50.78386596433945,19.51247806065646,50.78386596433945,19.51247806065646
0.2312500000000002,50.78874673321089,19.53367295522451,50.78874673321089,19.53367295522451
0.2315000000000002,50.79363280083923,19.5548681157995,50.79363280083923,19.5548681157995
0.2317500000000002,50.79852416729099,19.57606354267351,50.79852416729099,19.57606354267351
0.2320000000000002,50.80342083263278,19.59725923613843,50.80342083263278,19.59725923613843
0.2322500000000002,50.80832279693129,19.61845519648607,50.80832279693129,19.61845519648607
0.2325000000000002,50.81323006025328,19.63965142400805,50.81323006025328,19.63965142400805
0.2327500000000002,50.81814262266558,19.66084791899587,50.81814262266558,19.66084791899587
0.2330000000000002,50.82306048423509,19.6820446817409,50.82306048423509,19.6820446817409
0.2332500000000002,50.82798364502879,19.70324171253436,50.82798364502879,19.70324171253436
0.2335000000000002,50.83291210511372,19.72443901166731,50.83291210511372,19.72443901166731
0.2337500000000002,50.83784586455701,19.74563657943071,50.83784586455701,19.74563657943071
0.2340000000000002,50.84278492342585,19.76683441611535,50.84278492342585,19.76683441611535
0.2342500000000002,50.8477292817875,19.78803252201188,50.8477292817875,19.78803252201188
0.2345000000000002,50.85267893970931,19.80923089741082,50.85267893970931,19.80923089741082
0.2347500000000002,50.85763389725869,19.83042954260255,50.85763389725869,19.83042954260255
0.2350000000000002,50.86259415450312,19.8516284578773,50.86259415450312,19.8516284578773
0.2352500000000002,50.86755971151016,19.87282764352516,50.86755971151016,19.87282764352516
0.2355000000000002,50.87253056834744,19.89402709983609,50.87253056834744,19.89402709983609
0.2357500000000002,50.87750672508265,19.91522682709989,50.87750672508265,19.91522682709989
0.2360000000000002,50.88248818178359,19.93642682560624,50.88248818178359,19.93642682560624
0.2362500000000002,50.88747493851808,19.95762709564466,50.88747493851808,19.95762709564466
0.2365000000000002,50.89246699535406,19.97882763750454,50.89246699535406,19.97882763750454
0.2367500000000002,50.89746435235951,20.00002845147512,50.89746435235951,20.00002845147512
0.2370000000000002,50.9024670096025,20.02122953784551,50.9024670096025,20.02122953784551
0.2372500000000002,50.90747496715116,20.04243089690467,50.90747496715116,20.04243089690467
0.2375000000000002,50.9124882250737,20.0636325289414,50.9124882250737,20.0636325289414
0.2377500000000002,50.91750678343841,20.0848344342444,50.91750678343841,20.0848344342444
0.2380000000000002,50.92253064231362,20.1060366131022,50.92253064231362,20.1060366131022
0.2382500000000002,50.92755980176778,20.12723906580318,50.92755980176778,20.12723906580318
0.2385000000000002,50.93259426186937,20.1484417926356,50.93259426186937,20.1484417926356
0.2387500000000002,50.93763402268696,20.16964479388756,50.93763402268696,20.16964479388756
0.2390000000000002,50.9426790842892,20.19084806984703,50.9426790842892,20.19084806984703
0.2392500000000002,50.9477294467448,20.21205162080183,50.9477294467448,20.21205162080183
0.2395000000000002,50.95278511012254,20.23325544703964,50.95278511012254,20.23325544703964
0.2397500000000002,50.95784607449129,20.25445954884799,50.95784607449129,20.25445954884799
0.2400000000000002,50.96291233991995,20.27566392651428,50.96291233991995,20.27566392651428
0.2402500000000002,50.96798390647755,20.29686858032575,50.96798390647755,20.29686858032575
0.2405000000000002,50.97306077423315,20.31807351056952,50.97306077423315,20.31807351056952
0.2407500000000002,50.97814294325589,20.33927871753254,50.97814294325589,20.33927871753254
0.2410000000000002,50.983230413615,20.36048420150163,50.983230413615,20.36048420150163
0.2412500000000002,50.98832318537975,20.38168996276348,50.98832318537975,20.38168996276348
0.2415000000000002,50.99342125861951,20.40289600160461,50.99342125861951,20.40289600160461
0.2417500000000002,50.9985246334037,20.42410231831142,50.9985246334037,20.42410231831142
0.2420000000000002,51.00363330980184,20.44530891317014,51.00363330980184,20.44530891317014
0.2422500000000002,51.00874728788349,20.46651578646688,51.00874728788349,20.46651578646688
0.2425000000000002,51.0138665677183,20.48772293848759,51.0138665677183,20.48772293848759
0.2427500000000002,51.01899114937599,20.5089303695181,51.01899114937599,20.5089303695181
0.2430000000000002,51.02412103292633,20.53013807984406,51.02412103292633,20.53013807984406
0.2432500000000002,51.0292562184392,20.551346069751,51.0292562184392,20.551346069751
0.2435000000000002,51.03439670598453,20.5725543395243,51.03439670598453,20.5725543395243
0.2437500000000002,51.03954249563231,20.5937628894492,51.03954249563231,20.5937628894492
0.2440000000000002,51.04469358745262,20.61497171981079,51.04469358745262,20.61497171981079
0.2442500000000002,51.04984998151561,20.63618083089401,51.04984998151561,20.63618083089401
0.2445000000000002,51.05501167789149,20.65739022298366,51.05501167789149,20.65739022298366
0.2447500000000002,51.06017867665054,20.67859989636441,51.06017867665054,20.67859989636441
0.2450000000000002,51.06535097786313,20.69980985132077,51.06535097786313,20.69980985132077
0.2452500000000002,51.07052858159969,20.72102008813708,51.07052858159969,20.72102008813708
0.2455000000000002,51.07571148793071,20.7422306070976,51.07571148793071,20.7422306070976
0.2457500000000002,51.08089969692677,20.76344140848638,51.08089969692677,20.76344140848638
0.2460000000000002,51.08609320865851,20.78465249258735,51.08609320865851,20.78465249258735
0.2462500000000002,51.09129202319664,20.80586385968431,51.09129202319664,20.80586385968431
0.2465000000000002,51.09649614061195,20.82707551006089,51.09649614061195,20.82707551006089
0.2467500000000002,51.1017055609753,20.84828744400058,51.1017055609753,20.84828744400058
0.2470000000000002,51.10692028435761,20.86949966178674,51.10692028435761,20.86949966178674
0.2472500000000002,51.11214031082988,20.89071216370257,51.11214031082988,20.89071216370257
0.2475000000000002,51.11736564046317,20.91192495003112,51.11736564046317,20.91192495003112
0.2477500000000002,51.12259627332863,20.9331380210553,51.12259627332863,20.9331380210553
0.2480000000000002,51.12783220949745,20.95435137705788,51.12783220949745,20.95435137705788
0.2482500000000002,51.13307344904093,20.97556501832147,51.13307344904093,20.97556501832147
0.2485000000000002,51.13831999203041,20.99677894512855,51.13831999203041,20.99677894512855
0.2487500000000002,51.14357183853731,21.01799315776145,51.14357183853731,21.01799315776145
0.2490000000000002,51.14882898863313,21.03920765650233,51.14882898863313,21.03920765650233
0.2492500000000002,51.15409144238943,21.06042244163323,51.15409144238943,21.06042244163323
0.2495000000000002,51.15935919987784,21.08163751343605,51.15935919987784,21.08163751343605
0.2497500000000002,51.16463226117006,21.10285287219251,51.16463226117006,21.10285287219251
0.2500000000000002,51.16991062633787,21.12406851818421,51.16991062633787,21.12406851818421
0.2502500000000001,51.17519429545312,21.14528445169259,51.17519429545312,21.14528445169259
0.2505000000000001,51.18048326858771,21.16650067299895,51.18048326858771,21.16650067299895
0.2507500000000001,51.18577754581363,21.18771718238445,51.18577754581363,21.18771718238445
0.2510000000000001,51.19107712720293,21.20893398013008,51.19107712720293,21.20893398013008
0.25125,51.19638201282775,21.2301510665167,51.19638201282775,21.2301510665167
0.2515,51.20169220276027,21.25136844182502,51.20169220276027,21.25136844182502
0.25175,51.20700769707276,21.27258610633559,51.20700769707276,21.27258610633559
0.2519999999999999,51.21232849583756,21.29380406032885,51.21232849583756,21.29380406032885
0.2522499999999999,51.21765459912707,21.31502230408504,51.21765459912707,21.31502230408504
0.2524999999999999,51.22298600701377,21.33624083788429,51.22298600701377,21.33624083788429
0.2527499999999999,51.22832271957021,21.35745966200657,51.22832271957021,21.35745966200657
0.2529999999999998,51.233664736869,21.37867877673169,51.233664736869,21.37867877673169
0.2532499999999998,51.23901205898282,21.39989818233934,51.23901205898282,21.39989818233934
0.2534999999999998,51.24436468598443,21.42111787910903,51.24436468598443,21.42111787910903
0.2537499999999998,51.24972261794666,21.44233786732016,51.24972261794666,21.44233786732016
0.2539999999999997,51.2550858549424,21.46355814725193,51.2550858549424,21.46355814725193
0.2542499999999997,51.26045439704462,21.48477871918344,51.26045439704462,21.48477871918344
0.2544999999999997,51.26582824432635,21.50599958339362,51.26582824432635,21.50599958339362
0.2547499999999996,51.2712073968607,21.52722074016125,51.2712073968607,21.52722074016125
0.2549999999999996,51.27659185472083,21.54844218976497,51.27659185472083,21.54844218976497
0.2552499999999996,51.28198161798001,21.56966393248326,51.28198161798001,21.56966393248326
0.2554999999999996,51.28737668671153,21.59088596859446,51.28737668671153,21.59088596859446
0.2557499999999995,51.29277706098878,21.61210829837675,51.29277706098878,21.61210829837675
0.2559999999999995,51.29818274088521,21.63333092210819,51.29818274088521,21.63333092210819
0.2562499999999995,51.30359372647435,21.65455384006664,51.30359372647435,21.65455384006664
0.2564999999999995,51.30901001782978,21.67577705252987,51.30901001782978,21.67577705252987
0.2567499999999994,51.31443161502518,21.69700055977545,51.31443161502518,21.69700055977545
0.2569999999999994,51.31985851813426,21.71822436208084,51.31985851813426,21.71822436208084
0.2572499999999994,51.32529072723083,21.73944845972332,51.32529072723083,21.73944845972332
0.2574999999999993,51.33072824238876,21.76067285298003,51.33072824238876,21.76067285298003
0.2577499999999993,51.33617106368198,21.78189754212797,51.33617106368198,21.78189754212797
0.2579999999999993,51.34161919118451,21.80312252744399,51.34161919118451,21.80312252744399
0.2582499999999993,51.34707262497041,21.82434780920476,51.34707262497041,21.82434780920476
0.2584999999999992,51.35253136511383,21.84557338768685,51.35253136511383,21.84557338768685
0.2587499999999992,51.357995411689,21.86679926316664,51.357995411689,21.86679926316664
0.2589999999999992,51.36346476477019,21.88802543592038,51.36346476477019,21.88802543592038
0.2592499999999991,51.36893942443175,21.90925190622415,51.36893942443175,21.90925190622415
0.2594999999999991,51.37441939074812,21.9304786743539,51.37441939074812,21.9304786743539
0.2597499999999991,51.37990466379377,21.95170574058543,51.37990466379377,21.95170574058543
0.2599999999999991,51.38539524364327,21.97293310519438,51.38539524364327,21.97293310519438
0.260249999999999,51.39089113037126,21.99416076845623,51.39089113037126,21.99416076845623
0.260499999999999,51.39639232405241,22.01538873064633,51.39639232405241,22.01538873064633
0.260749999999999,51.40189882476151,22.03661699203986,51.40189882476151,22.03661699203986
0.260999999999999,51.40741063257339,22.05784555291188,51.40741063257339,22.05784555291188
0.2612499999999989,51.41292774756295,22.07907441353726,51.41292774756295,22.07907441353726
0.2614999999999989,51.41845016980516,22.10030357419074,51.41845016980516,22.10030357419074
0.2617499999999989,51.42397789937507,22.12153303514692,51.42397789937507,22.12153303514692
0.2619999999999988,51.42951093634778,22.14276279668022,51.42951093634778,22.14276279668022
0.2622499999999988,51.43504928079848,22.16399285906492,51.43504928079848,22.16399285906492
0.2624999999999988,51.44059293280241,22.18522322257517,51.44059293280241,22.18522322257517
0.2627499999999988,51.44614189243489,22.20645388748494,51.44614189243489,22.20645388748494
0.2629999999999987,51.45169615977129,22.22768485406806,51.45169615977129,22.22768485406806
0.2632499999999987,51.45725573488708,22.24891612259821,51.45725573488708,22.24891612259821
0.2634999999999987,51.46282061785778,22.27014769334892,51.46282061785778,22.27014769334892
0.2637499999999987,51.46839080875897,22.29137956659356,51.46839080875897,22.29137956659356
0.2639999999999986,51.47396630766631,22.31261174260535,51.47396630766631,22.31261174260535
0.2642499999999986,51.47954711465552,22.33384422165736,51.47954711465552,22.33384422165736
0.2644999999999986,51.48513322980241,22.35507700402252,51.48513322980241,22.35507700402252
0.2647499999999985,51.49072465318284,22.37631008997359,51.49072465318284,22.37631008997359
0.2649999999999985,51.49632138487272,22.39754347978318,51.49632138487272,22.39754347978318
0.2652499999999985,51.50192342494807,22.41877717372376,51.50192342494807,22.41877717372376
0.2654999999999985,51.50753077348495,22.44001117206763,51.50753077348495,22.44001117206763
0.2657499999999984,51.5131434305595,22.46124547508697,51.5131434305595,22.46124547508697
0.2659999999999984,51.5187613962479,22.48248008305375,51.5187613962479,22.48248008305375
0.2662499999999984,51.52438467062645,22.50371499623986,51.52438467062645,22.50371499623986
0.2664999999999983,51.53001325377148,22.52495021491697,51.53001325377148,22.52495021491697
0.2667499999999983,51.53564714575939,22.54618573935664,51.53564714575939,22.54618573935664
0.2669999999999983,51.54128634666666,22.56742156983027,51.54128634666666,22.56742156983027
0.2672499999999983,51.54693085656983,22.58865770660909,51.54693085656983,22.58865770660909
0.2674999999999982,51.55258067554551,22.60989414996419,51.55258067554551,22.60989414996419
0.2677499999999982,51.55823580367039,22.63113090016651,51.55823580367039,22.63113090016651
0.2679999999999982,51.56389624102119,22.65236795748683,51.56389624102119,22.65236795748683
0.2682499999999982,51.56956198767475,22.67360532219578,51.56956198767475,22.67360532219578
0.2684999999999981,51.57523304370793,22.69484299456384,51.57523304370793,22.69484299456384
0.2687499999999981,51.58090940919769,22.71608097486132,51.58090940919769,22.71608097486132
0.2689999999999981,51.58659108422104,22.73731926335839,51.58659108422104,22.73731926335839
0.269249999999998,51.59227806885507,22.75855786032508,51.59227806885507,22.75855786032508
0.269499999999998,51.59797036317693,22.77979676603124,51.59797036317693,22.77979676603124
0.269749999999998,51.60366796726384,22.80103598074658,51.60366796726384,22.80103598074658
0.269999999999998,51.60937088119308,22.82227550474065,51.60937088119308,22.82227550474065
0.2702499999999979,51.61507910504201,22.84351533828286,51.61507910504201,22.84351533828286
0.2704999999999979,51.62079263888804,22.86475548164245,51.62079263888804,22.86475548164245
0.2707499999999979,51.62651148280867,22.88599593508851,51.62651148280867,22.88599593508851
0.2709999999999979,51.63223563688145,22.90723669888997,51.63223563688145,22.90723669888997
0.2712499999999978,51.637965101184,22.92847777331564,51.637965101184,22.92847777331564
0.2714999999999978,51.64369987579401,22.94971915863412,51.64369987579401,22.94971915863412
0.2717499999999978,51.64943996078924,22.97096085511391,51.64943996078924,22.97096085511391
0.2719999999999977,51.65518535624752,22.99220286302331,51.65518535624752,22.99220286302331
0.2722499999999977,51.66093606224673,23.0134451826305,51.66093606224673,23.0134451826305
0.2724999999999977,51.66669207886483,23.03468781420349,51.66669207886483,23.03468781420349
0.2727499999999977,51.67245340617986,23.05593075801013,51.67245340617986,23.05593075801013
0.2729999999999976,51.67822004426989,23.07717401431812,51.67822004426989,23.07717401431812
0.2732499999999976,51.68399199321308,23.09841758339503,51.68399199321308,23.09841758339503
0.2734999999999976,51.68976925308768,23.11966146550822,51.68976925308768,23.11966146550822
0.2737499999999976,51.69555182397195,23.14090566092495,51.69555182397195,23.14090566092495
0.2739999999999975,51.70133970594426,23.16215016991229,51.70133970594426,23.16215016991229
0.2742499999999975,51.70713289908306,23.18339499273718,51.70713289908306,23.18339499273718
0.2744999999999975,51.71293140346681,23.20464012966638,51.71293140346681,23.20464012966638
0.2747499999999974,51.71873521917409,23.22588558096652,51.71873521917409,23.22588558096652
0.2749999999999974,51.72454434628351,23.24713134690405,51.72454434628351,23.24713134690405
0.2752499999999974,51.73035878487378,23.26837742774527,51.73035878487378,23.26837742774527
0.2754999999999974,51.73617853502365,23.28962382375635,51.73617853502365,23.28962382375635
0.2757499999999973,51.74200359681194,23.31087053520327,51.74200359681194,23.31087053520327
0.2759999999999973,51.74783397031756,23.33211756235188,51.74783397031756,23.33211756235188
0.2762499999999973,51.75366965561945,23.35336490546785,51.75366965561945,23.35336490546785
0.2764999999999972,51.75951065279664,23.37461256481672,51.75951065279664,23.37461256481672
0.2767499999999972,51.76535696192823,23.39586054066385,51.76535696192823,23.39586054066385
0.2769999999999972,51.77120858309338,23.41710883327446,51.77120858309338,23.41710883327446
0.2772499999999972,51.77706551637129,23.43835744291362,51.77706551637129,23.43835744291362
0.2774999999999971,51.78292776184128,23.45960636984622,51.78292776184128,23.45960636984622
0.2777499999999971,51.78879531958268,23.48085561433702,51.78879531958268,23.48085561433702
0.2779999999999971,51.79466818967493,23.5021051766506,51.79466818967493,23.5021051766506
0.2782499999999971,51.80054637219752,23.5233550570514,51.80054637219752,23.5233550570514
0.278499999999997,51.80642986722999,23.54460525580369,51.80642986722999,23.54460525580369
0.278749999999997,51.81231867485197,23.56585577317161,51.81231867485197,23.56585577317161
0.278999999999997,51.81821279514315,23.58710660941911,51.81821279514315,23.58710660941911
0.2792499999999969,51.82411222818327,23.60835776481,51.82411222818327,23.60835776481
0.2794999999999969,51.83001697405217,23.62960923960793,51.83001697405217,23.62960923960793
0.2797499999999969,51.83592703282972,23.65086103407641,51.83592703282972,23.65086103407641
0.2799999999999969,51.84184240459587,23.67211314847876,51.84184240459587,23.67211314847876
0.2802499999999968,51.84776308943064,23.69336558307818,51.84776308943064,23.69336558307818
0.2804999999999968,51.85368908741411,23.71461833813768,51.85368908741411,23.71461833813768
0.2807499999999968,51.85962039862643,23.73587141392012,51.85962039862643,23.73587141392012
0.2809999999999968,51.86555702314782,23.75712481068823,51.86555702314782,23.75712481068823
0.2812499999999967,51.87149896105855,23.77837852870455,51.87149896105855,23.77837852870455
0.2814999999999967,51.87744621243897,23.79963256823149,51.87744621243897,23.79963256823149
0.2817499999999967,51.88339877736949,23.82088692953127,51.88339877736949,23.82088692953127
0.2819999999999966,51.88935665593058,23.84214161286597,51.88935665593058,23.84214161286597
0.2822499999999966,51.89531984820278,23.86339661849753,51.89531984820278,23.86339661849753
0.2824999999999966,51.9012883542667,23.88465194668771,51.9012883542667,23.88465194668771
0.2827499999999966,51.90726217420303,23.90590759769811,51.90726217420303,23.90590759769811
0.2829999999999965,51.91324130809248,23.92716357179018,51.91324130809248,23.92716357179018
0.2832499999999965,51.91922575601587,23.94841986922523,51.91922575601587,23.94841986922523
0.2834999999999965,51.92521551805406,23.96967649026437,51.92521551805406,23.96967649026437
0.2837499999999964,51.93121059428799,23.9909334351686,51.93121059428799,23.9909334351686
0.2839999999999964,51.93721098479865,24.01219070419872,51.93721098479865,24.01219070419872
0.2842499999999964,51.94321668966712,24.0334482976154,51.94321668966712,24.0334482976154
0.2844999999999964,51.94922770897451,24.05470621567914,51.94922770897451,24.05470621567914
0.2847499999999963,51.95524404280203,24.07596445865028,51.95524404280203,24.07596445865028
0.2849999999999963,51.96126569123093,24.09722302678902,51.96126569123093,24.09722302678902
0.2852499999999963,51.96729265434254,24.11848192035537,51.96729265434254,24.11848192035537
0.2854999999999963,51.97332493221825,24.13974113960921,51.97332493221825,24.13974113960921
0.2857499999999962,51.97936252493951,24.16100068481024,51.97936252493951,24.16100068481024
0.2859999999999962,51.98540543258784,24.18226055621803,51.98540543258784,24.18226055621803
0.2862499999999962,51.99145365524483,24.20352075409195,51.99145365524483,24.20352075409195
0.2864999999999961,51.99750719299212,24.22478127869126,51.99750719299212,24.22478127869126
0.2867499999999961,52.00356604591142,24.24604213027501,52.00356604591142,24.24604213027501
0.2869999999999961,52.00963021408452,24.26730330910214,52.00963021408452,24.26730330910214
0.2872499999999961,52.01569969759326,24.28856481543139,52.01569969759326,24.28856481543139
0.287499999999996,52.02177449651955,24.30982664952137,52.02177449651955,24.30982664952137
0.287749999999996,52.02785461094535,24.33108881163052,52.02785461094535,24.33108881163052
0.287999999999996,52.03394004095272,24.35235130201711,52.03394004095272,24.35235130201711
0.288249999999996,52.04003078662375,24.37361412093928,52.04003078662375,24.37361412093928
0.2884999999999959,52.04612684804059,24.39487726865497,52.04612684804059,24.39487726865497
0.2887499999999959,52.0522282252855,24.416140745422,52.0522282252855,24.416140745422
0.2889999999999959,52.05833491844075,24.43740455149801,52.05833491844075,24.43740455149801
0.2892499999999958,52.06444692758871,24.45866868714047,52.06444692758871,24.45866868714047
0.2894999999999958,52.07056425281181,24.47993315260673,52.07056425281181,24.47993315260673
0.2897499999999958,52.07668689419252,24.50119794815394,52.07668689419252,24.50119794815394
0.2899999999999958,52.08281485181341,24.52246307403911,52.08281485181341,24.52246307403911
0.2902499999999957,52.08894812575709,24.54372853051908,52.08894812575709,24.54372853051908
0.2904999999999957,52.09508671610624,24.56499431785054,52.09508671610624,24.56499431785054
0.2907499999999957,52.10123062294361,24.58626043629001,52.10123062294361,24.58626043629001
0.2909999999999957,52.107379846352,24.60752688609387,52.107379846352,24.60752688609387
0.2912499999999956,52.11353438641429,24.62879366751831,52.11353438641429,24.62879366751831
0.2914999999999956,52.11969424321342,24.65006078081939,52.11969424321342,24.65006078081939
0.2917499999999956,52.12585941683238,24.67132822625299,52.12585941683238,24.67132822625299
0.2919999999999955,52.13202990735424,24.69259600407483,52.13202990735424,24.69259600407483
0.2922499999999955,52.13820571486213,24.71386411454048,52.13820571486213,24.71386411454048
0.2924999999999955,52.14438683943925,24.73513255790535,52.14438683943925,24.73513255790535
0.2927499999999955,52.15057328116885,24.75640133442468,52.15057328116885,24.75640133442468
0.2929999999999954,52.15676504013425,24.77767044435355,52.15676504013425,24.77767044435355
0.2932499999999954,52.16296211641883,24.79893988794689,52.16296211641883,24.79893988794689
0.2934999999999954,52.16916451010605,24.82020966545947,52.16916451010605,24.82020966545947
0.2937499999999953,52.17537222127941,24.84147977714588,52.17537222127941,24.84147977714588
0.2939999999999953,52.18158525002249,24.86275022326056,52.18158525002249,24.86275022326056
0.2942499999999953,52.18780359641893,24.8840210040578,52.18780359641893,24.8840210040578
0.2944999999999953,52.19402726055243,24.90529211979172,52.19402726055243,24.90529211979172
0.2947499999999952,52.20025624250676,24.92656357071628,52.20025624250676,24.92656357071628
0.2949999999999952,52.20649054236574,24.94783535708527,52.20649054236574,24.94783535708527
0.2952499999999952,52.21273016021328,24.96910747915234,52.21273016021328,24.96910747915234
0.2954999999999952,52.21897509613331,24.99037993717096,52.21897509613331,24.99037993717096
0.2957499999999951,52.22522535020988,25.01165273139443,52.22522535020988,25.01165273139443
0.2959999999999951,52.23148092252705,25.03292586207593,52.23148092252705,25.03292586207593
0.2962499999999951,52.23774181316897,25.05419932946844,52.23774181316897,25.05419932946844
0.296499999999995,52.24400802221987,25.07547313382479,52.24400802221987,25.07547313382479
0.296749999999995,52.25027954976399,25.09674727539765,52.25027954976399,25.09674727539765
0.296999999999995,52.25655639588568,25.11802175443954,52.25655639588568,25.11802175443954
0.297249999999995,52.26283856066935,25.13929657120278,52.26283856066935,25.13929657120278
0.2974999999999949,52.26912604419945,25.16057172593959,52.26912604419945,25.16057172593959
0.2977499999999949,52.27541884656051,25.18184721890196,52.27541884656051,25.18184721890196
0.2979999999999949,52.28171696783711,25.20312305034178,52.28171696783711,25.20312305034178
0.2982499999999949,52.28802040811391,25.22439922051073,52.28802040811391,25.22439922051073
0.2984999999999948,52.29432916747562,25.24567572966037,52.29432916747562,25.24567572966037
0.2987499999999948,52.30064324600701,25.26695257804205,52.30064324600701,25.26695257804205
0.2989999999999948,52.30696264379293,25.288229765907,52.30696264379293,25.288229765907
0.2992499999999947,52.31328736091827,25.30950729350628,52.31328736091827,25.30950729350628
0.2994999999999947,52.31961739746801,25.33078516109076,52.31961739746801,25.33078516109076
0.2997499999999947,52.32595275352718,25.35206336891118,52.32595275352718,25.35206336891118
0.2999999999999947,52.33229342918084,25.3733419172181,52.33229342918084,25.3733419172181
0.3002499999999946,52.33863942451418,25.39462080626194,52.33863942451418,25.39462080626194
0.3004999999999946,52.34499073961239,25.41590003629292,52.34499073961239,25.41590003629292
0.3007499999999946,52.35134737456076,25.43717960756113,52.35134737456076,25.43717960756113
0.3009999999999945,52.35770932944462,25.45845952031649,52.35770932944462,25.45845952031649
0.3012499999999945,52.36407660434939,25.47973977480875,52.36407660434939,25.47973977480875
0.3014999999999945,52.37044919936053,25.5010203712875,52.37044919936053,25.5010203712875
0.3017499999999945,52.37682711456356,25.52230131000217,52.37682711456356,25.52230131000217
0.3019999999999944,52.38321035004407,25.54358259120203,52.38321035004407,25.54358259120203
0.3022499999999944,52.38959890588772,25.56486421513618,52.38959890588772,25.56486421513618
0.3024999999999944,52.39599278218022,25.58614618205355,52.39599278218022,25.58614618205355
0.3027499999999944,52.40239197900735,25.60742849220294,52.40239197900735,25.60742849220294
0.3029999999999943,52.40879649645495,25.62871114583296,52.40879649645495,25.62871114583296
0.3032499999999943,52.41520633460891,25.64999414319204,52.41520633460891,25.64999414319204
0.3034999999999943,52.42162149355521,25.6712774845285,52.42162149355521,25.6712774845285
0.3037499999999942,52.42804197337986,25.69256117009044,52.42804197337986,25.69256117009044
0.3039999999999942,52.43446777416896,25.71384520012584,52.43446777416896,25.71384520012584
0.3042499999999942,52.44089889600865,25.73512957488249,52.44089889600865,25.73512957488249
0.3044999999999942,52.44733533898514,25.75641429460804,52.44733533898514,25.75641429460804
0.3047499999999941,52.45377710318471,25.77769935954994,52.45377710318471,25.77769935954994
0.3049999999999941,52.4602241886937,25.79898476995552,52.4602241886937,25.79898476995552
0.3052499999999941,52.4666765955985,25.82027052607192,52.4666765955985,25.82027052607192
0.3054999999999941,52.47313432398557,25.84155662814612,52.47313432398557,25.84155662814612
0.305749999999994,52.47959737394142,25.86284307642494,52.47959737394142,25.86284307642494
0.305999999999994,52.48606574555265,25.88412987115503,52.48606574555265,25.88412987115503
0.306249999999994,52.49253943890589,25.9054170125829,52.49253943890589,25.9054170125829
0.3064999999999939,52.49901845408785,25.92670450095486,52.49901845408785,25.92670450095486
0.3067499999999939,52.5055027911853,25.94799233651709,52.5055027911853,25.94799233651709
0.3069999999999939,52.51199245028506,25.96928051951557,52.51199245028506,25.96928051951557
0.3072499999999939,52.51848743147403,25.99056905019616,52.51848743147403,25.99056905019616
0.3074999999999938,52.52498773483915,26.01185792880452,52.52498773483915,26.01185792880452
0.3077499999999938,52.53149336046744,26.03314715558616,52.53149336046744,26.03314715558616
0.3079999999999938,52.53800430844598,26.05443673078642,52.53800430844598,26.05443673078642
0.3082499999999938,52.54452057886189,26.07572665465049,52.54452057886189,26.07572665465049
0.3084999999999937,52.55104217180238,26.09701692742339,52.55104217180238,26.09701692742339
0.3087499999999937,52.5575690873547,26.11830754934996,52.5575690873547,26.11830754934996
0.3089999999999937,52.56410132560617,26.13959852067489,52.56410132560617,26.13959852067489
0.3092499999999936,52.57063888664418,26.16088984164272,52.57063888664418,26.16088984164272
0.3094999999999936,52.57718177055615,26.18218151249779,52.57718177055615,26.18218151249779
0.3097499999999936,52.58372997742961,26.2034735334843,52.58372997742961,26.2034735334843
0.3099999999999936,52.5902835073521,26.22476590484629,52.5902835073521,26.22476590484629
0.3102499999999935,52.59684236041125,26.24605862682762,52.59684236041125,26.24605862682762
0.3104999999999935,52.60340653669475,26.26735169967199,52.60340653669475,26.26735169967199
0.3107499999999935,52.60997603629034,26.28864512362293,52.60997603629034,26.28864512362293
0.3109999999999934,52.61655085928584,26.30993889892383,52.61655085928584,26.30993889892383
0.3112499999999934,52.6231310057691,26.33123302581789,52.6231310057691,26.33123302581789
0.3114999999999934,52.62971647582807,26.35252750454815,52.62971647582807,26.35252750454815
0.3117499999999934,52.63630726955072,26.37382233535748,52.63630726955072,26.37382233535748
0.3119999999999933,52.64290338702511,26.39511751848861,52.64290338702511,26.39511751848861
0.3122499999999933,52.64950482833935,26.41641305418407,52.64950482833935,26.41641305418407
0.3124999999999933,52.6561115935816,26.43770894268626,52.6561115935816,26.43770894268626
0.3127499999999933,52.66272368284011,26.45900518423739,52.66272368284011,26.45900518423739
0.3129999999999932,52.66934109620316,26.48030177907951,52.66934109620316,26.48030177907951
0.3132499999999932,52.67596383375911,26.50159872745452,52.67596383375911,26.50159872745452
0.3134999999999932,52.68259189559637,26.52289602960413,52.68259189559637,26.52289602960413
0.3137499999999931,52.68922528180342,26.5441936857699,52.68922528180342,26.5441936857699
0.3139999999999931,52.69586399246878,26.56549169619322,52.69586399246878,26.56549169619322
0.3142499999999931,52.70250802768106,26.58679006111532,52.70250802768106,26.58679006111532
0.3144999999999931,52.7091573875289,26.60808878077727,52.7091573875289,26.60808878077727
0.314749999999993,52.71581207210102,26.62938785541995,52.71581207210102,26.62938785541995
0.314999999999993,52.72247208148621,26.65068728528409,52.72247208148621,26.65068728528409
0.315249999999993,52.72913741577329,26.67198707061027,52.72913741577329,26.67198707061027
0.315499999999993,52.73580807505115,26.69328721163888,52.73580807505115,26.69328721163888
0.3157499999999929,52.74248405940877,26.71458770861015,52.74248405940877,26.71458770861015
0.3159999999999929,52.74916536893514,26.73588856176416,52.74916536893514,26.73588856176416
0.3162499999999929,52.75585200371935,26.7571897713408,52.75585200371935,26.7571897713408
0.3164999999999928,52.76254396385053,26.77849133757981,52.76254396385053,26.77849133757981
0.3167499999999928,52.76924124941788,26.79979326072076,52.76924124941788,26.79979326072076
0.3169999999999928,52.77594386051065,26.82109554100305,52.77594386051065,26.82109554100305
0.3172499999999928,52.78265179721816,26.84239817866593,52.78265179721816,26.84239817866593
0.3174999999999927,52.78936505962979,26.86370117394846,52.78936505962979,26.86370117394846
0.3177499999999927,52.79608364783496,26.88500452708956,52.79608364783496,26.88500452708956
0.3179999999999927,52.80280756192317,26.90630823832795,52.80280756192317,26.90630823832795
0.3182499999999926,52.80953680198399,26.92761230790223,52.80953680198399,26.92761230790223
0.3184999999999926,52.81627136810701,26.94891673605078,52.81627136810701,26.94891673605078
0.3187499999999926,52.82301126038192,26.97022152301187,52.82301126038192,26.97022152301187
0.3189999999999926,52.82975647889844,26.99152666902355,52.82975647889844,26.99152666902355
0.3192499999999925,52.83650702374637,27.01283217432374,52.83650702374637,27.01283217432374
0.3194999999999925,52.84326289501556,27.03413803915019,52.84326289501556,27.03413803915019
0.3197499999999925,52.85002409279593,27.05544426374047,52.85002409279593,27.05544426374047
0.3199999999999925,52.85679061717743,27.07675084833198,52.85679061717743,27.07675084833198
0.3202499999999924,52.86356246825011,27.09805779316198,52.86356246825011,27.09805779316198
0.3204999999999924,52.87033964610405,27.11936509846754,52.87033964610405,27.11936509846754
0.3207499999999924,52.8771221508294,27.14067276448556,52.8771221508294,27.14067276448556
0.3209999999999923,52.88390998251637,27.1619807914528,52.88390998251637,27.1619807914528
0.3212499999999923,52.89070314125523,27.18328917960583,52.89070314125523,27.18328917960583
0.3214999999999923,52.89750162713629,27.20459792918105,52.89750162713629,27.20459792918105
0.3217499999999923,52.90430544024996,27.22590704041472,52.90430544024996,27.22590704041472
0.3219999999999922,52.91111458068666,27.2472165135429,52.91111458068666,27.2472165135429
0.3222499999999922,52.91792904853691,27.26852634880152,52.91792904853691,27.26852634880152
0.3224999999999922,52.92474884389126,27.2898365464263,52.92474884389126,27.2898365464263
0.3227499999999922,52.93157396684034,27.31114710665283,52.93157396684034,27.31114710665283
0.3229999999999921,52.93840441747482,27.33245802971651,52.93840441747482,27.33245802971651
0.3232499999999921,52.94524019588545,27.35376931585258,52.94524019588545,27.35376931585258
0.3234999999999921,52.95208130216302,27.37508096529612,52.95208130216302,27.37508096529612
0.323749999999992,52.95892773639839,27.39639297828204,52.95892773639839,27.39639297828204
0.323999999999992,52.96577949868248,27.41770535504508,52.96577949868248,27.41770535504508
0.324249999999992,52.97263658910625,27.4390180958198,52.97263658910625,27.4390180958198
0.324499999999992,52.97949900776074,27.46033120084062,52.97949900776074,27.46033120084062
0.3247499999999919,52.98636675473705,27.48164467034177,52.98636675473705,27.48164467034177
0.3249999999999919,52.99323983012631,27.50295850455732,52.99323983012631,27.50295850455732
0.3252499999999919,53.00011823401974,27.52427270372117,53.00011823401974,27.52427270372117
0.3254999999999919,53.00700196650861,27.54558726806707,53.00700196650861,27.54558726806707
0.3257499999999918,53.01389102768423,27.56690219782858,53.01389102768423,27.56690219782858
0.3259999999999918,53.020785417638,27.58821749323909,53.020785417638,27.58821749323909
0.3262499999999918,53.02768513646134,27.60953315453184,53.02768513646134,27.60953315453184
0.3264999999999917,53.03459018424577,27.6308491819399,53.03459018424577,27.6308491819399
0.3267499999999917,53.04150056108284,27.65216557569617,53.04150056108284,27.65216557569617
0.3269999999999917,53.04841626706417,27.67348233603337,53.04841626706417,27.67348233603337
0.3272499999999917,53.05533730228143,27.69479946318407,53.05533730228143,27.69479946318407
0.3274999999999916,53.06226366682635,27.71611695738065,53.06226366682635,27.71611695738065
0.3277499999999916,53.06919536079073,27.73743481885536,53.06919536079073,27.73743481885536
0.3279999999999916,53.07613238426641,27.75875304784023,53.07613238426641,27.75875304784023
0.3282499999999915,53.08307473734529,27.78007164456718,53.08307473734529,27.78007164456718
0.3284999999999915,53.09002242011935,27.80139060926791,53.09002242011935,27.80139060926791
0.3287499999999915,53.09697543268061,27.82270994217398,53.09697543268061,27.82270994217398
0.3289999999999915,53.10393377512114,27.84402964351679,53.10393377512114,27.84402964351679
0.3292499999999914,53.11089744753309,27.86534971352754,53.11089744753309,27.86534971352754
0.3294999999999914,53.11786645000865,27.88667015243729,53.11786645000865,27.88667015243729
0.3297499999999914,53.12484078264007,27.90799096047692,53.12484078264007,27.90799096047692
0.3299999999999914,53.13182044551966,27.92931213787714,53.13182044551966,27.92931213787714
0.3302499999999913,53.13880543873981,27.9506336848685,53.13880543873981,27.9506336848685
0.3304999999999913,53.14579576239292,27.97195560168137,53.14579576239292,27.97195560168137
0.3307499999999913,53.15279141657149,27.99327788854597,53.15279141657149,27.99327788854597
0.3309999999999912,53.15979240136805,28.01460054569233,53.15979240136805,28.01460054569233
0.3312499999999912,53.16679871687521,28.03592357335033,53.16679871687521,28.03592357335033
0.3314999999999912,53.17381036318562,28.05724697174967,53.17381036318562,28.05724697174967
0.3317499999999912,53.180827340392,28.07857074111989,53.180827340392,28.07857074111989
0.3319999999999911,53.18784964858712,28.09989488169034,53.18784964858712,28.09989488169034
0.3322499999999911,53.1948772878638,28.12121939369024,53.1948772878638,28.12121939369024
0.3324999999999911,53.20191025831493,28.1425442773486,53.20191025831493,28.1425442773486
0.3327499999999911,53.20894856003346,28.16386953289429,53.20894856003346,28.16386953289429
0.332999999999991,53.21599219311239,28.185195160556,53.21599219311239,28.185195160556
0.333249999999991,53.22304115764477,28.20652116056225,53.22304115764477,28.20652116056225
0.333499999999991,53.23009545372372,28.22784753314141,53.23009545372372,28.22784753314141
0.3337499999999909,53.23715508144241,28.24917427852164,53.23715508144241,28.24917427852164
0.3339999999999909,53.24422004089407,28.27050139693098,53.24422004089407,28.27050139693098
0.3342499999999909,53.25129033217198,28.29182888859726,53.25129033217198,28.29182888859726
0.3344999999999909,53.25836595536949,28.31315675374817,53.25836595536949,28.31315675374817
0.3347499999999908,53.26544691058,28.33448499261122,53.26544691058,28.33448499261122
0.3349999999999908,53.27253319789695,28.35581360541374,53.27253319789695,28.35581360541374
0.3352499999999908,53.27962481741388,28.3771425923829,53.27962481741388,28.3771425923829
0.3354999999999908,53.28672176922434,28.39847195374572,53.28672176922434,28.39847195374572
0.3357499999999907,53.29382405342197,28.41980168972902,53.29382405342197,28.41980168972902
0.3359999999999907,53.30093167010045,28.44113180055947,53.30093167010045,28.44113180055947
0.3362499999999907,53.30804461935351,28.46246228646357,53.30804461935351,28.46246228646357
0.3364999999999906,53.31516290127495,28.48379314766763,53.31516290127495,28.48379314766763
0.3367499999999906,53.32228651595864,28.50512438439782,53.32228651595864,28.50512438439782
0.3369999999999906,53.32941546349846,28.52645599688012,53.32941546349846,28.52645599688012
0.3372499999999906,53.33654974398841,28.54778798534035,53.33654974398841,28.54778798534035
0.3374999999999905,53.34368935752249,28.56912035000416,53.34368935752249,28.56912035000416
0.3377499999999905,53.35083430419478,28.59045309109703,53.35083430419478,28.59045309109703
0.3379999999999905,53.35798458409942,28.61178620884426,53.35798458409942,28.61178620884426
0.3382499999999904,53.3651401973306,28.63311970347101,53.3651401973306,28.63311970347101
0.3384999999999904,53.37230114398258,28.65445357520223,53.37230114398258,28.65445357520223
0.3387499999999904,53.37946742414965,28.67578782426274,53.37946742414965,28.67578782426274
0.3389999999999904,53.38663903792618,28.69712245087715,53.38663903792618,28.69712245087715
0.3392499999999903,53.39381598540658,28.71845745526994,53.39381598540658,28.71845745526994
0.3394999999999903,53.40099826668531,28.73979283766539,53.40099826668531,28.73979283766539
0.3397499999999903,53.40818588185692,28.76112859828764,53.40818588185692,28.76112859828764
0.3399999999999903,53.41537883101599,28.78246473736062,53.41537883101599,28.78246473736062
0.3402499999999902,53.42257711425716,28.80380125510813,53.42257711425716,28.80380125510813
0.3404999999999902,53.42978073167512,28.82513815175377,53.42978073167512,28.82513815175377
0.3407499999999902,53.43698968336463,28.84647542752099,53.43698968336463,28.84647542752099
0.3409999999999901,53.44420396942049,28.86781308263307,53.44420396942049,28.86781308263307
0.3412499999999901,53.45142358993758,28.88915111731311,53.45142358993758,28.88915111731311
0.3414999999999901,53.4586485450108,28.91048953178403,53.4586485450108,28.91048953178403
0.3417499999999901,53.46587883473514,28.93182832626861,53.46587883473514,28.93182832626861
0.34199999999999,53.47311445920562,28.95316750098944,53.47311445920562,28.95316750098944
0.34224999999999,53.48035541851733,28.97450705616894,53.48035541851733,28.97450705616894
0.34249999999999,53.48760171276543,28.99584699202936,53.48760171276543,28.99584699202936
0.34274999999999,53.49485334204509,29.0171873087928,53.49485334204509,29.0171873087928
0.3429999999999899,53.50211030645158,29.03852800668115,53.50211030645158,29.03852800668115
0.3432499999999899,53.50937260608021,29.05986908591617,53.50937260608021,29.05986908591617
0.3434999999999899,53.51664024102634,29.08121054671943,53.51664024102634,29.08121054671943
0.3437499999999898,53.52391321138538,29.10255238931233,53.52391321138538,29.10255238931233
0.3439999999999898,53.53119151725283,29.12389461391611,53.53119151725283,29.12389461391611
0.3442499999999898,53.5384751587242,29.14523722075182,53.5384751587242,29.14523722075182
0.3444999999999898,53.54576413589508,29.16658021004035,53.54576413589508,29.16658021004035
0.3447499999999897,53.55305844886111,29.18792358200244,53.55305844886111,29.18792358200244
0.3449999999999897,53.56035809771799,29.20926733685863,53.56035809771799,29.20926733685863
0.3452499999999897,53.56766308256147,29.2306114748293,53.56766308256147,29.2306114748293
0.3454999999999896,53.57497340348735,29.25195599613467,53.57497340348735,29.25195599613467
0.3457499999999896,53.5822890605915,29.27330090099476,53.5822890605915,29.27330090099476
0.3459999999999896,53.58961005396983,29.29464618962945,53.58961005396983,29.29464618962945
0.3462499999999896,53.59693638371832,29.31599186225844,53.59693638371832,29.31599186225844
0.3464999999999895,53.60426804993298,29.33733791910126,53.60426804993298,29.33733791910126
0.3467499999999895,53.6116050527099,29.35868436037727,53.6116050527099,29.35868436037727
0.3469999999999895,53.61894739214522,29.38003118630564,53.61894739214522,29.38003118630564
0.3472499999999895,53.62629506833512,29.40137839710541,53.62629506833512,29.40137839710541
0.3474999999999894,53.63364808137586,29.42272599299541,53.63364808137586,29.42272599299541
0.3477499999999894,53.64100643136373,29.44407397419431,53.64100643136373,29.44407397419431
0.3479999999999894,53.64837011839509,29.46542234092063,53.64837011839509,29.46542234092063
0.3482499999999893,53.65573914256634,29.4867710933927,53.65573914256634,29.4867710933927
0.3484999999999893,53.66311350397395,29.50812023182867,53.66311350397395,29.50812023182867
0.3487499999999893,53.67049320271443,29.52946975644655,53.67049320271443,29.52946975644655
0.3489999999999893,53.67787823888437,29.55081966746414,53.67787823888437,29.55081966746414
0.3492499999999892,53.68526861258038,29.57216996509911,53.68526861258038,29.57216996509911
0.3494999999999892,53.69266432389915,29.59352064956892,53.69266432389915,29.59352064956892
0.3497499999999892,53.70006537293742,29.6148717210909,53.70006537293742,29.6148717210909
0.3499999999999892,53.70747175979196,29.63622317988217,53.70747175979196,29.63622317988217
0.3502499999999891,53.71488348455964,29.65757502615969,53.71488348455964,29.65757502615969
0.3504999999999891,53.72230054733735,29.67892726014028,53.72230054733735,29.67892726014028
0.3507499999999891,53.72972294822203,29.70027988204055,53.72972294822203,29.70027988204055
0.350999999999989,53.73715068731071,29.72163289207695,53.73715068731071,29.72163289207695
0.351249999999989,53.74458376470044,29.74298629046576,53.74458376470044,29.74298629046576
0.351499999999989,53.75202218048832,29.7643400774231,53.75202218048832,29.7643400774231
0.351749999999989,53.75946593477155,29.78569425316491,53.75946593477155,29.78569425316491
0.3519999999999889,53.76691502764733,29.80704881790695,53.76691502764733,29.80704881790695
0.3522499999999889,53.77436945921294,29.82840377186482,53.77436945921294,29.82840377186482
0.3524999999999889,53.78182922956572,29.84975911525394,53.78182922956572,29.84975911525394
0.3527499999999889,53.78929433880304,29.87111484828958,53.78929433880304,29.87111484828958
0.3529999999999888,53.79676478702235,29.89247097118681,53.79676478702235,29.89247097118681
0.3532499999999888,53.80424057432113,29.91382748416055,53.80424057432113,29.91382748416055
0.3534999999999888,53.81172170079695,29.93518438742553,53.81172170079695,29.93518438742553
0.3537499999999887,53.81920816654739,29.95654168119632,53.81920816654739,29.95654168119632
0.3539999999999887,53.82669997167011,29.97789936568734,53.82669997167011,29.97789936568734
0.3542499999999887,53.83419711626281,29.99925744111279,53.83419711626281,29.99925744111279
0.3544999999999887,53.84169960042326,30.02061590768673,53.84169960042326,30.02061590768673
0.3547499999999886,53.84920742424927,30.04197476562305,53.84920742424927,30.04197476562305
0.3549999999999886,53.85672058783871,30.06333401513546,53.85672058783871,30.06333401513546
0.3552499999999886,53.86423909128949,30.0846936564375,53.86423909128949,30.0846936564375
0.3554999999999885,53.8717629346996,30.10605368974254,53.8717629346996,30.10605368974254
0.3557499999999885,53.87929211816705,30.12741411526377,53.87929211816705,30.12741411526377
0.3559999999999885,53.88682664178993,30.14877493321423,53.88682664178993,30.14877493321423
0.3562499999999885,53.89436650566638,30.17013614380676,53.89436650566638,30.17013614380676
0.3564999999999884,53.90191170989457,30.19149774725404,53.90191170989457,30.19149774725404
0.3567499999999884,53.90946225457276,30.2128597437686,53.90946225457276,30.2128597437686
0.3569999999999884,53.91701813979923,30.23422213356276,53.91701813979923,30.23422213356276
0.3572499999999884,53.92457936567234,30.25558491684869,53.92457936567234,30.25558491684869
0.3574999999999883,53.93214593229047,30.2769480938384,53.93214593229047,30.2769480938384
0.3577499999999883,53.93971783975208,30.29831166474369,53.93971783975208,30.29831166474369
0.3579999999999883,53.94729508815568,30.31967562977623,53.94729508815568,30.31967562977623
0.3582499999999882,53.95487767759983,30.3410399891475,53.95487767759983,30.3410399891475
0.3584999999999882,53.96246560818314,30.3624047430688,53.96246560818314,30.3624047430688
0.3587499999999882,53.97005888000427,30.38376989175127,53.97005888000427,30.38376989175127
0.3589999999999882,53.97765749316193,30.40513543540587,53.97765749316193,30.40513543540587
0.3592499999999881,53.9852614477549,30.4265013742434,53.9852614477549,30.4265013742434
0.3594999999999881,53.992870743882,30.44786770847448,53.992870743882,30.44786770847448
0.3597499999999881,54.00048538164211,30.46923443830955,54.00048538164211,30.46923443830955
0.3599999999999881,54.00810536113414,30.49060156395889,54.00810536113414,30.49060156395889
0.360249999999988,54.01573068245709,30.51196908563261,54.01573068245709,30.51196908563261
0.360499999999988,54.02336134570998,30.53333700354063,54.02336134570998,30.53333700354063
0.360749999999988,54.0309973509919,30.55470531789273,54.0309973509919,30.55470531789273
0.3609999999999879,54.03863869840198,30.57607402889849,54.03863869840198,30.57607402889849
0.3612499999999879,54.04628538803942,30.59744313676732,54.04628538803942,30.59744313676732
0.3614999999999879,54.05393742000346,30.61881264170847,54.05393742000346,30.61881264170847
0.3617499999999879,54.06159479439339,30.64018254393101,54.06159479439339,30.64018254393101
0.3619999999999878,54.06925751130855,30.66155284364384,54.06925751130855,30.66155284364384
0.3622499999999878,54.07692557084835,30.68292354105569,54.07692557084835,30.68292354105569
0.3624999999999878,54.08459897311224,30.70429463637512,54.08459897311224,30.70429463637512
0.3627499999999877,54.09227771819972,30.7256661298105,54.09227771819972,30.7256661298105
0.3629999999999877,54.09996180621034,30.74703802157006,54.09996180621034,30.74703802157006
0.3632499999999877,54.10765123724372,30.76841031186182,54.10765123724372,30.76841031186182
0.3634999999999877,54.1153460113995,30.78978300089365,54.1153460113995,30.78978300089365
0.3637499999999876,54.12304612877741,30.81115608887326,54.12304612877741,30.81115608887326
0.3639999999999876,54.1307515894772,30.83252957600816,54.1307515894772,30.83252957600816
0.3642499999999876,54.13846239359869,30.85390346250569,54.13846239359869,30.85390346250569
0.3644999999999876,54.14617854124175,30.87527774857305,54.14617854124175,30.87527774857305
0.3647499999999875,54.15390003250629,30.89665243441723,54.15390003250629,30.89665243441723
0.3649999999999875,54.16162686749229,30.91802752024507,54.16162686749229,30.91802752024507
0.3652499999999875,54.16935904629976,30.93940300626323,54.16935904629976,30.93940300626323
0.3654999999999874,54.17709656902878,30.96077889267819,54.17709656902878,30.96077889267819
0.3657499999999874,54.18483943577948,30.98215517969626,54.18483943577948,30.98215517969626
0.3659999999999874,54.19258764665203,31.00353186752361,54.19258764665203,31.00353186752361
0.3662499999999874,54.20034120174666,31.02490895636618,54.20034120174666,31.02490895636618
0.3664999999999873,54.20810010116365,31.04628644642979,54.20810010116365,31.04628644642979
0.3667499999999873,54.21586434500333,31.06766433792005,54.21586434500333,31.06766433792005
0.3669999999999873,54.22363393336608,31.08904263104243,54.22363393336608,31.08904263104243
0.3672499999999873,54.23140886635234,31.11042132600219,54.23140886635234,31.11042132600219
0.3674999999999872,54.23918914406259,31.13180042300446,54.23918914406259,31.13180042300446
0.3677499999999872,54.24697476659736,31.15317992225415,54.24697476659736,31.15317992225415
0.3679999999999872,54.25476573405725,31.17455982395605,54.25476573405725,31.17455982395605
0.3682499999999871,54.2625620465429,31.19594012831472,54.2625620465429,31.19594012831472
0.3684999999999871,54.27036370415498,31.21732083553461,54.27036370415498,31.21732083553461
0.3687499999999871,54.27817070699425,31.23870194581994,54.27817070699425,31.23870194581994
0.3689999999999871,54.2859830551615,31.26008345937479,54.2859830551615,31.26008345937479
0.369249999999987,54.29380074875757,31.28146537640306,54.29380074875757,31.28146537640306
0.369499999999987,54.30162378788334,31.30284769710847,54.30162378788334,31.30284769710847
0.369749999999987,54.30945217263978,31.32423042169459,54.30945217263978,31.32423042169459
0.369999999999987,54.31728590312787,31.34561355036478,54.31728590312787,31.34561355036478
0.3702499999999869,54.32512497944865,31.36699708332227,54.32512497944865,31.36699708332227
0.3704999999999869,54.33296940170324,31.38838102077008,54.33296940170324,31.38838102077008
0.3707499999999869,54.34081916999276,31.40976536291108,54.34081916999276,31.40976536291108
0.3709999999999868,54.34867428441843,31.43115010994796,54.34867428441843,31.43115010994796
0.3712499999999868,54.35653474508149,31.45253526208323,54.35653474508149,31.45253526208323
0.3714999999999868,54.36440055208325,31.47392081951924,54.36440055208325,31.47392081951924
0.3717499999999868,54.37227170552504,31.49530678245817,54.37227170552504,31.49530678245817
0.3719999999999867,54.38014820550828,31.516693151102,54.38014820550828,31.516693151102
0.3722499999999867,54.38803005213442,31.53807992565257,54.38803005213442,31.53807992565257
0.3724999999999867,54.39591724550495,31.55946710631154,54.39591724550495,31.55946710631154
0.3727499999999866,54.40380978572144,31.58085469328037,54.40380978572144,31.58085469328037
0.3729999999999866,54.41170767288547,31.60224268676038,54.41170767288547,31.60224268676038
0.3732499999999866,54.41961090709871,31.6236310869527,54.41961090709871,31.6236310869527
0.3734999999999866,54.42751948846286,31.64501989405829,54.42751948846286,31.64501989405829
0.3737499999999865,54.43543341707966,31.66640910827794,54.43543341707966,31.66640910827794
0.3739999999999865,54.44335269305094,31.68779872981226,54.44335269305094,31.68779872981226
0.3742499999999865,54.45127731647853,31.70918875886171,54.45127731647853,31.70918875886171
0.3744999999999865,54.45920728746434,31.73057919562654,54.45920728746434,31.73057919562654
0.3747499999999864,54.46714260611034,31.75197004030685,54.46714260611034,31.75197004030685
0.3749999999999864,54.47508327251851,31.77336129310258,54.47508327251851,31.77336129310258
0.3752499999999864,54.48302928679092,31.79475295421346,54.48302928679092,31.79475295421346
0.3754999999999863,54.49098064902966,31.81614502383908,54.49098064902966,31.81614502383908
0.3757499999999863,54.49893735933689,31.83753750217883,54.49893735933689,31.83753750217883
0.3759999999999863,54.50689941781482,31.85893038943196,54.50689941781482,31.85893038943196
0.3762499999999863,54.5148668245657,31.88032368579751,54.5148668245657,31.88032368579751
0.3764999999999862,54.52283957969183,31.90171739147438,54.52283957969183,31.90171739147438
0.3767499999999862,54.53081768329557,31.92311150666128,54.53081768329557,31.92311150666128
0.3769999999999862,54.5388011354793,31.94450603155673,54.5388011354793,31.94450603155673
0.3772499999999862,54.5467899363455,31.96590096635912,54.5467899363455,31.96590096635912
0.3774999999999861,54.55478408599666,31.98729631126663,54.55478408599666,31.98729631126663
0.3777499999999861,54.56278358453532,32.00869206647727,54.56278358453532,32.00869206647727
0.3779999999999861,54.57078843206411,32.03008823218891,54.57078843206411,32.03008823218891
0.378249999999986,54.57879862868565,32.05148480859921,54.57879862868565,32.05148480859921
0.378499999999986,54.58681417450265,32.07288179590567,54.58681417450265,32.07288179590567
0.378749999999986,54.59483506961786,32.09427919430561,54.59483506961786,32.09427919430561
0.378999999999986,54.60286131413407,32.11567700399619,54.60286131413407,32.11567700399619
0.3792499999999859,54.61089290815415,32.13707522517439,54.61089290815415,32.13707522517439
0.3794999999999859,54.61892985178097,32.15847385803702,54.61892985178097,32.15847385803702
0.3797499999999859,54.62697214511749,32.17987290278071,54.62697214511749,32.17987290278071
0.3799999999999858,54.6350197882667,32.20127235960192,54.6350197882667,32.20127235960192
0.3802499999999858,54.64307278133165,32.22267222869694,54.64307278133165,32.22267222869694
0.3804999999999858,54.65113112441542,32.24407251026189,54.65113112441542,32.24407251026189
0.3807499999999858,54.65919481762116,32.26547320449269,54.65919481762116,32.26547320449269
0.3809999999999857,54.66726386105207,32.28687431158512,54.66726386105207,32.28687431158512
0.3812499999999857,54.67533825481138,32.30827583173478,54.67533825481138,32.30827583173478
0.3814999999999857,54.68341799900238,32.32967776513708,54.68341799900238,32.32967776513708
0.3817499999999857,54.69150309372841,32.35108011198727,54.69150309372841,32.35108011198727
0.3819999999999856,54.69959353909285,32.37248287248042,54.69959353909285,32.37248287248042
0.3822499999999856,54.70768933519913,32.39388604681144,54.70768933519913,32.39388604681144
0.3824999999999856,54.71579048215076,32.41528963517506,54.71579048215076,32.41528963517506
0.3827499999999855,54.72389698005124,32.43669363776582,54.72389698005124,32.43669363776582
0.3829999999999855,54.73200882900417,32.45809805477811,54.73200882900417,32.45809805477811
0.3832499999999855,54.74012602911318,32.47950288640614,54.74012602911318,32.47950288640614
0.3834999999999855,54.74824858048194,32.50090813284393,54.74824858048194,32.50090813284393
0.3837499999999854,54.75637648321418,32.52231379428535,54.75637648321418,32.52231379428535
0.3839999999999854,54.76450973741368,32.54371987092409,54.76450973741368,32.54371987092409
0.3842499999999854,54.77264834318426,32.56512636295366,54.77264834318426,32.56512636295366
0.3844999999999854,54.78079230062979,32.5865332705674,54.78079230062979,32.5865332705674
0.3847499999999853,54.78894160985419,32.60794059395847,54.78894160985419,32.60794059395847
0.3849999999999853,54.79709627096143,32.62934833331988,54.79709627096143,32.62934833331988
0.3852499999999853,54.80525628405553,32.65075648884444,54.80525628405553,32.65075648884444
0.3854999999999852,54.81342164924055,32.67216506072479,54.81342164924055,32.67216506072479
0.3857499999999852,54.82159236662061,32.6935740491534,54.82159236662061,32.6935740491534
0.3859999999999852,54.82976843629986,32.71498345432259,54.82976843629986,32.71498345432259
0.3862499999999852,54.83794985838252,32.73639327642448,54.83794985838252,32.73639327642448
0.3864999999999851,54.84613663297283,32.75780351565101,54.84613663297283,32.75780351565101
0.3867499999999851,54.85432876017511,32.77921417219397,54.85432876017511,32.77921417219397
0.3869999999999851,54.86252624009372,32.80062524624497,54.86252624009372,32.80062524624497
0.3872499999999851,54.87072907283305,32.82203673799543,54.87072907283305,32.82203673799543
0.387499999999985,54.87893725849754,32.84344864763661,54.87893725849754,32.84344864763661
0.387749999999985,54.88715079719171,32.8648609753596,54.88715079719171,32.8648609753596
0.387999999999985,54.89536968902008,32.88627372135531,54.89536968902008,32.88627372135531
0.3882499999999849,54.90359393408725,32.90768688581448,54.90359393408725,32.90768688581448
0.3884999999999849,54.91182353249787,32.92910046892767,54.91182353249787,32.92910046892767
0.3887499999999849,54.92005848435662,32.95051447088528,54.92005848435662,32.95051447088528
0.3889999999999849,54.92829878976823,32.97192889187752,54.92829878976823,32.97192889187752
0.3892499999999848,54.93654444883749,32.99334373209443,54.93654444883749,32.99334373209443
0.3894999999999848,54.94479546166922,33.01475899172589,54.94479546166922,33.01475899172589
0.3897499999999848,54.95305182836832,33.0361746709616,54.95305182836832,33.0361746709616
0.3899999999999847,54.96131354903969,33.05759076999107,54.96131354903969,33.05759076999107
0.3902499999999847,54.96958062378831,33.07900728900366,54.96958062378831,33.07900728900366
0.3904999999999847,54.9778530527192,33.10042422818854,54.9778530527192,33.10042422818854
0.3907499999999847,54.98613083593744,33.12184158773472,54.98613083593744,33.12184158773472
0.3909999999999846,54.99441397354812,33.14325936783103,54.99441397354812,33.14325936783103
0.3912499999999846,55.00270246565641,33.16467756866611,55.00270246565641,33.16467756866611
0.3914999999999846,55.01099631236752,33.18609619042847,55.01099631236752,33.18609619042847
0.3917499999999846,55.01929551378672,33.20751523330639,55.01929551378672,33.20751523330639
0.3919999999999845,55.02760007001929,33.22893469748802,55.02760007001929,33.22893469748802
0.3922499999999845,55.03590998117059,33.25035458316132,55.03590998117059,33.25035458316132
0.3924999999999845,55.04422524734601,33.27177489051407,55.04422524734601,33.27177489051407
0.3927499999999844,55.052545868651,33.2931956197339,55.052545868651,33.2931956197339
0.3929999999999844,55.06087184519105,33.31461677100824,55.06087184519105,33.31461677100824
0.3932499999999844,55.06920317707169,33.33603834452435,55.06920317707169,33.33603834452435
0.3934999999999844,55.07753986439852,33.35746034046934,55.07753986439852,33.35746034046934
0.3937499999999843,55.08588190727715,33.37888275903013,55.08588190727715,33.37888275903013
0.3939999999999843,55.09422930581326,33.40030560039344,55.09422930581326,33.40030560039344
0.3942499999999843,55.1025820601126,33.42172886474587,55.1025820601126,33.42172886474587
0.3944999999999843,55.11094017028091,33.44315255227381,55.11094017028091,33.44315255227381
0.3947499999999842,55.11930363642401,33.46457666316348,55.11930363642401,33.46457666316348
0.3949999999999842,55.12767245864779,33.48600119760094,55.12767245864779,33.48600119760094
0.3952499999999842,55.13604663705813,33.50742615577207,55.13604663705813,33.50742615577207
0.3954999999999841,55.144426171761,33.52885153786256,55.144426171761,33.52885153786256
0.3957499999999841,55.1528110628624,33.55027734405796,55.1528110628624,33.55027734405796
0.3959999999999841,55.16120131046838,33.57170357454362,55.16120131046838,33.57170357454362
0.3962499999999841,55.16959691468504,33.59313022950472,55.16959691468504,33.59313022950472
0.396499999999984,55.17799787561852,33.61455730912627,55.17799787561852,33.61455730912627
0.396749999999984,55.186404193375,33.63598481359311,55.186404193375,33.63598481359311
0.396999999999984,55.19481586806074,33.65741274308991,55.19481586806074,33.65741274308991
0.3972499999999839,55.20323289978199,33.67884109780114,55.20323289978199,33.67884109780114
0.3974999999999839,55.21165528864509,33.70026987791113,55.21165528864509,33.70026987791113
0.3977499999999839,55.22008303475641,33.72169908360402,55.22008303475641,33.72169908360402
0.3979999999999839,55.22851613822237,33.74312871506378,55.22851613822237,33.74312871506378
0.3982499999999838,55.23695459914944,33.76455877247421,55.23695459914944,33.76455877247421
0.3984999999999838,55.24539841764413,33.78598925601892,55.24539841764413,33.78598925601892
0.3987499999999838,55.25384759381298,33.80742016588136,55.25384759381298,33.80742016588136
0.3989999999999838,55.26230212776261,33.82885150224481,55.26230212776261,33.82885150224481
0.3992499999999837,55.27076201959966,33.85028326529236,55.27076201959966,33.85028326529236
0.3994999999999837,55.27922726943083,33.87171545520695,55.27922726943083,33.87171545520695
0.3997499999999837,55.28769787736285,33.89314807217133,55.28769787736285,33.89314807217133
0.3999999999999836,55.29617384350252,33.91458111636807,55.29617384350252,33.91458111636807
0.4002499999999836,55.30465516795665,33.93601458797959,55.30465516795665,33.93601458797959
0.4004999999999836,55.31314185083214,33.95744848718811,55.31314185083214,33.95744848718811
0.4007499999999836,55.32163389223589,33.9788828141757,55.32163389223589,33.9788828141757
0.4009999999999835,55.33013129227489,34.00031756912423,55.33013129227489,34.00031756912423
0.4012499999999835,55.33863405105614,34.02175275221543,55.33863405105614,34.02175275221543
0.4014999999999835,55.34714216868669,34.04318836363083,55.34714216868669,34.04318836363083
0.4017499999999835,55.35565564527366,34.0646244035518,55.35565564527366,34.0646244035518
0.4019999999999834,55.3641744809242,34.08606087215951,55.3641744809242,34.08606087215951
0.4022499999999834,55.37269867574549,34.107497769635,55.37269867574549,34.107497769635
0.4024999999999834,55.38122822984477,34.1289350961591,55.38122822984477,34.1289350961591
0.4027499999999833,55.38976314332934,34.15037285191249,55.38976314332934,34.15037285191249
0.4029999999999833,55.39830341630652,34.17181103707566,55.39830341630652,34.17181103707566
0.4032499999999833,55.40684904888368,34.19324965182894,55.40684904888368,34.19324965182894
0.4034999999999833,55.41540004116825,34.21468869635248,55.41540004116825,34.21468869635248
0.4037499999999832,55.42395639326769,34.23612817082624,55.42395639326769,34.23612817082624
0.4039999999999832,55.4325181052895,34.25756807543004,55.4325181052895,34.25756807543004
0.4042499999999832,55.44108517734126,34.27900841034349,55.44108517734126,34.27900841034349
0.4044999999999832,55.44965760953055,34.30044917574607,55.44965760953055,34.30044917574607
0.4047499999999831,55.45823540196502,34.32189037181704,55.45823540196502,34.32189037181704
0.4049999999999831,55.46681855475236,34.34333199873552,55.46681855475236,34.34333199873552
0.4052499999999831,55.4754070680003,34.36477405668044,55.4754070680003,34.36477405668044
0.405499999999983,55.48400094181663,34.38621654583056,55.48400094181663,34.38621654583056
0.405749999999983,55.49260017630917,34.40765946636446,55.49260017630917,34.40765946636446
0.405999999999983,55.50120477158578,34.42910281846058,55.50120477158578,34.42910281846058
0.406249999999983,55.50981472775437,34.45054660229713,55.50981472775437,34.45054660229713
0.4064999999999829,55.51843004492292,34.4719908180522,55.51843004492292,34.4719908180522
0.4067499999999829,55.52705072319941,34.49343546590367,55.52705072319941,34.49343546590367
0.4069999999999829,55.53567676269189,34.51488054602925,55.53567676269189,34.51488054602925
0.4072499999999828,55.54430816350846,34.53632605860651,55.54430816350846,34.53632605860651
0.4074999999999828,55.55294492575725,34.55777200381281,55.55294492575725,34.55777200381281
0.4077499999999828,55.56158704954643,34.57921838182536,55.56158704954643,34.57921838182536
0.4079999999999828,55.57023453498424,34.60066519282116,55.57023453498424,34.60066519282116
0.4082499999999827,55.57888738217893,34.62211243697708,55.57888738217893,34.62211243697708
0.4084999999999827,55.58754559123884,34.64356011446981,55.58754559123884,34.64356011446981
0.4087499999999827,55.5962091622723,34.66500822547583,55.5962091622723,34.66500822547583
0.4089999999999827,55.60487809538771,34.68645677017149,55.60487809538771,34.68645677017149
0.4092499999999826,55.61355239069353,34.70790574873294,55.61355239069353,34.70790574873294
0.4094999999999826,55.62223204829825,34.72935516133617,55.62223204829825,34.72935516133617
0.4097499999999826,55.63091706831039,34.75080500815698,55.63091706831039,34.75080500815698
0.4099999999999825,55.63960745083853,34.77225528937102,55.63960745083853,34.77225528937102
0.4102499999999825,55.64830319599128,34.79370600515376,55.64830319599128,34.79370600515376
0.4104999999999825,55.65700430387733,34.81515715568047,55.65700430387733,34.81515715568047
0.4107499999999825,55.66571077460537,34.83660874112628,55.66571077460537,34.83660874112628
0.4109999999999824,55.67442260828415,34.85806076166614,55.67442260828415,34.85806076166614
0.4112499999999824,55.68313980502247,34.87951321747481,55.68313980502247,34.87951321747481
0.4114999999999824,55.69186236492917,34.90096610872689,55.69186236492917,34.90096610872689
0.4117499999999824,55.70059028811313,34.92241943559681,55.70059028811313,34.92241943559681
0.4119999999999823,55.70932357468328,34.94387319825881,55.70932357468328,34.94387319825881
0.4122499999999823,55.71806222474859,34.96532739688697,55.71806222474859,34.96532739688697
0.4124999999999823,55.72680623841807,34.9867820316552,55.72680623841807,34.9867820316552
0.4127499999999822,55.73555561580078,35.00823710273722,55.73555561580078,35.00823710273722
0.4129999999999822,55.74431035700582,35.0296926103066,55.74431035700582,35.0296926103066
0.4132499999999822,55.75307046214233,35.05114855453671,55.75307046214233,35.05114855453671
0.4134999999999822,55.76183593131949,35.07260493560077,55.76183593131949,35.07260493560077
0.4137499999999821,55.77060676464654,35.09406175367182,55.77060676464654,35.09406175367182
0.4139999999999821,55.77938296223276,35.11551900892271,55.77938296223276,35.11551900892271
0.4142499999999821,55.78816452418745,35.13697670152614,55.78816452418745,35.13697670152614
0.414499999999982,55.79695145061998,35.15843483165463,55.79695145061998,35.15843483165463
0.414749999999982,55.80574374163975,35.17989339948052,55.80574374163975,35.17989339948052
0.414999999999982,55.81454139735621,35.20135240517597,55.81454139735621,35.20135240517597
0.415249999999982,55.82334441787884,35.222811848913,55.82334441787884,35.222811848913
0.4154999999999819,55.83215280331719,35.24427173086341,55.83215280331719,35.24427173086341
0.4157499999999819,55.84096655378081,35.26573205119886,55.84096655378081,35.26573205119886
0.4159999999999819,55.84978566937933,35.28719281009083,55.84978566937933,35.28719281009083
0.4162499999999819,55.85861015022241,35.30865400771062,55.85861015022241,35.30865400771062
0.4164999999999818,55.86743999641975,35.33011564422937,55.86743999641975,35.33011564422937
0.4167499999999818,55.87627520808111,35.35157771981802,55.87627520808111,35.35157771981802
0.4169999999999818,55.88511578531627,35.37304023464736,55.88511578531627,35.37304023464736
0.4172499999999817,55.89396172823506,35.39450318888802,55.89396172823506,35.39450318888802
0.4174999999999817,55.90281303694734,35.41596658271041,55.90281303694734,35.41596658271041
0.4177499999999817,55.91166971156306,35.43743041628482,55.91166971156306,35.43743041628482
0.4179999999999817,55.92053175219215,35.45889468978132,55.92053175219215,35.45889468978132
0.4182499999999816,55.92939915894462,35.48035940336985,55.92939915894462,35.48035940336985
0.4184999999999816,55.93827193193052,35.50182455722013,55.93827193193052,35.50182455722013
0.4187499999999816,55.94715007125993,35.52329015150175,55.94715007125993,35.52329015150175
0.4189999999999816,55.95603357704299,35.54475618638411,55.95603357704299,35.54475618638411
0.4192499999999815,55.96492244938985,35.56622266203643,55.96492244938985,35.56622266203643
0.4194999999999815,55.97381668841075,35.58768957862776,55.97381668841075,35.58768957862776
0.4197499999999815,55.98271629421593,35.60915693632698,55.98271629421593,35.60915693632698
0.4199999999999814,55.99162126691569,35.6306247353028,55.99162126691569,35.6306247353028
0.4202499999999814,56.00053160662036,35.65209297572376,56.00053160662036,35.65209297572376
0.4204999999999814,56.00944731344035,35.67356165775821,56.00944731344035,35.67356165775821
0.4207499999999814,56.01836838748606,35.69503078157433,56.01836838748606,35.69503078157433
0.4209999999999813,56.02729482886796,35.71650034734016,56.02729482886796,35.71650034734016
0.4212499999999813,56.03622663769656,35.73797035522352,56.03622663769656,35.73797035522352
0.4214999999999813,56.04516381408243,35.75944080539208,56.04516381408243,35.75944080539208
0.4217499999999813,56.05410635813613,35.78091169801335,56.05410635813613,35.78091169801335
0.4219999999999812,56.06305426996832,35.80238303325464,56.06305426996832,35.80238303325464
0.4222499999999812,56.07200754968966,35.82385481128309,56.07200754968966,35.82385481128309
0.4224999999999812,56.08096619741087,35.84532703226569,56.08096619741087,35.84532703226569
0.4227499999999811,56.08993021324272,35.86679969636925,56.08993021324272,35.86679969636925
0.4229999999999811,56.098899597296,35.88827280376039,56.098899597296,35.88827280376039
0.4232499999999811,56.10787434968155,35.90974635460557,56.10787434968155,35.90974635460557
0.4234999999999811,56.11685447051027,35.93122034907107,56.11685447051027,35.93122034907107
0.423749999999981,56.12583995989307,35.952694787323,56.12583995989307,35.952694787323
0.423999999999981,56.13483081794092,35.97416966952731,56.13483081794092,35.97416966952731
0.424249999999981,56.14382704476484,35.99564499584977,56.14382704476484,35.99564499584977
0.4244999999999809,56.15282864047587,36.01712076645595,56.15282864047587,36.01712076645595
0.4247499999999809,56.16183560518511,36.03859698151129,56.16183560518511,36.03859698151129
0.4249999999999809,56.17084793900369,36.06007364118103,56.17084793900369,36.06007364118103
0.4252499999999809,56.17986564204277,36.08155074563025,56.17986564204277,36.08155074563025
0.4254999999999808,56.18888871441358,36.10302829502385,56.18888871441358,36.10302829502385
0.4257499999999808,56.19791715622738,36.12450628952655,56.19791715622738,36.12450628952655
0.4259999999999808,56.20695096759545,36.14598472930292,56.20695096759545,36.14598472930292
0.4262499999999808,56.21599014862915,36.16746361451733,56.21599014862915,36.16746361451733
0.4264999999999807,56.22503469943985,36.188942945334,56.22503469943985,36.188942945334
0.4267499999999807,56.23408462013897,36.21042272191696,56.23408462013897,36.21042272191696
0.4269999999999807,56.24313991083797,36.23190294443009,56.24313991083797,36.23190294443009
0.4272499999999806,56.25220057164836,36.25338361303707,56.25220057164836,36.25338361303707
0.4274999999999806,56.26126660268168,36.27486472790143,56.26126660268168,36.27486472790143
0.4277499999999806,56.27033800404951,36.29634628918651,56.27033800404951,36.29634628918651
0.4279999999999806,56.27941477586349,36.31782829705548,56.27941477586349,36.31782829705548
0.4282499999999805,56.28849691823527,36.33931075167136,56.28849691823527,36.33931075167136
0.4284999999999805,56.29758443127656,36.36079365319696,56.29758443127656,36.36079365319696
0.4287499999999805,56.30667731509912,36.38227700179494,56.30667731509912,36.38227700179494
0.4289999999999805,56.31577556981473,36.40376079762779,56.31577556981473,36.40376079762779
0.4292499999999804,56.32487919553522,36.42524504085782,56.32487919553522,36.42524504085782
0.4294999999999804,56.33398819237245,36.44672973164718,56.33398819237245,36.44672973164718
0.4297499999999804,56.34310256043835,36.46821487015782,56.34310256043835,36.46821487015782
0.4299999999999803,56.35222229984485,36.48970045655155,56.35222229984485,36.48970045655155
0.4302499999999803,56.36134741070396,36.51118649098997,56.36134741070396,36.51118649098997
0.4304999999999803,56.3704778931277,36.53267297363455,56.3704778931277,36.53267297363455
0.4307499999999803,56.37961374722814,36.55415990464655,56.37961374722814,36.55415990464655
0.4309999999999802,56.3887549731174,36.57564728418708,56.3887549731174,36.57564728418708
0.4312499999999802,56.39790157090763,36.59713511241709,56.39790157090763,36.59713511241709
0.4314999999999802,56.40705354071101,36.61862338949731,56.40705354071101,36.61862338949731
0.4317499999999801,56.41621088263979,36.64011211558834,56.41621088263979,36.64011211558834
0.4319999999999801,56.42537359680623,36.66160129085061,56.42537359680623,36.66160129085061
0.4322499999999801,56.43454168332266,36.68309091544433,56.43454168332266,36.68309091544433
0.4324999999999801,56.44371514230141,36.7045809895296,56.44371514230141,36.7045809895296
0.43274999999998,56.45289397385489,36.72607151326629,56.45289397385489,36.72607151326629
0.43299999999998,56.46207817809553,36.74756248681415,56.46207817809553,36.74756248681415
0.43324999999998,56.4712677551358,36.76905391033272,56.4712677551358,36.76905391033272
0.43349999999998,56.48046270508821,36.79054578398138,56.48046270508821,36.79054578398138
0.4337499999999799,56.48966302806532,36.81203810791935,56.48966302806532,36.81203810791935
0.4339999999999799,56.49886872417971,36.83353088230566,56.49886872417971,36.83353088230566
0.4342499999999799,56.50807979354402,36.85502410729917,56.50807979354402,36.85502410729917
0.4344999999999798,56.51729623627092,36.87651778305857,56.51729623627092,36.87651778305857
0.4347499999999798,56.52651805247313,36.89801190974239,56.52651805247313,36.89801190974239
0.4349999999999798,56.53574524226339,36.91950648750897,56.53574524226339,36.91950648750897
0.4352499999999798,56.54497780575449,36.94100151651649,56.54497780575449,36.94100151651649
0.4354999999999797,56.55421574305927,36.96249699692294,56.55421574305927,36.96249699692294
0.4357499999999797,56.56345905429058,36.98399292888617,56.56345905429058,36.98399292888617
0.4359999999999797,56.57270773956135,37.00548931256383,56.57270773956135,37.00548931256383
0.4362499999999797,56.58196179898452,37.02698614811341,56.58196179898452,37.02698614811341
0.4364999999999796,56.59122123267308,37.04848343569222,56.59122123267308,37.04848343569222
0.4367499999999796,56.60048604074005,37.06998117545741,56.60048604074005,37.06998117545741
0.4369999999999796,56.6097562232985,37.09147936756594,56.6097562232985,37.09147936756594
0.4372499999999795,56.61903178046154,37.11297801217462,56.61903178046154,37.11297801217462
0.4374999999999795,56.62831271234231,37.13447710944007,56.62831271234231,37.13447710944007
0.4377499999999795,56.63759901905399,37.15597665951875,56.63759901905399,37.15597665951875
0.4379999999999795,56.64689070070982,37.17747666256694,56.64689070070982,37.17747666256694
0.4382499999999794,56.65618775742304,37.19897711874075,56.65618775742304,37.19897711874075
0.4384999999999794,56.66549018930696,37.22047802819613,56.66549018930696,37.22047802819613
0.4387499999999794,56.67479799647493,37.24197939108883,56.67479799647493,37.24197939108883
0.4389999999999794,56.68411117904031,37.26348120757446,56.68411117904031,37.26348120757446
0.4392499999999793,56.69342973711652,37.28498347780844,56.69342973711652,37.28498347780844
0.4394999999999793,56.70275367081704,37.30648620194602,56.70275367081704,37.30648620194602
0.4397499999999793,56.71208298025534,37.32798938014228,56.71208298025534,37.32798938014228
0.4399999999999792,56.72141766554496,37.34949301255212,56.72141766554496,37.34949301255212
0.4402499999999792,56.73075772679948,37.3709970993303,56.73075772679948,37.3709970993303
0.4404999999999792,56.74010316413251,37.39250164063137,56.74010316413251,37.39250164063137
0.4407499999999792,56.74945397765769,37.41400663660973,56.74945397765769,37.41400663660973
0.4409999999999791,56.75881016748871,37.43551208741959,56.75881016748871,37.43551208741959
0.4412499999999791,56.76817173373931,37.457017993215,56.76817173373931,37.457017993215
0.4414999999999791,56.77753867652324,37.47852435414986,56.77753867652324,37.47852435414986
0.441749999999979,56.78691099595432,37.50003117037786,56.78691099595432,37.50003117037786
0.441999999999979,56.79628869214638,37.52153844205254,56.79628869214638,37.52153844205254
0.442249999999979,56.80567176521331,37.54304616932725,56.80567176521331,37.54304616932725
0.442499999999979,56.81506021526903,37.56455435235521,56.81506021526903,37.56455435235521
0.4427499999999789,56.82445404242748,37.58606299128942,56.82445404242748,37.58606299128942
0.4429999999999789,56.83385324680268,37.60757208628273,56.83385324680268,37.60757208628273
0.4432499999999789,56.84325782850864,37.62908163748783,56.84325782850864,37.62908163748783
0.4434999999999789,56.85266778765945,37.65059164505721,56.85266778765945,37.65059164505721
0.4437499999999788,56.86208312436921,37.67210210914322,56.86208312436921,37.67210210914322
0.4439999999999788,56.87150383875208,37.69361302989802,56.87150383875208,37.69361302989802
0.4442499999999788,56.88092993092223,37.7151244074736,56.88092993092223,37.7151244074736
0.4444999999999787,56.8903614009939,37.73663624202177,56.8903614009939,37.73663624202177
0.4447499999999787,56.89979824908134,37.7581485336942,56.89979824908134,37.7581485336942
0.4449999999999787,56.90924047529885,37.77966128264237,56.90924047529885,37.77966128264237
0.4452499999999787,56.91868807976078,37.80117448901756,56.91868807976078,37.80117448901756
0.4454999999999786,56.92814106258149,37.82268815297093,56.92814106258149,37.82268815297093
0.4457499999999786,56.9375994238754,37.84420227465343,56.9375994238754,37.84420227465343
0.4459999999999786,56.94706316375697,37.86571685421586,56.94706316375697,37.86571685421586
0.4462499999999786,56.95653228234068,37.88723189180885,56.95653228234068,37.88723189180885
0.4464999999999785,56.96600677974106,37.90874738758284,56.96600677974106,37.90874738758284
0.4467499999999785,56.97548665607267,37.93026334168811,56.97548665607267,37.93026334168811
0.4469999999999785,56.98497191145011,37.95177975427477,56.98497191145011,37.95177975427477
0.4472499999999784,56.99446254598802,37.97329662549277,56.99446254598802,37.97329662549277
0.4474999999999784,57.00395855980108,37.99481395549186,57.00395855980108,37.99481395549186
0.4477499999999784,57.01345995300401,38.01633174442165,57.01345995300401,38.01633174442165
0.4479999999999784,57.02296672571155,38.03784999243155,57.02296672571155,38.03784999243155
0.4482499999999783,57.03247887803849,38.05936869967083,57.03247887803849,38.05936869967083
0.4484999999999783,57.04199641009966,38.08088786628856,57.04199641009966,38.08088786628856
0.4487499999999783,57.05151932200993,38.10240749243365,57.05151932200993,38.10240749243365
0.4489999999999782,57.06104761388419,38.12392757825485,57.06104761388419,38.12392757825485
0.4492499999999782,57.07058128583738,38.14544812390073,57.07058128583738,38.14544812390073
0.4494999999999782,57.08012033798447,38.16696912951968,57.08012033798447,38.16696912951968
0.4497499999999782,57.08966477044048,38.18849059525994,57.08966477044048,38.18849059525994
0.4499999999999781,57.09921458332045,38.21001252126955,57.09921458332045,38.21001252126955
0.4502499999999781,57.10876977673948,38.23153490769642,57.10876977673948,38.23153490769642
0.4504999999999781,57.11833035081268,38.25305775468826,57.11833035081268,38.25305775468826
0.4507499999999781,57.12789630565521,38.2745810623926,57.12789630565521,38.2745810623926
0.450999999999978,57.13746764138228,38.29610483095683,57.13746764138228,38.29610483095683
0.451249999999978,57.14704435810911,38.31762906052815,57.14704435810911,38.31762906052815
0.451499999999978,57.15662645595097,38.33915375125359,57.15662645595097,38.33915375125359
0.4517499999999779,57.16621393502317,38.36067890328002,57.16621393502317,38.36067890328002
0.4519999999999779,57.17580679544106,38.38220451675413,57.17580679544106,38.38220451675413
0.4522499999999779,57.18540503732002,38.40373059182244,57.18540503732002,38.40373059182244
0.4524999999999779,57.19500866077545,38.4252571286313,57.19500866077545,38.4252571286313
0.4527499999999778,57.20461766592282,38.44678412732689,57.20461766592282,38.44678412732689
0.4529999999999778,57.21423205287761,38.46831158805523,57.21423205287761,38.46831158805523
0.4532499999999778,57.22385182175536,38.48983951096215,57.22385182175536,38.48983951096215
0.4534999999999778,57.23347697267162,38.51136789619332,57.23347697267162,38.51136789619332
0.4537499999999777,57.243107505742,38.53289674389424,57.243107505742,38.53289674389424
0.4539999999999777,57.25274342108212,38.55442605421024,57.25274342108212,38.55442605421024
0.4542499999999777,57.26238471880767,38.57595582728648,57.26238471880767,38.57595582728648
0.4544999999999776,57.27203139903434,38.59748606326794,57.27203139903434,38.59748606326794
0.4547499999999776,57.28168346187789,38.61901676229945,57.28168346187789,38.61901676229945
0.4549999999999776,57.29134090745409,38.64054792452565,57.29134090745409,38.64054792452565
0.4552499999999776,57.30100373587877,38.66207955009101,57.30100373587877,38.66207955009101
0.4554999999999775,57.31067194726776,38.68361163913985,57.31067194726776,38.68361163913985
0.4557499999999775,57.32034554173697,38.70514419181631,57.32034554173697,38.70514419181631
0.4559999999999775,57.33002451940231,38.72667720826434,57.33002451940231,38.72667720826434
0.4562499999999775,57.33970888037976,38.74821068862775,57.33970888037976,38.74821068862775
0.4564999999999774,57.3493986247853,38.76974463305017,57.3493986247853,38.76974463305017
0.4567499999999774,57.35909375273497,38.79127904167504,57.35909375273497,38.79127904167504
0.4569999999999774,57.36879426434484,38.81281391464566,57.36879426434484,38.81281391464566
0.4572499999999773,57.378500159731,38.83434925210514,57.378500159731,38.83434925210514
0.4574999999999773,57.3882114390096,38.85588505419643,57.3882114390096,38.85588505419643
0.4577499999999773,57.39792810229682,38.87742132106231,57.39792810229682,38.87742132106231
0.4579999999999773,57.40765014970888,38.89895805284539,57.40765014970888,38.89895805284539
0.4582499999999772,57.417377581362,38.92049524968809,57.417377581362,38.92049524968809
0.4584999999999772,57.42711039737249,38.94203291173269,57.42711039737249,38.94203291173269
0.4587499999999772,57.43684859785665,38.96357103912128,57.43684859785665,38.96357103912128
0.4589999999999771,57.44659218293084,38.9851096319958,57.44659218293084,38.9851096319958
0.4592499999999771,57.45634115271145,39.00664869049799,57.45634115271145,39.00664869049799
0.4594999999999771,57.4660955073149,39.02818821476945,57.4660955073149,39.02818821476945
0.4597499999999771,57.47585524685766,39.0497282049516,57.47585524685766,39.0497282049516
0.459999999999977,57.48562037145621,39.07126866118568,57.48562037145621,39.07126866118568
0.460249999999977,57.4953908812271,39.09280958361278,57.4953908812271,39.09280958361278
0.460499999999977,57.50516677628688,39.11435097237381,57.50516677628688,39.11435097237381
0.460749999999977,57.51494805675216,39.1358928276095,57.51494805675216,39.1358928276095
0.4609999999999769,57.52473472273957,39.15743514946042,57.52473472273957,39.15743514946042
0.4612499999999769,57.53452677436579,39.17897793806698,57.53452677436579,39.17897793806698
0.4614999999999769,57.54432421174752,39.2005211935694,57.54432421174752,39.2005211935694
0.4617499999999768,57.55412703500149,39.22206491610775,57.55412703500149,39.22206491610775
0.4619999999999768,57.5639352442445,39.24360910582193,57.5639352442445,39.24360910582193
0.4622499999999768,57.57374883959334,39.26515376285165,57.57374883959334,39.26515376285165
0.4624999999999768,57.58356782116488,39.28669888733647,57.58356782116488,39.28669888733647
0.4627499999999767,57.59339218907598,39.30824447941578,57.59339218907598,39.30824447941578
0.4629999999999767,57.60322194344356,39.32979053922878,57.60322194344356,39.32979053922878
0.4632499999999767,57.61305708438459,39.35133706691453,57.61305708438459,39.35133706691453
0.4634999999999767,57.62289761201603,39.3728840626119,57.62289761201603,39.3728840626119
0.4637499999999766,57.6327435264549,39.3944315264596,57.6327435264549,39.3944315264596
0.4639999999999766,57.64259482781828,39.41597945859617,57.64259482781828,39.41597945859617
0.4642499999999766,57.65245151622324,39.43752785915998,57.65245151622324,39.43752785915998
0.4644999999999765,57.6623135917869,39.45907672828923,57.6623135917869,39.45907672828923
0.4647499999999765,57.67218105462644,39.48062606612194,57.67218105462644,39.48062606612194
0.4649999999999765,57.68205390485904,39.50217587279599,57.68205390485904,39.50217587279599
0.4652499999999765,57.69193214260192,39.52372614844906,57.69193214260192,39.52372614844906
0.4654999999999764,57.70181576797236,39.54527689321868,57.70181576797236,39.54527689321868
0.4657499999999764,57.71170478108763,39.5668281072422,57.71170478108763,39.5668281072422
0.4659999999999764,57.72159918206509,39.58837979065682,57.72159918206509,39.58837979065682
0.4662499999999764,57.73149897102209,39.60993194359956,57.73149897102209,39.60993194359956
0.4664999999999763,57.74140414807603,39.63148456620724,57.74140414807603,39.63148456620724
0.4667499999999763,57.75131471334434,39.65303765861657,57.75131471334434,39.65303765861657
0.4669999999999763,57.7612306669445,39.67459122096405,57.7612306669445,39.67459122096405
0.4672499999999762,57.771152008994,39.69614525338601,57.771152008994,39.69614525338601
0.4674999999999762,57.78107873961038,39.71769975601865,57.78107873961038,39.71769975601865
0.4677499999999762,57.79101085891121,39.73925472899796,57.79101085891121,39.73925472899796
0.4679999999999762,57.80094836701409,39.76081017245977,57.80094836701409,39.76081017245977
0.4682499999999761,57.81089126403666,39.78236608653976,57.81089126403666,39.78236608653976
0.4684999999999761,57.82083955009659,39.80392247137343,57.82083955009659,39.80392247137343
0.4687499999999761,57.83079322531158,39.8254793270961,57.83079322531158,39.8254793270961
0.468999999999976,57.84075228979938,39.84703665384295,57.84075228979938,39.84703665384295
0.469249999999976,57.85071674367776,39.86859445174896,57.85071674367776,39.86859445174896
0.469499999999976,57.86068658706454,39.89015272094896,57.86068658706454,39.89015272094896
0.469749999999976,57.87066182007753,39.91171146157761,57.87066182007753,39.91171146157761
0.4699999999999759,57.88064244283462,39.93327067376939,57.88064244283462,39.93327067376939
0.4702499999999759,57.89062845545372,39.95483035765864,57.89062845545372,39.95483035765864
0.4704999999999759,57.90061985805277,39.97639051337949,57.90061985805277,39.97639051337949
0.4707499999999759,57.91061665074974,39.99795114106593,57.91061665074974,39.99795114106593
0.4709999999999758,57.92061883366265,40.01951224085178,57.92061883366265,40.01951224085178
0.4712499999999758,57.93062640690952,40.04107381287069,57.93062640690952,40.04107381287069
0.4714999999999758,57.94063937060845,40.06263585725614,57.94063937060845,40.06263585725614
0.4717499999999757,57.95065772487753,40.08419837414144,57.95065772487753,40.08419837414144
0.4719999999999757,57.96068146983491,40.10576136365972,57.96068146983491,40.10576136365972
0.4722499999999757,57.97071060559876,40.12732482594398,57.97071060559876,40.12732482594398
0.4724999999999757,57.98074513228729,40.14888876112701,57.98074513228729,40.14888876112701
0.4727499999999756,57.99078505001874,40.17045316934146,57.99078505001874,40.17045316934146
0.4729999999999756,58.00083035891139,40.19201805071979,58.00083035891139,40.19201805071979
0.4732499999999756,58.01088105908354,40.21358340539431,58.01088105908354,40.21358340539431
0.4734999999999756,58.02093715065354,40.23514923349716,58.02093715065354,40.23514923349716
0.4737499999999755,58.03099863373976,40.2567155351603,58.03099863373976,40.2567155351603
0.4739999999999755,58.0410655084606,40.27828231051554,58.0410655084606,40.27828231051554
0.4742499999999755,58.05113777493451,40.29984955969451,58.05113777493451,40.29984955969451
0.4744999999999754,58.06121543327995,40.32141728282867,58.06121543327995,40.32141728282867
0.4747499999999754,58.07129848361543,40.34298548004931,58.07129848361543,40.34298548004931
0.4749999999999754,58.08138692605949,40.36455415148758,58.08138692605949,40.36455415148758
0.4752499999999754,58.0914807607307,40.38612329727443,58.0914807607307,40.38612329727443
0.4754999999999753,58.10157998774766,40.40769291754066,58.10157998774766,40.40769291754066
0.4757499999999753,58.11168460722902,40.42926301241689,58.11168460722902,40.42926301241689
0.4759999999999753,58.12179461929343,40.45083358203358,58.12179461929343,40.45083358203358
0.4762499999999752,58.13191002405961,40.47240462652103,58.13191002405961,40.47240462652103
0.4764999999999752,58.14203082164627,40.49397614600935,58.14203082164627,40.49397614600935
0.4767499999999752,58.1521570121722,40.51554814062851,58.1521570121722,40.51554814062851
0.4769999999999752,58.16228859575619,40.5371206105083,58.16228859575619,40.5371206105083
0.4772499999999751,58.17242557251708,40.55869355577833,58.17242557251708,40.55869355577833
0.4774999999999751,58.18256794257371,40.58026697656808,58.18256794257371,40.58026697656808
0.4777499999999751,58.192715706045,40.60184087300681,58.192715706045,40.60184087300681
0.4779999999999751,58.20286886304986,40.62341524522366,58.20286886304986,40.62341524522366
0.478249999999975,58.21302741370727,40.64499009334758,58.21302741370727,40.64499009334758
0.478499999999975,58.22319135813621,40.66656541750736,58.22319135813621,40.66656541750736
0.478749999999975,58.2333606964557,40.68814121783161,58.2333606964557,40.68814121783161
0.4789999999999749,58.24353542878482,40.70971749444878,58.24353542878482,40.70971749444878
0.4792499999999749,58.25371555524264,40.73129424748717,58.25371555524264,40.73129424748717
0.4794999999999749,58.26390107594828,40.75287147707489,58.26390107594828,40.75287147707489
0.4797499999999749,58.2740919910209,40.7744491833399,58.2740919910209,40.7744491833399
0.4799999999999748,58.28428830057968,40.79602736640997,58.28428830057968,40.79602736640997
0.4802499999999748,58.29449000474385,40.81760602641274,58.29449000474385,40.81760602641274
0.4804999999999748,58.30469710363265,40.83918516347564,58.30469710363265,40.83918516347564
0.4807499999999748,58.31490959736536,40.86076477772597,58.31490959736536,40.86076477772597
0.4809999999999747,58.32512748606129,40.88234486929084,58.32512748606129,40.88234486929084
0.4812499999999747,58.33535076983979,40.9039254382972,58.33535076983979,40.9039254382972
0.4814999999999747,58.34557944882024,40.92550648487184,58.34557944882024,40.92550648487184
0.4817499999999746,58.35581352312204,40.94708800914137,58.35581352312204,40.94708800914137
0.4819999999999746,58.36605299286463,40.96867001123226,58.36605299286463,40.96867001123226
0.4822499999999746,58.37629785816748,40.99025249127078,58.37629785816748,40.99025249127078
0.4824999999999746,58.38654811915011,41.01183544938305,58.38654811915011,41.01183544938305
0.4827499999999745,58.39680377593203,41.03341888569503,58.39680377593203,41.03341888569503
0.4829999999999745,58.40706482863281,41.0550028003325,58.40706482863281,41.0550028003325
0.4832499999999745,58.41733127737206,41.07658719342107,58.41733127737206,41.07658719342107
0.4834999999999745,58.4276031222694,41.09817206508621,58.4276031222694,41.09817206508621
0.4837499999999744,58.4378803634445,41.11975741545319,58.4378803634445,41.11975741545319
0.4839999999999744,58.44816300101704,41.14134324464715,58.44816300101704,41.14134324464715
0.4842499999999744,58.45845103510673,41.16292955279303,58.45845103510673,41.16292955279303
0.4844999999999743,58.46874446583335,41.18451634001563,58.46874446583335,41.18451634001563
0.4847499999999743,58.47904329331668,41.20610360643956,58.47904329331668,41.20610360643956
0.4849999999999743,58.48934751767652,41.22769135218928,58.48934751767652,41.22769135218928
0.4852499999999743,58.49965713903273,41.24927957738907,58.49965713903273,41.24927957738907
0.4854999999999742,58.50997215750518,41.27086828216308,58.50997215750518,41.27086828216308
0.4857499999999742,58.52029257321379,41.29245746663525,58.52029257321379,41.29245746663525
0.4859999999999742,58.53061838627848,41.31404713092937,58.53061838627848,41.31404713092937
0.4862499999999741,58.54094959681925,41.33563727516908,58.54094959681925,41.33563727516908
0.4864999999999741,58.55128620495607,41.35722789947783,58.55128620495607,41.35722789947783
0.4867499999999741,58.561628210809,41.37881900397893,58.561628210809,41.37881900397893
0.4869999999999741,58.57197561449809,41.40041058879548,58.57197561449809,41.40041058879548
0.487249999999974,58.58232841614343,41.42200265405047,58.58232841614343,41.42200265405047
0.487499999999974,58.59268661586516,41.44359519986668,58.59268661586516,41.44359519986668
0.487749999999974,58.60305021378343,41.46518822636675,58.60305021378343,41.46518822636675
0.487999999999974,58.61341921001841,41.48678173367315,58.61341921001841,41.48678173367315
0.4882499999999739,58.62379360469034,41.50837572190817,58.62379360469034,41.50837572190817
0.4884999999999739,58.63417339791945,41.52997019119397,58.63417339791945,41.52997019119397
0.4887499999999739,58.64455858982603,41.5515651416525,58.64455858982603,41.5515651416525
0.4889999999999738,58.65494918053039,41.57316057340556,58.65494918053039,41.57316057340556
0.4892499999999738,58.66534517015285,41.5947564865748,58.66534517015285,41.5947564865748
0.4894999999999738,58.67574655881381,41.61635288128169,58.67574655881381,41.61635288128169
0.4897499999999738,58.68615334663364,41.63794975764755,58.68615334663364,41.63794975764755
0.4899999999999737,58.69656553373278,41.6595471157935,58.69656553373278,41.6595471157935
0.4902499999999737,58.70698312023169,41.68114495584054,58.70698312023169,41.68114495584054
0.4904999999999737,58.71740610625086,41.70274327790947,58.71740610625086,41.70274327790947
0.4907499999999737,58.72783449191082,41.72434208212095,58.72783449191082,41.72434208212095
0.4909999999999736,58.73826827733211,41.74594136859545,58.73826827733211,41.74594136859545
0.4912499999999736,58.74870746263532,41.7675411374533,58.74870746263532,41.7675411374533
0.4914999999999736,58.75915204794104,41.78914138881465,58.75915204794104,41.78914138881465
0.4917499999999735,58.76960203336994,41.81074212279948,58.76960203336994,41.81074212279948
0.4919999999999735,58.78005741904268,41.83234333952763,58.78005741904268,41.83234333952763
0.4922499999999735,58.79051820507995,41.85394503911873,58.79051820507995,41.85394503911873
0.4924999999999735,58.80098439160248,41.87554722169231,58.80098439160248,41.87554722169231
0.4927499999999734,58.81145597873105,41.89714988736767,58.81145597873105,41.89714988736767
0.4929999999999734,58.82193296658643,41.91875303626398,58.82193296658643,41.91875303626398
0.4932499999999734,58.83241535528946,41.94035666850025,58.83241535528946,41.94035666850025
0.4934999999999733,58.84290314496097,41.96196078419531,58.84290314496097,41.96196078419531
0.4937499999999733,58.85339633572185,41.98356538346782,58.85339633572185,41.98356538346782
0.4939999999999733,58.86389492769301,42.0051704664363,58.86389492769301,42.0051704664363
0.4942499999999733,58.87439892099539,42.02677603321909,58.87439892099539,42.02677603321909
0.4944999999999732,58.88490831574995,42.04838208393436,58.88490831574995,42.04838208393436
0.4947499999999732,58.89542311207769,42.06998861870012,58.89542311207769,42.06998861870012
0.4949999999999732,58.90594331009964,42.09159563763423,58.90594331009964,42.09159563763423
0.4952499999999732,58.91646890993687,42.11320314085436,58.91646890993687,42.11320314085436
0.4954999999999731,58.92699991171044,42.13481112847804,58.92699991171044,42.13481112847804
0.4957499999999731,58.93753631554148,42.15641960062262,58.93753631554148,42.15641960062262
0.4959999999999731,58.94807812155113,42.17802855740529,58.94807812155113,42.17802855740529
0.496249999999973,58.95862532986057,42.19963799894308,58.95862532986057,42.19963799894308
0.496499999999973,58.96917794059101,42.22124792535286,58.96917794059101,42.22124792535286
0.496749999999973,58.97973595386367,42.24285833675131,58.97973595386367,42.24285833675131
0.496999999999973,58.99029936979981,42.26446923325499,58.99029936979981,42.26446923325499
0.4972499999999729,59.00086818852073,42.28608061498024,59.00086818852073,42.28608061498024
0.4974999999999729,59.01144241014774,42.30769248204329,59.01144241014774,42.30769248204329
0.4977499999999729,59.02202203480221,42.32930483456018,59.02202203480221,42.32930483456018
0.4979999999999729,59.03260706260549,42.35091767264679,59.03260706260549,42.35091767264679
0.4982499999999728,59.043197493679,42.37253099641882,59.043197493679,42.37253099641882
0.4984999999999728,59.05379332814418,42.39414480599184,59.05379332814418,42.39414480599184
0.4987499999999728,59.06439456612249,42.41575910148124,59.06439456612249,42.41575910148124
0.4989999999999727,59.07500120773542,42.43737388300222,59.07500120773542,42.43737388300222
0.4992499999999727,59.0856132531045,42.45898915066986,59.0856132531045,42.45898915066986
0.4994999999999727,59.09623070235128,42.48060490459906,59.09623070235128,42.48060490459906
0.4997499999999727,59.10685355559733,42.50222114490455,59.10685355559733,42.50222114490455
0.4999999999999726,59.11748181296427,42.52383787170089,59.11748181296427,42.52383787170089
0.5002499999999727,59.12811547457373,42.5454550851025,59.12811547457373,42.5454550851025
0.5004999999999726,59.13875454054738,42.56707278522362,59.13875454054738,42.56707278522362
0.5007499999999726,59.14939901100691,42.58869097217833,59.14939901100691,42.58869097217833
0.5009999999999726,59.16004888607405,42.61030964608055,59.16004888607405,42.61030964608055
0.5012499999999726,59.17070416587055,42.63192880704403,59.17070416587055,42.63192880704403
0.5014999999999725,59.18136485051817,42.65354845518235,59.18136485051817,42.65354845518235
0.5017499999999725,59.19203094013874,42.67516859060896,59.19203094013874,42.67516859060896
0.5019999999999725,59.2027024348541,42.69678921343711,59.2027024348541,42.69678921343711
0.5022499999999724,59.21337933478609,42.71841032377991,59.21337933478609,42.71841032377991
0.5024999999999724,59.22406164005662,42.74003192175029,59.22406164005662,42.74003192175029
0.5027499999999724,59.23474935078761,42.76165400746103,59.23474935078761,42.76165400746103
0.5029999999999724,59.24544246710101,42.78327658102473,59.24544246710101,42.78327658102473
0.5032499999999723,59.25614098911879,42.80489964255386,59.25614098911879,42.80489964255386
0.5034999999999723,59.26684491696296,42.82652319216069,59.26684491696296,42.82652319216069
0.5037499999999723,59.27755425075555,42.84814722995736,59.27755425075555,42.84814722995736
0.5039999999999722,59.28826899061863,42.86977175605583,59.28826899061863,42.86977175605583
0.5042499999999722,59.29898913667428,42.89139677056788,59.29898913667428,42.89139677056788
0.5044999999999722,59.30971468904463,42.91302227360516,59.30971468904463,42.91302227360516
0.5047499999999722,59.32044564785181,42.93464826527916,59.32044564785181,42.93464826527916
0.5049999999999721,59.331182013218,42.95627474570117,59.331182013218,42.95627474570117
0.5052499999999721,59.3419237852654,42.97790171498233,59.3419237852654,42.97790171498233
0.5054999999999721,59.35267096411624,42.99952917323365,59.35267096411624,42.99952917323365
0.5057499999999721,59.36342354989278,43.02115712056594,59.36342354989278,43.02115712056594
0.505999999999972,59.3741815427173,43.04278555708986,59.3741815427173,43.04278555708986
0.506249999999972,59.3849449427121,43.06441448291593,59.3849449427121,43.06441448291593
0.506499999999972,59.39571374999954,43.08604389815446,59.39571374999954,43.08604389815446
0.5067499999999719,59.40648796470197,43.10767380291565,59.40648796470197,43.10767380291565
0.5069999999999719,59.4172675869418,43.12930419730949,59.4172675869418,43.12930419730949
0.5072499999999719,59.42805261684143,43.15093508144585,59.42805261684143,43.15093508144585
0.5074999999999719,59.43884305452334,43.17256645543441,59.43884305452334,43.17256645543441
0.5077499999999718,59.44963890010998,43.1941983193847,59.44963890010998,43.1941983193847
0.5079999999999718,59.46044015372387,43.21583067340607,59.46044015372387,43.21583067340607
0.5082499999999718,59.47124681548753,43.23746351760775,59.47124681548753,43.23746351760775
0.5084999999999718,59.48205888552353,43.25909685209876,59.48205888552353,43.25909685209876
0.5087499999999717,59.49287636395444,43.28073067698799,59.49287636395444,43.28073067698799
0.5089999999999717,59.5036992509029,43.30236499238416,59.5036992509029,43.30236499238416
0.5092499999999717,59.51452754649152,43.32399979839581,59.51452754649152,43.32399979839581
0.5094999999999716,59.52536125084299,43.34563509513135,59.52536125084299,43.34563509513135
0.5097499999999716,59.53620036408,43.36727088269901,59.53620036408,43.36727088269901
0.5099999999999716,59.54704488632525,43.38890716120686,59.54704488632525,43.38890716120686
0.5102499999999716,59.55789481770152,43.41054393076281,59.55789481770152,43.41054393076281
0.5104999999999715,59.56875015833156,43.43218119147461,59.56875015833156,43.43218119147461
0.5107499999999715,59.57961090833819,43.45381894344985,59.57961090833819,43.45381894344985
0.5109999999999715,59.59047706784423,43.47545718679594,59.59047706784423,43.47545718679594
0.5112499999999714,59.60134863697255,43.49709592162016,59.60134863697255,43.49709592162016
0.5114999999999714,59.61222561584601,43.51873514802962,59.61222561584601,43.51873514802962
0.5117499999999714,59.62310800458754,43.54037486613124,59.62310800458754,43.54037486613124
0.5119999999999714,59.63399580332006,43.56201507603183,59.63399580332006,43.56201507603183
0.5122499999999713,59.64488901216654,43.58365577783798,59.64488901216654,43.58365577783798
0.5124999999999713,59.65578763124998,43.60529697165617,59.65578763124998,43.60529697165617
0.5127499999999713,59.66669166069338,43.62693865759268,59.66669166069338,43.62693865759268
0.5129999999999713,59.6776011006198,43.64858083575366,59.6776011006198,43.64858083575366
0.5132499999999712,59.68851595115229,43.67022350624509,59.68851595115229,43.67022350624509
0.5134999999999712,59.69943621241396,43.69186666917278,59.69943621241396,43.69186666917278
0.5137499999999712,59.71036188452792,43.71351032464239,59.71036188452792,43.71351032464239
0.5139999999999711,59.72129296761733,43.73515447275939,59.72129296761733,43.73515447275939
0.5142499999999711,59.73222946180536,43.75679911362914,59.73222946180536,43.75679911362914
0.5144999999999711,59.74317136721521,43.7784442473568,59.74317136721521,43.7784442473568
0.5147499999999711,59.75411868397011,43.80008987404739,59.75411868397011,43.80008987404739
0.514999999999971,59.76507141219332,43.82173599380575,59.76507141219332,43.82173599380575
0.515249999999971,59.77602955200811,43.84338260673658,59.77602955200811,43.84338260673658
0.515499999999971,59.7869931035378,43.86502971294441,59.7869931035378,43.86502971294441
0.515749999999971,59.7979620669057,43.88667731253361,59.7979620669057,43.88667731253361
0.5159999999999709,59.80893644223519,43.90832540560839,59.80893644223519,43.90832540560839
0.5162499999999709,59.81991622964964,43.92997399227281,59.81991622964964,43.92997399227281
0.5164999999999709,59.83090142927247,43.95162307263074,59.83090142927247,43.95162307263074
0.5167499999999708,59.8418920412271,43.97327264678592,59.8418920412271,43.97327264678592
0.5169999999999708,59.85288806563702,43.99492271484191,59.85288806563702,43.99492271484191
0.5172499999999708,59.8638895026257,44.01657327690214,59.8638895026257,44.01657327690214
0.5174999999999708,59.87489635231665,44.03822433306983,59.87489635231665,44.03822433306983
0.5177499999999707,59.88590861483341,44.05987588344809,59.88590861483341,44.05987588344809
0.5179999999999707,59.89692629029956,44.08152792813985,59.89692629029956,44.08152792813985
0.5182499999999707,59.90794937883868,44.10318046724787,59.90794937883868,44.10318046724787
0.5184999999999707,59.91897788057439,44.12483350087476,59.91897788057439,44.12483350087476
0.5187499999999706,59.93001179563034,44.14648702912299,59.93001179563034,44.14648702912299
0.5189999999999706,59.94105112413018,44.16814105209482,59.94105112413018,44.16814105209482
0.5192499999999706,59.95209586619762,44.1897955698924,59.95209586619762,44.1897955698924
0.5194999999999705,59.96314602195637,44.21145058261769,59.96314602195637,44.21145058261769
0.5197499999999705,59.97420159153018,44.23310609037252,59.97420159153018,44.23310609037252
0.5199999999999705,59.98526257504282,44.25476209325852,59.98526257504282,44.25476209325852
0.5202499999999705,59.99632897261808,44.2764185913772,59.99632897261808,44.2764185913772
0.5204999999999704,60.00740078437978,44.29807558482989,60.00740078437978,44.29807558482989
0.5207499999999704,60.01847801045178,44.31973307371776,60.01847801045178,44.31973307371776
0.5209999999999704,60.02956065095794,44.34139105814182,60.02956065095794,44.34139105814182
0.5212499999999703,60.04064870602215,44.36304953820293,60.04064870602215,44.36304953820293
0.5214999999999703,60.05174217576835,44.38470851400179,60.05174217576835,44.38470851400179
0.5217499999999703,60.06284106032048,44.40636798563894,60.06284106032048,44.40636798563894
0.5219999999999703,60.0739453598025,44.42802795321474,60.0739453598025,44.42802795321474
0.5222499999999702,60.08505507433842,44.44968841682944,60.08505507433842,44.44968841682944
0.5224999999999702,60.09617020405226,44.47134937658308,60.09617020405226,44.47134937658308
0.5227499999999702,60.10729074906806,44.49301083257556,60.10729074906806,44.49301083257556
0.5229999999999702,60.11841670950991,44.51467278490663,60.11841670950991,44.51467278490663
0.5232499999999701,60.12954808550189,44.53633523367587,60.12954808550189,44.53633523367587
0.5234999999999701,60.14068487716813,44.55799817898271,60.14068487716813,44.55799817898271
0.5237499999999701,60.15182708463277,44.57966162092641,60.15182708463277,44.57966162092641
0.52399999999997,60.16297470801999,44.60132555960608,60.16297470801999,44.60132555960608
0.52424999999997,60.17412774745398,44.62298999512068,60.17412774745398,44.62298999512068
0.52449999999997,60.18528620305896,44.64465492756899,60.18528620305896,44.64465492756899
0.52474999999997,60.19645007495919,44.66632035704963,60.19645007495919,44.66632035704963
0.5249999999999699,60.20761936327892,44.6879862836611,60.20761936327892,44.6879862836611
0.5252499999999699,60.21879406814245,44.70965270750171,60.21879406814245,44.70965270750171
0.5254999999999699,60.22997418967411,44.7313196286696,60.22997418967411,44.7313196286696
0.5257499999999699,60.24115972799824,44.75298704726279,60.24115972799824,44.75298704726279
0.5259999999999698,60.2523506832392,44.77465496337911,60.2523506832392,44.77465496337911
0.5262499999999698,60.26354705552139,44.79632337711624,60.26354705552139,44.79632337711624
0.5264999999999698,60.27474884496923,44.81799228857171,60.27474884496923,44.81799228857171
0.5267499999999697,60.28595605170716,44.83966169784289,60.28595605170716,44.83966169784289
0.5269999999999697,60.29716867585964,44.86133160502698,60.29716867585964,44.86133160502698
0.5272499999999697,60.30838671755117,44.88300201022103,60.30838671755117,44.88300201022103
0.5274999999999697,60.31961017690626,44.90467291352196,60.31961017690626,44.90467291352196
0.5277499999999696,60.33083905404945,44.92634431502647,60.33083905404945,44.92634431502647
0.5279999999999696,60.3420733491053,44.94801621483116,60.3420733491053,44.94801621483116
0.5282499999999696,60.3533130621984,44.96968861303243,60.3533130621984,44.96968861303243
0.5284999999999695,60.36455819345336,44.99136150972657,60.36455819345336,44.99136150972657
0.5287499999999695,60.37580874299481,45.01303490500966,60.37580874299481,45.01303490500966
0.5289999999999695,60.38706471094741,45.03470879897766,60.38706471094741,45.03470879897766
0.5292499999999695,60.39832609743586,45.05638319172635,60.39832609743586,45.05638319172635
0.5294999999999694,60.40959290258485,45.07805808335138,60.40959290258485,45.07805808335138
0.5297499999999694,60.42086512651911,45.09973347394821,60.42086512651911,45.09973347394821
0.5299999999999694,60.43214276936341,45.12140936361215,60.43214276936341,45.12140936361215
0.5302499999999694,60.44342583124251,45.14308575243838,60.44342583124251,45.14308575243838
0.5304999999999693,60.45471431228123,45.16476264052189,60.45471431228123,45.16476264052189
0.5307499999999693,60.46600821260439,45.18644002795754,60.46600821260439,45.18644002795754
0.5309999999999693,60.47730753233683,45.20811791484,60.47730753233683,45.20811791484
0.5312499999999692,60.48861227160344,45.22979630126382,60.48861227160344,45.22979630126382
0.5314999999999692,60.4999224305291,45.25147518732336,60.4999224305291,45.25147518732336
0.5317499999999692,60.51123800923874,45.27315457311285,60.51123800923874,45.27315457311285
0.5319999999999692,60.5225590078573,45.29483445872636,60.5225590078573,45.29483445872636
0.5322499999999691,60.53388542650976,45.31651484425777,60.53388542650976,45.31651484425777
0.5324999999999691,60.5452172653211,45.33819572980084,60.5452172653211,45.33819572980084
0.5327499999999691,60.55655452441633,45.35987711544916,60.55655452441633,45.35987711544916
0.5329999999999691,60.56789720392051,45.38155900129617,60.56789720392051,45.38155900129617
0.533249999999969,60.57924530395868,45.40324138743514,60.57924530395868,45.40324138743514
0.533499999999969,60.59059882465593,45.42492427395919,60.59059882465593,45.42492427395919
0.533749999999969,60.60195776613737,45.4466076609613,60.60195776613737,45.4466076609613
0.5339999999999689,60.61332212852813,45.46829154853426,60.61332212852813,45.46829154853426
0.5342499999999689,60.62469191195336,45.48997593677073,60.62469191195336,45.48997593677073
0.5344999999999689,60.63606711653824,45.51166082576322,60.63606711653824,45.51166082576322
0.5347499999999689,60.64744774240797,45.53334621560405,60.64744774240797,45.53334621560405
0.5349999999999688,60.65883378968778,45.55503210638541,60.65883378968778,45.55503210638541
0.5352499999999688,60.67022525850292,45.57671849819933,60.67022525850292,45.57671849819933
0.5354999999999688,60.68162214897864,45.59840539113768,60.68162214897864,45.59840539113768
0.5357499999999688,60.69302446124025,45.62009278529218,60.69302446124025,45.62009278529218
0.5359999999999687,60.70443219541306,45.64178068075438,60.70443219541306,45.64178068075438
0.5362499999999687,60.71584535162241,45.66346907761569,60.71584535162241,45.66346907761569
0.5364999999999687,60.72726392999366,45.68515797596736,60.72726392999366,45.68515797596736
0.5367499999999686,60.7386879306522,45.70684737590049,60.7386879306522,45.70684737590049
0.5369999999999686,60.75011735372342,45.72853727750599,60.75011735372342,45.72853727750599
0.5372499999999686,60.76155219933276,45.75022768087467,60.76155219933276,45.75022768087467
0.5374999999999686,60.77299246760568,45.77191858609713,60.77299246760568,45.77191858609713
0.5377499999999685,60.78443815866764,45.79360999326386,60.78443815866764,45.79360999326386
0.5379999999999685,60.79588927264415,45.81530190246517,60.79588927264415,45.81530190246517
0.5382499999999685,60.80734580966072,45.83699431379121,60.80734580966072,45.83699431379121
0.5384999999999684,60.81880776984289,45.85868722733199,60.81880776984289,45.85868722733199
0.5387499999999684,60.83027515331624,45.88038064317736,60.83027515331624,45.88038064317736
0.5389999999999684,60.84174796020634,45.90207456141701,60.84174796020634,45.90207456141701
0.5392499999999684,60.85322619063881,45.92376898214048,60.85322619063881,45.92376898214048
0.5394999999999683,60.86470984473929,45.94546390543715,60.86470984473929,45.94546390543715
0.5397499999999683,60.87619892263342,45.96715933139625,60.87619892263342,45.96715933139625
0.5399999999999683,60.88769342444689,45.98885526010685,60.88769342444689,45.98885526010685
0.5402499999999683,60.89919335030538,46.01055169165787,60.89919335030538,46.01055169165787
0.5404999999999682,60.91069870033463,46.03224862613808,60.91069870033463,46.03224862613808
0.5407499999999682,60.92220947466037,46.05394606363608,60.92220947466037,46.05394606363608
0.5409999999999682,60.93372567340838,46.07564400424032,60.93372567340838,46.07564400424032
0.5412499999999681,60.94524729670442,46.0973424480391,60.94524729670442,46.0973424480391
0.5414999999999681,60.95677434467433,46.11904139512057,60.95677434467433,46.11904139512057
0.5417499999999681,60.96830681744393,46.14074084557272,60.96830681744393,46.14074084557272
0.5419999999999681,60.97984471513907,46.16244079948337,60.97984471513907,46.16244079948337
0.542249999999968,60.99138803788563,46.18414125694022,60.99138803788563,46.18414125694022
0.542499999999968,61.00293678580951,46.20584221803079,61.00293678580951,46.20584221803079
0.542749999999968,61.01449095903662,46.22754368284244,61.01449095903662,46.22754368284244
0.542999999999968,61.02605055769291,46.24924565146241,61.02605055769291,46.24924565146241
0.5432499999999679,61.03761558190434,46.27094812397775,61.03761558190434,46.27094812397775
0.5434999999999679,61.0491860317969,46.29265110047536,61.0491860317969,46.29265110047536
0.5437499999999679,61.06076190749658,46.314354581042,61.06076190749658,46.314354581042
0.5439999999999678,61.07234320912943,46.33605856576428,61.07234320912943,46.33605856576428
0.5442499999999678,61.08392993682148,46.35776305472864,61.08392993682148,46.35776305472864
0.5444999999999678,61.09552209069882,46.37946804802138,61.09552209069882,46.37946804802138
0.5447499999999678,61.10711967088753,46.40117354572863,61.10711967088753,46.40117354572863
0.5449999999999677,61.11872267751372,46.42287954793638,61.11872267751372,46.42287954793638
0.5452499999999677,61.13033111070354,46.44458605473046,61.13033111070354,46.44458605473046
0.5454999999999677,61.14194497058315,46.46629306619656,61.14194497058315,46.46629306619656
0.5457499999999676,61.15356425727871,46.48800058242018,61.15356425727871,46.48800058242018
0.5459999999999676,61.16518897091643,46.5097086034867,61.16518897091643,46.5097086034867
0.5462499999999676,61.17681911162254,46.53141712948135,61.17681911162254,46.53141712948135
0.5464999999999676,61.18845467952326,46.55312616048918,61.18845467952326,46.55312616048918
0.5467499999999675,61.20009567474487,46.5748356965951,61.20009567474487,46.5748356965951
0.5469999999999675,61.21174209741366,46.59654573788387,61.21174209741366,46.59654573788387
0.5472499999999675,61.22339394765592,46.6182562844401,61.22339394765592,46.6182562844401
0.5474999999999675,61.23505122559799,46.63996733634823,61.23505122559799,46.63996733634823
0.5477499999999674,61.24671393136622,46.66167889369257,61.24671393136622,46.66167889369257
0.5479999999999674,61.25838206508696,46.68339095655725,61.25838206508696,46.68339095655725
0.5482499999999674,61.27005562688662,46.70510352502627,61.27005562688662,46.70510352502627
0.5484999999999673,61.28173461689161,46.72681659918346,61.28173461689161,46.72681659918346
0.5487499999999673,61.29341903522836,46.74853017911252,61.29341903522836,46.74853017911252
0.5489999999999673,61.30510888202332,46.77024426489697,61.30510888202332,46.77024426489697
0.5492499999999673,61.31680415740297,46.7919588566202,61.31680415740297,46.7919588566202
0.5494999999999672,61.3285048614938,46.81367395436543,61.3285048614938,46.81367395436543
0.5497499999999672,61.34021099442233,46.83538955821573,61.34021099442233,46.83538955821573
0.5499999999999672,61.35192255631509,46.85710566825403,61.35192255631509,46.85710566825403
0.5502499999999672,61.36363954729864,46.87882228456309,61.36363954729864,46.87882228456309
0.5504999999999671,61.37536196749956,46.90053940722554,61.37536196749956,46.90053940722554
0.5507499999999671,61.38708981704445,46.92225703632384,61.38708981704445,46.92225703632384
0.5509999999999671,61.39882309605994,46.9439751719403,61.39882309605994,46.9439751719403
0.551249999999967,61.41056180467264,46.96569381415708,61.41056180467264,46.96569381415708
0.551499999999967,61.42230594300923,46.98741296305618,61.42230594300923,46.98741296305618
0.551749999999967,61.4340555111964,47.00913261871946,61.4340555111964,47.00913261871946
0.551999999999967,61.44581050936083,47.03085278122863,61.44581050936083,47.03085278122863
0.5522499999999669,61.45757093762926,47.05257345066524,61.45757093762926,47.05257345066524
0.5524999999999669,61.46933679612842,47.07429462711068,61.46933679612842,47.07429462711068
0.5527499999999669,61.48110808498507,47.09601631064621,61.48110808498507,47.09601631064621
0.5529999999999669,61.49288480432601,47.11773850135291,61.49288480432601,47.11773850135291
0.5532499999999668,61.50466695427802,47.13946119931174,61.50466695427802,47.13946119931174
0.5534999999999668,61.51645453496794,47.16118440460348,61.51645453496794,47.16118440460348
0.5537499999999668,61.52824754652261,47.18290811730878,61.52824754652261,47.18290811730878
0.5539999999999667,61.54004598906889,47.20463233750812,61.54004598906889,47.20463233750812
0.5542499999999667,61.55184986273366,47.22635706528184,61.55184986273366,47.22635706528184
0.5544999999999667,61.56365916764383,47.24808230071012,61.56365916764383,47.24808230071012
0.5547499999999667,61.57547390392633,47.26980804387301,61.57547390392633,47.26980804387301
0.5549999999999666,61.58729407170809,47.29153429485037,61.58729407170809,47.29153429485037
0.5552499999999666,61.59911967111608,47.31326105372195,61.59911967111608,47.31326105372195
0.5554999999999666,61.61095070227728,47.33498832056733,61.61095070227728,47.33498832056733
0.5557499999999665,61.6227871653187,47.35671609546593,61.6227871653187,47.35671609546593
0.5559999999999665,61.63462906036736,47.37844437849703,61.63462906036736,47.37844437849703
0.5562499999999665,61.6464763875503,47.40017316973976,61.6464763875503,47.40017316973976
0.5564999999999665,61.65832914699459,47.4219024692731,61.65832914699459,47.4219024692731
0.5567499999999664,61.6701873388273,47.44363227717587,61.6701873388273,47.44363227717587
0.5569999999999664,61.68205096317555,47.46536259352674,61.68205096317555,47.46536259352674
0.5572499999999664,61.69392002016644,47.48709341840424,61.69392002016644,47.48709341840424
0.5574999999999664,61.70579450992714,47.50882475188674,61.70579450992714,47.50882475188674
0.5577499999999663,61.71767443258478,47.53055659405246,61.71767443258478,47.53055659405246
0.5579999999999663,61.72955978826656,47.55228894497948,61.72955978826656,47.55228894497948
0.5582499999999663,61.74145057709967,47.57402180474571,61.74145057709967,47.57402180474571
0.5584999999999662,61.75334679921134,47.59575517342893,61.75334679921134,47.59575517342893
0.5587499999999662,61.7652484547288,47.61748905110676,61.7652484547288,47.61748905110676
0.5589999999999662,61.77715554377932,47.63922343785666,61.77715554377932,47.63922343785666
0.5592499999999662,61.78906806649016,47.66095833375595,61.78906806649016,47.66095833375595
0.5594999999999661,61.80098602298863,47.68269373888181,61.80098602298863,47.68269373888181
0.5597499999999661,61.81290941340205,47.70442965331125,61.81290941340205,47.70442965331125
0.5599999999999661,61.82483823785774,47.72616607712114,61.82483823785774,47.72616607712114
0.5602499999999661,61.83677249648306,47.74790301038821,61.83677249648306,47.74790301038821
0.560499999999966,61.8487121894054,47.76964045318901,61.8487121894054,47.76964045318901
0.560749999999966,61.86065731675212,47.79137840559998,61.86065731675212,47.79137840559998
0.560999999999966,61.87260787865067,47.81311686769737,61.87260787865067,47.81311686769737
0.5612499999999659,61.88456387522845,47.83485583955731,61.88456387522845,47.83485583955731
0.5614999999999659,61.89652530661293,47.85659532125576,61.89652530661293,47.85659532125576
0.5617499999999659,61.90849217293157,47.87833531286855,61.90849217293157,47.87833531286855
0.5619999999999659,61.92046447431186,47.90007581447135,61.92046447431186,47.90007581447135
0.5622499999999658,61.93244221088131,47.92181682613968,61.93244221088131,47.92181682613968
0.5624999999999658,61.94442538276744,47.94355834794892,61.94442538276744,47.94355834794892
0.5627499999999658,61.9564139900978,47.96530037997427,61.9564139900978,47.96530037997427
0.5629999999999658,61.96840803299995,47.98704292229081,61.96840803299995,47.98704292229081
0.5632499999999657,61.98040751160148,48.00878597497348,61.98040751160148,48.00878597497348
0.5634999999999657,61.99241242602998,48.03052953809703,61.99241242602998,48.03052953809703
0.5637499999999657,62.00442277641307,48.05227361173611,62.00442277641307,48.05227361173611
0.5639999999999656,62.0164385628784,48.07401819596518,62.0164385628784,48.07401819596518
0.5642499999999656,62.02845978555361,48.09576329085857,62.02845978555361,48.09576329085857
0.5644999999999656,62.04048644456639,48.11750889649046,62.04048644456639,48.11750889649046
0.5647499999999656,62.05251854004442,48.13925501293489,62.05251854004442,48.13925501293489
0.5649999999999655,62.06455607211543,48.16100164026572,62.06455607211543,48.16100164026572
0.5652499999999655,62.07659904090713,48.1827487785567,62.07659904090713,48.1827487785567
0.5654999999999655,62.08864744654729,48.20449642788139,62.08864744654729,48.20449642788139
0.5657499999999654,62.10070128916367,48.22624458831325,62.10070128916367,48.22624458831325
0.5659999999999654,62.11276056888405,48.24799325992555,62.11276056888405,48.24799325992555
0.5662499999999654,62.12482528583624,48.26974244279143,62.12482528583624,48.26974244279143
0.5664999999999654,62.13689544014806,48.29149213698389,62.13689544014806,48.29149213698389
0.5667499999999653,62.14897103194735,48.31324234257576,62.14897103194735,48.31324234257576
0.5669999999999653,62.16105206136197,48.33499305963973,62.16105206136197,48.33499305963973
0.5672499999999653,62.1731385285198,48.35674428824835,62.1731385285198,48.35674428824835
0.5674999999999653,62.18523043354873,48.37849602847402,62.18523043354873,48.37849602847402
0.5677499999999652,62.19732777657668,48.40024828038897,62.19732777657668,48.40024828038897
0.5679999999999652,62.20943055773157,48.42200104406532,62.20943055773157,48.42200104406532
0.5682499999999652,62.22153877714136,48.44375431957501,62.22153877714136,48.44375431957501
0.5684999999999651,62.23365243493402,48.46550810698986,62.23365243493402,48.46550810698986
0.5687499999999651,62.24577153123752,48.4872624063815,62.24577153123752,48.4872624063815
0.5689999999999651,62.25789606617988,48.50901721782147,62.25789606617988,48.50901721782147
0.5692499999999651,62.27002603988911,48.5307725413811,62.27002603988911,48.5307725413811
0.569499999999965,62.28216145249326,48.55252837713162,62.28216145249326,48.55252837713162
0.569749999999965,62.29430230412036,48.57428472514409,62.29430230412036,48.57428472514409
0.569999999999965,62.30644859489852,48.59604158548943,62.30644859489852,48.59604158548943
0.570249999999965,62.31860032495581,48.61779895823841,62.31860032495581,48.61779895823841
0.5704999999999649,62.33075749442035,48.63955684346165,62.33075749442035,48.63955684346165
0.5707499999999649,62.34292010342025,48.66131524122964,62.34292010342025,48.66131524122964
0.5709999999999649,62.35508815208368,48.68307415161269,62.35508815208368,48.68307415161269
0.5712499999999648,62.36726164053879,48.704833574681,62.36726164053879,48.704833574681
0.5714999999999648,62.37944056891375,48.72659351050459,62.37944056891375,48.72659351050459
0.5717499999999648,62.39162493733677,48.74835395915335,62.39162493733677,48.74835395915335
0.5719999999999648,62.40381474593607,48.77011492069702,62.40381474593607,48.77011492069702
0.5722499999999647,62.41600999483987,48.79187639520519,62.41600999483987,48.79187639520519
0.5724999999999647,62.42821068417642,48.81363838274732,62.42821068417642,48.81363838274732
0.5727499999999647,62.440416814074,48.8354008833927,62.440416814074,48.8354008833927
0.5729999999999646,62.45262838466088,48.85716389721049,62.45262838466088,48.85716389721049
0.5732499999999646,62.46484539606538,48.87892742426969,62.46484539606538,48.87892742426969
0.5734999999999646,62.4770678484158,48.90069146463916,62.4770678484158,48.90069146463916
0.5737499999999646,62.48929574184048,48.92245601838761,62.48929574184048,48.92245601838761
0.5739999999999645,62.50152907646778,48.94422108558362,62.50152907646778,48.94422108558362
0.5742499999999645,62.51376785242606,48.9659866662956,62.51376785242606,48.9659866662956
0.5744999999999645,62.52601206984372,48.98775276059182,62.52601206984372,48.98775276059182
0.5747499999999645,62.53826172884916,49.00951936854042,62.53826172884916,49.00951936854042
0.5749999999999644,62.5505168295708,49.03128649020938,62.5505168295708,49.03128649020938
0.5752499999999644,62.56277737213708,49.05305412566653,62.56277737213708,49.05305412566653
0.5754999999999644,62.57504335667646,49.07482227497957,62.57504335667646,49.07482227497957
0.5757499999999643,62.5873147833174,49.09659093821602,62.5873147833174,49.09659093821602
0.5759999999999643,62.5995916521884,49.11836011544331,62.5995916521884,49.11836011544331
0.5762499999999643,62.61187396341796,49.14012980672867,62.61187396341796,49.14012980672867
0.5764999999999643,62.62416171713461,49.16190001213921,62.62416171713461,49.16190001213921
0.5767499999999642,62.63645491346688,49.1836707317419,62.63645491346688,49.1836707317419
0.5769999999999642,62.64875355254334,49.20544196560354,62.64875355254334,49.20544196560354
0.5772499999999642,62.66105763449255,49.22721371379081,62.66105763449255,49.22721371379081
0.5774999999999642,62.6733671594431,49.24898597637023,62.6733671594431,49.24898597637023
0.5777499999999641,62.68568212752361,49.27075875340818,62.68568212752361,49.27075875340818
0.5779999999999641,62.69800253886268,49.29253204497089,62.69800253886268,49.29253204497089
0.5782499999999641,62.71032839358897,49.31430585112445,62.71032839358897,49.31430585112445
0.578499999999964,62.72265969183113,49.33608017193481,62.72265969183113,49.33608017193481
0.578749999999964,62.73499643371783,49.35785500746776,62.73499643371783,49.35785500746776
0.578999999999964,62.74733861937776,49.37963035778894,62.74733861937776,49.37963035778894
0.579249999999964,62.75968624893963,49.40140622296388,62.75968624893963,49.40140622296388
0.5794999999999639,62.77203932253215,49.42318260305792,62.77203932253215,49.42318260305792
0.5797499999999639,62.78439784028407,49.4449594981363,62.78439784028407,49.4449594981363
0.5799999999999639,62.79676180232414,49.46673690826407,62.79676180232414,49.46673690826407
0.5802499999999639,62.80913120878113,49.48851483350618,62.80913120878113,49.48851483350618
0.5804999999999638,62.82150605978383,49.5102932739274,62.82150605978383,49.5102932739274
0.5807499999999638,62.83388635546103,49.53207222959237,62.83388635546103,49.53207222959237
0.5809999999999638,62.84627209594156,49.55385170056558,62.84627209594156,49.55385170056558
0.5812499999999637,62.85866328135426,49.57563168691139,62.85866328135426,49.57563168691139
0.5814999999999637,62.87105991182797,49.59741218869399,62.87105991182797,49.59741218869399
0.5817499999999637,62.88346198749156,49.61919320597746,62.88346198749156,49.61919320597746
0.5819999999999637,62.89586950847392,49.6409747388257,62.89586950847392,49.6409747388257
0.5822499999999636,62.90828247490394,49.66275678730248,62.90828247490394,49.66275678730248
0.5824999999999636,62.92070088691055,49.68453935147145,62.92070088691055,49.68453935147145
0.5827499999999636,62.93312474462266,49.70632243139607,62.93312474462266,49.70632243139607
0.5829999999999635,62.94555404816923,49.7281060271397,62.94555404816923,49.7281060271397
0.5832499999999635,62.95798879767922,49.74989013876552,62.95798879767922,49.74989013876552
0.5834999999999635,62.97042899328161,49.77167476633658,62.97042899328161,49.77167476633658
0.5837499999999635,62.98287463510539,49.7934599099158,62.98287463510539,49.7934599099158
0.5839999999999634,62.99532572327957,49.81524556956595,62.99532572327957,49.81524556956595
0.5842499999999634,63.00778225793318,49.83703174534963,63.00778225793318,49.83703174534963
0.5844999999999634,63.02024423919526,49.85881843732933,63.02024423919526,49.85881843732933
0.5847499999999634,63.03271166719486,49.88060564556738,63.03271166719486,49.88060564556738
0.5849999999999633,63.04518454206107,49.90239337012598,63.04518454206107,49.90239337012598
0.5852499999999633,63.05766286392296,49.92418161106716,63.05766286392296,49.92418161106716
0.5854999999999633,63.07014663290963,49.94597036845284,63.07014663290963,49.94597036845284
0.5857499999999632,63.08263584915022,49.96775964234477,63.08263584915022,49.96775964234477
0.5859999999999632,63.09513051277386,49.98954943280457,63.09513051277386,49.98954943280457
0.5862499999999632,63.10763062390968,50.01133973989372,63.10763062390968,50.01133973989372
0.5864999999999632,63.12013618268686,50.03313056367355,63.12013618268686,50.03313056367355
0.5867499999999631,63.13264718923458,50.05492190420523,63.13264718923458,50.05492190420523
0.5869999999999631,63.14516364368203,50.07671376154983,63.14516364368203,50.07671376154983
0.5872499999999631,63.15768554615842,50.09850613576823,63.15768554615842,50.09850613576823
0.5874999999999631,63.17021289679298,50.12029902692121,63.17021289679298,50.12029902692121
0.587749999999963,63.18274569571496,50.14209243506937,63.18274569571496,50.14209243506937
0.587999999999963,63.1952839430536,50.1638863602732,63.1952839430536,50.1638863602732
0.588249999999963,63.20782763893818,50.18568080259301,63.20782763893818,50.18568080259301
0.5884999999999629,63.220376783498,50.20747576208901,63.220376783498,50.20747576208901
0.5887499999999629,63.23293137686233,50.22927123882123,63.23293137686233,50.22927123882123
0.5889999999999629,63.24549141916052,50.25106723284959,63.24549141916052,50.25106723284959
0.5892499999999629,63.25805691052187,50.27286374423385,63.25805691052187,50.27286374423385
0.5894999999999628,63.27062785107575,50.29466077303361,63.27062785107575,50.29466077303361
0.5897499999999628,63.28320424095151,50.31645831930837,63.28320424095151,50.31645831930837
0.5899999999999628,63.29578608027853,50.33825638311746,63.29578608027853,50.33825638311746
0.5902499999999627,63.3083733691862,50.36005496452007,63.3083733691862,50.36005496452007
0.5904999999999627,63.32096610780393,50.38185406357525,63.32096610780393,50.38185406357525
0.5907499999999627,63.33356429626113,50.40365368034191,63.33356429626113,50.40365368034191
0.5909999999999627,63.34616793468724,50.42545381487882,63.34616793468724,50.42545381487882
0.5912499999999626,63.35877702321172,50.44725446724461,63.35877702321172,50.44725446724461
0.5914999999999626,63.37139156196402,50.46905563749776,63.37139156196402,50.46905563749776
0.5917499999999626,63.38401155107363,50.49085732569662,63.38401155107363,50.49085732569662
0.5919999999999626,63.39663699067004,50.51265953189938,63.39663699067004,50.51265953189938
0.5922499999999625,63.40926788088275,50.5344622561641,63.40926788088275,50.5344622561641
0.5924999999999625,63.4219042218413,50.55626549854872,63.4219042218413,50.55626549854872
0.5927499999999625,63.43454601367521,50.57806925911099,63.43454601367521,50.57806925911099
0.5929999999999624,63.44719325651404,50.59987353790856,63.44719325651404,50.59987353790856
0.5932499999999624,63.45984595048736,50.62167833499893,63.45984595048736,50.62167833499893
0.5934999999999624,63.47250409572474,50.64348365043944,63.47250409572474,50.64348365043944
0.5937499999999624,63.48516769235578,50.66528948428731,63.48516769235578,50.66528948428731
0.5939999999999623,63.49783674051009,50.68709583659961,63.49783674051009,50.68709583659961
0.5942499999999623,63.51051124031729,50.70890270743327,63.51051124031729,50.70890270743327
0.5944999999999623,63.52319119190702,50.73071009684509,63.52319119190702,50.73071009684509
0.5947499999999623,63.53587659540894,50.75251800489171,63.53587659540894,50.75251800489171
0.5949999999999622,63.5485674509527,50.77432643162964,63.5485674509527,50.77432643162964
0.5952499999999622,63.56126375866798,50.79613537711525,63.56126375866798,50.79613537711525
0.5954999999999622,63.57396551868449,50.81794484140477,63.57396551868449,50.81794484140477
0.5957499999999621,63.58667273113193,50.83975482455428,63.58667273113193,50.83975482455428
0.5959999999999621,63.59938539614001,50.86156532661973,63.59938539614001,50.86156532661973
0.5962499999999621,63.61210351383848,50.88337634765692,63.61210351383848,50.88337634765692
0.5964999999999621,63.62482708435709,50.90518788772153,63.62482708435709,50.90518788772153
0.596749999999962,63.6375561078256,50.92699994686908,63.6375561078256,50.92699994686908
0.596999999999962,63.65029058437379,50.94881252515496,63.65029058437379,50.94881252515496
0.597249999999962,63.66303051413145,50.9706256226344,63.66303051413145,50.9706256226344
0.597499999999962,63.67577589722838,50.99243923936252,63.67577589722838,50.99243923936252
0.5977499999999619,63.68852673379441,51.01425337539428,63.68852673379441,51.01425337539428
0.5979999999999619,63.70128302395936,51.03606803078451,63.70128302395936,51.03606803078451
0.5982499999999619,63.71404476785309,51.0578832055879,63.71404476785309,51.0578832055879
0.5984999999999618,63.72681196560545,51.07969889985899,63.72681196560545,51.07969889985899
0.5987499999999618,63.73958461734632,51.10151511365218,63.73958461734632,51.10151511365218
0.5989999999999618,63.75236272320558,51.12333184702175,63.75236272320558,51.12333184702175
0.5992499999999618,63.76514628331314,51.14514910002183,63.76514628331314,51.14514910002183
0.5994999999999617,63.7779352977989,51.1669668727064,63.7779352977989,51.1669668727064
0.5997499999999617,63.7907297667928,51.18878516512932,63.7907297667928,51.18878516512932
0.5999999999999617,63.80352969042478,51.21060397734428,63.80352969042478,51.21060397734428
0.6002499999999616,63.81633506882479,51.23242330940487,63.81633506882479,51.23242330940487
0.6004999999999616,63.8291459021228,51.25424316136451,63.8291459021228,51.25424316136451
0.6007499999999616,63.8419621904488,51.27606353327651,63.8419621904488,51.27606353327651
0.6009999999999616,63.85478393393278,51.297884425194,63.85478393393278,51.297884425194
0.6012499999999615,63.86761113270474,51.31970583717001,63.86761113270474,51.31970583717001
0.6014999999999615,63.8804437868947,51.34152776925742,63.8804437868947,51.34152776925742
0.6017499999999615,63.89328189663271,51.36335022150895,63.89328189663271,51.36335022150895
0.6019999999999615,63.90612546204881,51.38517319397722,63.90612546204881,51.38517319397722
0.6022499999999614,63.91897448327305,51.40699668671467,63.91897448327305,51.40699668671467
0.6024999999999614,63.93182896043552,51.42882069977363,63.93182896043552,51.42882069977363
0.6027499999999614,63.9446888936663,51.45064523320629,63.9446888936663,51.45064523320629
0.6029999999999613,63.9575542830955,51.47247028706468,63.9575542830955,51.47247028706468
0.6032499999999613,63.97042512885321,51.49429586140072,63.97042512885321,51.49429586140072
0.6034999999999613,63.98330143106958,51.51612195626616,63.98330143106958,51.51612195626616
0.6037499999999613,63.99618318987473,51.53794857171265,63.99618318987473,51.53794857171265
0.6039999999999612,64.00907040539882,51.55977570779168,64.00907040539882,51.55977570779168
0.6042499999999612,64.02196307777201,51.58160336455459,64.02196307777201,51.58160336455459
0.6044999999999612,64.03486120712449,51.6034315420526,64.03486120712449,51.6034315420526
0.6047499999999612,64.04776479358644,51.6252602403368,64.04776479358644,51.6252602403368
0.6049999999999611,64.06067383728806,51.64708945945812,64.06067383728806,51.64708945945812
0.6052499999999611,64.07358833835957,51.66891919946735,64.07358833835957,51.66891919946735
0.6054999999999611,64.0865082969312,51.69074946041518,64.0865082969312,51.69074946041518
0.605749999999961,64.09943371313319,51.71258024235213,64.09943371313319,51.71258024235213
0.605999999999961,64.1123645870958,51.73441154532857,64.1123645870958,51.73441154532857
0.606249999999961,64.12530091894928,51.75624336939477,64.12530091894928,51.75624336939477
0.606499999999961,64.13824270882392,51.77807571460085,64.13824270882392,51.77807571460085
0.6067499999999609,64.15118995685002,51.79990858099676,64.15118995685002,51.79990858099676
0.6069999999999609,64.16414266315786,51.82174196863237,64.16414266315786,51.82174196863237
0.6072499999999609,64.17710082787778,51.84357587755737,64.17710082787778,51.84357587755737
0.6074999999999608,64.19006445114009,51.86541030782132,64.19006445114009,51.86541030782132
0.6077499999999608,64.20303353307514,51.88724525947366,64.20303353307514,51.88724525947366
0.6079999999999608,64.21600807381328,51.90908073256367,64.21600807381328,51.90908073256367
0.6082499999999608,64.22898807348489,51.93091672714052,64.22898807348489,51.93091672714052
0.6084999999999607,64.24197353222031,51.95275324325321,64.24197353222031,51.95275324325321
0.6087499999999607,64.25496445014997,51.97459028095064,64.25496445014997,51.97459028095064
0.6089999999999607,64.26796082740425,51.99642784028154,64.26796082740425,51.99642784028154
0.6092499999999607,64.28096266411357,52.01826592129453,64.28096266411357,52.01826592129453
0.6094999999999606,64.29396996040838,52.04010452403807,64.29396996040838,52.04010452403807
0.6097499999999606,64.30698271641909,52.0619436485605,64.30698271641909,52.0619436485605
0.6099999999999606,64.32000093227614,52.08378329491002,64.32000093227614,52.08378329491002
0.6102499999999605,64.33302460811002,52.10562346313469,64.33302460811002,52.10562346313469
0.6104999999999605,64.3460537440512,52.12746415328244,64.3460537440512,52.12746415328244
0.6107499999999605,64.35908834023016,52.14930536540105,64.35908834023016,52.14930536540105
0.6109999999999605,64.3721283967774,52.17114709953818,64.3721283967774,52.17114709953818
0.6112499999999604,64.38517391382344,52.19298935574135,64.38517391382344,52.19298935574135
0.6114999999999604,64.39822489149878,52.21483213405794,64.39822489149878,52.21483213405794
0.6117499999999604,64.41128132993398,52.2366754345352,64.41128132993398,52.2366754345352
0.6119999999999604,64.42434322925958,52.25851925722024,64.42434322925958,52.25851925722024
0.6122499999999603,64.43741058960612,52.28036360216002,64.43741058960612,52.28036360216002
0.6124999999999603,64.45048341110417,52.3022084694014,64.45048341110417,52.3022084694014
0.6127499999999603,64.46356169388434,52.32405385899107,64.46356169388434,52.32405385899107
0.6129999999999602,64.47664543807721,52.34589977097561,64.47664543807721,52.34589977097561
0.6132499999999602,64.48973464381338,52.36774620540143,64.48973464381338,52.36774620540143
0.6134999999999602,64.50282931122345,52.38959316231485,64.50282931122345,52.38959316231485
0.6137499999999602,64.51592944043807,52.41144064176203,64.51592944043807,52.41144064176203
0.6139999999999601,64.52903503158788,52.43328864378898,64.52903503158788,52.43328864378898
0.6142499999999601,64.54214608480352,52.4551371684416,64.54214608480352,52.4551371684416
0.6144999999999601,64.55526260021566,52.47698621576564,64.55526260021566,52.47698621576564
0.6147499999999601,64.56838457795496,52.49883578580674,64.56838457795496,52.49883578580674
0.61499999999996,64.58151201815213,52.52068587861037,64.58151201815213,52.52068587861037
0.61524999999996,64.59464492093784,52.54253649422189,64.59464492093784,52.54253649422189
0.61549999999996,64.60778328644281,52.56438763268651,64.60778328644281,52.56438763268651
0.6157499999999599,64.62092711479775,52.58623929404932,64.62092711479775,52.58623929404932
0.6159999999999599,64.6340764061334,52.60809147835526,64.6340764061334,52.60809147835526
0.6162499999999599,64.6472311605805,52.62994418564915,64.6472311605805,52.62994418564915
0.6164999999999599,64.66039137826981,52.65179741597566,64.66039137826981,52.65179741597566
0.6167499999999598,64.67355705933208,52.67365116937933,64.67355705933208,52.67365116937933
0.6169999999999598,64.6867282038981,52.69550544590459,64.6867282038981,52.69550544590459
0.6172499999999598,64.69990481209864,52.7173602455957,64.69990481209864,52.7173602455957
0.6174999999999597,64.7130868840645,52.7392155684968,64.7130868840645,52.7392155684968
0.6177499999999597,64.72627441992648,52.76107141465191,64.72627441992648,52.76107141465191
0.6179999999999597,64.73946741981543,52.78292778410489,64.73946741981543,52.78292778410489
0.6182499999999597,64.75266588386215,52.80478467689949,64.75266588386215,52.80478467689949
0.6184999999999596,64.76586981219749,52.8266420930793,64.76586981219749,52.8266420930793
0.6187499999999596,64.77907920495231,52.84850003268781,64.77907920495231,52.84850003268781
0.6189999999999596,64.79229406225745,52.87035849576834,64.79229406225745,52.87035849576834
0.6192499999999596,64.80551438424381,52.89221748236411,64.80551438424381,52.89221748236411
0.6194999999999595,64.81874017104226,52.91407699251818,64.81874017104226,52.91407699251818
0.6197499999999595,64.83197142278371,52.9359370262735,64.83197142278371,52.9359370262735
0.6199999999999595,64.84520813959904,52.95779758367286,64.84520813959904,52.95779758367286
0.6202499999999594,64.85845032161919,52.97965866475893,64.85845032161919,52.97965866475893
0.6204999999999594,64.87169796897507,53.00152026957425,64.87169796897507,53.00152026957425
0.6207499999999594,64.88495108179762,53.02338239816123,64.88495108179762,53.02338239816123
0.6209999999999594,64.8982096602178,53.04524505056214,64.8982096602178,53.04524505056214
0.6212499999999593,64.91147370436656,53.0671082268191,64.91147370436656,53.0671082268191
0.6214999999999593,64.92474321437487,53.08897192697414,64.92474321437487,53.08897192697414
0.6217499999999593,64.93801819037371,53.11083615106912,64.93801819037371,53.11083615106912
0.6219999999999593,64.95129863249407,53.13270089914577,64.95129863249407,53.13270089914577
0.6222499999999592,64.96458454086695,53.1545661712457,64.96458454086695,53.1545661712457
0.6224999999999592,64.97787591562337,53.17643196741039,64.97787591562337,53.17643196741039
0.6227499999999592,64.99117275689434,53.19829828768118,64.99117275689434,53.19829828768118
0.6229999999999591,65.00447506481089,53.22016513209928,65.00447506481089,53.22016513209928
0.6232499999999591,65.01778283950406,53.24203250070575,65.01778283950406,53.24203250070575
0.6234999999999591,65.03109608110492,53.26390039354155,65.03109608110492,53.26390039354155
0.6237499999999591,65.04441478974452,53.28576881064748,65.04441478974452,53.28576881064748
0.623999999999959,65.05773896555394,53.30763775206423,65.05773896555394,53.30763775206423
0.624249999999959,65.07106860866425,53.32950721783234,65.07106860866425,53.32950721783234
0.624499999999959,65.08440371920655,53.35137720799221,65.08440371920655,53.35137720799221
0.6247499999999589,65.09774429731195,53.37324772258415,65.09774429731195,53.37324772258415
0.6249999999999589,65.11109034311156,53.3951187616483,65.11109034311156,53.3951187616483
0.6252499999999589,65.12444185673648,53.41699032522467,65.12444185673648,53.41699032522467
0.6254999999999589,65.13779883831788,53.43886241335314,65.13779883831788,53.43886241335314
0.6257499999999588,65.15116128798688,53.46073502607349,65.15116128798688,53.46073502607349
0.6259999999999588,65.16452920587464,53.48260816342532,65.16452920587464,53.48260816342532
0.6262499999999588,65.17790259211232,53.50448182544813,65.17790259211232,53.50448182544813
0.6264999999999588,65.19128144683108,53.52635601218129,65.19128144683108,53.52635601218129
0.6267499999999587,65.20466577016214,53.54823072366401,65.20466577016214,53.54823072366401
0.6269999999999587,65.21805556223666,53.5701059599354,65.21805556223666,53.5701059599354
0.6272499999999587,65.23145082318584,53.59198172103443,65.23145082318584,53.59198172103443
0.6274999999999586,65.2448515531409,53.61385800699992,65.2448515531409,53.61385800699992
0.6277499999999586,65.25825775223308,53.63573481787058,65.25825775223308,53.63573481787058
0.6279999999999586,65.27166942059358,53.65761215368498,65.27166942059358,53.65761215368498
0.6282499999999586,65.28508655835367,53.67949001448157,65.28508655835367,53.67949001448157
0.6284999999999585,65.29850916564457,53.70136840029866,65.29850916564457,53.70136840029866
0.6287499999999585,65.31193724259757,53.72324731117442,65.31193724259757,53.72324731117442
0.6289999999999585,65.32537078934392,53.74512674714691,65.32537078934392,53.74512674714691
0.6292499999999585,65.33880980601491,53.76700670825404,65.33880980601491,53.76700670825404
0.6294999999999584,65.35225429274182,53.78888719453359,65.35225429274182,53.78888719453359
0.6297499999999584,65.36570424965595,53.81076820602324,65.36570424965595,53.81076820602324
0.6299999999999584,65.37915967688861,53.8326497427605,65.37915967688861,53.8326497427605
0.6302499999999583,65.3926205745711,53.85453180478277,65.3926205745711,53.85453180478277
0.6304999999999583,65.40608694283476,53.87641439212732,65.40608694283476,53.87641439212732
0.6307499999999583,65.41955878181093,53.89829750483129,65.41955878181093,53.89829750483129
0.6309999999999583,65.43303609163095,53.92018114293167,65.43303609163095,53.92018114293167
0.6312499999999582,65.44651887242618,53.94206530646535,65.44651887242618,53.94206530646535
0.6314999999999582,65.46000712432797,53.96394999546907,65.46000712432797,53.96394999546907
0.6317499999999582,65.4735008474677,53.98583520997944,65.4735008474677,53.98583520997944
0.6319999999999582,65.48700004197676,54.00772095003295,65.48700004197676,54.00772095003295
0.6322499999999581,65.50050470798652,54.02960721566597,65.50050470798652,54.02960721566597
0.6324999999999581,65.5140148456284,54.0514940069147,65.5140148456284,54.0514940069147
0.6327499999999581,65.52753045503378,54.07338132381525,65.52753045503378,54.07338132381525
0.632999999999958,65.54105153633411,54.0952691664036,65.54105153633411,54.0952691664036
0.633249999999958,65.55457808966079,54.11715753471557,65.55457808966079,54.11715753471557
0.633499999999958,65.56811011514527,54.13904642878687,65.56811011514527,54.13904642878687
0.633749999999958,65.581647612919,54.16093584865308,65.581647612919,54.16093584865308
0.6339999999999579,65.59519058311342,54.18282579434965,65.59519058311342,54.18282579434965
0.6342499999999579,65.60873902586,54.20471626591191,65.60873902586,54.20471626591191
0.6344999999999579,65.62229294129021,54.22660726337503,65.62229294129021,54.22660726337503
0.6347499999999578,65.63585232953552,54.24849878677409,65.63585232953552,54.24849878677409
0.6349999999999578,65.64941719072743,54.27039083614402,65.64941719072743,54.27039083614402
0.6352499999999578,65.66298752499743,54.29228341151963,65.66298752499743,54.29228341151963
0.6354999999999578,65.67656333247703,54.31417651293558,65.67656333247703,54.31417651293558
0.6357499999999577,65.69014461329775,54.33607014042643,65.69014461329775,54.33607014042643
0.6359999999999577,65.70373136759109,54.35796429402659,65.70373136759109,54.35796429402659
0.6362499999999577,65.71732359548861,54.37985897377036,65.71732359548861,54.37985897377036
0.6364999999999577,65.73092129712182,54.40175417969189,65.73092129712182,54.40175417969189
0.6367499999999576,65.7445244726223,54.42364991182522,65.7445244726223,54.42364991182522
0.6369999999999576,65.75813312212159,54.44554617020425,65.75813312212159,54.44554617020425
0.6372499999999576,65.77174724575126,54.46744295486275,65.77174724575126,54.46744295486275
0.6374999999999575,65.78536684364288,54.48934026583439,65.78536684364288,54.48934026583439
0.6377499999999575,65.79899191592803,54.51123810315266,65.79899191592803,54.51123810315266
0.6379999999999575,65.81262246273832,54.53313646685098,65.81262246273832,54.53313646685098
0.6382499999999575,65.82625848420533,54.55503535696259,65.82625848420533,54.55503535696259
0.6384999999999574,65.83989998046067,54.57693477352064,65.83989998046067,54.57693477352064
0.6387499999999574,65.85354695163596,54.59883471655814,65.85354695163596,54.59883471655814
0.6389999999999574,65.86719939786283,54.62073518610796,65.86719939786283,54.62073518610796
0.6392499999999574,65.88085731927291,54.64263618220286,65.88085731927291,54.64263618220286
0.6394999999999573,65.89452071599781,54.66453770487546,65.89452071599781,54.66453770487546
0.6397499999999573,65.90818958816922,54.68643975415826,65.90818958816922,54.68643975415826
0.6399999999999573,65.92186393591878,54.70834233008362,65.92186393591878,54.70834233008362
0.6402499999999572,65.93554375937815,54.7302454326838,65.93554375937815,54.7302454326838
0.6404999999999572,65.94922905867901,54.75214906199091,65.94922905867901,54.75214906199091
0.6407499999999572,65.96291983395304,54.77405321803694,65.96291983395304,54.77405321803694
0.6409999999999572,65.97661608533193,54.79595790085374,65.97661608533193,54.79595790085374
0.6412499999999571,65.99031781294737,54.81786311047306,65.99031781294737,54.81786311047306
0.6414999999999571,66.00402501693107,54.83976884692648,66.00402501693107,54.83976884692648
0.6417499999999571,66.01773769741473,54.86167511024551,66.01773769741473,54.86167511024551
0.641999999999957,66.03145585453009,54.88358190046149,66.03145585453009,54.88358190046149
0.642249999999957,66.04517948840888,54.90548921760564,66.04517948840888,54.90548921760564
0.642499999999957,66.05890859918281,54.92739706170907,66.05890859918281,54.92739706170907
0.642749999999957,66.07264318698365,54.94930543280276,66.07264318698365,54.94930543280276
0.6429999999999569,66.08638325194313,54.97121433091754,66.08638325194313,54.97121433091754
0.6432499999999569,66.10012879419303,54.99312375608414,66.10012879419303,54.99312375608414
0.6434999999999569,66.1138798138651,55.01503370833315,66.1138798138651,55.01503370833315
0.6437499999999569,66.12763631109112,55.03694418769503,66.12763631109112,55.03694418769503
0.6439999999999568,66.14139828600288,55.05885519420014,66.14139828600288,55.05885519420014
0.6442499999999568,66.15516573873217,55.08076672787868,66.15516573873217,55.08076672787868
0.6444999999999568,66.16893866941076,55.10267878876075,66.16893866941076,55.10267878876075
0.6447499999999567,66.18271707817048,55.1245913768763,66.18271707817048,55.1245913768763
0.6449999999999567,66.19650096514314,55.14650449225518,66.19650096514314,55.14650449225518
0.6452499999999567,66.21029033046055,55.1684181349271,66.21029033046055,55.1684181349271
0.6454999999999567,66.22408517425454,55.19033230492164,66.22408517425454,55.19033230492164
0.6457499999999566,66.23788549665696,55.21224700226826,66.23788549665696,55.21224700226826
0.6459999999999566,66.25169129779962,55.23416222699629,66.25169129779962,55.23416222699629
0.6462499999999566,66.2655025778144,55.25607797913495,66.2655025778144,55.25607797913495
0.6464999999999566,66.27931933683314,55.27799425871331,66.27931933683314,55.27799425871331
0.6467499999999565,66.29314157498771,55.29991106576034,66.29314157498771,55.29991106576034
0.6469999999999565,66.30696929240999,55.32182840030487,66.30696929240999,55.32182840030487
0.6472499999999565,66.32080248923184,55.3437462623756,66.32080248923184,55.3437462623756
0.6474999999999564,66.33464116558514,55.36566465200112,66.33464116558514,55.36566465200112
0.6477499999999564,66.3484853216018,55.38758356920989,66.3484853216018,55.38758356920989
0.6479999999999564,66.36233495741371,55.40950301403023,66.36233495741371,55.40950301403023
0.6482499999999564,66.37619007315278,55.43142298649035,66.37619007315278,55.43142298649035
0.6484999999999563,66.39005066895093,55.45334348661834,66.39005066895093,55.45334348661834
0.6487499999999563,66.40391674494008,55.47526451444216,66.40391674494008,55.47526451444216
0.6489999999999563,66.41778830125213,55.49718606998963,66.41778830125213,55.49718606998963
0.6492499999999563,66.43166533801904,55.51910815328846,66.43166533801904,55.51910815328846
0.6494999999999562,66.44554785537275,55.54103076436625,66.44554785537275,55.54103076436625
0.6497499999999562,66.45943585344521,55.56295390325044,66.45943585344521,55.56295390325044
0.6499999999999562,66.47332933236837,55.58487756996837,66.47332933236837,55.58487756996837
0.6502499999999561,66.48722829227418,55.60680176454726,66.48722829227418,55.60680176454726
0.6504999999999561,66.50113273329463,55.62872648701418,66.50113273329463,55.62872648701418
0.6507499999999561,66.51504265556167,55.65065173739611,66.51504265556167,55.65065173739611
0.6509999999999561,66.52895805920731,55.67257751571987,66.52895805920731,55.67257751571987
0.651249999999956,66.54287894436352,55.69450382201219,66.54287894436352,55.69450382201219
0.651499999999956,66.55680531116231,55.71643065629966,66.55680531116231,55.71643065629966
0.651749999999956,66.57073715973567,55.73835801860873,66.57073715973567,55.73835801860873
0.6519999999999559,66.58467449021562,55.76028590896575,66.58467449021562,55.76028590896575
0.6522499999999559,66.59861730273417,55.78221432739694,66.59861730273417,55.78221432739694
0.6524999999999559,66.61256559742333,55.8041432739284,66.61256559742333,55.8041432739284
0.6527499999999559,66.62651937441514,55.8260727485861,66.62651937441514,55.8260727485861
0.6529999999999558,66.64047863384164,55.84800275139588,66.64047863384164,55.84800275139588
0.6532499999999558,66.65444337583486,55.86993328238348,66.65444337583486,55.86993328238348
0.6534999999999558,66.66841360052685,55.89186434157448,66.66841360052685,55.89186434157448
0.6537499999999558,66.68238930804966,55.91379592899438,66.68238930804966,55.91379592899438
0.6539999999999557,66.69637049853537,55.93572804466852,66.69637049853537,55.93572804466852
0.6542499999999557,66.71035717211603,55.95766068862214,66.71035717211603,55.95766068862214
0.6544999999999557,66.72434932892371,55.97959386088035,66.72434932892371,55.97959386088035
0.6547499999999556,66.7383469690905,56.00152756146813,66.7383469690905,56.00152756146813
0.6549999999999556,66.75235009274847,56.02346179041034,66.75235009274847,56.02346179041034
0.6552499999999556,66.76635870002973,56.04539654773173,66.76635870002973,56.04539654773173
0.6554999999999556,66.78037279106637,56.06733183345692,66.78037279106637,56.06733183345692
0.6557499999999555,66.79439236599049,56.08926764761039,66.79439236599049,56.08926764761039
0.6559999999999555,66.80841742493421,56.11120399021652,66.80841742493421,56.11120399021652
0.6562499999999555,66.82244796802964,56.13314086129957,66.82244796802964,56.13314086129957
0.6564999999999555,66.8364839954089,56.15507826088365,66.8364839954089,56.15507826088365
0.6567499999999554,66.85052550720413,56.17701618899277,66.85052550720413,56.17701618899277
0.6569999999999554,66.86457250354745,56.19895464565083,66.86457250354745,56.19895464565083
0.6572499999999554,66.878624984571,56.22089363088157,66.878624984571,56.22089363088157
0.6574999999999553,66.89268295040694,56.24283314470864,66.89268295040694,56.24283314470864
0.6577499999999553,66.90674640118741,56.26477318715555,66.90674640118741,56.26477318715555
0.6579999999999553,66.92081533704457,56.28671375824571,66.92081533704457,56.28671375824571
0.6582499999999553,66.93488975811059,56.30865485800238,66.93488975811059,56.30865485800238
0.6584999999999552,66.94896966451763,56.33059648644871,66.94896966451763,56.33059648644871
0.6587499999999552,66.96305505639788,56.35253864360773,66.96305505639788,56.35253864360773
0.6589999999999552,66.97714593388351,56.37448132950235,66.97714593388351,56.37448132950235
0.6592499999999551,66.99124229710669,56.39642454415537,66.99124229710669,56.39642454415537
0.6594999999999551,67.00534414619965,56.41836828758943,67.00534414619965,56.41836828758943
0.6597499999999551,67.01945148129455,56.44031255982709,67.01945148129455,56.44031255982709
0.6599999999999551,67.03356430252363,56.46225736089077,67.03356430252363,56.46225736089077
0.660249999999955,67.04768261001907,56.48420269080277,67.04768261001907,56.48420269080277
0.660499999999955,67.0618064039131,56.50614854958528,67.0618064039131,56.50614854958528
0.660749999999955,67.07593568433794,56.52809493726034,67.07593568433794,56.52809493726034
0.660999999999955,67.0900704514258,56.5500418538499,67.0900704514258,56.5500418538499
0.6612499999999549,67.10421070530893,56.57198929937577,67.10421070530893,56.57198929937577
0.6614999999999549,67.11835644611956,56.59393727385966,67.11835644611956,56.59393727385966
0.6617499999999549,67.13250767398993,56.61588577732313,67.13250767398993,56.61588577732313
0.6619999999999548,67.1466643890523,56.63783480978764,67.1466643890523,56.63783480978764
0.6622499999999548,67.16082659143892,56.65978437127453,67.16082659143892,56.65978437127453
0.6624999999999548,67.17499428128204,56.681734461805,67.17499428128204,56.681734461805
0.6627499999999548,67.18916745871391,56.70368508140015,67.18916745871391,56.70368508140015
0.6629999999999547,67.20334612386682,56.72563623008096,67.20334612386682,56.72563623008096
0.6632499999999547,67.21753027687305,56.74758790786827,67.21753027687305,56.74758790786827
0.6634999999999547,67.23171991786485,56.76954011478282,67.23171991786485,56.76954011478282
0.6637499999999547,67.24591504697453,56.79149285084522,67.24591504697453,56.79149285084522
0.6639999999999546,67.26011566433438,56.81344611607597,67.26011566433438,56.81344611607597
0.6642499999999546,67.27432177007668,56.83539991049543,67.27432177007668,56.83539991049543
0.6644999999999546,67.28853336433373,56.85735423412385,67.28853336433373,56.85735423412385
0.6647499999999545,67.30275044723784,56.87930908698138,67.30275044723784,56.87930908698138
0.6649999999999545,67.31697301892132,56.90126446908801,67.31697301892132,56.90126446908801
0.6652499999999545,67.33120107951649,56.92322038046365,67.33120107951649,56.92322038046365
0.6654999999999545,67.34543462915566,56.94517682112807,67.34543462915566,56.94517682112807
0.6657499999999544,67.35967366797117,56.96713379110092,67.35967366797117,56.96713379110092
0.6659999999999544,67.37391819609533,56.98909129040173,67.37391819609533,56.98909129040173
0.6662499999999544,67.38816821366048,57.01104931904992,67.38816821366048,57.01104931904992
0.6664999999999544,67.40242372079896,57.03300787706479,67.40242372079896,57.03300787706479
0.6667499999999543,67.41668471764312,57.05496696446551,67.41668471764312,57.05496696446551
0.6669999999999543,67.43095120432531,57.07692658127114,67.43095120432531,57.07692658127114
0.6672499999999543,67.44522318097788,57.09888672750061,67.44522318097788,57.09888672750061
0.6674999999999542,67.45950064773318,57.12084740317275,67.45950064773318,57.12084740317275
0.6677499999999542,67.47378360472358,57.14280860830626,67.47378360472358,57.14280860830626
0.6679999999999542,67.48807205208145,57.16477034291972,67.48807205208145,57.16477034291972
0.6682499999999542,67.50236598993916,57.18673260703159,67.50236598993916,57.18673260703159
0.6684999999999541,67.5166654184291,57.20869540066021,67.5166654184291,57.20869540066021
0.6687499999999541,67.53097033768363,57.23065872382382,67.53097033768363,57.23065872382382
0.6689999999999541,67.54528074783514,57.2526225765405,67.54528074783514,57.2526225765405
0.669249999999954,67.55959664901603,57.27458695882827,67.55959664901603,57.27458695882827
0.669499999999954,67.57391804135868,57.29655187070497,67.57391804135868,57.29655187070497
0.669749999999954,67.58824492499551,57.31851731218838,67.58824492499551,57.31851731218838
0.669999999999954,67.60257730005891,57.34048328329612,67.60257730005891,57.34048328329612
0.6702499999999539,67.6169151666813,57.36244978404571,67.6169151666813,57.36244978404571
0.6704999999999539,67.63125852499508,57.38441681445454,67.63125852499508,57.38441681445454
0.6707499999999539,67.64560737513267,57.40638437453989,67.64560737513267,57.40638437453989
0.6709999999999539,67.65996171722649,57.42835246431893,67.65996171722649,57.42835246431893
0.6712499999999538,67.67432155140898,57.4503210838087,67.67432155140898,57.4503210838087
0.6714999999999538,67.68868687781254,57.47229023302611,67.68868687781254,57.47229023302611
0.6717499999999538,67.70305769656963,57.494259911988,67.70305769656963,57.494259911988
0.6719999999999537,67.71743400781268,57.51623012071104,67.71743400781268,57.51623012071104
0.6722499999999537,67.73181581167414,57.53820085921181,67.73181581167414,57.53820085921181
0.6724999999999537,67.74620310828644,57.56017212750675,67.74620310828644,57.56017212750675
0.6727499999999537,67.76059589778204,57.58214392561222,67.76059589778204,57.58214392561222
0.6729999999999536,67.77499418029339,57.60411625354443,67.77499418029339,57.60411625354443
0.6732499999999536,67.78939795595296,57.62608911131949,67.78939795595296,57.62608911131949
0.6734999999999536,67.80380722489321,57.64806249895339,67.80380722489321,57.64806249895339
0.6737499999999536,67.81822198724659,57.67003641646198,67.81822198724659,57.67003641646198
0.6739999999999535,67.83264224314559,57.69201086386104,67.83264224314559,57.69201086386104
0.6742499999999535,67.84706799272267,57.71398584116618,67.84706799272267,57.71398584116618
0.6744999999999535,67.86149923611032,57.73596134839294,67.86149923611032,57.73596134839294
0.6747499999999534,67.87593597344102,57.75793738555672,67.87593597344102,57.75793738555672
0.6749999999999534,67.89037820484725,57.77991395267279,67.89037820484725,57.77991395267279
0.6752499999999534,67.90482593046151,57.80189104975633,67.90482593046151,57.80189104975633
0.6754999999999534,67.91927915041629,57.82386867682239,67.91927915041629,57.82386867682239
0.6757499999999533,67.93373786484409,57.84584683388591,67.93373786484409,57.84584683388591
0.6759999999999533,67.94820207387741,57.86782552096172,67.94820207387741,57.86782552096172
0.6762499999999533,67.96267177764875,57.88980473806451,67.96267177764875,57.88980473806451
0.6764999999999532,67.97714697629061,57.91178448520886,67.97714697629061,57.91178448520886
0.6767499999999532,67.99162766993553,57.93376476240926,67.99162766993553,57.93376476240926
0.6769999999999532,68.00611385871599,57.95574556968005,68.00611385871599,57.95574556968005
0.6772499999999532,68.02060554276454,57.97772690703549,68.02060554276454,57.97772690703549
0.6774999999999531,68.03510272221369,57.99970877448968,68.03510272221369,57.99970877448968
0.6777499999999531,68.04960539719596,58.02169117205664,68.04960539719596,58.02169117205664
0.6779999999999531,68.06411356784389,58.04367409975026,68.06411356784389,58.04367409975026
0.6782499999999531,68.07862723429001,58.06565755758432,68.07862723429001,58.06565755758432
0.678499999999953,68.09314639666685,58.08764154557248,68.09314639666685,58.08764154557248
0.678749999999953,68.10767105510698,58.10962606372829,68.10767105510698,58.10962606372829
0.678999999999953,68.12220120974291,58.13161111206516,68.12220120974291,58.13161111206516
0.6792499999999529,68.1367368607072,58.15359669059642,68.1367368607072,58.15359669059642
0.6794999999999529,68.15127800813239,58.17558279933527,68.15127800813239,58.17558279933527
0.6797499999999529,68.16582465215104,58.1975694382948,68.16582465215104,58.1975694382948
0.6799999999999529,68.18037679289571,58.21955660748797,68.18037679289571,58.21955660748797
0.6802499999999528,68.19493443049898,58.24154430692763,68.19493443049898,58.24154430692763
0.6804999999999528,68.20949756509337,58.26353253662653,68.20949756509337,58.26353253662653
0.6807499999999528,68.22406619681148,58.28552129659729,68.22406619681148,58.28552129659729
0.6809999999999528,68.23864032578587,58.30751058685242,68.23864032578587,58.30751058685242
0.6812499999999527,68.2532199521491,58.32950040740431,68.2532199521491,58.32950040740431
0.6814999999999527,68.26780507603375,58.35149075826525,68.26780507603375,58.35149075826525
0.6817499999999527,68.28239569757241,58.3734816394474,68.28239569757241,58.3734816394474
0.6819999999999526,68.29699181689766,58.39547305096281,68.29699181689766,58.39547305096281
0.6822499999999526,68.31159343414208,58.41746499282343,68.31159343414208,58.41746499282343
0.6824999999999526,68.32620054943827,58.43945746504106,68.32620054943827,58.43945746504106
0.6827499999999526,68.34081316291881,58.46145046762743,68.34081316291881,58.46145046762743
0.6829999999999525,68.35543127471628,58.48344400059412,68.35543127471628,58.48344400059412
0.6832499999999525,68.3700548849633,58.50543806395262,68.3700548849633,58.50543806395262
0.6834999999999525,68.38468399379245,58.52743265771429,68.38468399379245,58.52743265771429
0.6837499999999525,68.39931860133635,58.54942778189038,68.39931860133635,58.54942778189038
0.6839999999999524,68.41395870772759,58.57142343649204,68.41395870772759,58.57142343649204
0.6842499999999524,68.42860431309879,58.59341962153029,68.42860431309879,58.59341962153029
0.6844999999999524,68.44325541758255,58.61541633701604,68.44325541758255,58.61541633701604
0.6847499999999523,68.4579120213115,58.63741358296008,68.4579120213115,58.63741358296008
0.6849999999999523,68.47257412441824,58.6594113593731,68.47257412441824,58.6594113593731
0.6852499999999523,68.4872417270354,58.68140966626567,68.4872417270354,58.68140966626567
0.6854999999999523,68.50191482929559,58.70340850364826,68.50191482929559,58.70340850364826
0.6857499999999522,68.51659343133143,58.72540787153119,68.51659343133143,58.72540787153119
0.6859999999999522,68.53127753327556,58.74740776992471,68.53127753327556,58.74740776992471
0.6862499999999522,68.5459671352606,58.76940819883892,68.5459671352606,58.76940819883892
0.6864999999999521,68.56066223741918,58.79140915828385,68.56066223741918,58.79140915828385
0.6867499999999521,68.57536283988395,58.81341064826937,68.57536283988395,58.81341064826937
0.6869999999999521,68.59006894278752,58.83541266880526,68.59006894278752,58.83541266880526
0.6872499999999521,68.60478054626256,58.8574152199012,68.60478054626256,58.8574152199012
0.687499999999952,68.61949765044169,58.87941830156673,68.61949765044169,58.87941830156673
0.687749999999952,68.63422025545755,58.90142191381129,68.63422025545755,58.90142191381129
0.687999999999952,68.64894836144281,58.92342605664422,68.64894836144281,58.92342605664422
0.688249999999952,68.66368196853008,58.94543073007472,68.66368196853008,58.94543073007472
0.6884999999999519,68.67842107685206,58.9674359341119,68.67842107685206,58.9674359341119
0.6887499999999519,68.69316568654136,58.98944166876475,68.69316568654136,58.98944166876475
0.6889999999999519,68.70791579773066,59.01144793404216,68.70791579773066,59.01144793404216
0.6892499999999518,68.72267141055261,59.03345472995288,68.72267141055261,59.03345472995288
0.6894999999999518,68.73743252513987,59.05546205650557,68.73743252513987,59.05546205650557
0.6897499999999518,68.75219914162508,59.07746991370877,68.75219914162508,59.07746991370877
0.6899999999999518,68.76697126014093,59.0994783015709,68.76697126014093,59.0994783015709
0.6902499999999517,68.78174888082009,59.12148722010031,68.78174888082009,59.12148722010031
0.6904999999999517,68.79653200379521,59.14349666930517,68.79653200379521,59.14349666930517
0.6907499999999517,68.81132062919896,59.1655066491936,68.81132062919896,59.1655066491936
0.6909999999999517,68.82611475716402,59.18751715977356,68.82611475716402,59.18751715977356
0.6912499999999516,68.84091438782306,59.20952820105295,68.84091438782306,59.20952820105295
0.6914999999999516,68.85571952130877,59.2315397730395,68.85571952130877,59.2315397730395
0.6917499999999516,68.87053015775381,59.25355187574088,68.87053015775381,59.25355187574088
0.6919999999999515,68.88534629729087,59.27556450916462,68.88534629729087,59.27556450916462
0.6922499999999515,68.90016794005263,59.29757767331815,68.90016794005263,59.29757767331815
0.6924999999999515,68.91499508617176,59.31959136820878,68.91499508617176,59.31959136820878
0.6927499999999515,68.92982773578096,59.3416055938437,68.92982773578096,59.3416055938437
0.6929999999999514,68.94466588901291,59.36362035023003,68.94466588901291,59.36362035023003
0.6932499999999514,68.95950954600031,59.38563563737473,68.95950954600031,59.38563563737473
0.6934999999999514,68.97435870687583,59.40765145528469,68.97435870687583,59.40765145528469
0.6937499999999514,68.98921337177218,59.42966780396664,68.98921337177218,59.42966780396664
0.6939999999999513,69.00407354082205,59.45168468342727,69.00407354082205,59.45168468342727
0.6942499999999513,69.01893921415812,59.47370209367308,69.01893921415812,59.47370209367308
0.6944999999999513,69.03381039191311,59.49572003471052,69.03381039191311,59.49572003471052
0.6947499999999512,69.0486870742197,59.5177385065459,69.0486870742197,59.5177385065459
0.6949999999999512,69.0635692612106,59.53975750918543,69.0635692612106,59.53975750918543
0.6952499999999512,69.07845695301852,59.56177704263521,69.07845695301852,59.56177704263521
0.6954999999999512,69.09335014977616,59.58379710690123,69.09335014977616,59.58379710690123
0.6957499999999511,69.10824885161621,59.60581770198935,69.10824885161621,59.60581770198935
0.6959999999999511,69.12315305867139,59.62783882790535,69.12315305867139,59.62783882790535
0.6962499999999511,69.1380627710744,59.64986048465488,69.1380627710744,59.64986048465488
0.696499999999951,69.15297798895796,59.67188267224349,69.15297798895796,59.67188267224349
0.696749999999951,69.16789871245476,59.69390539067662,69.16789871245476,59.69390539067662
0.696999999999951,69.18282494169753,59.71592863995959,69.18282494169753,59.71592863995959
0.697249999999951,69.19775667681898,59.73795242009763,69.19775667681898,59.73795242009763
0.6974999999999509,69.21269391795182,59.75997673109583,69.21269391795182,59.75997673109583
0.6977499999999509,69.22763666522877,59.7820015729592,69.22763666522877,59.7820015729592
0.6979999999999509,69.24258491878254,59.80402694569262,69.24258491878254,59.80402694569262
0.6982499999999509,69.25753867874586,59.82605284930087,69.25753867874586,59.82605284930087
0.6984999999999508,69.27249794525143,59.84807928378864,69.27249794525143,59.84807928378864
0.6987499999999508,69.28746271843198,59.87010624916046,69.28746271843198,59.87010624916046
0.6989999999999508,69.30243299842024,59.8921337454208,69.30243299842024,59.8921337454208
0.6992499999999507,69.31740878534893,59.914161772574,69.31740878534893,59.914161772574
0.6994999999999507,69.33239007935077,59.93619033062429,69.33239007935077,59.93619033062429
0.6997499999999507,69.34737688055849,59.9582194195758,69.34737688055849,59.9582194195758
0.6999999999999507,69.3623691891048,59.98024903943255,69.3623691891048,59.98024903943255
0.7002499999999506,69.37736700512244,60.00227919019844,69.37736700512244,60.00227919019844
0.7004999999999506,69.39237032874414,60.02430987187726,69.39237032874414,60.02430987187726
0.7007499999999506,69.40737916010262,60.04634108447271,69.40737916010262,60.04634108447271
0.7009999999999506,69.42239349933062,60.06837282798837,69.42239349933062,60.06837282798837
0.7012499999999505,69.43741334656086,60.09040510242772,69.43741334656086,60.09040510242772
0.7014999999999505,69.45243870192607,60.11243790779411,69.45243870192607,60.11243790779411
0.7017499999999505,69.467469565559,60.1344712440908,69.467469565559,60.1344712440908
0.7019999999999504,69.48250593759236,60.15650511132095,69.48250593759236,60.15650511132095
0.7022499999999504,69.49754781815891,60.17853950948759,69.49754781815891,60.17853950948759
0.7024999999999504,69.51259520739136,60.20057443859366,69.51259520739136,60.20057443859366
0.7027499999999504,69.52764810542244,60.22260989864196,69.52764810542244,60.22260989864196
0.7029999999999503,69.54270651238491,60.24464588963524,69.54270651238491,60.24464588963524
0.7032499999999503,69.5577704284115,60.26668241157608,69.5577704284115,60.26668241157608
0.7034999999999503,69.57283985363495,60.28871946446701,69.57283985363495,60.28871946446701
0.7037499999999502,69.58791478818799,60.31075704831039,69.58791478818799,60.31075704831039
0.7039999999999502,69.60299523220336,60.33279516310853,69.60299523220336,60.33279516310853
0.7042499999999502,69.61808118581379,60.3548338088636,69.61808118581379,60.3548338088636
0.7044999999999502,69.63317264915203,60.37687298557766,69.63317264915203,60.37687298557766
0.7047499999999501,69.64826962235082,60.39891269325269,69.64826962235082,60.39891269325269
0.7049999999999501,69.6633721055429,60.42095293189053,69.6633721055429,60.42095293189053
0.7052499999999501,69.67848009886102,60.44299370149295,69.67848009886102,60.44299370149295
0.7054999999999501,69.6935936024379,60.46503500206156,69.6935936024379,60.46503500206156
0.70574999999995,69.7087126164063,60.48707683359792,69.7087126164063,60.48707683359792
0.70599999999995,69.72383714089895,60.50911919610346,69.72383714089895,60.50911919610346
0.70624999999995,69.7389671760486,60.53116208957947,69.7389671760486,60.53116208957947
0.7064999999999499,69.75410272198799,60.5532055140272,69.75410272198799,60.5532055140272
0.7067499999999499,69.76924377884987,60.57524946944774,69.76924377884987,60.57524946944774
0.7069999999999499,69.78439034676697,60.59729395584209,69.78439034676697,60.59729395584209
0.7072499999999499,69.79954242587203,60.61933897321115,69.79954242587203,60.61933897321115
0.7074999999999498,69.81470001629782,60.6413845215557,69.81470001629782,60.6413845215557
0.7077499999999498,69.82986311817706,60.66343060087643,69.82986311817706,60.66343060087643
0.7079999999999498,69.84503173164251,60.68547721117391,69.84503173164251,60.68547721117391
0.7082499999999498,69.86020585682689,60.70752435244861,69.86020585682689,60.70752435244861
0.7084999999999497,69.87538549386298,60.72957202470089,69.87538549386298,60.72957202470089
0.7087499999999497,69.89057064288349,60.751620227931,69.89057064288349,60.751620227931
0.7089999999999497,69.90576130402118,60.77366896213911,69.90576130402118,60.77366896213911
0.7092499999999496,69.92095747740881,60.79571822732524,69.92095747740881,60.79571822732524
0.7094999999999496,69.9361591631791,60.81776802348934,69.9361591631791,60.81776802348934
0.7097499999999496,69.95136636146481,60.83981835063125,69.95136636146481,60.83981835063125
0.7099999999999496,69.96657907239867,60.8618692087507,69.96657907239867,60.8618692087507
0.7102499999999495,69.98179729611344,60.88392059784729,69.98179729611344,60.88392059784729
0.7104999999999495,69.99702103274186,60.90597251792055,69.99702103274186,60.90597251792055
0.7107499999999495,70.01225028241666,60.92802496896989,70.01225028241666,60.92802496896989
0.7109999999999495,70.02748504527059,60.95007795099461,70.02748504527059,60.95007795099461
0.7112499999999494,70.04272532143641,60.97213146399392,70.04272532143641,60.97213146399392
0.7114999999999494,70.05797111104684,60.9941855079669,70.05797111104684,60.9941855079669
0.7117499999999494,70.07322241423464,61.01624008291255,70.07322241423464,61.01624008291255
0.7119999999999493,70.08847923113254,61.03829518882976,70.08847923113254,61.03829518882976
0.7122499999999493,70.10374156187329,61.06035082571729,70.10374156187329,61.06035082571729
0.7124999999999493,70.11900940658964,61.08240699357383,70.11900940658964,61.08240699357383
0.7127499999999493,70.13428276541433,61.10446369239795,70.13428276541433,61.10446369239795
0.7129999999999492,70.14956163848009,61.12652092218811,70.14956163848009,61.12652092218811
0.7132499999999492,70.16484602591967,61.14857868294266,70.16484602591967,61.14857868294266
0.7134999999999492,70.18013592786581,61.17063697465988,70.18013592786581,61.17063697465988
0.7137499999999491,70.19543134445124,61.1926957973379,70.19543134445124,61.1926957973379
0.7139999999999491,70.21073227580871,61.21475515097477,70.21073227580871,61.21475515097477
0.7142499999999491,70.22603872207097,61.23681503556845,70.22603872207097,61.23681503556845
0.7144999999999491,70.24135068337074,61.25887545111675,70.24135068337074,61.25887545111675
0.714749999999949,70.25666815984077,61.28093639761742,70.25666815984077,61.28093639761742
0.714999999999949,70.27199115161379,61.30299787506809,70.27199115161379,61.30299787506809
0.715249999999949,70.28731965882254,61.32505988346629,70.28731965882254,61.32505988346629
0.715499999999949,70.30265368159976,61.34712242280943,70.30265368159976,61.34712242280943
0.7157499999999489,70.31799322007819,61.36918549309483,70.31799322007819,61.36918549309483
0.7159999999999489,70.33333827439056,61.3912490943197,70.33333827439056,61.3912490943197
0.7162499999999489,70.3486888446696,61.41331322648117,70.3486888446696,61.41331322648117
0.7164999999999488,70.36404493104804,61.43537788957623,70.36404493104804,61.43537788957623
0.7167499999999488,70.37940653365862,61.45744308360179,70.37940653365862,61.45744308360179
0.7169999999999488,70.39477365263409,61.47950880855464,70.39477365263409,61.47950880855464
0.7172499999999488,70.41014628810714,61.50157506443148,70.41014628810714,61.50157506443148
0.7174999999999487,70.42552444021054,61.52364185122892,70.42552444021054,61.52364185122892
0.7177499999999487,70.440908109077,61.54570916894342,70.440908109077,61.54570916894342
0.7179999999999487,70.45629729483926,61.56777701757138,70.45629729483926,61.56777701757138
0.7182499999999487,70.47169199763003,61.58984539710909,70.47169199763003,61.58984539710909
0.7184999999999486,70.48709221758206,61.61191430755272,70.48709221758206,61.61191430755272
0.7187499999999486,70.50249795482806,61.63398374889834,70.50249795482806,61.63398374889834
0.7189999999999486,70.51790920950076,61.65605372114195,70.51790920950076,61.65605372114195
0.7192499999999485,70.53332598173287,61.6781242242794,70.53332598173287,61.6781242242794
0.7194999999999485,70.54874827165713,61.70019525830647,70.54874827165713,61.70019525830647
0.7197499999999485,70.56417607940627,61.72226682321882,70.56417607940627,61.72226682321882
0.7199999999999485,70.57960940511299,61.74433891901202,70.57960940511299,61.74433891901202
0.7202499999999484,70.59504824891002,61.76641154568151,70.59504824891002,61.76641154568151
0.7204999999999484,70.61049261093007,61.78848470322268,70.61049261093007,61.78848470322268
0.7207499999999484,70.62594249130586,61.81055839163076,70.62594249130586,61.81055839163076
0.7209999999999483,70.64139789017013,61.83263261090092,70.64139789017013,61.83263261090092
0.7212499999999483,70.65685880765555,61.85470736102821,70.65685880765555,61.85470736102821
0.7214999999999483,70.67232524389487,61.87678264200758,70.67232524389487,61.87678264200758
0.7217499999999483,70.68779719902079,61.89885845383387,70.68779719902079,61.89885845383387
0.7219999999999482,70.70327467316602,61.92093479650183,70.70327467316602,61.92093479650183
0.7222499999999482,70.71875766646328,61.9430116700061,70.71875766646328,61.9430116700061
0.7224999999999482,70.73424617904526,61.96508907434124,70.73424617904526,61.96508907434124
0.7227499999999482,70.74974021104468,61.98716700950167,70.74974021104468,61.98716700950167
0.7229999999999481,70.76523976259425,62.00924547548173,70.76523976259425,62.00924547548173
0.7232499999999481,70.78074483382666,62.03132447227567,70.78074483382666,62.03132447227567
0.7234999999999481,70.79625542487462,62.05340399987762,70.79625542487462,62.05340399987762
0.723749999999948,70.81177153587083,62.07548405828161,70.81177153587083,62.07548405828161
0.723999999999948,70.827293166948,62.09756464748158,70.827293166948,62.09756464748158
0.724249999999948,70.84282031823881,62.11964576747135,70.84282031823881,62.11964576747135
0.724499999999948,70.85835298987597,62.14172741824467,70.85835298987597,62.14172741824467
0.7247499999999479,70.87389118199216,62.16380959979516,70.87389118199216,62.16380959979516
0.7249999999999479,70.8894348947201,62.18589231211634,70.8894348947201,62.18589231211634
0.7252499999999479,70.90498412819245,62.20797555520166,70.90498412819245,62.20797555520166
0.7254999999999479,70.92053888254192,62.23005932904442,70.92053888254192,62.23005932904442
0.7257499999999478,70.9360991579012,62.25214363363786,70.9360991579012,62.25214363363786
0.7259999999999478,70.95166495440297,62.2742284689751,70.95166495440297,62.2742284689751
0.7262499999999478,70.96723627217992,62.29631383504918,70.96723627217992,62.29631383504918
0.7264999999999477,70.98281311136472,62.318399731853,70.98281311136472,62.318399731853
0.7267499999999477,70.99839547209007,62.3404861593794,70.99839547209007,62.3404861593794
0.7269999999999477,71.01398335448863,62.3625731176211,71.01398335448863,62.3625731176211
0.7272499999999477,71.0295767586931,62.38466060657073,71.0295767586931,62.38466060657073
0.7274999999999476,71.04517568483614,62.4067486262208,71.04517568483614,62.4067486262208
0.7277499999999476,71.06078013305043,62.42883717656374,71.06078013305043,62.42883717656374
0.7279999999999476,71.07639010346864,62.45092625759187,71.07639010346864,62.45092625759187
0.7282499999999476,71.09200559622344,62.47301586929742,71.09200559622344,62.47301586929742
0.7284999999999475,71.10762661144751,62.4951060116725,71.10762661144751,62.4951060116725
0.7287499999999475,71.12325314927351,62.51719668470915,71.12325314927351,62.51719668470915
0.7289999999999475,71.13888520983409,62.53928788839928,71.13888520983409,62.53928788839928
0.7292499999999474,71.15452279326192,62.56137962273471,71.15452279326192,62.56137962273471
0.7294999999999474,71.17016589968966,62.58347188770718,71.17016589968966,62.58347188770718
0.7297499999999474,71.18581452924998,62.60556468330829,71.18581452924998,62.60556468330829
0.7299999999999474,71.20146868207553,62.6276580095296,71.20146868207553,62.6276580095296
0.7302499999999473,71.21712835829896,62.6497518663625,71.21712835829896,62.6497518663625
0.7304999999999473,71.23279355805293,62.67184625379834,71.23279355805293,62.67184625379834
0.7307499999999473,71.24846428147008,62.69394117182834,71.24846428147008,62.69394117182834
0.7309999999999472,71.26414052868306,62.71603662044362,71.26414052868306,62.71603662044362
0.7312499999999472,71.27982229982452,62.73813259963521,71.27982229982452,62.73813259963521
0.7314999999999472,71.2955095950271,62.76022910939406,71.2955095950271,62.76022910939406
0.7317499999999472,71.31120241442343,62.78232614971098,71.31120241442343,62.78232614971098
0.7319999999999471,71.32690075814617,62.80442372057671,71.32690075814617,62.80442372057671
0.7322499999999471,71.34260462632794,62.82652182198188,71.34260462632794,62.82652182198188
0.7324999999999471,71.35831401910137,62.84862045391704,71.35831401910137,62.84862045391704
0.7327499999999471,71.3740289365991,62.8707196163726,71.3740289365991,62.8707196163726
0.732999999999947,71.38974937895377,62.89281930933891,71.38974937895377,62.89281930933891
0.733249999999947,71.40547534629798,62.91491953280622,71.40547534629798,62.91491953280622
0.733499999999947,71.42120683876438,62.93702028676465,71.42120683876438,62.93702028676465
0.7337499999999469,71.43694385648557,62.95912157120426,71.43694385648557,62.95912157120426
0.7339999999999469,71.45268639959419,62.98122338611498,71.45268639959419,62.98122338611498
0.7342499999999469,71.46843446822284,63.00332573148667,71.46843446822284,63.00332573148667
0.7344999999999469,71.48418806250413,63.02542860730907,71.48418806250413,63.02542860730907
0.7347499999999468,71.49994718257069,63.04753201357183,71.49994718257069,63.04753201357183
0.7349999999999468,71.51571182855513,63.06963595026451,71.51571182855513,63.06963595026451
0.7352499999999468,71.53148200059003,63.09174041737656,71.53148200059003,63.09174041737656
0.7354999999999468,71.54725769880801,63.11384541489733,71.54725769880801,63.11384541489733
0.7357499999999467,71.56303892334168,63.13595094281609,71.56303892334168,63.13595094281609
0.7359999999999467,71.57882567432362,63.158057001122,71.57882567432362,63.158057001122
0.7362499999999467,71.59461795188643,63.18016358980411,71.59461795188643,63.18016358980411
0.7364999999999466,71.61041575616272,63.2022707088514,71.61041575616272,63.2022707088514
0.7367499999999466,71.62621908728507,63.22437835825274,71.62621908728507,63.22437835825274
0.7369999999999466,71.64202794538605,63.2464865379969,71.64202794538605,63.2464865379969
0.7372499999999466,71.65784233059826,63.26859524807255,71.65784233059826,63.26859524807255
0.7374999999999465,71.67366224305428,63.29070448846827,71.67366224305428,63.29070448846827
0.7377499999999465,71.68948768288669,63.31281425917255,71.68948768288669,63.31281425917255
0.7379999999999465,71.70531865022807,63.33492456017376,71.70531865022807,63.33492456017376
0.7382499999999464,71.72115514521097,63.35703539146019,71.72115514521097,63.35703539146019
0.7384999999999464,71.73699716796798,63.37914675302004,71.73699716796798,63.37914675302004
0.7387499999999464,71.75284471863166,63.40125864484139,71.75284471863166,63.40125864484139
0.7389999999999464,71.76869779733458,63.42337106691225,71.76869779733458,63.42337106691225
0.7392499999999463,71.7845564042093,63.4454840192205,71.7845564042093,63.4454840192205
0.7394999999999463,71.80042053938837,63.46759750175396,71.80042053938837,63.46759750175396
0.7397499999999463,71.81629020300436,63.48971151450034,71.81629020300436,63.48971151450034
0.7399999999999463,71.8321653951898,63.51182605744723,71.8321653951898,63.51182605744723
0.7402499999999462,71.84804611607726,63.53394113058216,71.84804611607726,63.53394113058216
0.7404999999999462,71.86393236579927,63.55605673389255,71.86393236579927,63.55605673389255
0.7407499999999462,71.87982414448838,63.57817286736572,71.87982414448838,63.57817286736572
0.7409999999999461,71.89572145227713,63.6002895309889,71.89572145227713,63.6002895309889
0.7412499999999461,71.91162428929805,63.6224067247492,71.91162428929805,63.6224067247492
0.7414999999999461,71.92753265568368,63.64452444863368,71.92753265568368,63.64452444863368
0.7417499999999461,71.94344655156654,63.66664270262927,71.94344655156654,63.66664270262927
0.741999999999946,71.95936597707916,63.6887614867228,71.95936597707916,63.6887614867228
0.742249999999946,71.97529093235407,63.71088080090104,71.97529093235407,63.71088080090104
0.742499999999946,71.99122141752379,63.73300064515062,71.99122141752379,63.73300064515062
0.742749999999946,72.00715743272082,63.75512101945811,72.00715743272082,63.75512101945811
0.7429999999999459,72.02309897807768,63.77724192380997,72.02309897807768,63.77724192380997
0.7432499999999459,72.03904605372689,63.79936335819256,72.03904605372689,63.79936335819256
0.7434999999999459,72.05499865980094,63.82148532259215,72.05499865980094,63.82148532259215
0.7437499999999458,72.07095679643236,63.84360781699491,72.07095679643236,63.84360781699491
0.7439999999999458,72.08692046375361,63.86573084138693,72.08692046375361,63.86573084138693
0.7442499999999458,72.10288966189722,63.8878543957542,72.10288966189722,63.8878543957542
0.7444999999999458,72.11886439099567,63.90997848008259,72.11886439099567,63.90997848008259
0.7447499999999457,72.13484465118144,63.93210309435791,72.13484465118144,63.93210309435791
0.7449999999999457,72.15083044258701,63.95422823856586,72.15083044258701,63.95422823856586
0.7452499999999457,72.16682176534488,63.97635391269204,72.16682176534488,63.97635391269204
0.7454999999999457,72.18281861958752,63.99848011672196,72.18281861958752,63.99848011672196
0.7457499999999456,72.1988210054474,64.02060685064104,72.1988210054474,64.02060685064104
0.7459999999999456,72.214828923057,64.04273411443461,72.214828923057,64.04273411443461
0.7462499999999456,72.23084237254878,64.06486190808788,72.23084237254878,64.06486190808788
0.7464999999999455,72.2468613540552,64.08699023158599,72.2468613540552,64.08699023158599
0.7467499999999455,72.26288586770872,64.10911908491397,72.26288586770872,64.10911908491397
0.7469999999999455,72.2789159136418,64.13124846805678,72.2789159136418,64.13124846805678
0.7472499999999455,72.29495149198689,64.15337838099927,72.29495149198689,64.15337838099927
0.7474999999999454,72.31099260287645,64.17550882372619,72.31099260287645,64.17550882372619
0.7477499999999454,72.32703924644291,64.19763979622221,72.32703924644291,64.19763979622221
0.7479999999999454,72.3430914228187,64.21977129847188,72.3430914228187,64.21977129847188
0.7482499999999453,72.35914913213628,64.24190333045969,72.35914913213628,64.24190333045969
0.7484999999999453,72.37521237452808,64.26403589217003,72.37521237452808,64.26403589217003
0.7487499999999453,72.39128115012652,64.28616898358716,72.39128115012652,64.28616898358716
0.7489999999999453,72.40735545906402,64.3083026046953,72.40735545906402,64.3083026046953
0.7492499999999452,72.42343530147301,64.33043675547854,72.42343530147301,64.33043675547854
0.7494999999999452,72.4395206774859,64.35257143592089,72.4395206774859,64.35257143592089
0.7497499999999452,72.45561158723511,64.37470664600626,72.45561158723511,64.37470664600626
0.7499999999999452,72.47170803085304,64.39684238571847,72.47170803085304,64.39684238571847
0.7502499999999451,72.4878100084721,64.41897865504124,72.4878100084721,64.41897865504124
0.7504999999999451,72.50391752022469,64.44111545395822,72.50391752022469,64.44111545395822
0.7507499999999451,72.52003056624321,64.46325278245294,72.52003056624321,64.46325278245294
0.750999999999945,72.53614914666005,64.48539064050885,72.53614914666005,64.48539064050885
0.751249999999945,72.5522732616076,64.50752902810932,72.5522732616076,64.50752902810932
0.751499999999945,72.56840291121823,64.52966794523759,72.56840291121823,64.52966794523759
0.751749999999945,72.58453809562434,64.55180739187685,72.58453809562434,64.55180739187685
0.7519999999999449,72.6006788149583,64.57394736801015,72.6006788149583,64.57394736801015
0.7522499999999449,72.61682506935247,64.5960878736205,72.61682506935247,64.5960878736205
0.7524999999999449,72.63297685893923,64.6182289086908,72.63297685893923,64.6182289086908
0.7527499999999449,72.64913418385093,64.64037047320382,72.64913418385093,64.64037047320382
0.7529999999999448,72.66529704421994,64.66251256714227,72.66529704421994,64.66251256714227
0.7532499999999448,72.68146544017861,64.68465519048878,72.68146544017861,64.68465519048878
0.7534999999999448,72.6976393718593,64.70679834322588,72.6976393718593,64.70679834322588
0.7537499999999447,72.71381883939434,64.72894202533598,72.71381883939434,64.72894202533598
0.7539999999999447,72.73000384291608,64.75108623680143,72.73000384291608,64.75108623680143
0.7542499999999447,72.74619438255685,64.77323097760447,72.74619438255685,64.77323097760447
0.7544999999999447,72.76239045844899,64.79537624772726,72.76239045844899,64.79537624772726
0.7547499999999446,72.77859207072483,64.81752204715187,72.77859207072483,64.81752204715187
0.7549999999999446,72.79479921951668,64.83966837586027,72.79479921951668,64.83966837586027
0.7552499999999446,72.81101190495686,64.86181523383434,72.81101190495686,64.86181523383434
0.7554999999999445,72.82723012717769,64.88396262105584,72.82723012717769,64.88396262105584
0.7557499999999445,72.84345388631148,64.90611053750651,72.84345388631148,64.90611053750651
0.7559999999999445,72.85968318249054,64.92825898316792,72.85968318249054,64.92825898316792
0.7562499999999445,72.87591801584716,64.95040795802161,72.87591801584716,64.95040795802161
0.7564999999999444,72.89215838651364,64.972557462049,72.89215838651364,64.972557462049
0.7567499999999444,72.90840429462227,64.9947074952314,72.90840429462227,64.9947074952314
0.7569999999999444,72.92465574030534,65.01685805755007,72.92465574030534,65.01685805755007
0.7572499999999444,72.94091272369513,65.03900914898614,72.94091272369513,65.03900914898614
0.7574999999999443,72.95717524492393,65.06116076952068,72.95717524492393,65.06116076952068
0.7577499999999443,72.97344330412399,65.08331291913467,72.97344330412399,65.08331291913467
0.7579999999999443,72.98971690142758,65.10546559780897,72.98971690142758,65.10546559780897
0.7582499999999442,73.00599603696698,65.12761880552438,73.00599603696698,65.12761880552438
0.7584999999999442,73.02228071087443,65.14977254226159,73.02228071087443,65.14977254226159
0.7587499999999442,73.03857092328219,65.17192680800119,73.03857092328219,65.17192680800119
0.7589999999999442,73.05486667432251,65.19408160272371,73.05486667432251,65.19408160272371
0.7592499999999441,73.07116796412764,65.21623692640958,73.07116796412764,65.21623692640958
0.7594999999999441,73.08747479282979,65.23839277903912,73.08747479282979,65.23839277903912
0.7597499999999441,73.10378716056123,65.26054916059257,73.10378716056123,65.26054916059257
0.7599999999999441,73.12010506745416,65.2827060710501,73.12010506745416,65.2827060710501
0.760249999999944,73.13642851364082,65.30486351039175,73.13642851364082,65.30486351039175
0.760499999999944,73.15275749925343,65.32702147859753,73.15275749925343,65.32702147859753
0.760749999999944,73.16909202442419,65.34917997564729,73.16909202442419,65.34917997564729
0.7609999999999439,73.18543208928531,65.37133900152082,73.18543208928531,65.37133900152082
0.7612499999999439,73.20177769396901,65.39349855619786,73.20177769396901,65.39349855619786
0.7614999999999439,73.21812883860747,65.41565863965798,73.21812883860747,65.41565863965798
0.7617499999999439,73.23448552333289,65.43781925188073,73.23448552333289,65.43781925188073
0.7619999999999438,73.25084774827747,65.45998039284554,73.25084774827747,65.45998039284554
0.7622499999999438,73.26721551357338,65.48214206253175,73.26721551357338,65.48214206253175
0.7624999999999438,73.28358881935279,65.50430426091862,73.28358881935279,65.50430426091862
0.7627499999999438,73.29996766574789,65.52646698798532,73.29996766574789,65.52646698798532
0.7629999999999437,73.31635205289084,65.54863024371092,73.31635205289084,65.54863024371092
0.7632499999999437,73.3327419809138,65.5707940280744,73.3327419809138,65.5707940280744
0.7634999999999437,73.34913744994893,65.59295834105467,73.34913744994893,65.59295834105467
0.7637499999999436,73.36553846012838,65.61512318263054,73.36553846012838,65.61512318263054
0.7639999999999436,73.38194501158429,65.63728855278073,73.38194501158429,65.63728855278073
0.7642499999999436,73.39835710444882,65.65945445148387,73.39835710444882,65.65945445148387
0.7644999999999436,73.41477473885408,65.68162087871849,73.41477473885408,65.68162087871849
0.7647499999999435,73.43119791493221,65.70378783446306,73.43119791493221,65.70378783446306
0.7649999999999435,73.44762663281534,65.72595531869594,73.44762663281534,65.72595531869594
0.7652499999999435,73.4640608926356,65.7481233313954,73.4640608926356,65.7481233313954
0.7654999999999434,73.48050069452508,65.77029187253964,73.48050069452508,65.77029187253964
0.7657499999999434,73.4969460386159,65.79246094210676,73.4969460386159,65.79246094210676
0.7659999999999434,73.51339692504017,65.81463054007476,73.51339692504017,65.81463054007476
0.7662499999999434,73.52985335392998,65.83680066642158,73.52985335392998,65.83680066642158
0.7664999999999433,73.54631532541741,65.85897132112504,73.54631532541741,65.85897132112504
0.7667499999999433,73.56278283963456,65.8811425041629,73.56278283963456,65.8811425041629
0.7669999999999433,73.57925589671352,65.90331421551279,73.57925589671352,65.90331421551279
0.7672499999999433,73.59573449678635,65.92548645515231,73.59573449678635,65.92548645515231
0.7674999999999432,73.61221863998512,65.94765922305893,73.61221863998512,65.94765922305893
0.7677499999999432,73.6287083264419,65.96983251921006,73.6287083264419,65.96983251921006
0.7679999999999432,73.64520355628873,65.99200634358299,73.64520355628873,65.99200634358299
0.7682499999999431,73.6617043296577,66.01418069615494,73.6617043296577,66.01418069615494
0.7684999999999431,73.67821064668082,66.03635557690305,73.67821064668082,66.03635557690305
0.7687499999999431,73.69472250749016,66.05853098580437,73.69472250749016,66.05853098580437
0.7689999999999431,73.71123991221774,66.08070692283584,73.71123991221774,66.08070692283584
0.769249999999943,73.72776286099558,66.10288338797434,73.72776286099558,66.10288338797434
0.769499999999943,73.74429135395573,66.12506038119666,73.74429135395573,66.12506038119666
0.769749999999943,73.76082539123018,66.14723790247947,73.76082539123018,66.14723790247947
0.769999999999943,73.77736497295096,66.16941595179941,73.77736497295096,66.16941595179941
0.7702499999999429,73.79391009925008,66.19159452913297,73.79391009925008,66.19159452913297
0.7704999999999429,73.81046077025954,66.2137736344566,73.81046077025954,66.2137736344566
0.7707499999999429,73.82701698611132,66.23595326774665,73.82701698611132,66.23595326774665
0.7709999999999428,73.84357874693741,66.25813342897938,73.84357874693741,66.25813342897938
0.7712499999999428,73.86014605286979,66.28031411813096,73.86014605286979,66.28031411813096
0.7714999999999428,73.87671890404046,66.30249533517747,73.87671890404046,66.30249533517747
0.7717499999999428,73.89329730058137,66.32467708009492,73.89329730058137,66.32467708009492
0.7719999999999427,73.90988124262449,66.34685935285921,73.90988124262449,66.34685935285921
0.7722499999999427,73.92647073030179,66.36904215344619,73.92647073030179,66.36904215344619
0.7724999999999427,73.9430657637452,66.39122548183157,73.9430657637452,66.39122548183157
0.7727499999999426,73.95966634308668,66.41340933799103,73.95966634308668,66.41340933799103
0.7729999999999426,73.97627246845818,66.43559372190012,73.97627246845818,66.43559372190012
0.7732499999999426,73.99288413999162,66.45777863353433,73.99288413999162,66.45777863353433
0.7734999999999426,74.00950135781892,66.47996407286907,74.00950135781892,66.47996407286907
0.7737499999999425,74.02612412207202,66.50215003987962,74.02612412207202,66.50215003987962
0.7739999999999425,74.04275243288284,66.52433653454123,74.04275243288284,66.52433653454123
0.7742499999999425,74.05938629038326,66.54652355682903,74.05938629038326,66.54652355682903
0.7744999999999425,74.07602569470521,66.56871110671807,74.07602569470521,66.56871110671807
0.7747499999999424,74.09267064598058,66.59089918418331,74.09267064598058,66.59089918418331
0.7749999999999424,74.10932114434125,66.61308778919964,74.10932114434125,66.61308778919964
0.7752499999999424,74.12597718991913,66.63527692174185,74.12597718991913,66.63527692174185
0.7754999999999423,74.14263878284608,66.65746658178465,74.14263878284608,66.65746658178465
0.7757499999999423,74.15930592325398,66.67965676930265,74.15930592325398,66.67965676930265
0.7759999999999423,74.17597861127469,66.70184748427042,74.17597861127469,66.70184748427042
0.7762499999999423,74.19265684704007,66.72403872666239,74.19265684704007,66.72403872666239
0.7764999999999422,74.20934063068198,66.74623049645294,74.20934063068198,66.74623049645294
0.7767499999999422,74.22602996233225,66.76842279361635,74.22602996233225,66.76842279361635
0.7769999999999422,74.24272484212273,66.79061561812682,74.24272484212273,66.79061561812682
0.7772499999999422,74.25942527018525,66.81280896995847,74.25942527018525,66.81280896995847
0.7774999999999421,74.27613124665164,66.83500284908531,74.27613124665164,66.83500284908531
0.7777499999999421,74.29284277165372,66.8571972554813,74.29284277165372,66.8571972554813
0.7779999999999421,74.30955984532332,66.87939218912028,74.30955984532332,66.87939218912028
0.778249999999942,74.32628246779223,66.90158764997605,74.32628246779223,66.90158764997605
0.778499999999942,74.34301063919224,66.92378363802229,74.34301063919224,66.92378363802229
0.778749999999942,74.35974435965517,66.9459801532326,74.35974435965517,66.9459801532326
0.778999999999942,74.37648362931279,66.96817719558049,74.37648362931279,66.96817719558049
0.7792499999999419,74.39322844829688,66.99037476503942,74.39322844829688,66.99037476503942
0.7794999999999419,74.40997881673923,67.01257286158273,74.40997881673923,67.01257286158273
0.7797499999999419,74.42673473477159,67.03477148518368,74.42673473477159,67.03477148518368
0.7799999999999419,74.44349620252574,67.05697063581547,74.44349620252574,67.05697063581547
0.7802499999999418,74.46026322013341,67.0791703134512,74.46026322013341,67.0791703134512
0.7804999999999418,74.47703578772638,67.10137051806387,74.47703578772638,67.10137051806387
0.7807499999999418,74.49381390543637,67.12357124962642,74.49381390543637,67.12357124962642
0.7809999999999417,74.5105975733951,67.14577250811169,74.5105975733951,67.14577250811169
0.7812499999999417,74.52738679173433,67.16797429349245,74.52738679173433,67.16797429349245
0.7814999999999417,74.54418156058576,67.19017660574139,74.54418156058576,67.19017660574139
0.7817499999999417,74.5609818800811,67.21237944483109,74.5609818800811,67.21237944483109
0.7819999999999416,74.57778775035207,67.23458281073407,74.57778775035207,67.23458281073407
0.7822499999999416,74.59459917153036,67.25678670342276,74.59459917153036,67.25678670342276
0.7824999999999416,74.61141614374768,67.27899112286951,74.61141614374768,67.27899112286951
0.7827499999999415,74.62823866713569,67.3011960690466,74.62823866713569,67.3011960690466
0.7829999999999415,74.64506674182608,67.32340154192617,74.64506674182608,67.32340154192617
0.7832499999999415,74.66190036795054,67.34560754148035,74.66190036795054,67.34560754148035
0.7834999999999415,74.67873954564071,67.36781406768114,74.67873954564071,67.36781406768114
0.7837499999999414,74.69558427502827,67.39002112050046,74.69558427502827,67.39002112050046
0.7839999999999414,74.71243455624484,67.41222869991019,74.71243455624484,67.41222869991019
0.7842499999999414,74.7292903894221,67.43443680588206,74.7292903894221,67.43443680588206
0.7844999999999414,74.74615177469167,67.45664543838777,74.74615177469167,67.45664543838777
0.7847499999999413,74.76301871218517,67.47885459739891,74.76301871218517,67.47885459739891
0.7849999999999413,74.77989120203424,67.501064282887,74.77989120203424,67.501064282887
0.7852499999999413,74.79676924437048,67.52327449482348,74.79676924437048,67.52327449482348
0.7854999999999412,74.81365283932551,67.5454852331797,74.81365283932551,67.5454852331797
0.7857499999999412,74.83054198703094,67.56769649792693,74.83054198703094,67.56769649792693
0.7859999999999412,74.84743668761834,67.58990828903634,74.84743668761834,67.58990828903634
0.7862499999999412,74.86433694121932,67.61212060647907,74.86433694121932,67.61212060647907
0.7864999999999411,74.88124274796544,67.63433345022611,74.88124274796544,67.63433345022611
0.7867499999999411,74.89815410798829,67.65654682024841,74.89815410798829,67.65654682024841
0.7869999999999411,74.91507102141942,67.67876071651682,74.91507102141942,67.67876071651682
0.7872499999999411,74.9319934883904,67.70097513900213,74.9319934883904,67.70097513900213
0.787499999999941,74.94892150903277,67.72319008767502,74.94892150903277,67.72319008767502
0.787749999999941,74.96585508347809,67.74540556250612,74.96585508347809,67.74540556250612
0.787999999999941,74.98279421185788,67.76762156346595,74.98279421185788,67.76762156346595
0.7882499999999409,74.99973889430366,67.78983809052497,74.99973889430366,67.78983809052497
0.7884999999999409,75.01668913094697,67.81205514365352,75.01668913094697,67.81205514365352
0.7887499999999409,75.03364492191932,67.83427272282192,75.03364492191932,67.83427272282192
0.7889999999999409,75.05060626735221,67.85649082800035,75.05060626735221,67.85649082800035
0.7892499999999408,75.06757316737715,67.87870945915894,75.06757316737715,67.87870945915894
0.7894999999999408,75.08454562212562,67.90092861626773,75.08454562212562,67.90092861626773
0.7897499999999408,75.10152363172911,67.9231482992967,75.10152363172911,67.9231482992967
0.7899999999999407,75.11850719631909,67.94536850821569,75.11850719631909,67.94536850821569
0.7902499999999407,75.13549631602703,67.96758924299453,75.13549631602703,67.96758924299453
0.7904999999999407,75.1524909909844,67.98981050360294,75.1524909909844,67.98981050360294
0.7907499999999407,75.16949122132266,68.01203229001054,75.16949122132266,68.01203229001054
0.7909999999999406,75.18649700717323,68.03425460218688,75.18649700717323,68.03425460218688
0.7912499999999406,75.20350834866757,68.05647744010145,75.20350834866757,68.05647744010145
0.7914999999999406,75.2205252459371,68.07870080372363,75.2205252459371,68.07870080372363
0.7917499999999406,75.23754769911324,68.10092469302275,75.23754769911324,68.10092469302275
0.7919999999999405,75.25457570832741,68.12314910796803,75.25457570832741,68.12314910796803
0.7922499999999405,75.27160927371102,68.14537404852862,75.27160927371102,68.14537404852862
0.7924999999999405,75.28864839539547,68.16759951467361,75.28864839539547,68.16759951467361
0.7927499999999404,75.30569307351215,68.18982550637197,75.30569307351215,68.18982550637197
0.7929999999999404,75.32274330819244,68.21205202359263,75.32274330819244,68.21205202359263
0.7932499999999404,75.33979909956773,68.23427906630441,75.33979909956773,68.23427906630441
0.7934999999999404,75.35686044776938,68.25650663447605,75.35686044776938,68.25650663447605
0.7937499999999403,75.37392735292875,68.27873472807624,75.37392735292875,68.27873472807624
0.7939999999999403,75.3909998151772,68.30096334707356,75.3909998151772,68.30096334707356
0.7942499999999403,75.40807783464606,68.32319249143653,75.40807783464606,68.32319249143653
0.7944999999999403,75.42516141146669,68.34542216113357,75.42516141146669,68.34542216113357
0.7947499999999402,75.44225054577041,68.36765235613304,75.44225054577041,68.36765235613304
0.7949999999999402,75.45934523768852,68.38988307640321,75.45934523768852,68.38988307640321
0.7952499999999402,75.47644548735236,68.41211432191227,75.47644548735236,68.41211432191227
0.7954999999999401,75.49355129489324,68.43434609262833,75.49355129489324,68.43434609262833
0.7957499999999401,75.51066266044243,68.45657838851943,75.51066266044243,68.45657838851943
0.7959999999999401,75.52777958413125,68.47881120955351,75.52777958413125,68.47881120955351
0.7962499999999401,75.54490206609097,68.50104455569846,75.54490206609097,68.50104455569846
0.79649999999994,75.56203010645285,68.52327842692206,75.56203010645285,68.52327842692206
0.79674999999994,75.57916370534818,68.54551282319204,75.57916370534818,68.54551282319204
0.79699999999994,75.5963028629082,68.56774774447604,75.5963028629082,68.56774774447604
0.79724999999994,75.61344757926418,68.58998319074161,75.61344757926418,68.58998319074161
0.7974999999999399,75.63059785454733,68.61221916195622,75.63059785454733,68.61221916195622
0.7977499999999399,75.6477536888889,68.63445565808728,75.6477536888889,68.63445565808728
0.7979999999999399,75.66491508242011,68.65669267910211,75.66491508242011,68.65669267910211
0.7982499999999398,75.68208203527219,68.67893022496794,75.68208203527219,68.67893022496794
0.7984999999999398,75.69925454757633,68.70116829565195,75.69925454757633,68.70116829565195
0.7987499999999398,75.71643261946375,68.72340689112123,75.71643261946375,68.72340689112123
0.7989999999999398,75.73361625106563,68.74564601134277,75.73361625106563,68.74564601134277
0.7992499999999397,75.75080544251315,68.76788565628351,75.75080544251315,68.76788565628351
0.7994999999999397,75.7680001939375,68.79012582591029,75.7680001939375,68.79012582591029
0.7997499999999397,75.78520050546983,68.8123665201899,75.78520050546983,68.8123665201899
0.7999999999999396,75.80240637724131,68.83460773908901,75.80240637724131,68.83460773908901
0.8002499999999396,75.81961780938309,68.85684948257425,75.81961780938309,68.85684948257425
0.8004999999999396,75.83683480202632,68.87909175061215,75.83683480202632,68.87909175061215
0.8007499999999396,75.85405735530212,68.90133454316917,75.85405735530212,68.90133454316917
0.8009999999999395,75.87128546934161,68.92357786021169,75.87128546934161,68.92357786021169
0.8012499999999395,75.88851914427593,68.94582170170602,75.88851914427593,68.94582170170602
0.8014999999999395,75.90575838023618,68.96806606761838,75.90575838023618,68.96806606761838
0.8017499999999395,75.92300317735345,68.99031095791491,75.92300317735345,68.99031095791491
0.8019999999999394,75.94025353575884,69.0125563725617,75.94025353575884,69.0125563725617
0.8022499999999394,75.95750945558343,69.03480231152473,75.95750945558343,69.03480231152473
0.8024999999999394,75.97477093695829,69.05704877476991,75.97477093695829,69.05704877476991
0.8027499999999393,75.9920379800145,69.07929576226309,75.9920379800145,69.07929576226309
0.8029999999999393,76.00931058488311,69.10154327397002,76.00931058488311,69.10154327397002
0.8032499999999393,76.02658875169517,69.1237913098564,76.02658875169517,69.1237913098564
0.8034999999999393,76.04387248058173,69.14603986988782,76.04387248058173,69.14603986988782
0.8037499999999392,76.0611617716738,69.1682889540298,76.0611617716738,69.1682889540298
0.8039999999999392,76.07845662510242,69.19053856224782,76.07845662510242,69.19053856224782
0.8042499999999392,76.09575704099859,69.21278869450724,76.09575704099859,69.21278869450724
0.8044999999999392,76.11306301949334,69.23503935077336,76.11306301949334,69.23503935077336
0.8047499999999391,76.13037456071764,69.25729053101141,76.13037456071764,69.25729053101141
0.8049999999999391,76.14769166480249,69.27954223518651,76.14769166480249,69.27954223518651
0.8052499999999391,76.16501433187888,69.30179446326375,76.16501433187888,69.30179446326375
0.805499999999939,76.18234256207778,69.32404721520811,76.18234256207778,69.32404721520811
0.805749999999939,76.19967635553014,69.3463004909845,76.19967635553014,69.3463004909845
0.805999999999939,76.21701571236693,69.36855429055778,76.21701571236693,69.36855429055778
0.806249999999939,76.23436063271907,69.39080861389269,76.23436063271907,69.39080861389269
0.8064999999999389,76.25171111671752,69.41306346095392,76.25171111671752,69.41306346095392
0.8067499999999389,76.26906716449319,69.43531883170608,76.26906716449319,69.43531883170608
0.8069999999999389,76.28642877617702,69.45757472611371,76.28642877617702,69.45757472611371
0.8072499999999388,76.30379595189989,69.47983114414126,76.30379595189989,69.47983114414126
0.8074999999999388,76.32116869179272,69.50208808575312,76.32116869179272,69.50208808575312
0.8077499999999388,76.33854699598639,69.52434555091358,76.33854699598639,69.52434555091358
0.8079999999999388,76.35593086461179,69.54660353958687,76.35593086461179,69.54660353958687
0.8082499999999387,76.37332029779981,69.56886205173716,76.37332029779981,69.56886205173716
0.8084999999999387,76.39071529568129,69.5911210873285,76.39071529568129,69.5911210873285
0.8087499999999387,76.40811585838709,69.61338064632493,76.40811585838709,69.61338064632493
0.8089999999999387,76.42552198604807,69.63564072869033,76.42552198604807,69.63564072869033
0.8092499999999386,76.44293367879504,69.6579013343886,76.44293367879504,69.6579013343886
0.8094999999999386,76.46035093675886,69.68016246338348,76.46035093675886,69.68016246338348
0.8097499999999386,76.47777376007033,69.70242411563868,76.47777376007033,69.70242411563868
0.8099999999999385,76.49520214886027,69.72468629111782,76.49520214886027,69.72468629111782
0.8102499999999385,76.51263610325948,69.74694898978446,76.51263610325948,69.74694898978446
0.8104999999999385,76.53007562339876,69.76921221160207,76.53007562339876,69.76921221160207
0.8107499999999385,76.54752070940887,69.79147595653404,76.54752070940887,69.79147595653404
0.8109999999999384,76.5649713614206,69.81374022454371,76.5649713614206,69.81374022454371
0.8112499999999384,76.58242757956472,69.83600501559431,76.58242757956472,69.83600501559431
0.8114999999999384,76.59988936397198,69.85827032964903,76.59988936397198,69.85827032964903
0.8117499999999384,76.61735671477312,69.88053616667096,76.61735671477312,69.88053616667096
0.8119999999999383,76.63482963209889,69.90280252662313,76.63482963209889,69.90280252662313
0.8122499999999383,76.65230811608001,69.92506940946849,76.65230811608001,69.92506940946849
0.8124999999999383,76.66979216684719,69.9473368151699,76.66979216684719,69.9473368151699
0.8127499999999382,76.68728178453115,69.96960474369018,76.68728178453115,69.96960474369018
0.8129999999999382,76.7047769692626,69.99187319499205,76.7047769692626,69.99187319499205
0.8132499999999382,76.7222777211722,70.01414216903817,76.7222777211722,70.01414216903817
0.8134999999999382,76.73978404039067,70.03641166579111,76.73978404039067,70.03641166579111
0.8137499999999381,76.75729592704866,70.05868168521336,76.75729592704866,70.05868168521336
0.8139999999999381,76.77481338127683,70.08095222726737,76.77481338127683,70.08095222726737
0.8142499999999381,76.79233640320584,70.1032232919155,76.79233640320584,70.1032232919155
0.8144999999999381,76.80986499296633,70.12549487912001,76.80986499296633,70.12549487912001
0.814749999999938,76.82739915068893,70.14776698884312,76.82739915068893,70.14776698884312
0.814999999999938,76.84493887650429,70.17003962104695,76.84493887650429,70.17003962104695
0.815249999999938,76.862484170543,70.19231277569358,76.862484170543,70.19231277569358
0.8154999999999379,76.88003503293567,70.21458645274498,76.88003503293567,70.21458645274498
0.8157499999999379,76.8975914638129,70.23686065216307,76.8975914638129,70.23686065216307
0.8159999999999379,76.91515346330527,70.25913537390969,76.91515346330527,70.25913537390969
0.8162499999999379,76.93272103154338,70.28141061794659,76.93272103154338,70.28141061794659
0.8164999999999378,76.95029416865778,70.30368638423548,76.95029416865778,70.30368638423548
0.8167499999999378,76.96787287477902,70.32596267273797,76.96787287477902,70.32596267273797
0.8169999999999378,76.98545715003766,70.34823948341561,76.98545715003766,70.34823948341561
0.8172499999999377,77.00304699456424,70.37051681622987,77.00304699456424,70.37051681622987
0.8174999999999377,77.02064240848929,70.39279467114214,77.02064240848929,70.39279467114214
0.8177499999999377,77.03824339194333,70.41507304811375,77.03824339194333,70.41507304811375
0.8179999999999377,77.05584994505685,70.43735194710597,77.05584994505685,70.43735194710597
0.8182499999999376,77.07346206796038,70.45963136807995,77.07346206796038,70.45963136807995
0.8184999999999376,77.0910797607844,70.48191131099682,77.0910797607844,70.48191131099682
0.8187499999999376,77.10870302365937,70.50419177581762,77.10870302365937,70.50419177581762
0.8189999999999376,77.12633185671579,70.52647276250329,77.12633185671579,70.52647276250329
0.8192499999999375,77.14396626008411,70.54875427101473,77.14396626008411,70.54875427101473
0.8194999999999375,77.16160623389479,70.57103630131274,77.16160623389479,70.57103630131274
0.8197499999999375,77.17925177827826,70.59331885335808,77.17925177827826,70.59331885335808
0.8199999999999374,77.19690289336495,70.61560192711143,77.19690289336495,70.61560192711143
0.8202499999999374,77.21455957928529,70.63788552253337,77.21455957928529,70.63788552253337
0.8204999999999374,77.23222183616969,70.66016963958442,77.23222183616969,70.66016963958442
0.8207499999999374,77.24988966414854,70.68245427822505,77.24988966414854,70.68245427822505
0.8209999999999373,77.26756306335226,70.70473943841564,77.26756306335226,70.70473943841564
0.8212499999999373,77.2852420339112,70.72702512011651,77.2852420339112,70.72702512011651
0.8214999999999373,77.30292657595577,70.74931132328787,77.30292657595577,70.74931132328787
0.8217499999999373,77.3206166896163,70.77159804788991,77.3206166896163,70.77159804788991
0.8219999999999372,77.33831237502316,70.79388529388271,77.33831237502316,70.79388529388271
0.8222499999999372,77.3560136323067,70.81617306122631,77.3560136323067,70.81617306122631
0.8224999999999372,77.37372046159723,70.83846134988065,77.37372046159723,70.83846134988065
0.8227499999999371,77.39143286302509,70.8607501598056,77.39143286302509,70.8607501598056
0.8229999999999371,77.40915083672057,70.88303949096098,77.40915083672057,70.88303949096098
0.8232499999999371,77.42687438281399,70.90532934330652,77.42687438281399,70.90532934330652
0.8234999999999371,77.44460350143565,70.92761971680189,77.44460350143565,70.92761971680189
0.823749999999937,77.46233819271582,70.94991061140666,77.46233819271582,70.94991061140666
0.823999999999937,77.48007845678478,70.97220202708039,77.48007845678478,70.97220202708039
0.824249999999937,77.49782429377278,70.9944939637825,77.49782429377278,70.9944939637825
0.8244999999999369,77.51557570381009,71.01678642147239,77.51557570381009,71.01678642147239
0.8247499999999369,77.53333268702693,71.03907940010936,77.53333268702693,71.03907940010936
0.8249999999999369,77.55109524355355,71.06137289965264,77.55109524355355,71.06137289965264
0.8252499999999369,77.56886337352016,71.0836669200614,77.56886337352016,71.0836669200614
0.8254999999999368,77.58663707705698,71.10596146129474,77.58663707705698,71.10596146129474
0.8257499999999368,77.6044163542942,71.12825652331169,77.6044163542942,71.12825652331169
0.8259999999999368,77.62220120536203,71.15055210607119,77.62220120536203,71.15055210607119
0.8262499999999368,77.63999163039064,71.17284820953213,77.63999163039064,71.17284820953213
0.8264999999999367,77.6577876295102,71.19514483365333,77.6577876295102,71.19514483365333
0.8267499999999367,77.67558920285086,71.21744197839351,77.67558920285086,71.21744197839351
0.8269999999999367,77.69339635054277,71.23973964371136,77.69339635054277,71.23973964371136
0.8272499999999366,77.71120907271609,71.26203782956547,77.71120907271609,71.26203782956547
0.8274999999999366,77.72902736950093,71.28433653591439,77.72902736950093,71.28433653591439
0.8277499999999366,77.74685124102741,71.30663576271657,77.74685124102741,71.30663576271657
0.8279999999999366,77.76468068742565,71.32893550993039,77.76468068742565,71.32893550993039
0.8282499999999365,77.78251570882574,71.35123577751418,77.78251570882574,71.35123577751418
0.8284999999999365,77.80035630535777,71.37353656542619,77.80035630535777,71.37353656542619
0.8287499999999365,77.81820247715181,71.3958378736246,77.81820247715181,71.3958378736246
0.8289999999999365,77.83605422433794,71.41813970206752,77.83605422433794,71.41813970206752
0.8292499999999364,77.85391154704621,71.44044205071299,77.85391154704621,71.44044205071299
0.8294999999999364,77.87177444540666,71.46274491951898,77.87177444540666,71.46274491951898
0.8297499999999364,77.88964291954932,71.4850483084434,77.88964291954932,71.4850483084434
0.8299999999999363,77.90751696960422,71.50735221744407,77.90751696960422,71.50735221744407
0.8302499999999363,77.92539659570137,71.52965664647876,77.92539659570137,71.52965664647876
0.8304999999999363,77.94328179797078,71.55196159550516,77.94328179797078,71.55196159550516
0.8307499999999363,77.96117257654245,71.57426706448089,77.96117257654245,71.57426706448089
0.8309999999999362,77.97906893154635,71.59657305336351,77.97906893154635,71.59657305336351
0.8312499999999362,77.99697086311245,71.61887956211051,77.99697086311245,71.61887956211051
0.8314999999999362,78.01487837137073,71.64118659067928,78.01487837137073,71.64118659067928
0.8317499999999362,78.03279145645111,71.66349413902719,78.03279145645111,71.66349413902719
0.8319999999999361,78.05071011848355,71.68580220711151,78.05071011848355,71.68580220711151
0.8322499999999361,78.06863435759797,71.70811079488945,78.06863435759797,71.70811079488945
0.8324999999999361,78.0865641739243,71.73041990231815,78.0865641739243,71.73041990231815
0.832749999999936,78.10449956759244,71.75272952935467,78.10449956759244,71.75272952935467
0.832999999999936,78.12244053873228,71.77503967595602,78.12244053873228,71.77503967595602
0.833249999999936,78.14038708747371,71.79735034207914,78.14038708747371,71.79735034207914
0.833499999999936,78.1583392139466,71.81966152768088,78.1583392139466,71.81966152768088
0.8337499999999359,78.17629691828083,71.84197323271805,78.17629691828083,71.84197323271805
0.8339999999999359,78.19426020060624,71.86428545714736,78.19426020060624,71.86428545714736
0.8342499999999359,78.21222906105268,71.88659820092549,78.21222906105268,71.88659820092549
0.8344999999999358,78.23020349974998,71.90891146400901,78.23020349974998,71.90891146400901
0.8347499999999358,78.24818351682795,71.93122524635446,78.24818351682795,71.93122524635446
0.8349999999999358,78.26616911241642,71.95353954791828,78.26616911241642,71.95353954791828
0.8352499999999358,78.28416028664518,71.97585436865687,78.28416028664518,71.97585436865687
0.8354999999999357,78.302157039644,71.99816970852653,78.302157039644,71.99816970852653
0.8357499999999357,78.32015937154269,72.02048556748353,78.32015937154269,72.02048556748353
0.8359999999999357,78.33816728247099,72.04280194548404,78.33816728247099,72.04280194548404
0.8362499999999357,78.35618077255867,72.06511884248417,78.35618077255867,72.06511884248417
0.8364999999999356,78.37419984193548,72.08743625843996,78.37419984193548,72.08743625843996
0.8367499999999356,78.39222449073114,72.10975419330741,78.39222449073114,72.10975419330741
0.8369999999999356,78.41025471907537,72.13207264704242,78.41025471907537,72.13207264704242
0.8372499999999355,78.42829052709789,72.15439161960084,78.42829052709789,72.15439161960084
0.8374999999999355,78.44633191492839,72.17671111093844,78.44633191492839,72.17671111093844
0.8377499999999355,78.46437888269658,72.19903112101093,78.46437888269658,72.19903112101093
0.8379999999999355,78.48243143053212,72.22135164977395,78.48243143053212,72.22135164977395
0.8382499999999354,78.50048955856468,72.24367269718307,78.50048955856468,72.24367269718307
0.8384999999999354,78.51855326692393,72.2659942631938,78.51855326692393,72.2659942631938
0.8387499999999354,78.5366225557395,72.28831634776158,78.5366225557395,72.28831634776158
0.8389999999999354,78.55469742514101,72.31063895084178,78.55469742514101,72.31063895084178
0.8392499999999353,78.57277787525811,72.33296207238969,78.57277787525811,72.33296207238969
0.8394999999999353,78.59086390622041,72.35528571236057,78.59086390622041,72.35528571236057
0.8397499999999353,78.60895551815749,72.37760987070958,78.60895551815749,72.37760987070958
0.8399999999999352,78.62705271119896,72.39993454739182,78.62705271119896,72.39993454739182
0.8402499999999352,78.64515548547438,72.42225974236236,78.64515548547438,72.42225974236236
0.8404999999999352,78.66326384111332,72.44458545557613,78.66326384111332,72.44458545557613
0.8407499999999352,78.68137777824535,72.46691168698806,78.68137777824535,72.46691168698806
0.8409999999999351,78.69949729699999,72.48923843655297,78.69949729699999,72.48923843655297
0.8412499999999351,78.7176223975068,72.51156570422565,78.7176223975068,72.51156570422565
0.8414999999999351,78.73575307989528,72.53389348996079,78.73575307989528,72.53389348996079
0.8417499999999351,78.75388934429495,72.55622179371304,78.75388934429495,72.55622179371304
0.841999999999935,78.77203119083531,72.57855061543695,78.77203119083531,72.57855061543695
0.842249999999935,78.79017861964583,72.60087995508705,78.79017861964583,72.60087995508705
0.842499999999935,78.808331630856,72.62320981261777,78.808331630856,72.62320981261777
0.8427499999999349,78.82649022459529,72.64554018798349,78.82649022459529,72.64554018798349
0.8429999999999349,78.84465440099315,72.6678710811385,78.84465440099315,72.6678710811385
0.8432499999999349,78.86282416017902,72.69020249203706,78.86282416017902,72.69020249203706
0.8434999999999349,78.88099950228232,72.71253442063333,78.88099950228232,72.71253442063333
0.8437499999999348,78.89918042743248,72.73486686688143,78.89918042743248,72.73486686688143
0.8439999999999348,78.91736693575891,72.75719983073542,78.91736693575891,72.75719983073542
0.8442499999999348,78.93555902739098,72.77953331214925,78.93555902739098,72.77953331214925
0.8444999999999347,78.95375670245811,72.80186731107686,78.95375670245811,72.80186731107686
0.8447499999999347,78.97195996108965,72.82420182747208,78.97195996108965,72.82420182747208
0.8449999999999347,78.99016880341497,72.84653686128868,78.99016880341497,72.84653686128868
0.8452499999999347,79.00838322956342,72.8688724124804,79.00838322956342,72.8688724124804
0.8454999999999346,79.02660323966433,72.89120848100089,79.02660323966433,72.89120848100089
0.8457499999999346,79.04482883384702,72.91354506680372,79.04482883384702,72.91354506680372
0.8459999999999346,79.06306001224083,72.93588216984243,79.06306001224083,72.93588216984243
0.8462499999999346,79.08129677497504,72.95821979007046,79.08129677497504,72.95821979007046
0.8464999999999345,79.09953912217895,72.98055792744121,79.09953912217895,72.98055792744121
0.8467499999999345,79.11778705398184,73.002896581908,79.11778705398184,73.002896581908
0.8469999999999345,79.13604057051299,73.0252357534241,79.13604057051299,73.0252357534241
0.8472499999999344,79.15429967190164,73.0475754419427,79.15429967190164,73.0475754419427
0.8474999999999344,79.17256435827704,73.06991564741693,79.17256435827704,73.06991564741693
0.8477499999999344,79.19083462976843,73.09225636979987,79.19083462976843,73.09225636979987
0.8479999999999344,79.20911048650503,73.11459760904449,79.20911048650503,73.11459760904449
0.8482499999999343,79.22739192861603,73.13693936510377,79.22739192861603,73.13693936510377
0.8484999999999343,79.24567895623065,73.15928163793055,79.24567895623065,73.15928163793055
0.8487499999999343,79.26397156947806,73.18162442747764,79.26397156947806,73.18162442747764
0.8489999999999343,79.28226976848744,73.20396773369781,79.28226976848744,73.20396773369781
0.8492499999999342,79.30057355338796,73.22631155654372,79.30057355338796,73.22631155654372
0.8494999999999342,79.31888292430877,73.24865589596799,79.31888292430877,73.24865589596799
0.8497499999999342,79.337197881379,73.27100075192317,79.337197881379,73.27100075192317
0.8499999999999341,79.35551842472778,73.29334612436175,79.35551842472778,73.29334612436175
0.8502499999999341,79.37384455448422,73.31569201323614,79.37384455448422,73.31569201323614
0.8504999999999341,79.39217627077743,73.33803841849873,79.39217627077743,73.33803841849873
0.8507499999999341,79.41051357373649,73.36038534010177,79.41051357373649,73.36038534010177
0.850999999999934,79.4288564634905,73.38273277799753,79.4288564634905,73.38273277799753
0.851249999999934,79.44720494016852,73.40508073213816,79.44720494016852,73.40508073213816
0.851499999999934,79.46555900389959,73.42742920247578,79.46555900389959,73.42742920247578
0.8517499999999339,79.48391865481277,73.44977818896241,79.48391865481277,73.44977818896241
0.8519999999999339,79.50228389303707,73.47212769155004,79.50228389303707,73.47212769155004
0.8522499999999339,79.52065471870154,73.49447771019058,79.52065471870154,73.49447771019058
0.8524999999999339,79.53903113193516,73.51682824483588,79.53903113193516,73.51682824483588
0.8527499999999338,79.55741313286694,73.53917929543773,79.55741313286694,73.53917929543773
0.8529999999999338,79.57580072162587,73.56153086194786,79.57580072162587,73.56153086194786
0.8532499999999338,79.5941938983409,73.58388294431791,79.5941938983409,73.58388294431791
0.8534999999999338,79.61259266314102,73.60623554249949,79.61259266314102,73.60623554249949
0.8537499999999337,79.63099701615513,73.62858865644414,79.63099701615513,73.62858865644414
0.8539999999999337,79.64940695751221,73.65094228610332,79.64940695751221,73.65094228610332
0.8542499999999337,79.66782248734116,73.67329643142844,79.66782248734116,73.67329643142844
0.8544999999999336,79.68624360577088,73.69565109237085,79.68624360577088,73.69565109237085
0.8547499999999336,79.7046703129303,73.71800626888182,79.7046703129303,73.71800626888182
0.8549999999999336,79.7231026089483,73.74036196091259,79.7231026089483,73.74036196091259
0.8552499999999336,79.74154049395372,73.76271816841431,79.74154049395372,73.76271816841431
0.8554999999999335,79.75998396807545,73.78507489133807,79.75998396807545,73.78507489133807
0.8557499999999335,79.77843303144233,73.80743212963489,79.77843303144233,73.80743212963489
0.8559999999999335,79.7968876841832,73.82978988325576,79.7968876841832,73.82978988325576
0.8562499999999335,79.8153479264269,73.85214815215157,79.8153479264269,73.85214815215157
0.8564999999999334,79.83381375830221,73.87450693627318,79.83381375830221,73.87450693627318
0.8567499999999334,79.85228517993797,73.89686623557137,79.85228517993797,73.89686623557137
0.8569999999999334,79.87076219146293,73.91922604999685,79.87076219146293,73.91922604999685
0.8572499999999333,79.88924479300589,73.94158637950029,79.88924479300589,73.94158637950029
0.8574999999999333,79.9077329846956,73.96394722403228,79.9077329846956,73.96394722403228
0.8577499999999333,79.92622676666082,73.98630858354335,79.92622676666082,73.98630858354335
0.8579999999999333,79.94472613903028,74.00867045798397,79.94472613903028,74.00867045798397
0.8582499999999332,79.96323110193272,74.03103284730456,79.96323110193272,74.03103284730456
0.8584999999999332,79.98174165549683,74.05339575145547,79.98174165549683,74.05339575145547
0.8587499999999332,80.00025779985134,74.07575917038697,80.00025779985134,74.07575917038697
0.8589999999999332,80.01877953512492,74.09812310404931,80.01877953512492,74.09812310404931
0.8592499999999331,80.03730686144625,74.12048755239263,80.03730686144625,74.12048755239263
0.8594999999999331,80.05583977894401,74.14285251536704,80.05583977894401,74.14285251536704
0.8597499999999331,80.07437828774682,74.16521799292258,80.07437828774682,74.16521799292258
0.859999999999933,80.09292238798335,74.18758398500924,80.09292238798335,74.18758398500924
0.860249999999933,80.1114720797822,74.20995049157692,80.1114720797822,74.20995049157692
0.860499999999933,80.13002736327201,74.23231751257549,80.13002736327201,74.23231751257549
0.860749999999933,80.14858823858135,74.25468504795474,80.14858823858135,74.25468504795474
0.8609999999999329,80.16715470583884,74.27705309766439,80.16715470583884,74.27705309766439
0.8612499999999329,80.18572676517304,74.29942166165414,80.18572676517304,74.29942166165414
0.8614999999999329,80.20430441671252,74.32179073987358,80.20430441671252,74.32179073987358
0.8617499999999328,80.22288766058583,74.34416033227227,80.22288766058583,74.34416033227227
0.8619999999999328,80.24147649692149,74.3665304387997,80.24147649692149,74.3665304387997
0.8622499999999328,80.26007092584805,74.3889010594053,80.26007092584805,74.3889010594053
0.8624999999999328,80.27867094749402,74.41127219403843,80.27867094749402,74.41127219403843
0.8627499999999327,80.2972765619879,74.43364384264841,80.2972765619879,74.43364384264841
0.8629999999999327,80.31588776945817,74.45601600518448,80.31588776945817,74.45601600518448
0.8632499999999327,80.33450457003332,74.47838868159583,80.33450457003332,74.47838868159583
0.8634999999999327,80.35312696384179,74.50076187183159,80.35312696384179,74.50076187183159
0.8637499999999326,80.37175495101205,74.52313557584081,80.37175495101205,74.52313557584081
0.8639999999999326,80.39038853167253,74.54550979357252,80.39038853167253,74.54550979357252
0.8642499999999326,80.40902770595164,74.56788452497565,80.40902770595164,74.56788452497565
0.8644999999999325,80.42767247397782,74.59025976999909,80.42767247397782,74.59025976999909
0.8647499999999325,80.44632283587944,74.61263552859165,80.44632283587944,74.61263552859165
0.8649999999999325,80.4649787917849,74.63501180070212,80.4649787917849,74.63501180070212
0.8652499999999325,80.48364034182258,74.65738858627918,80.48364034182258,74.65738858627918
0.8654999999999324,80.50230748612083,74.67976588527149,80.50230748612083,74.67976588527149
0.8657499999999324,80.520980224808,74.70214369762763,80.520980224808,74.70214369762763
0.8659999999999324,80.53965855801242,74.72452202329613,80.53965855801242,74.72452202329613
0.8662499999999324,80.55834248586241,74.74690086222544,80.55834248586241,74.74690086222544
0.8664999999999323,80.5770320084863,74.76928021436399,80.5770320084863,74.76928021436399
0.8667499999999323,80.59572712601236,74.7916600796601,80.59572712601236,74.7916600796601
0.8669999999999323,80.61442783856889,74.81404045806208,80.61442783856889,74.81404045806208
0.8672499999999322,80.63313414628415,74.83642134951815,80.63313414628415,74.83642134951815
0.8674999999999322,80.65184604928641,74.85880275397646,80.65184604928641,74.85880275397646
0.8677499999999322,80.67056354770389,74.88118467138514,80.67056354770389,74.88118467138514
0.8679999999999322,80.68928664166484,74.90356710169223,80.68928664166484,74.90356710169223
0.8682499999999321,80.70801533129747,74.92595004484572,80.70801533129747,74.92595004484572
0.8684999999999321,80.72674961672999,74.94833350079355,80.72674961672999,74.94833350079355
0.8687499999999321,80.74548949809059,74.97071746948359,80.74548949809059,74.97071746948359
0.868999999999932,80.76423497550745,74.99310195086363,80.76423497550745,74.99310195086363
0.869249999999932,80.78298604910874,75.01548694488145,80.78298604910874,75.01548694488145
0.869499999999932,80.80174271902261,75.03787245148473,80.80174271902261,75.03787245148473
0.869749999999932,80.8205049853772,75.06025847062111,80.8205049853772,75.06025847062111
0.8699999999999319,80.83927284830062,75.08264500223817,80.83927284830062,75.08264500223817
0.8702499999999319,80.85804630792101,75.10503204628343,80.85804630792101,75.10503204628343
0.8704999999999319,80.87682536436647,75.12741960270434,80.87682536436647,75.12741960270434
0.8707499999999319,80.89561001776507,75.1498076714483,80.89561001776507,75.1498076714483
0.8709999999999318,80.91440026824488,75.17219625246267,80.91440026824488,75.17219625246267
0.8712499999999318,80.93319611593398,75.19458534569472,80.93319611593398,75.19458534569472
0.8714999999999318,80.95199756096041,75.21697495109169,80.95199756096041,75.21697495109169
0.8717499999999317,80.97080460345219,75.23936506860072,80.97080460345219,75.23936506860072
0.8719999999999317,80.98961724353737,75.26175569816894,80.98961724353737,75.26175569816894
0.8722499999999317,81.00843548134394,75.2841468397434,81.00843548134394,75.2841468397434
0.8724999999999317,81.0272593169999,75.30653849327109,81.0272593169999,75.30653849327109
0.8727499999999316,81.04608875063323,75.32893065869895,81.04608875063323,75.32893065869895
0.8729999999999316,81.06492378237191,75.35132333597386,81.06492378237191,75.35132333597386
0.8732499999999316,81.08376441234387,75.37371652504262,81.08376441234387,75.37371652504262
0.8734999999999316,81.10261064067707,75.39611022585201,81.10261064067707,75.39611022585201
0.8737499999999315,81.12146246749944,75.41850443834872,81.12146246749944,75.41850443834872
0.8739999999999315,81.14031989293889,75.44089916247941,81.14031989293889,75.44089916247941
0.8742499999999315,81.15918291712332,75.46329439819065,81.15918291712332,75.46329439819065
0.8744999999999314,81.17805154018062,75.48569014542899,81.17805154018062,75.48569014542899
0.8747499999999314,81.19692576223866,75.5080864041409,81.19692576223866,75.5080864041409
0.8749999999999314,81.21580558342531,75.53048317427277,81.21580558342531,75.53048317427277
0.8752499999999314,81.23469100386841,75.55288045577099,81.23469100386841,75.55288045577099
0.8754999999999313,81.2535820236958,75.57527824858184,81.2535820236958,75.57527824858184
0.8757499999999313,81.2724786430353,75.59767655265158,81.2724786430353,75.59767655265158
0.8759999999999313,81.29138086201472,75.62007536792639,81.29138086201472,75.62007536792639
0.8762499999999313,81.31028868076186,75.64247469435239,81.31028868076186,75.64247469435239
0.8764999999999312,81.32920209940448,75.66487453187565,81.32920209940448,75.66487453187565
0.8767499999999312,81.34812111807038,75.68727488044222,81.34812111807038,75.68727488044222
0.8769999999999312,81.36704573688729,75.70967573999802,81.36704573688729,75.70967573999802
0.8772499999999311,81.38597595598296,75.73207711048896,81.38597595598296,75.73207711048896
0.8774999999999311,81.4049117754851,75.75447899186089,81.4049117754851,75.75447899186089
0.8777499999999311,81.42385319552145,75.77688138405961,81.42385319552145,75.77688138405961
0.8779999999999311,81.44280021621969,75.79928428703083,81.44280021621969,75.79928428703083
0.878249999999931,81.46175283770752,75.82168770072023,81.46175283770752,75.82168770072023
0.878499999999931,81.48071106011261,75.84409162507343,81.48071106011261,75.84409162507343
0.878749999999931,81.49967488356262,75.86649606003598,81.49967488356262,75.86649606003598
0.8789999999999309,81.51864430818519,75.88890100555341,81.51864430818519,75.88890100555341
0.8792499999999309,81.53761933410794,75.91130646157114,81.53761933410794,75.91130646157114
0.8794999999999309,81.55659996145852,75.9337124280346,81.55659996145852,75.9337124280346
0.8797499999999309,81.5755861903645,75.95611890488908,81.5755861903645,75.95611890488908
0.8799999999999308,81.59457802095349,75.97852589207989,81.59457802095349,75.97852589207989
0.8802499999999308,81.61357545335306,76.00093338955224,81.61357545335306,76.00093338955224
0.8804999999999308,81.63257848769078,76.02334139725131,81.63257848769078,76.02334139725131
0.8807499999999308,81.65158712409419,76.04574991512222,81.65158712409419,76.04574991512222
0.8809999999999307,81.67060136269085,76.06815894310999,81.67060136269085,76.06815894310999
0.8812499999999307,81.68962120360825,76.09056848115965,81.68962120360825,76.09056848115965
0.8814999999999307,81.70864664697393,76.11297852921614,81.70864664697393,76.11297852921614
0.8817499999999306,81.72767769291536,76.13538908722434,81.72767769291536,76.13538908722434
0.8819999999999306,81.74671434156004,76.1578001551291,81.74671434156004,76.1578001551291
0.8822499999999306,81.76575659303542,76.18021173287516,81.76575659303542,76.18021173287516
0.8824999999999306,81.78480444746896,76.20262382040728,81.78480444746896,76.20262382040728
0.8827499999999305,81.80385790498809,76.22503641767011,81.80385790498809,76.22503641767011
0.8829999999999305,81.82291696572025,76.24744952460827,81.82291696572025,76.24744952460827
0.8832499999999305,81.84198162979285,76.2698631411663,81.84198162979285,76.2698631411663
0.8834999999999305,81.8610518973333,76.29227726728871,81.8610518973333,76.29227726728871
0.8837499999999304,81.88012776846895,76.31469190291995,81.88012776846895,76.31469190291995
0.8839999999999304,81.89920924332721,76.3371070480044,81.89920924332721,76.3371070480044
0.8842499999999304,81.9182963220354,76.35952270248639,81.9182963220354,76.35952270248639
0.8844999999999303,81.93738900472088,76.38193886631021,81.93738900472088,76.38193886631021
0.8847499999999303,81.956487291511,76.40435553942008,81.956487291511,76.40435553942008
0.8849999999999303,81.97559118253304,76.42677272176017,81.97559118253304,76.42677272176017
0.8852499999999303,81.99470067791431,76.44919041327461,81.99470067791431,76.44919041327461
0.8854999999999302,82.0138157777821,76.47160861390743,82.0138157777821,76.47160861390743
0.8857499999999302,82.03293648226368,76.49402732360267,82.03293648226368,76.49402732360267
0.8859999999999302,82.05206279148631,76.51644654230425,82.05206279148631,76.51644654230425
0.8862499999999301,82.07119470557724,76.53886626995609,82.07119470557724,76.53886626995609
0.8864999999999301,82.0903322246637,76.56128650650203,82.0903322246637,76.56128650650203
0.8867499999999301,82.10947534887289,76.58370725188584,82.10947534887289,76.58370725188584
0.8869999999999301,82.12862407833204,76.60612850605126,82.12862407833204,76.60612850605126
0.88724999999993,82.14777841316831,76.62855026894198,82.14777841316831,76.62855026894198
0.88749999999993,82.1669383535089,76.65097254050161,82.1669383535089,76.65097254050161
0.88774999999993,82.18610389948095,76.67339532067373,82.18610389948095,76.67339532067373
0.88799999999993,82.20527505121161,76.69581860940185,82.20527505121161,76.69581860940185
0.8882499999999299,82.22445180882802,76.71824240662944,82.22445180882802,76.71824240662944
0.8884999999999299,82.24363417245729,76.7406667122999,82.24363417245729,76.7406667122999
0.8887499999999299,82.26282214222653,76.76309152635658,82.26282214222653,76.76309152635658
0.8889999999999298,82.28201571826283,76.78551684874279,82.28201571826283,76.78551684874279
0.8892499999999298,82.30121490069325,76.80794267940176,82.30121490069325,76.80794267940176
0.8894999999999298,82.32041968964488,76.83036901827671,82.32041968964488,76.83036901827671
0.8897499999999298,82.33963008524474,76.85279586531077,82.33963008524474,76.85279586531077
0.8899999999999297,82.35884608761987,76.87522322044701,82.35884608761987,76.87522322044701
0.8902499999999297,82.37806769689729,76.89765108362847,82.37806769689729,76.89765108362847
0.8904999999999297,82.39729491320401,76.92007945479813,82.39729491320401,76.92007945479813
0.8907499999999297,82.41652773666701,76.94250833389891,82.41652773666701,76.94250833389891
0.8909999999999296,82.43576616741328,76.96493772087369,82.43576616741328,76.96493772087369
0.8912499999999296,82.45501020556976,76.98736761566528,82.45501020556976,76.98736761566528
0.8914999999999296,82.47425985126343,77.00979801821644,82.47425985126343,77.00979801821644
0.8917499999999295,82.49351510462118,77.03222892846991,82.49351510462118,77.03222892846991
0.8919999999999295,82.51277596576996,77.05466034636831,82.51277596576996,77.05466034636831
0.8922499999999295,82.53204243483667,77.07709227185427,82.53204243483667,77.07709227185427
0.8924999999999295,82.55131451194819,77.09952470487033,82.55131451194819,77.09952470487033
0.8927499999999294,82.57059219723141,77.121957645359,82.57059219723141,77.121957645359
0.8929999999999294,82.58987549081316,77.14439109326273,82.58987549081316,77.14439109326273
0.8932499999999294,82.6091643928203,77.16682504852389,82.6091643928203,77.16682504852389
0.8934999999999294,82.62845890337968,77.18925951108484,82.62845890337968,77.18925951108484
0.8937499999999293,82.6477590226181,77.21169448088787,82.6477590226181,77.21169448088787
0.8939999999999293,82.66706475066238,77.2341299578752,82.66706475066238,77.2341299578752
0.8942499999999293,82.68637608763929,77.25656594198902,82.68637608763929,77.25656594198902
0.8944999999999292,82.70569303367562,77.27900243317147,82.70569303367562,77.27900243317147
0.8947499999999292,82.72501558889812,77.30143943136463,82.72501558889812,77.30143943136463
0.8949999999999292,82.74434375343354,77.3238769365105,82.74434375343354,77.3238769365105
0.8952499999999292,82.76367752740862,77.34631494855108,82.76367752740862,77.34631494855108
0.8954999999999291,82.78301691095005,77.36875346742828,82.78301691095005,77.36875346742828
0.8957499999999291,82.80236190418456,77.39119249308396,82.80236190418456,77.39119249308396
0.8959999999999291,82.82171250723883,77.41363202545996,82.82171250723883,77.41363202545996
0.896249999999929,82.84106872023952,77.43607206449803,82.84106872023952,77.43607206449803
0.896499999999929,82.8604305433133,77.45851261013989,82.8604305433133,77.45851261013989
0.896749999999929,82.8797979765868,77.4809536623272,82.8797979765868,77.4809536623272
0.896999999999929,82.89917102018667,77.50339522100155,82.89917102018667,77.50339522100155
0.8972499999999289,82.91854967423951,77.52583728610453,82.91854967423951,77.52583728610453
0.8974999999999289,82.93793393887192,77.54827985757763,82.93793393887192,77.54827985757763
0.8977499999999289,82.9573238142105,77.57072293536228,82.9573238142105,77.57072293536228
0.8979999999999289,82.9767193003818,77.59316651939992,82.9767193003818,77.59316651939992
0.8982499999999288,82.99612039751239,77.61561060963187,82.99612039751239,77.61561060963187
0.8984999999999288,83.01552710572879,77.63805520599945,83.01552710572879,77.63805520599945
0.8987499999999288,83.03493942515756,77.6605003084439,83.03493942515756,77.6605003084439
0.8989999999999287,83.05435735592519,77.68294591690642,83.05435735592519,77.68294591690642
0.8992499999999287,83.07378089815818,77.70539203132815,83.07378089815818,77.70539203132815
0.8994999999999287,83.09321005198301,77.72783865165017,83.09321005198301,77.72783865165017
0.8997499999999287,83.11264481752615,77.75028577781356,83.11264481752615,77.75028577781356
0.8999999999999286,83.13208519491405,77.77273340975928,83.13208519491405,77.77273340975928
0.9002499999999286,83.15153118427317,77.79518154742829,83.15153118427317,77.79518154742829
0.9004999999999286,83.1709827857299,77.81763019076145,83.1709827857299,77.81763019076145
0.9007499999999286,83.19043999941069,77.84007933969961,83.19043999941069,77.84007933969961
0.9009999999999285,83.20990282544189,77.86252899418358,83.20990282544189,77.86252899418358
0.9012499999999285,83.2293712639499,77.88497915415407,83.2293712639499,77.88497915415407
0.9014999999999285,83.24884531506109,77.90742981955177,83.24884531506109,77.90742981955177
0.9017499999999284,83.2683249789018,77.92988099031732,83.2683249789018,77.92988099031732
0.9019999999999284,83.28781025559836,77.9523326663913,83.28781025559836,77.9523326663913
0.9022499999999284,83.30730114527709,77.97478484771425,83.30730114527709,77.97478484771425
0.9024999999999284,83.32679764806431,77.99723753422664,83.32679764806431,77.99723753422664
0.9027499999999283,83.3462997640863,78.01969072586893,83.3462997640863,78.01969072586893
0.9029999999999283,83.36580749346933,78.04214442258147,83.36580749346933,78.04214442258147
0.9032499999999283,83.38532083633967,78.06459862430461,83.38532083633967,78.06459862430461
0.9034999999999282,83.40483979282357,78.08705333097863,83.40483979282357,78.08705333097863
0.9037499999999282,83.42436436304723,78.10950854254376,83.42436436304723,78.10950854254376
0.9039999999999282,83.44389454713691,78.13196425894019,83.44389454713691,78.13196425894019
0.9042499999999282,83.46343034521877,78.15442048010803,83.46343034521877,78.15442048010803
0.9044999999999281,83.48297175741902,78.17687720598737,83.48297175741902,78.17687720598737
0.9047499999999281,83.50251878386382,78.19933443651824,83.50251878386382,78.19933443651824
0.9049999999999281,83.52207142467932,78.22179217164063,83.52207142467932,78.22179217164063
0.9052499999999281,83.54162967999169,78.24425041129447,83.54162967999169,78.24425041129447
0.905499999999928,83.56119354992701,78.26670915541963,83.56119354992701,78.26670915541963
0.905749999999928,83.58076303461142,78.28916840395596,83.58076303461142,78.28916840395596
0.905999999999928,83.60033813417101,78.31162815684321,83.60033813417101,78.31162815684321
0.9062499999999279,83.61991884873186,78.33408841402115,83.61991884873186,78.33408841402115
0.9064999999999279,83.63950517842004,78.35654917542945,83.63950517842004,78.35654917542945
0.9067499999999279,83.65909712336159,78.37901044100774,83.65909712336159,78.37901044100774
0.9069999999999279,83.67869468368255,78.40147221069559,83.67869468368255,78.40147221069559
0.9072499999999278,83.69829785950894,78.42393448443255,83.69829785950894,78.42393448443255
0.9074999999999278,83.71790665096677,78.44639726215811,83.71790665096677,78.44639726215811
0.9077499999999278,83.73752105818201,78.4688605438117,83.73752105818201,78.4688605438117
0.9079999999999278,83.75714108128066,78.4913243293327,83.75714108128066,78.4913243293327
0.9082499999999277,83.77676672038866,78.51378861866046,83.77676672038866,78.51378861866046
0.9084999999999277,83.79639797563198,78.53625341173425,83.79639797563198,78.53625341173425
0.9087499999999277,83.81603484713651,78.55871870849333,83.81603484713651,78.55871870849333
0.9089999999999276,83.83567733502818,78.58118450887689,83.83567733502818,78.58118450887689
0.9092499999999276,83.8553254394329,78.60365081282406,83.8553254394329,78.60365081282406
0.9094999999999276,83.87497916047656,78.62611762027393,83.87497916047656,78.62611762027393
0.9097499999999276,83.894638498285,78.64858493116556,83.894638498285,78.64858493116556
0.9099999999999275,83.9143034529841,78.67105274543793,83.9143034529841,78.67105274543793
0.9102499999999275,83.93397402469968,78.69352106303,83.93397402469968,78.69352106303
0.9104999999999275,83.95365021355757,78.71598988388067,83.95365021355757,78.71598988388067
0.9107499999999275,83.97333201968355,78.73845920792877,83.97333201968355,78.73845920792877
0.9109999999999274,83.99301944320345,78.76092903511312,83.99301944320345,78.76092903511312
0.9112499999999274,84.01271248424302,78.78339936537246,84.01271248424302,78.78339936537246
0.9114999999999274,84.03241114292805,78.80587019864551,84.03241114292805,78.80587019864551
0.9117499999999273,84.05211541938426,78.8283415348709,84.05211541938426,78.8283415348709
0.9119999999999273,84.07182531373739,78.85081337398726,84.07182531373739,78.85081337398726
0.9122499999999273,84.09154082611316,78.87328571593315,84.09154082611316,78.87328571593315
0.9124999999999273,84.11126195663726,78.89575856064707,84.11126195663726,78.89575856064707
0.9127499999999272,84.13098870543539,78.91823190806748,84.13098870543539,78.91823190806748
0.9129999999999272,84.15072107263319,78.94070575813282,84.15072107263319,78.94070575813282
0.9132499999999272,84.17045905835633,78.96318011078144,84.17045905835633,78.96318011078144
0.9134999999999271,84.19020266273046,78.98565496595165,84.19020266273046,78.98565496595165
0.9137499999999271,84.20995188588118,79.00813032358175,84.20995188588118,79.00813032358175
0.9139999999999271,84.22970672793411,79.03060618360995,84.22970672793411,79.03060618360995
0.9142499999999271,84.24946718901485,79.05308254597442,84.24946718901485,79.05308254597442
0.914499999999927,84.26923326924896,79.07555941061329,84.26923326924896,79.07555941061329
0.914749999999927,84.289004968762,79.09803677746466,84.289004968762,79.09803677746466
0.914999999999927,84.30878228767953,79.12051464646653,84.30878228767953,79.12051464646653
0.915249999999927,84.32856522612708,79.14299301755692,84.32856522612708,79.14299301755692
0.9154999999999269,84.34835378423016,79.16547189067374,84.34835378423016,79.16547189067374
0.9157499999999269,84.36814796211425,79.1879512657549,84.36814796211425,79.1879512657549
0.9159999999999269,84.38794775990486,79.21043114273824,84.38794775990486,79.21043114273824
0.9162499999999268,84.40775317772744,79.23291152156156,84.40775317772744,79.23291152156156
0.9164999999999268,84.42756421570745,79.25539240216261,84.42756421570745,79.25539240216261
0.9167499999999268,84.44738087397033,79.27787378447908,84.44738087397033,79.27787378447908
0.9169999999999268,84.4672031526415,79.30035566844865,84.4672031526415,79.30035566844865
0.9172499999999267,84.48703105184636,79.3228380540089,84.48703105184636,79.3228380540089
0.9174999999999267,84.5068645717103,79.34532094109741,84.5068645717103,79.34532094109741
0.9177499999999267,84.5267037123587,79.3678043296517,84.5267037123587,79.3678043296517
0.9179999999999267,84.54654847391691,79.39028821960923,84.54654847391691,79.39028821960923
0.9182499999999266,84.56639885651029,79.41277261090742,84.56639885651029,79.41277261090742
0.9184999999999266,84.58625486026415,79.43525750348365,84.58625486026415,79.43525750348365
0.9187499999999266,84.6061164853038,79.45774289727524,84.6061164853038,79.45774289727524
0.9189999999999265,84.62598373175454,79.48022879221948,84.62598373175454,79.48022879221948
0.9192499999999265,84.64585659974166,79.5027151882536,84.64585659974166,79.5027151882536
0.9194999999999265,84.66573508939042,79.52520208531479,84.66573508939042,79.52520208531479
0.9197499999999265,84.68561920082607,79.54768948334019,84.68561920082607,79.54768948334019
0.9199999999999264,84.70550893417384,79.57017738226691,84.70550893417384,79.57017738226691
0.9202499999999264,84.72540428955894,79.59266578203197,84.72540428955894,79.59266578203197
0.9204999999999264,84.74530526710659,79.61515468257241,84.74530526710659,79.61515468257241
0.9207499999999263,84.76521186694195,79.63764408382517,84.76521186694195,79.63764408382517
0.9209999999999263,84.78512408919022,79.66013398572716,84.78512408919022,79.66013398572716
0.9212499999999263,84.80504193397654,79.68262438821525,84.80504193397654,79.68262438821525
0.9214999999999263,84.82496540142604,79.70511529122625,84.82496540142604,79.70511529122625
0.9217499999999262,84.84489449166385,79.72760669469693,84.84489449166385,79.72760669469693
0.9219999999999262,84.86482920481508,79.75009859856404,84.86482920481508,79.75009859856404
0.9222499999999262,84.88476954100483,79.77259100276424,84.88476954100483,79.77259100276424
0.9224999999999262,84.90471550035815,79.79508390723419,84.90471550035815,79.79508390723419
0.9227499999999261,84.92466708300013,79.81757731191044,84.92466708300013,79.81757731191044
0.9229999999999261,84.9446242890558,79.84007121672957,84.9446242890558,79.84007121672957
0.9232499999999261,84.96458711865017,79.86256562162806,84.96458711865017,79.86256562162806
0.923499999999926,84.98455557190827,79.88506052654239,84.98455557190827,79.88506052654239
0.923749999999926,85.0045296489551,79.90755593140894,85.0045296489551,79.90755593140894
0.923999999999926,85.02450934991563,79.93005183616408,85.02450934991563,79.93005183616408
0.924249999999926,85.04449467491483,79.95254824074414,85.04449467491483,79.95254824074414
0.9244999999999259,85.06448562407765,79.97504514508537,85.06448562407765,79.97504514508537
0.9247499999999259,85.08448219752901,79.99754254912402,85.08448219752901,79.99754254912402
0.9249999999999259,85.10448439539384,80.02004045279625,85.10448439539384,80.02004045279625
0.9252499999999259,85.12449221779704,80.04253885603822,85.12449221779704,80.04253885603822
0.9254999999999258,85.14450566486349,80.065037758786,85.14450566486349,80.065037758786
0.9257499999999258,85.16452473671805,80.08753716097566,85.16452473671805,80.08753716097566
0.9259999999999258,85.18454943348559,80.11003706254317,85.18454943348559,80.11003706254317
0.9262499999999257,85.20457975529094,80.13253746342451,85.20457975529094,80.13253746342451
0.9264999999999257,85.2246157022589,80.15503836355559,85.2246157022589,80.15503836355559
0.9267499999999257,85.24465727451431,80.17753976287227,85.24465727451431,80.17753976287227
0.9269999999999257,85.26470447218193,80.20004166131038,85.26470447218193,80.20004166131038
0.9272499999999256,85.28475729538656,80.2225440588057,85.28475729538656,80.2225440588057
0.9274999999999256,85.30481574425292,80.24504695529394,85.30481574425292,80.24504695529394
0.9277499999999256,85.32487981890577,80.26755035071082,85.32487981890577,80.26755035071082
0.9279999999999256,85.34494951946984,80.29005424499196,85.34494951946984,80.29005424499196
0.9282499999999255,85.36502484606983,80.31255863807297,85.36502484606983,80.31255863807297
0.9284999999999255,85.38510579883044,80.33506352988941,85.38510579883044,80.33506352988941
0.9287499999999255,85.40519237787633,80.35756892037679,85.40519237787633,80.35756892037679
0.9289999999999254,85.42528458333217,80.38007480947057,85.42528458333217,80.38007480947057
0.9292499999999254,85.44538241532261,80.40258119710619,85.44538241532261,80.40258119710619
0.9294999999999254,85.46548587397227,80.42508808321901,85.46548587397227,80.42508808321901
0.9297499999999254,85.48559495940576,80.44759546774436,85.48559495940576,80.44759546774436
0.9299999999999253,85.50570967174767,80.47010335061755,85.50570967174767,80.47010335061755
0.9302499999999253,85.52583001112258,80.49261173177382,85.52583001112258,80.49261173177382
0.9304999999999253,85.54595597765507,80.51512061114836,85.54595597765507,80.51512061114836
0.9307499999999252,85.56608757146967,80.53762998867634,85.56608757146967,80.53762998867634
0.9309999999999252,85.58622479269091,80.56013986429289,85.58622479269091,80.56013986429289
0.9312499999999252,85.60636764144331,80.58265023793307,85.60636764144331,80.58265023793307
0.9314999999999252,85.62651611785137,80.60516110953189,85.62651611785137,80.60516110953189
0.9317499999999251,85.64667022203956,80.62767247902435,85.64667022203956,80.62767247902435
0.9319999999999251,85.66682995413237,80.6501843463454,85.66682995413237,80.6501843463454
0.9322499999999251,85.68699531425422,80.67269671142992,85.68699531425422,80.67269671142992
0.9324999999999251,85.70716630252956,80.69520957421278,85.70716630252956,80.69520957421278
0.932749999999925,85.7273429190828,80.71772293462878,85.7273429190828,80.71772293462878
0.932999999999925,85.74752516403834,80.74023679261269,85.74752516403834,80.74023679261269
0.933249999999925,85.76771303752056,80.76275114809923,85.76771303752056,80.76275114809923
0.9334999999999249,85.78790653965385,80.78526600102307,85.78790653965385,80.78526600102307
0.9337499999999249,85.80810567056253,80.80778135131888,85.80810567056253,80.80778135131888
0.9339999999999249,85.82831043037095,80.83029719892123,85.82831043037095,80.83029719892123
0.9342499999999249,85.84852081920343,80.85281354376468,85.84852081920343,80.85281354376468
0.9344999999999248,85.86873683718427,80.87533038578374,85.86873683718427,80.87533038578374
0.9347499999999248,85.88895848443775,80.89784772491286,85.88895848443775,80.89784772491286
0.9349999999999248,85.90918576108815,80.92036556108648,85.90918576108815,80.92036556108648
0.9352499999999248,85.92941866725971,80.94288389423897,85.92941866725971,80.94288389423897
0.9354999999999247,85.94965720307668,80.96540272430468,85.94965720307668,80.96540272430468
0.9357499999999247,85.96990136866327,80.98792205121789,85.96990136866327,80.98792205121789
0.9359999999999247,85.9901511641437,81.01044187491286,85.9901511641437,81.01044187491286
0.9362499999999246,86.01040658964213,81.03296219532379,86.01040658964213,81.03296219532379
0.9364999999999246,86.03066764528275,81.05548301238485,86.03066764528275,81.05548301238485
0.9367499999999246,86.05093433118971,81.07800432603018,86.05093433118971,81.07800432603018
0.9369999999999246,86.07120664748714,81.10052613619385,86.07120664748714,81.10052613619385
0.9372499999999245,86.09148459429917,81.12304844280989,86.09148459429917,81.12304844280989
0.9374999999999245,86.11176817174992,81.14557124581231,86.11176817174992,81.14557124581231
0.9377499999999245,86.13205737996344,81.16809454513505,86.13205737996344,81.16809454513505
0.9379999999999244,86.15235221906383,81.19061834071204,86.15235221906383,81.19061834071204
0.9382499999999244,86.17265268917514,81.21314263247714,86.17265268917514,81.21314263247714
0.9384999999999244,86.19295879042141,81.23566742036419,86.19295879042141,81.23566742036419
0.9387499999999244,86.21327052292666,81.25819270430698,86.21327052292666,81.25819270430698
0.9389999999999243,86.2335878868149,81.28071848423923,86.2335878868149,81.28071848423923
0.9392499999999243,86.25391088221011,81.30324476009466,86.25391088221011,81.30324476009466
0.9394999999999243,86.27423950923627,81.32577153180692,86.27423950923627,81.32577153180692
0.9397499999999243,86.29457376801733,81.34829879930965,86.29457376801733,81.34829879930965
0.9399999999999242,86.31491365867723,81.37082656253641,86.31491365867723,81.37082656253641
0.9402499999999242,86.33525918133989,81.39335482142074,86.33525918133989,81.39335482142074
0.9404999999999242,86.35561033612923,81.41588357589613,86.35561033612923,81.41588357589613
0.9407499999999241,86.37596712316913,81.43841282589604,86.37596712316913,81.43841282589604
0.9409999999999241,86.39632954258347,81.46094257135388,86.39632954258347,81.46094257135388
0.9412499999999241,86.4166975944961,81.48347281220302,86.4166975944961,81.48347281220302
0.9414999999999241,86.43707127903086,81.50600354837678,86.43707127903086,81.50600354837678
0.941749999999924,86.45745059631156,81.52853477980845,86.45745059631156,81.52853477980845
0.941999999999924,86.47783554646202,81.55106650643128,86.47783554646202,81.55106650643128
0.942249999999924,86.49822612960602,81.57359872817848,86.49822612960602,81.57359872817848
0.942499999999924,86.51862234586736,81.5961314449832,86.51862234586736,81.5961314449832
0.9427499999999239,86.53902419536976,81.61866465677856,86.53902419536976,81.61866465677856
0.9429999999999239,86.55943167823699,81.64119836349767,86.55943167823699,81.64119836349767
0.9432499999999239,86.57984479459276,81.66373256507353,86.57984479459276,81.66373256507353
0.9434999999999238,86.60026354456076,81.68626726143917,86.60026354456076,81.68626726143917
0.9437499999999238,86.6206879282647,81.70880245252752,86.6206879282647,81.70880245252752
0.9439999999999238,86.64111794582824,81.73133813827152,86.64111794582824,81.73133813827152
0.9442499999999238,86.66155359737505,81.75387431860405,86.66155359737505,81.75387431860405
0.9444999999999237,86.68199488302875,81.77641099345793,86.68199488302875,81.77641099345793
0.9447499999999237,86.70244180291297,81.79894816276595,86.70244180291297,81.79894816276595
0.9449999999999237,86.72289435715133,81.82148582646089,86.72289435715133,81.82148582646089
0.9452499999999237,86.7433525458674,81.84402398447543,86.7433525458674,81.84402398447543
0.9454999999999236,86.76381636918475,81.86656263674227,86.76381636918475,81.86656263674227
0.9457499999999236,86.78428582722695,81.88910178319404,86.78428582722695,81.88910178319404
0.9459999999999236,86.80476092011753,81.91164142376331,86.80476092011753,81.91164142376331
0.9462499999999235,86.82524164798001,81.93418155838266,86.82524164798001,81.93418155838266
0.9464999999999235,86.84572801093789,81.95672218698459,86.84572801093789,81.95672218698459
0.9467499999999235,86.86622000911466,81.97926330950158,86.86622000911466,81.97926330950158
0.9469999999999235,86.88671764263378,82.00180492586605,86.88671764263378,82.00180492586605
0.9472499999999234,86.90722091161874,82.0243470360104,86.90722091161874,82.0243470360104
0.9474999999999234,86.92772981619294,82.04688963986698,86.92772981619294,82.04688963986698
0.9477499999999234,86.9482443564798,82.06943273736809,86.9482443564798,82.06943273736809
0.9479999999999233,86.96876453260275,82.09197632844602,86.96876453260275,82.09197632844602
0.9482499999999233,86.98929034468516,82.11452041303299,86.98929034468516,82.11452041303299
0.9484999999999233,87.00982179285039,82.13706499106119,87.00982179285039,82.13706499106119
0.9487499999999233,87.0303588772218,82.15961006246279,87.0303588772218,82.15961006246279
0.9489999999999232,87.05090159792273,82.18215562716988,87.05090159792273,82.18215562716988
0.9492499999999232,87.07144995507649,82.20470168511453,87.07144995507649,82.20470168511453
0.9494999999999232,87.09200394880638,82.22724823622879,87.09200394880638,82.22724823622879
0.9497499999999232,87.1125635792357,82.24979528044464,87.1125635792357,82.24979528044464
0.9499999999999231,87.13312884648769,82.27234281769405,87.13312884648769,82.27234281769405
0.9502499999999231,87.15369975068562,82.29489084790893,87.15369975068562,82.29489084790893
0.9504999999999231,87.17427629195272,82.31743937102114,87.17427629195272,82.31743937102114
0.950749999999923,87.1948584704122,82.33998838696252,87.1948584704122,82.33998838696252
0.950999999999923,87.21544628618726,82.36253789566487,87.21544628618726,82.36253789566487
0.951249999999923,87.23603973940108,82.38508789705996,87.23603973940108,82.38508789705996
0.951499999999923,87.25663883017684,82.40763839107949,87.25663883017684,82.40763839107949
0.9517499999999229,87.27724355863766,82.43018937765514,87.27724355863766,82.43018937765514
0.9519999999999229,87.2978539249067,82.45274085671856,87.2978539249067,82.45274085671856
0.9522499999999229,87.31846992910707,82.47529282820135,87.31846992910707,82.47529282820135
0.9524999999999229,87.33909157136183,82.49784529203507,87.33909157136183,82.49784529203507
0.9527499999999228,87.3597188517941,82.52039824815122,87.3597188517941,82.52039824815122
0.9529999999999228,87.38035177052693,82.54295169648132,87.38035177052693,82.54295169648132
0.9532499999999228,87.40099032768336,82.5655056369568,87.40099032768336,82.5655056369568
0.9534999999999227,87.42163452338642,82.58806006950905,87.42163452338642,82.58806006950905
0.9537499999999227,87.44228435775912,82.61061499406946,87.44228435775912,82.61061499406946
0.9539999999999227,87.46293983092446,82.63317041056936,87.46293983092446,82.63317041056936
0.9542499999999227,87.4836009430054,82.65572631894003,87.4836009430054,82.65572631894003
0.9544999999999226,87.50426769412491,82.67828271911272,87.50426769412491,82.67828271911272
0.9547499999999226,87.52494008440593,82.70083961101864,87.52494008440593,82.70083961101864
0.9549999999999226,87.54561811397139,82.72339699458897,87.54561811397139,82.72339699458897
0.9552499999999225,87.56630178294419,82.74595486975485,87.56630178294419,82.74595486975485
0.9554999999999225,87.58699109144723,82.76851323644739,87.58699109144723,82.76851323644739
0.9557499999999225,87.60768603960338,82.79107209459762,87.60768603960338,82.79107209459762
0.9559999999999225,87.62838662753549,82.81363144413659,87.62838662753549,82.81363144413659
0.9562499999999224,87.64909285536639,82.83619128499527,87.64909285536639,82.83619128499527
0.9564999999999224,87.66980472321892,82.8587516171046,87.66980472321892,82.8587516171046
0.9567499999999224,87.69052223121587,82.8813124403955,87.69052223121587,82.8813124403955
0.9569999999999224,87.71124537948003,82.90387375479884,87.71124537948003,82.90387375479884
0.9572499999999223,87.73197416813419,82.92643556024544,87.73197416813419,82.92643556024544
0.9574999999999223,87.75270859730107,82.9489978566661,87.75270859730107,82.9489978566661
0.9577499999999223,87.77344866710342,82.97156064399157,87.77344866710342,82.97156064399157
0.9579999999999222,87.79419437766397,82.99412392215257,87.79419437766397,82.99412392215257
0.9582499999999222,87.8149457291054,83.0166876910798,87.8149457291054,83.0166876910798
0.9584999999999222,87.8357027215504,83.03925195070387,87.8357027215504,83.03925195070387
0.9587499999999222,87.85646535512164,83.0618167009554,87.85646535512164,83.0618167009554
0.9589999999999221,87.87723362994177,83.08438194176497,87.87723362994177,83.08438194176497
0.9592499999999221,87.8980075461334,83.1069476730631,87.8980075461334,83.1069476730631
0.9594999999999221,87.91878710381917,83.12951389478027,87.91878710381917,83.12951389478027
0.9597499999999221,87.93957230312166,83.15208060684695,87.93957230312166,83.15208060684695
0.959999999999922,87.96036314416345,83.17464780919356,87.96036314416345,83.17464780919356
0.960249999999922,87.98115962706711,83.19721550175046,87.98115962706711,83.19721550175046
0.960499999999922,88.00196175195518,83.21978368444802,88.00196175195518,83.21978368444802
0.9607499999999219,88.02276951895018,83.24235235721653,88.02276951895018,83.24235235721653
0.9609999999999219,88.04358292817463,83.26492151998626,88.04358292817463,83.26492151998626
0.9612499999999219,88.06440197975101,83.28749117268745,88.06440197975101,83.28749117268745
0.9614999999999219,88.0852266738018,83.31006131525029,88.0852266738018,83.31006131525029
0.9617499999999218,88.10605701044945,83.33263194760494,88.10605701044945,83.33263194760494
0.9619999999999218,88.12689298981641,83.35520306968151,88.12689298981641,83.35520306968151
0.9622499999999218,88.1477346120251,83.37777468141009,88.1477346120251,83.37777468141009
0.9624999999999218,88.16858187719792,83.40034678272073,88.16858187719792,83.40034678272073
0.9627499999999217,88.18943478545725,83.42291937354344,88.18943478545725,83.42291937354344
0.9629999999999217,88.21029333692547,83.44549245380819,88.21029333692547,83.44549245380819
0.9632499999999217,88.23115753172493,83.46806602344492,88.23115753172493,83.46806602344492
0.9634999999999216,88.25202736997797,83.49064008238352,88.25202736997797,83.49064008238352
0.9637499999999216,88.27290285180689,83.51321463055388,88.27290285180689,83.51321463055388
0.9639999999999216,88.293783977334,83.53578966788579,88.293783977334,83.53578966788579
0.9642499999999216,88.31467074668159,83.55836519430908,88.31467074668159,83.55836519430908
0.9644999999999215,88.33556315997191,83.58094120975348,88.33556315997191,83.58094120975348
0.9647499999999215,88.35646121732721,83.60351771414871,88.35646121732721,83.60351771414871
0.9649999999999215,88.37736491886972,83.62609470742446,88.37736491886972,83.62609470742446
0.9652499999999214,88.39827426472165,83.64867218951036,88.39827426472165,83.64867218951036
0.9654999999999214,88.41918925500519,83.67125016033604,88.41918925500519,83.67125016033604
0.9657499999999214,88.44010988984253,83.69382861983107,88.44010988984253,83.69382861983107
0.9659999999999214,88.46103616935582,83.71640756792497,88.46103616935582,83.71640756792497
0.9662499999999213,88.48196809366721,83.73898700454725,88.48196809366721,83.73898700454725
0.9664999999999213,88.5029056628988,83.76156692962739,88.5029056628988,83.76156692962739
0.9667499999999213,88.52384887717271,83.7841473430948,88.52384887717271,83.7841473430948
0.9669999999999213,88.54479773661103,83.80672824487888,88.54479773661103,83.80672824487888
0.9672499999999212,88.56575224133583,83.829309634909,88.56575224133583,83.829309634909
0.9674999999999212,88.58671239146916,83.85189151311445,88.58671239146916,83.85189151311445
0.9677499999999212,88.60767818713306,83.87447387942454,88.60767818713306,83.87447387942454
0.9679999999999211,88.62864962844954,83.89705673376852,88.62864962844954,83.89705673376852
0.9682499999999211,88.64962671554061,83.91964007607559,88.64962671554061,83.91964007607559
0.9684999999999211,88.67060944852824,83.94222390627495,88.67060944852824,83.94222390627495
0.9687499999999211,88.69159782753439,83.96480822429572,88.69159782753439,83.96480822429572
0.968999999999921,88.71259185268103,83.98739303006704,88.71259185268103,83.98739303006704
0.969249999999921,88.73359152409007,84.00997832351796,88.73359152409007,84.00997832351796
0.969499999999921,88.75459684188343,84.03256410457752,88.75459684188343,84.03256410457752
0.969749999999921,88.77560780618299,84.05515037317473,88.77560780618299,84.05515037317473
0.9699999999999209,88.79662441711064,84.07773712923854,88.79662441711064,84.07773712923854
0.9702499999999209,88.81764667478822,84.1003243726979,88.81764667478822,84.1003243726979
0.9704999999999209,88.83867457933759,84.1229121034817,88.83867457933759,84.1229121034817
0.9707499999999208,88.85970813088056,84.1455003215188,88.85970813088056,84.1455003215188
0.9709999999999208,88.88074732953895,84.16808902673803,88.88074732953895,84.16808902673803
0.9712499999999208,88.90179217543452,84.19067821906818,88.90179217543452,84.19067821906818
0.9714999999999208,88.92284266868907,84.213267898438,88.92284266868907,84.213267898438
0.9717499999999207,88.94389880942433,84.23585806477622,88.94389880942433,84.23585806477622
0.9719999999999207,88.96496059776203,84.25844871801152,88.96496059776203,84.25844871801152
0.9722499999999207,88.9860280338239,84.28103985807256,88.9860280338239,84.28103985807256
0.9724999999999207,89.00710111773164,84.30363148488796,89.00710111773164,84.30363148488796
0.9727499999999206,89.02817984960691,84.32622359838629,89.02817984960691,84.32622359838629
0.9729999999999206,89.04926422957139,84.34881619849611,89.04926422957139,84.34881619849611
0.9732499999999206,89.07035425774671,84.37140928514593,89.07035425774671,84.37140928514593
0.9734999999999205,89.09144993425451,84.39400285826422,89.09144993425451,84.39400285826422
0.9737499999999205,89.11255125921639,84.41659691777943,89.11255125921639,84.41659691777943
0.9739999999999205,89.13365823275393,84.43919146361998,89.13365823275393,84.43919146361998
0.9742499999999205,89.15477085498871,84.46178649571424,89.15477085498871,84.46178649571424
0.9744999999999204,89.17588912604229,84.48438201399054,89.17588912604229,84.48438201399054
0.9747499999999204,89.19701304603622,84.5069780183772,89.19701304603622,84.5069780183772
0.9749999999999204,89.21814261509199,84.52957450880248,89.21814261509199,84.52957450880248
0.9752499999999203,89.23927783333112,84.55217148519463,89.23927783333112,84.55217148519463
0.9754999999999203,89.26041870087508,84.57476894748186,89.26041870087508,84.57476894748186
0.9757499999999203,89.28156521784534,84.59736689559233,89.28156521784534,84.59736689559233
0.9759999999999203,89.30271738436335,84.61996532945417,89.30271738436335,84.61996532945417
0.9762499999999202,89.32387520055053,84.6425642489955,89.32387520055053,84.6425642489955
0.9764999999999202,89.34503866652831,84.66516365414438,89.34503866652831,84.66516365414438
0.9767499999999202,89.36620778241807,84.68776354482884,89.36620778241807,84.68776354482884
0.9769999999999202,89.38738254834118,84.71036392097689,89.38738254834118,84.71036392097689
0.9772499999999201,89.408562964419,84.73296478251649,89.408562964419,84.73296478251649
0.9774999999999201,89.42974903077288,84.75556612937558,89.42974903077288,84.75556612937558
0.9777499999999201,89.45094074752413,84.77816796148205,89.45094074752413,84.77816796148205
0.97799999999992,89.47213811479405,84.80077027876379,89.47213811479405,84.80077027876379
0.97824999999992,89.49334113270393,84.82337308114862,89.49334113270393,84.82337308114862
0.97849999999992,89.51454980137504,84.84597636856432,89.51454980137504,84.84597636856432
0.97874999999992,89.53576412092862,84.86858014093868,89.53576412092862,84.86858014093868
0.9789999999999199,89.55698409148592,84.89118439819941,89.55698409148592,84.89118439819941
0.9792499999999199,89.57820971316812,84.91378914027425,89.57820971316812,84.91378914027425
0.9794999999999199,89.59944098609644,84.93639436709083,89.59944098609644,84.93639436709083
0.9797499999999199,89.62067791039205,84.95900007857678,89.62067791039205,84.95900007857678
0.9799999999999198,89.6419204861761,84.98160627465971,89.6419204861761,84.98160627465971
0.9802499999999198,89.66316871356975,85.00421295526719,89.66316871356975,85.00421295526719
0.9804999999999198,89.6844225926941,85.02682012032676,89.6844225926941,85.02682012032676
0.9807499999999197,89.70568212367027,85.04942776976591,89.70568212367027,85.04942776976591
0.9809999999999197,89.72694730661934,85.0720359035121,89.72694730661934,85.0720359035121
0.9812499999999197,89.74821814166238,85.09464452149278,89.74821814166238,85.09464452149278
0.9814999999999197,89.76949462892043,85.11725362363534,89.76949462892043,85.11725362363534
0.9817499999999196,89.79077676851453,85.13986320986714,89.79077676851453,85.13986320986714
0.9819999999999196,89.8120645605657,85.16247328011553,89.8120645605657,85.16247328011553
0.9822499999999196,89.83335800519492,85.18508383430782,89.83335800519492,85.18508383430782
0.9824999999999195,89.85465710252318,85.20769487237126,89.85465710252318,85.20769487237126
0.9827499999999195,89.87596185267142,85.23030639423311,89.87596185267142,85.23030639423311
0.9829999999999195,89.8972722557606,85.25291839982056,89.8972722557606,85.25291839982056
0.9832499999999195,89.91858831191163,85.27553088906078,89.91858831191163,85.27553088906078
0.9834999999999194,89.93991002124542,85.2981438618809,89.93991002124542,85.2981438618809
0.9837499999999194,89.96123738388286,85.32075731820805,89.96123738388286,85.32075731820805
0.9839999999999194,89.98257039994481,85.34337125796931,89.98257039994481,85.34337125796931
0.9842499999999194,90.00390906955212,85.3659856810917,90.00390906955212,85.3659856810917
0.9844999999999193,90.02525339282563,85.38860058750224,90.02525339282563,85.38860058750224
0.9847499999999193,90.04660336988614,85.41121597712791,90.04660336988614,85.41121597712791
0.9849999999999193,90.06795900085446,85.43383184989565,90.06795900085446,85.43383184989565
0.9852499999999192,90.08932028585134,85.45644820573239,90.08932028585134,85.45644820573239
0.9854999999999192,90.11068722499756,85.47906504456499,90.11068722499756,85.47906504456499
0.9857499999999192,90.13205981841386,85.50168236632032,90.13205981841386,85.50168236632032
0.9859999999999192,90.15343806622096,85.52430017092519,90.15343806622096,85.52430017092519
0.9862499999999191,90.17482196853955,85.54691845830638,90.17482196853955,85.54691845830638
0.9864999999999191,90.19621152549033,85.56953722839064,90.19621152549033,85.56953722839064
0.9867499999999191,90.21760673719396,85.59215648110471,90.21760673719396,85.59215648110471
0.9869999999999191,90.2390076037711,85.61477621637526,90.2390076037711,85.61477621637526
0.987249999999919,90.26041412534236,85.63739643412897,90.26041412534236,85.63739643412897
0.987499999999919,90.28182630202836,85.66001713429246,90.28182630202836,85.66001713429246
0.987749999999919,90.3032441339497,85.68263831679231,90.3032441339497,85.68263831679231
0.9879999999999189,90.32466762122695,85.70525998155509,90.32466762122695,85.70525998155509
0.9882499999999189,90.34609676398067,85.72788212850735,90.34609676398067,85.72788212850735
0.9884999999999189,90.36753156233138,85.75050475757557,90.36753156233138,85.75050475757557
0.9887499999999189,90.38897201639962,85.77312786868623,90.38897201639962,85.77312786868623
0.9889999999999188,90.41041812630588,85.79575146176576,90.41041812630588,85.79575146176576
0.9892499999999188,90.43186989217065,85.81837553674058,90.43186989217065,85.81837553674058
0.9894999999999188,90.4533273141144,85.84100009353705,90.4533273141144,85.84100009353705
0.9897499999999188,90.47479039225757,85.86362513208151,90.47479039225757,85.86362513208151
0.9899999999999187,90.49625912672059,85.88625065230029,90.49625912672059,85.88625065230029
0.9902499999999187,90.51773351762385,85.90887665411967,90.51773351762385,85.90887665411967
0.9904999999999187,90.53921356508776,85.93150313746588,90.53921356508776,85.93150313746588
0.9907499999999186,90.5606992692327,85.95413010226517,90.5606992692327,85.95413010226517
0.9909999999999186,90.58219063017901,85.9767575484437,90.58219063017901,85.9767575484437
0.9912499999999186,90.60368764804703,85.99938547592764,90.60368764804703,85.99938547592764
0.9914999999999186,90.62519032295708,86.02201388464312,90.62519032295708,86.02201388464312
0.9917499999999185,90.64669865502945,86.04464277451622,90.64669865502945,86.04464277451622
0.9919999999999185,90.66821264438443,86.06727214547303,90.66821264438443,86.06727214547303
0.9922499999999185,90.68973229114226,86.08990199743955,90.68973229114226,86.08990199743955
0.9924999999999184,90.71125759542322,86.11253233034182,90.71125759542322,86.11253233034182
0.9927499999999184,90.7327885573475,86.13516314410579,90.7327885573475,86.13516314410579
0.9929999999999184,90.75432517703534,86.1577944386574,90.75432517703534,86.1577944386574
0.9932499999999184,90.7758674546069,86.18042621392259,90.7758674546069,86.18042621392259
0.9934999999999183,90.79741539018235,86.20305846982721,90.79741539018235,86.20305846982721
0.9937499999999183,90.81896898388186,86.22569120629713,90.81896898388186,86.22569120629713
0.9939999999999183,90.84052823582554,86.24832442325815,90.84052823582554,86.24832442325815
0.9942499999999183,90.86209314613352,86.27095812063608,90.86209314613352,86.27095812063608
0.9944999999999182,90.88366371492589,86.29359229835667,90.88366371492589,86.29359229835667
0.9947499999999182,90.90523994232272,86.31622695634564,90.90523994232272,86.31622695634564
0.9949999999999182,90.92682182844408,86.33886209452871,90.92682182844408,86.33886209452871
0.9952499999999181,90.94840937341,86.36149771283154,90.94840937341,86.36149771283154
0.9954999999999181,90.97000257734051,86.38413381117977,90.97000257734051,86.38413381117977
0.9957499999999181,90.99160144035559,86.40677038949899,90.99160144035559,86.40677038949899
0.9959999999999181,91.01320596257526,86.42940744771479,91.01320596257526,86.42940744771479
0.996249999999918,91.03481614411945,86.45204498575274,91.03481614411945,86.45204498575274
0.996499999999918,91.05643198510812,86.47468300353833,91.05643198510812,86.47468300353833
0.996749999999918,91.0780534856612,86.49732150099706,91.0780534856612,86.49732150099706
0.996999999999918,91.09968064589859,86.5199604780544,91.09968064589859,86.5199604780544
0.9972499999999179,91.12131346594019,86.54259993463576,91.12131346594019,86.54259993463576
0.9974999999999179,91.14295194590586,86.56523987066655,91.14295194590586,86.56523987066655
0.9977499999999179,91.16459608591548,86.58788028607214,91.16459608591548,86.58788028607214
0.9979999999999178,91.18624588608886,86.61052118077787,91.18624588608886,86.61052118077787
0.9982499999999178,91.20790134654581,86.63316255470903,91.20790134654581,86.63316255470903
0.9984999999999178,91.22956246740614,86.65580440779092,91.22956246740614,86.65580440779092
0.9987499999999178,91.25122924878963,86.67844673994881,91.25122924878963,86.67844673994881
0.9989999999999177,91.27290169081603,86.7010895511079,91.27290169081603,86.7010895511079
0.9992499999999177,91.2945797936051,86.72373284119338,91.2945797936051,86.72373284119338
0.9994999999999177,91.31626355727653,86.74637661013041,91.31626355727653,86.74637661013041
0.9997499999999176,91.33795298195005,86.76902085784414,91.33795298195005,86.76902085784414
0.9999999999999176,91.35964806774534,86.79166558425966,91.35964806774534,86.79166558425966
